Section ID,Section,HS2 ID,HS2,HS4 ID,HS4,Year,Trade Value
1,"Animal Products",101,"Live animals",10101,"Horses",2021,8609048
1,"Animal Products",101,"Live animals",10102,"Bovine",2021,1152978
1,"Animal Products",101,"Live animals",10104,"Sheep and Goats",2021,3758532
1,"Animal Products",101,"Live animals",10105,"Poultry",2021,1927268.0000000002
1,"Animal Products",101,"Live animals",10106,"Other Animals",2021,39019947
1,"Animal Products",102,"Meat & edible offal",10201,"Bovine Meat",2021,9434274
1,"Animal Products",102,"Meat & edible offal",10202,"Frozen Bovine Meat",2021,56180345
1,"Animal Products",102,"Meat & edible offal",10203,"Pig Meat",2021,3208867
1,"Animal Products",102,"Meat & edible offal",10204,"Sheep and Goat Meat",2021,20879620
1,"Animal Products",102,"Meat & edible offal",10206,"Edible Offal",2021,7966033
1,"Animal Products",102,"Meat & edible offal",10207,"Poultry Meat",2021,219093319
1,"Animal Products",102,"Meat & edible offal",10208,"Other Meat",2021,6588704
1,"Animal Products",102,"Meat & edible offal",10209,"Animal Fat",2021,11661
1,"Animal Products",102,"Meat & edible offal",10210,"Preserved Meat",2021,7614825
1,"Animal Products",103,"Fish, Crustaceans & Molluscs",10301,"Live Fish",2021,60943
1,"Animal Products",103,"Fish, Crustaceans & Molluscs",10302,"Non-fillet Fresh Fish",2021,28928336
1,"Animal Products",103,"Fish, Crustaceans & Molluscs",10303,"Non-fillet Frozen Fish",2021,29348282
1,"Animal Products",103,"Fish, Crustaceans & Molluscs",10304,"Fish Fillets",2021,24471712
1,"Animal Products",103,"Fish, Crustaceans & Molluscs",10305,"Dried/Salted/Smoked/Brined Fish",2021,43017530
1,"Animal Products",103,"Fish, Crustaceans & Molluscs",10306,"Crustaceans",2021,209344736
1,"Animal Products",103,"Fish, Crustaceans & Molluscs",10307,"Molluscs",2021,9477958
1,"Animal Products",104,"Edible products of animal origin, n.e.s.",10401,"Milk",2021,49230027
1,"Animal Products",104,"Edible products of animal origin, n.e.s.",10402,"Concentrated Milk",2021,791856700
1,"Animal Products",104,"Edible products of animal origin, n.e.s.",10403,"Fermented Milk Products",2021,41357979
1,"Animal Products",104,"Edible products of animal origin, n.e.s.",10404,"Whey and other milk products",2021,14818027
1,"Animal Products",104,"Edible products of animal origin, n.e.s.",10405,"Butter",2021,11667978
1,"Animal Products",104,"Edible products of animal origin, n.e.s.",10406,"Cheese",2021,54510614
1,"Animal Products",104,"Edible products of animal origin, n.e.s.",10407,"Eggs",2021,34506094
1,"Animal Products",104,"Edible products of animal origin, n.e.s.",10408,"Processed Egg Products",2021,3118597
1,"Animal Products",104,"Edible products of animal origin, n.e.s.",10409,"Honey",2021,10479337
1,"Animal Products",104,"Edible products of animal origin, n.e.s.",10410,"Other Edible Animal Products",2021,40533
1,"Animal Products",105,"Animal originated products, n.e.s.",10501,"Human Hair",2021,85141
1,"Animal Products",105,"Animal originated products, n.e.s.",10502,"Pig Hair",2021,12189.000000000002
1,"Animal Products",105,"Animal originated products, n.e.s.",10504,"Animal Organs",2021,430462
1,"Animal Products",105,"Animal originated products, n.e.s.",10505,"Bird Feathers and Skins",2021,70921
1,"Animal Products",105,"Animal originated products, n.e.s.",10506,"Processed Bones",2021,241.00000000000003
1,"Animal Products",105,"Animal originated products, n.e.s.",10507,"Raw Bones",2021,7010
1,"Animal Products",105,"Animal originated products, n.e.s.",10508,"Coral and Shells",2021,200532
1,"Animal Products",105,"Animal originated products, n.e.s.",10510,"Pharmaceutical Animal Products",2021,104748
1,"Animal Products",105,"Animal originated products, n.e.s.",10511,"Other Inedible Animal Products",2021,466053
2,"Vegetable Products",206,"Live trees, plants, bulbs, cut flowers, & ornamental foliage",20601,"Bulbs and Roots",2021,1976390
2,"Vegetable Products",206,"Live trees, plants, bulbs, cut flowers, & ornamental foliage",20602,"Other live plants, cuttings and slips;
mushroom spawn",2021,22251728
2,"Vegetable Products",206,"Live trees, plants, bulbs, cut flowers, & ornamental foliage",20603,"Cut Flowers",2021,1500429
2,"Vegetable Products",206,"Live trees, plants, bulbs, cut flowers, & ornamental foliage",20604,"Plant foliage",2021,320517
2,"Vegetable Products",207,"Edible vegetables, roots, & tubers",20701,"Potatoes",2021,20502168
2,"Vegetable Products",207,"Edible vegetables, roots, & tubers",20702,"Tomatoes",2021,4296388
2,"Vegetable Products",207,"Edible vegetables, roots, & tubers",20703,"Onions",2021,42468980
2,"Vegetable Products",207,"Edible vegetables, roots, & tubers",20704,"Cabbages",2021,5900805
2,"Vegetable Products",207,"Edible vegetables, roots, & tubers",20705,"Lettuce",2021,6061293
2,"Vegetable Products",207,"Edible vegetables, roots, & tubers",20706,"Root Vegetables",2021,15644248
2,"Vegetable Products",207,"Edible vegetables, roots, & tubers",20707,"Cucumbers",2021,964308
2,"Vegetable Products",207,"Edible vegetables, roots, & tubers",20708,"Legumes",2021,4462422
2,"Vegetable Products",207,"Edible vegetables, roots, & tubers",20709,"Other Vegetables",2021,19315817
2,"Vegetable Products",207,"Edible vegetables, roots, & tubers",20710,"Frozen Vegetables",2021,9933235
2,"Vegetable Products",207,"Edible vegetables, roots, & tubers",20711,"Preserved Vegetables",2021,1449878
2,"Vegetable Products",207,"Edible vegetables, roots, & tubers",20712,"Dried Vegetables",2021,2899960
2,"Vegetable Products",207,"Edible vegetables, roots, & tubers",20713,"Dried Legumes",2021,455121240
2,"Vegetable Products",207,"Edible vegetables, roots, & tubers",20714,"Cassava",2021,1077202
2,"Vegetable Products",208,"Edible fruits, nuts & fruit peels",20801,"Coconuts, Brazil Nuts, and Cashews",2021,131895452
2,"Vegetable Products",208,"Edible fruits, nuts & fruit peels",20802,"Other Nuts",2021,515731408
2,"Vegetable Products",208,"Edible fruits, nuts & fruit peels",20803,"Bananas",2021,8232672
2,"Vegetable Products",208,"Edible fruits, nuts & fruit peels",20804,"Tropical Fruits",2021,342810536
2,"Vegetable Products",208,"Edible fruits, nuts & fruit peels",20805,"Citrus",2021,141412787
2,"Vegetable Products",208,"Edible fruits, nuts & fruit peels",20806,"Grapes",2021,69750883
2,"Vegetable Products",208,"Edible fruits, nuts & fruit peels",20807,"Melons",2021,14847873
2,"Vegetable Products",208,"Edible fruits, nuts & fruit peels",20808,"Apples and Pears",2021,133678261
2,"Vegetable Products",208,"Edible fruits, nuts & fruit peels",20809,"Pitted Fruits",2021,29968599
2,"Vegetable Products",208,"Edible fruits, nuts & fruit peels",20810,"Other Fruits",2021,33668208
2,"Vegetable Products",208,"Edible fruits, nuts & fruit peels",20811,"Frozen Fruits and Nuts",2021,1449710
2,"Vegetable Products",208,"Edible fruits, nuts & fruit peels",20812,"Preserved Fruits and Nuts",2021,155363
2,"Vegetable Products",208,"Edible fruits, nuts & fruit peels",20813,"Dried Fruits",2021,9079988
2,"Vegetable Products",208,"Edible fruits, nuts & fruit peels",20814,"Citrus and Melon Peels",2021,13352
2,"Vegetable Products",209,"Coffee, tea, mate & spices",20901,"Coffee",2021,62330635
2,"Vegetable Products",209,"Coffee, tea, mate & spices",20902,"Tea",2021,336325555
2,"Vegetable Products",209,"Coffee, tea, mate & spices",20903,"Mate",2021,589970
2,"Vegetable Products",209,"Coffee, tea, mate & spices",20904,"Pepper",2021,76032782
2,"Vegetable Products",209,"Coffee, tea, mate & spices",20905,"Vanilla",2021,1470392
2,"Vegetable Products",209,"Coffee, tea, mate & spices",20906,"Cinnamon",2021,15508631
2,"Vegetable Products",209,"Coffee, tea, mate & spices",20907,"Cloves",2021,18965545
2,"Vegetable Products",209,"Coffee, tea, mate & spices",20908,"Nutmeg, mace and cardamons",2021,105889854
2,"Vegetable Products",209,"Coffee, tea, mate & spices",20909,"Spice Seeds",2021,22490832
2,"Vegetable Products",209,"Coffee, tea, mate & spices",20910,"Spices",2021,74152762
2,"Vegetable Products",210,"Cereals",21001,"Wheat",2021,581898578
2,"Vegetable Products",210,"Cereals",21002,"Rye",2021,34360
2,"Vegetable Products",210,"Cereals",21003,"Barley",2021,297433979
2,"Vegetable Products",210,"Cereals",21004,"Oats",2021,6549394
2,"Vegetable Products",210,"Cereals",21005,"Corn",2021,1892551028
2,"Vegetable Products",210,"Cereals",21006,"Rice",2021,241137113
2,"Vegetable Products",210,"Cereals",21007,"Sorghum",2021,526187
2,"Vegetable Products",210,"Cereals",21008,"Buckwheat",2021,7503399
2,"Vegetable Products",211,"Products of the milling industry",21101,"Wheat Flours",2021,51552018
2,"Vegetable Products",211,"Products of the milling industry",21102,"Cereal Flours",2021,4869470
2,"Vegetable Products",211,"Products of the milling industry",21103,"Cereal Meal and Pellets",2021,26178369
2,"Vegetable Products",211,"Products of the milling industry",21104,"Processed Cereals",2021,27574811
2,"Vegetable Products",211,"Products of the milling industry",21105,"Potato Flours",2021,4101555
2,"Vegetable Products",211,"Products of the milling industry",21106,"Legume Flours",2021,9301260
2,"Vegetable Products",211,"Products of the milling industry",21107,"Malt",2021,897812
2,"Vegetable Products",211,"Products of the milling industry",21108,"Starches",2021,5196544
2,"Vegetable Products",211,"Products of the milling industry",21109,"Wheat Gluten",2021,1284082
2,"Vegetable Products",212,"Oils seeds, oleaginous fruits, grains, straw & fodder",21201,"Soybeans",2021,563443906
2,"Vegetable Products",212,"Oils seeds, oleaginous fruits, grains, straw & fodder",21202,"Ground Nuts",2021,28978013
2,"Vegetable Products",212,"Oils seeds, oleaginous fruits, grains, straw & fodder",21203,"Copra",2021,329377
2,"Vegetable Products",212,"Oils seeds, oleaginous fruits, grains, straw & fodder",21204,"Linseed",2021,253969
2,"Vegetable Products",212,"Oils seeds, oleaginous fruits, grains, straw & fodder",21205,"Rapeseed",2021,6319415
2,"Vegetable Products",212,"Oils seeds, oleaginous fruits, grains, straw & fodder",21206,"Sunflower Seeds",2021,45491494
2,"Vegetable Products",212,"Oils seeds, oleaginous fruits, grains, straw & fodder",21207,"Other Oily Seeds",2021,85875833
2,"Vegetable Products",212,"Oils seeds, oleaginous fruits, grains, straw & fodder",21208,"Oil Seed Flower",2021,1172594
2,"Vegetable Products",212,"Oils seeds, oleaginous fruits, grains, straw & fodder",21209,"Sowing Seeds",2021,23548688
2,"Vegetable Products",212,"Oils seeds, oleaginous fruits, grains, straw & fodder",21210,"Hops",2021,254694
2,"Vegetable Products",212,"Oils seeds, oleaginous fruits, grains, straw & fodder",21211,"Perfume Plants",2021,33106575
2,"Vegetable Products",212,"Oils seeds, oleaginous fruits, grains, straw & fodder",21212,"Locust beans, seaweed, sugar beet, cane, for food",2021,9318460
2,"Vegetable Products",212,"Oils seeds, oleaginous fruits, grains, straw & fodder",21213,"Cereal Straws",2021,1865082
2,"Vegetable Products",212,"Oils seeds, oleaginous fruits, grains, straw & fodder",21214,"Forage Crops",2021,3022415
2,"Vegetable Products",213,"Natural gums, resins & other vegetable extracts",21301,"Insect Resins",2021,9310959
2,"Vegetable Products",213,"Natural gums, resins & other vegetable extracts",21302,"Vegetable Saps",2021,26038385
2,"Vegetable Products",214,"Vegetable plaiting materials & products, n.e.s.",21401,"Vegetable Plaiting Materials",2021,205952
2,"Vegetable Products",214,"Vegetable plaiting materials & products, n.e.s.",21404,"Other Vegetable Products",2021,5058469
3,"Animal and Vegetable Bi-Products",315,"Animal or vegetable fats, oils, & waxes",31501,"Pig and Poultry Fat",2021,24214.000000000004
3,"Animal and Vegetable Bi-Products",315,"Animal or vegetable fats, oils, & waxes",31502,"Bovine, Sheep, and Goat Fat",2021,220594
3,"Animal and Vegetable Bi-Products",315,"Animal or vegetable fats, oils, & waxes",31503,"Lard stearin and oils",2021,20535
3,"Animal and Vegetable Bi-Products",315,"Animal or vegetable fats, oils, & waxes",31504,"Fish Oil",2021,5055039
3,"Animal and Vegetable Bi-Products",315,"Animal or vegetable fats, oils, & waxes",31505,"Wool Grease",2021,270879
3,"Animal and Vegetable Bi-Products",315,"Animal or vegetable fats, oils, & waxes",31506,"Other Animal Fats",2021,130690
3,"Animal and Vegetable Bi-Products",315,"Animal or vegetable fats, oils, & waxes",31507,"Soybean Oil",2021,45259976
3,"Animal and Vegetable Bi-Products",315,"Animal or vegetable fats, oils, & waxes",31508,"Ground Nut Oil",2021,707480
3,"Animal and Vegetable Bi-Products",315,"Animal or vegetable fats, oils, & waxes",31509,"Pure Olive Oil",2021,15972793
3,"Animal and Vegetable Bi-Products",315,"Animal or vegetable fats, oils, & waxes",31510,"Olive Oil",2021,4334083
3,"Animal and Vegetable Bi-Products",315,"Animal or vegetable fats, oils, & waxes",31511,"Palm Oil",2021,315362216
3,"Animal and Vegetable Bi-Products",315,"Animal or vegetable fats, oils, & waxes",31512,"Seed Oils",2021,334469535
3,"Animal and Vegetable Bi-Products",315,"Animal or vegetable fats, oils, & waxes",31513,"Coconut Oil",2021,25060332
3,"Animal and Vegetable Bi-Products",315,"Animal or vegetable fats, oils, & waxes",31514,"Rapeseed Oil",2021,519882843
3,"Animal and Vegetable Bi-Products",315,"Animal or vegetable fats, oils, & waxes",31515,"Other Pure Vegetable Oils",2021,18771829
3,"Animal and Vegetable Bi-Products",315,"Animal or vegetable fats, oils, & waxes",31516,"Other Vegetable Oils",2021,60779366
3,"Animal and Vegetable Bi-Products",315,"Animal or vegetable fats, oils, & waxes",31517,"Margarine",2021,43854387
3,"Animal and Vegetable Bi-Products",315,"Animal or vegetable fats, oils, & waxes",31518,"Inedible Fats and Oils",2021,30817851
3,"Animal and Vegetable Bi-Products",315,"Animal or vegetable fats, oils, & waxes",31519,"Stearic Acid",2021,49508884
3,"Animal and Vegetable Bi-Products",315,"Animal or vegetable fats, oils, & waxes",31520,"Glycerol",2021,16372030
3,"Animal and Vegetable Bi-Products",315,"Animal or vegetable fats, oils, & waxes",31521,"Vegetable waxes and beeswax",2021,993358.0000000001
3,"Animal and Vegetable Bi-Products",315,"Animal or vegetable fats, oils, & waxes",31522,"Fat and Oil Residues",2021,22116
4,"Foodstuffs",416,"Preparations of fish, crustacenas, & molluscs",41601,"Sausages",2021,39662756
4,"Foodstuffs",416,"Preparations of fish, crustacenas, & molluscs",41602,"Other Prepared Meat",2021,202445645
4,"Foodstuffs",416,"Preparations of fish, crustacenas, & molluscs",41603,"Animal Extracts",2021,37818
4,"Foodstuffs",416,"Preparations of fish, crustacenas, & molluscs",41604,"Processed Fish",2021,80223133
4,"Foodstuffs",416,"Preparations of fish, crustacenas, & molluscs",41605,"Processed Crustaceans",2021,164765862.99999997
4,"Foodstuffs",417,"Sugars & confectioneries",41701,"Raw Sugar",2021,903128012
4,"Foodstuffs",417,"Sugars & confectioneries",41702,"Other Sugars",2021,24281777
4,"Foodstuffs",417,"Sugars & confectioneries",41703,"Molasses",2021,7567459
4,"Foodstuffs",417,"Sugars & confectioneries",41704,"Confectionery Sugar",2021,84903465
4,"Foodstuffs",418,"Cocoa & cocoa preparations",41801,"Cocoa Beans",2021,24272467.000000004
4,"Foodstuffs",418,"Cocoa & cocoa preparations",41802,"Cocoa Shells",2021,3672
4,"Foodstuffs",418,"Cocoa & cocoa preparations",41803,"Cocoa Paste",2021,1965244.9999999998
4,"Foodstuffs",418,"Cocoa & cocoa preparations",41804,"Cocoa Butter",2021,266599
4,"Foodstuffs",418,"Cocoa & cocoa preparations",41805,"Cocoa Powder",2021,10843591
4,"Foodstuffs",418,"Cocoa & cocoa preparations",41806,"Chocolate",2021,242786127
4,"Foodstuffs",419,"Preparations of cereals, flour, starch or milk",41901,"Malt Extract",2021,245054254
4,"Foodstuffs",419,"Preparations of cereals, flour, starch or milk",41902,"Pasta",2021,59663267
4,"Foodstuffs",419,"Preparations of cereals, flour, starch or milk",41903,"Tapioca",2021,424084
4,"Foodstuffs",419,"Preparations of cereals, flour, starch or milk",41904,"Prepared Cereals",2021,20717394
4,"Foodstuffs",419,"Preparations of cereals, flour, starch or milk",41905,"Baked Goods",2021,365827067
4,"Foodstuffs",420,"Preparations of vegetables, fruit, nuts or other plant parts",42001,"Pickled Foods",2021,5242018
4,"Foodstuffs",420,"Preparations of vegetables, fruit, nuts or other plant parts",42002,"Processed Tomatoes",2021,61178250
4,"Foodstuffs",420,"Preparations of vegetables, fruit, nuts or other plant parts",42003,"Processed Mushrooms",2021,805736
4,"Foodstuffs",420,"Preparations of vegetables, fruit, nuts or other plant parts",42004,"Other Frozen Vegetables",2021,15124707
4,"Foodstuffs",420,"Preparations of vegetables, fruit, nuts or other plant parts",42005,"Other Processed Vegetables",2021,103866442
4,"Foodstuffs",420,"Preparations of vegetables, fruit, nuts or other plant parts",42006,"Sugar Preserved Foods",2021,723009
4,"Foodstuffs",420,"Preparations of vegetables, fruit, nuts or other plant parts",42007,"Jams",2021,19484075
4,"Foodstuffs",420,"Preparations of vegetables, fruit, nuts or other plant parts",42008,"Other Processed Fruits and Nuts",2021,68192081
4,"Foodstuffs",420,"Preparations of vegetables, fruit, nuts or other plant parts",42009,"Fruit Juice",2021,86449377
4,"Foodstuffs",421,"Miscellaneous edible preparations",42101,"Coffee and Tea Extracts",2021,107048814
4,"Foodstuffs",421,"Miscellaneous edible preparations",42102,"Yeast",2021,6949226
4,"Foodstuffs",421,"Miscellaneous edible preparations",42103,"Sauces and Seasonings",2021,118622800
4,"Foodstuffs",421,"Miscellaneous edible preparations",42104,"Soups and Broths",2021,92634307
4,"Foodstuffs",421,"Miscellaneous edible preparations",42105,"Ice Cream",2021,77926779
4,"Foodstuffs",421,"Miscellaneous edible preparations",42106,"Other Edible Preparations",2021,227124379
4,"Foodstuffs",422,"Beverages, spirits, & vinegar",42201,"Water",2021,26746169
4,"Foodstuffs",422,"Beverages, spirits, & vinegar",42202,"Flavored Water",2021,158547951
4,"Foodstuffs",422,"Beverages, spirits, & vinegar",42203,"Beer",2021,13435178
4,"Foodstuffs",422,"Beverages, spirits, & vinegar",42204,"Wine",2021,22186481
4,"Foodstuffs",422,"Beverages, spirits, & vinegar",42205,"Vermouth",2021,470684
4,"Foodstuffs",422,"Beverages, spirits, & vinegar",42206,"Other Fermented Beverages",2021,269583
4,"Foodstuffs",422,"Beverages, spirits, & vinegar",42207,"Alcohol > 80% ABV",2021,18036272
4,"Foodstuffs",422,"Beverages, spirits, & vinegar",42208,"Hard Liquor",2021,155166121
4,"Foodstuffs",422,"Beverages, spirits, & vinegar",42209,"Vinegar",2021,5467684
4,"Foodstuffs",423,"Food residues & wastes; animal fodder",42301,"Animal Meal and Pellets",2021,3669197
4,"Foodstuffs",423,"Food residues & wastes; animal fodder",42302,"Bran",2021,34120794
4,"Foodstuffs",423,"Food residues & wastes; animal fodder",42303,"Starch Residue",2021,2548136
4,"Foodstuffs",423,"Food residues & wastes; animal fodder",42304,"Soybean Meal",2021,400596477
4,"Foodstuffs",423,"Food residues & wastes; animal fodder",42305,"Ground Nut Meal",2021,1387
4,"Foodstuffs",423,"Food residues & wastes; animal fodder",42306,"Other Vegetable Residues",2021,198072667
4,"Foodstuffs",423,"Food residues & wastes; animal fodder",42307,"Wine Lees",2021,1265405
4,"Foodstuffs",423,"Food residues & wastes; animal fodder",42308,"Other Vegetable Residues and Waste",2021,8584676
4,"Foodstuffs",423,"Food residues & wastes; animal fodder",42309,"Animal Food",2021,66225211
4,"Foodstuffs",424,"Tobacco & substitutes",42401,"Raw Tobacco",2021,24912351
4,"Foodstuffs",424,"Tobacco & substitutes",42402,"Rolled Tobacco",2021,3393457591
4,"Foodstuffs",424,"Tobacco & substitutes",42403,"Processed Tobacco",2021,311163405
5,"Mineral Products",525,"Salt, sulphur, cement, lime, stone, & plaster",52501,"Salt",2021,8138996
5,"Mineral Products",525,"Salt, sulphur, cement, lime, stone, & plaster",52502,"Iron Pyrites",2021,322067
5,"Mineral Products",525,"Salt, sulphur, cement, lime, stone, & plaster",52503,"Sulphur",2021,1201512350
5,"Mineral Products",525,"Salt, sulphur, cement, lime, stone, & plaster",52504,"Graphite",2021,3915872
5,"Mineral Products",525,"Salt, sulphur, cement, lime, stone, & plaster",52505,"Sand",2021,8722361
5,"Mineral Products",525,"Salt, sulphur, cement, lime, stone, & plaster",52506,"Quartz",2021,815476
5,"Mineral Products",525,"Salt, sulphur, cement, lime, stone, & plaster",52507,"Kaolin",2021,4633249
5,"Mineral Products",525,"Salt, sulphur, cement, lime, stone, & plaster",52508,"Clays",2021,9562747
5,"Mineral Products",525,"Salt, sulphur, cement, lime, stone, & plaster",52509,"Chalk",2021,225114
5,"Mineral Products",525,"Salt, sulphur, cement, lime, stone, & plaster",52510,"Calcium Phosphates",2021,32543334
5,"Mineral Products",525,"Salt, sulphur, cement, lime, stone, & plaster",52511,"Barium Sulphate",2021,7179718
5,"Mineral Products",525,"Salt, sulphur, cement, lime, stone, & plaster",52512,"Siliceous Fossil Meals",2021,40279
5,"Mineral Products",525,"Salt, sulphur, cement, lime, stone, & plaster",52513,"Pumice",2021,10976088
5,"Mineral Products",525,"Salt, sulphur, cement, lime, stone, & plaster",52514,"Slate",2021,312804
5,"Mineral Products",525,"Salt, sulphur, cement, lime, stone, & plaster",52515,"Marble, Travertine and Alabaster",2021,50222082
5,"Mineral Products",525,"Salt, sulphur, cement, lime, stone, & plaster",52516,"Granite",2021,2647729
5,"Mineral Products",525,"Salt, sulphur, cement, lime, stone, & plaster",52517,"Gravel and Crushed Stone",2021,383082698
5,"Mineral Products",525,"Salt, sulphur, cement, lime, stone, & plaster",52518,"Dolomite",2021,43562425
5,"Mineral Products",525,"Salt, sulphur, cement, lime, stone, & plaster",52519,"Magnesium Carbonate",2021,27073497
5,"Mineral Products",525,"Salt, sulphur, cement, lime, stone, & plaster",52520,"Gypsum",2021,60765091
5,"Mineral Products",525,"Salt, sulphur, cement, lime, stone, & plaster",52521,"Limestone",2021,575938755.0000001
5,"Mineral Products",525,"Salt, sulphur, cement, lime, stone, & plaster",52522,"Quicklime",2021,31349495
5,"Mineral Products",525,"Salt, sulphur, cement, lime, stone, & plaster",52523,"Cement",2021,787606697
5,"Mineral Products",525,"Salt, sulphur, cement, lime, stone, & plaster",52524,"Asbestos",2021,6
5,"Mineral Products",525,"Salt, sulphur, cement, lime, stone, & plaster",52525,"Mica",2021,151844
5,"Mineral Products",525,"Salt, sulphur, cement, lime, stone, & plaster",52526,"Soapstone",2021,336789
5,"Mineral Products",525,"Salt, sulphur, cement, lime, stone, & plaster",52528,"Borax",2021,1066465
5,"Mineral Products",525,"Salt, sulphur, cement, lime, stone, & plaster",52529,"Feldspar",2021,2750976
5,"Mineral Products",525,"Salt, sulphur, cement, lime, stone, & plaster",52530,"Other Mineral",2021,44131129
5,"Mineral Products",526,"Ores, slag and ash",52601,"Iron Ore",2021,75573123
5,"Mineral Products",526,"Ores, slag and ash",52602,"Manganese Ore",2021,137203908
5,"Mineral Products",526,"Ores, slag and ash",52603,"Copper Ore",2021,64354619.00000001
5,"Mineral Products",526,"Ores, slag and ash",52604,"Nickel Ore",2021,18283
5,"Mineral Products",526,"Ores, slag and ash",52606,"Aluminium Ore",2021,8272811.000000001
5,"Mineral Products",526,"Ores, slag and ash",52607,"Lead Ore",2021,19228875
5,"Mineral Products",526,"Ores, slag and ash",52608,"Zinc Ore",2021,3597713
5,"Mineral Products",526,"Ores, slag and ash",52609,"Tin Ores",2021,112126
5,"Mineral Products",526,"Ores, slag and ash",52610,"Chromium Ore",2021,6027286.999999999
5,"Mineral Products",526,"Ores, slag and ash",52611,"Tungsten Ore",2021,439804
5,"Mineral Products",526,"Ores, slag and ash",52613,"Molybdenum Ore",2021,44152727
5,"Mineral Products",526,"Ores, slag and ash",52614,"Titanium Ore",2021,12896191
5,"Mineral Products",526,"Ores, slag and ash",52615,"Niobium, Tantalum, Vanadium and Zirconium Ore",2021,22427347
5,"Mineral Products",526,"Ores, slag and ash",52616,"Precious Metal Ore",2021,226369
5,"Mineral Products",526,"Ores, slag and ash",52617,"Other Ores",2021,1070113
5,"Mineral Products",526,"Ores, slag and ash",52618,"Granulated Slag",2021,3155788
5,"Mineral Products",526,"Ores, slag and ash",52619,"Slag Dross",2021,32182735
5,"Mineral Products",526,"Ores, slag and ash",52620,"Non-Iron and Steel Slag, Ash and Residues",2021,491379644
5,"Mineral Products",526,"Ores, slag and ash",52621,"Other Slag and Ash",2021,3086503
5,"Mineral Products",527,"Mineral fuels, mineral oils and products of their distillation",52701,"Coal Briquettes",2021,172638693
5,"Mineral Products",527,"Mineral fuels, mineral oils and products of their distillation",52702,"Lignite",2021,178477
5,"Mineral Products",527,"Mineral fuels, mineral oils and products of their distillation",52703,"Peat",2021,957309
5,"Mineral Products",527,"Mineral fuels, mineral oils and products of their distillation",52704,"Coke",2021,52791145
5,"Mineral Products",527,"Mineral fuels, mineral oils and products of their distillation",52705,"Non-Petroleum Gas",2021,94841
5,"Mineral Products",527,"Mineral fuels, mineral oils and products of their distillation",52706,"Tar",2021,9550
5,"Mineral Products",527,"Mineral fuels, mineral oils and products of their distillation",52707,"Coal Tar Oil",2021,194743452
5,"Mineral Products",527,"Mineral fuels, mineral oils and products of their distillation",52708,"Pitch Coke",2021,1798881
5,"Mineral Products",527,"Mineral fuels, mineral oils and products of their distillation",52709,"Crude Petroleum",2021,74791135210
5,"Mineral Products",527,"Mineral fuels, mineral oils and products of their distillation",52710,"Refined Petroleum",2021,43910464507
5,"Mineral Products",527,"Mineral fuels, mineral oils and products of their distillation",52711,"Petroleum Gas",2021,10884652068
5,"Mineral Products",527,"Mineral fuels, mineral oils and products of their distillation",52712,"Petroleum Jelly",2021,103589865
5,"Mineral Products",527,"Mineral fuels, mineral oils and products of their distillation",52713,"Petroleum Coke",2021,1283143188
5,"Mineral Products",527,"Mineral fuels, mineral oils and products of their distillation",52714,"Bitumen and asphalt",2021,62620673
5,"Mineral Products",527,"Mineral fuels, mineral oils and products of their distillation",52715,"Asphalt Mixtures",2021,47038139
5,"Mineral Products",527,"Mineral fuels, mineral oils and products of their distillation",52716,"Electricity",2021,103934
6,"Chemical Products",628,"Inorganic chemicals",62801,"Halogens",2021,13885769
6,"Chemical Products",628,"Inorganic chemicals",62802,"Sulfur",2021,75315
6,"Chemical Products",628,"Inorganic chemicals",62803,"Carbon",2021,51536032.99999999
6,"Chemical Products",628,"Inorganic chemicals",62804,"Hydrogen",2021,49601174
6,"Chemical Products",628,"Inorganic chemicals",62805,"Alkali, alkaline-earth, rare-earth metals, scandium, yttrium, and mercury",2021,15607561
6,"Chemical Products",628,"Inorganic chemicals",62806,"Hydrochloric Acid",2021,1269668
6,"Chemical Products",628,"Inorganic chemicals",62807,"Sulfuric Acid",2021,742376
6,"Chemical Products",628,"Inorganic chemicals",62808,"Nitric Acids",2021,172823
6,"Chemical Products",628,"Inorganic chemicals",62809,"Phosphoric Acid",2021,12234456
6,"Chemical Products",628,"Inorganic chemicals",62810,"Boron",2021,3633242.0000000005
6,"Chemical Products",628,"Inorganic chemicals",62811,"Other Inorganic Acids",2021,12374590
6,"Chemical Products",628,"Inorganic chemicals",62812,"Halides",2021,528359
6,"Chemical Products",628,"Inorganic chemicals",62814,"Ammonia",2021,35636679
6,"Chemical Products",628,"Inorganic chemicals",62815,"Sodium or Potassium Peroxides",2021,36235193
6,"Chemical Products",628,"Inorganic chemicals",62816,"Magnesium Hydroxide and Peroxide",2021,2049709
6,"Chemical Products",628,"Inorganic chemicals",62817,"Zinc Oxide and Peroxide",2021,1508267
6,"Chemical Products",628,"Inorganic chemicals",62818,"Aluminium Oxide",2021,17679815
6,"Chemical Products",628,"Inorganic chemicals",62819,"Chromium Oxides and Hydroxides",2021,755166
6,"Chemical Products",628,"Inorganic chemicals",62820,"Manganese Oxides",2021,11970747
6,"Chemical Products",628,"Inorganic chemicals",62821,"Iron Oxides and Hydroxides",2021,20951461.000000004
6,"Chemical Products",628,"Inorganic chemicals",62822,"Cobalt Oxides and Hydroxides",2021,439293
6,"Chemical Products",628,"Inorganic chemicals",62823,"Titanium Oxides",2021,6534484.999999999
6,"Chemical Products",628,"Inorganic chemicals",62824,"Lead Oxides",2021,364485
6,"Chemical Products",628,"Inorganic chemicals",62825,"Inorganic Salts",2021,24883898
6,"Chemical Products",628,"Inorganic chemicals",62826,"Fluorides",2021,65307143
6,"Chemical Products",628,"Inorganic chemicals",62827,"Chlorides",2021,6611776
6,"Chemical Products",628,"Inorganic chemicals",62828,"Hypochlorites",2021,2329449
6,"Chemical Products",628,"Inorganic chemicals",62829,"Chlorates and Perchlorates",2021,179202
6,"Chemical Products",628,"Inorganic chemicals",62830,"Sulfides",2021,279786
6,"Chemical Products",628,"Inorganic chemicals",62831,"Dithionites and Sulfoxylates",2021,7574096.000000001
6,"Chemical Products",628,"Inorganic chemicals",62832,"Sulfites",2021,3167215
6,"Chemical Products",628,"Inorganic chemicals",62833,"Sulfates",2021,4839524
6,"Chemical Products",628,"Inorganic chemicals",62834,"Nitrites and Nitrates",2021,1452681
6,"Chemical Products",628,"Inorganic chemicals",62835,"Phosphinates (hypophosphites) and phosphonates (phosphites)",2021,13526427
6,"Chemical Products",628,"Inorganic chemicals",62836,"Carbonates",2021,54681297
6,"Chemical Products",628,"Inorganic chemicals",62837,"Cyanides",2021,608151
6,"Chemical Products",628,"Inorganic chemicals",62839,"Silicates",2021,16768054
6,"Chemical Products",628,"Inorganic chemicals",62840,"Borates",2021,697751
6,"Chemical Products",628,"Inorganic chemicals",62841,"Oxometallic or Peroxometallic Acid Salts",2021,1963770
6,"Chemical Products",628,"Inorganic chemicals",62842,"Other Inorganic Acids Salts",2021,2937024
6,"Chemical Products",628,"Inorganic chemicals",62843,"Precious Metal Compounds",2021,97228497
6,"Chemical Products",628,"Inorganic chemicals",62844,"Radioactive Chemicals",2021,1415660
6,"Chemical Products",628,"Inorganic chemicals",62845,"Other Isotopes",2021,387321.00000000006
6,"Chemical Products",628,"Inorganic chemicals",62846,"Rare-Earth Metal Compounds",2021,11755188
6,"Chemical Products",628,"Inorganic chemicals",62847,"Hydrogen peroxide",2021,1168705
6,"Chemical Products",628,"Inorganic chemicals",62849,"Carbides",2021,2545477
6,"Chemical Products",628,"Inorganic chemicals",62850,"Hydrides and other anions",2021,87620
6,"Chemical Products",628,"Inorganic chemicals",62851,"Inorganic Compounds",2021,506749
6,"Chemical Products",629,"Organic chemicals",62901,"Acyclic Hydrocarbons",2021,467363690
6,"Chemical Products",629,"Organic chemicals",62902,"Cyclic Hydrocarbons",2021,154336277
6,"Chemical Products",629,"Organic chemicals",62903,"Halogenated Hydrocarbons",2021,42610332
6,"Chemical Products",629,"Organic chemicals",62904,"Sulfonated, Nitrated or Nitrosated Hydrocarbons",2021,35792028
6,"Chemical Products",629,"Organic chemicals",62905,"Acyclic alcohol derivatives (halogenated, sulphonated, nitrated)",2021,1614670501
6,"Chemical Products",629,"Organic chemicals",62906,"Cyclic Alcohols",2021,3369638
6,"Chemical Products",629,"Organic chemicals",62907,"Phenols",2021,11374377
6,"Chemical Products",629,"Organic chemicals",62908,"Phenol Derivatives",2021,1613799
6,"Chemical Products",629,"Organic chemicals",62909,"Ethers",2021,272535136
6,"Chemical Products",629,"Organic chemicals",62910,"Epoxides",2021,1704282
6,"Chemical Products",629,"Organic chemicals",62911,"Acetals and Hemiacetals",2021,106779
6,"Chemical Products",629,"Organic chemicals",62912,"Aldehydes, cyclic polymers, and paraformaldehyde",2021,9568133
6,"Chemical Products",629,"Organic chemicals",62913,"Halogenated aldehyde derivatives (heading 2912)",2021,900
6,"Chemical Products",629,"Organic chemicals",62914,"Ketones and Quinones",2021,15791898
6,"Chemical Products",629,"Organic chemicals",62915,"Saturated Acyclic Monocarboxylic Acids",2021,114255394
6,"Chemical Products",629,"Organic chemicals",62916,"Unsaturated Acyclic Monocarboxylic Acids",2021,63149612
6,"Chemical Products",629,"Organic chemicals",62917,"Polycarboxylic Acids",2021,44684351
6,"Chemical Products",629,"Organic chemicals",62918,"Carboxylic Acids",2021,15693075
6,"Chemical Products",629,"Organic chemicals",62919,"Phosphoric Esters and Salts",2021,1886034
6,"Chemical Products",629,"Organic chemicals",62920,"Other Esters",2021,4510656
6,"Chemical Products",629,"Organic chemicals",62921,"Amine Compounds",2021,31653551
6,"Chemical Products",629,"Organic chemicals",62922,"Oxygen Amino Compounds",2021,46788631
6,"Chemical Products",629,"Organic chemicals",62923,"Quaternary Ammonium Salts and Hydroxides",2021,13557579
6,"Chemical Products",629,"Organic chemicals",62924,"Carboxyamide Compounds",2021,6333182
6,"Chemical Products",629,"Organic chemicals",62925,"Carboxyimide Compounds",2021,13740620
6,"Chemical Products",629,"Organic chemicals",62926,"Nitrile Compounds",2021,46918526.00000001
6,"Chemical Products",629,"Organic chemicals",62927,"Diazo, Azo or Aoxy Compounds",2021,4951304
6,"Chemical Products",629,"Organic chemicals",62928,"Hydrazine or Hydroxylamine Derivatives",2021,6268387
6,"Chemical Products",629,"Organic chemicals",62929,"Other Nitrogen Compounds",2021,73351092
6,"Chemical Products",629,"Organic chemicals",62930,"Organo-Sulfur Compounds",2021,44597549.00000001
6,"Chemical Products",629,"Organic chemicals",62931,"Other Organo-Inorganic Compounds",2021,12220915
6,"Chemical Products",629,"Organic chemicals",62932,"Oxygen Heterocyclic Compounds",2021,56548512
6,"Chemical Products",629,"Organic chemicals",62933,"Nitrogen Heterocyclic Compounds",2021,68809109
6,"Chemical Products",629,"Organic chemicals",62934,"Nucleic Acids",2021,14924538
6,"Chemical Products",629,"Organic chemicals",62935,"Sulfonamides",2021,8727867
6,"Chemical Products",629,"Organic chemicals",62936,"Vitamins",2021,39152163
6,"Chemical Products",629,"Organic chemicals",62937,"Hormones",2021,13650025
6,"Chemical Products",629,"Organic chemicals",62938,"Glycosides",2021,2016729.9999999998
6,"Chemical Products",629,"Organic chemicals",62939,"Vegetable Alkaloids",2021,2130520
6,"Chemical Products",629,"Organic chemicals",62940,"Chemically Pure Sugars",2021,3529683
6,"Chemical Products",629,"Organic chemicals",62941,"Antibiotics",2021,14587793
6,"Chemical Products",629,"Organic chemicals",62942,"Other Organic Compounds",2021,35224044
6,"Chemical Products",630,"Pharmaceutical products",63001,"Glands and Other Organs",2021,212126
6,"Chemical Products",630,"Pharmaceutical products",63002,"Vaccines, blood, antisera, toxins and cultures",2021,876159778
6,"Chemical Products",630,"Pharmaceutical products",63003,"Unpackaged Medicaments",2021,20709484
6,"Chemical Products",630,"Pharmaceutical products",63004,"Packaged Medicaments",2021,967607571
6,"Chemical Products",630,"Pharmaceutical products",63005,"Bandages",2021,26947683
6,"Chemical Products",630,"Pharmaceutical products",63006,"Special Pharmaceuticals",2021,19583620
6,"Chemical Products",631,"Fertilizers",63101,"Animal or Vegetable Fertilizers",2021,1120228
6,"Chemical Products",631,"Fertilizers",63102,"Nitrogenous Fertilizers",2021,1099604745
6,"Chemical Products",631,"Fertilizers",63103,"Phosphatic Fertilizers",2021,1129292
6,"Chemical Products",631,"Fertilizers",63104,"Potassic Fertilizers",2021,23709535
6,"Chemical Products",631,"Fertilizers",63105,"Mixed Mineral or Chemical Fertilizers",2021,120385469
6,"Chemical Products",632,"Paints, dyes, & varnishes",63201,"Vegetable Tanning Extracts",2021,409905
6,"Chemical Products",632,"Paints, dyes, & varnishes",63202,"Synthetic Tanning Extracts",2021,706482
6,"Chemical Products",632,"Paints, dyes, & varnishes",63203,"Vegetable or Animal Dyes",2021,1982578
6,"Chemical Products",632,"Paints, dyes, & varnishes",63204,"Synthetic Coloring Matter",2021,51170083
6,"Chemical Products",632,"Paints, dyes, & varnishes",63205,"Lake Pigments",2021,717888
6,"Chemical Products",632,"Paints, dyes, & varnishes",63206,"Other Coloring Matter",2021,131584872
6,"Chemical Products",632,"Paints, dyes, & varnishes",63207,"Prepared Pigments",2021,32550289
6,"Chemical Products",632,"Paints, dyes, & varnishes",63208,"Nonaqueous Paints",2021,275292015
6,"Chemical Products",632,"Paints, dyes, & varnishes",63209,"Aqueous Paints",2021,63793844
6,"Chemical Products",632,"Paints, dyes, & varnishes",63210,"Other Paints",2021,10827268
6,"Chemical Products",632,"Paints, dyes, & varnishes",63211,"Prepared Paint Driers",2021,16366835
6,"Chemical Products",632,"Paints, dyes, & varnishes",63212,"Nonaqueous Pigments",2021,15747712
6,"Chemical Products",632,"Paints, dyes, & varnishes",63213,"Artistry Paints",2021,5048725
6,"Chemical Products",632,"Paints, dyes, & varnishes",63214,"Glaziers Putty",2021,96163498
6,"Chemical Products",632,"Paints, dyes, & varnishes",63215,"Ink",2021,32341213
6,"Chemical Products",633,"Perfumery & cosmetics",63301,"Essential Oils",2021,34911361
6,"Chemical Products",633,"Perfumery & cosmetics",63302,"Scented Mixtures",2021,169379757
6,"Chemical Products",633,"Perfumery & cosmetics",63303,"Perfumes",2021,660705162
6,"Chemical Products",633,"Perfumery & cosmetics",63304,"Beauty Products",2021,471277395
6,"Chemical Products",633,"Perfumery & cosmetics",63305,"Hair Products",2021,316062873
6,"Chemical Products",633,"Perfumery & cosmetics",63306,"Dental Products",2021,92443263
6,"Chemical Products",633,"Perfumery & cosmetics",63307,"Shaving Products",2021,304038144
6,"Chemical Products",634,"Soap, cleaners, candles, dental, modelling pastes",63401,"Soap",2021,237934033
6,"Chemical Products",634,"Soap, cleaners, candles, dental, modelling pastes",63402,"Cleaning Products",2021,340840342
6,"Chemical Products",634,"Soap, cleaners, candles, dental, modelling pastes",63403,"Lubricating Products",2021,54913282
6,"Chemical Products",634,"Soap, cleaners, candles, dental, modelling pastes",63404,"Waxes",2021,11939359
6,"Chemical Products",634,"Soap, cleaners, candles, dental, modelling pastes",63405,"Polishes and Creams",2021,8588806
6,"Chemical Products",634,"Soap, cleaners, candles, dental, modelling pastes",63406,"Candles",2021,8807894
6,"Chemical Products",634,"Soap, cleaners, candles, dental, modelling pastes",63407,"Pastes and Waxes",2021,3219284
6,"Chemical Products",635,"Glues, starches, & albuminoid products",63501,"Casein",2021,669265
6,"Chemical Products",635,"Glues, starches, & albuminoid products",63502,"Water Soluble Proteins",2021,1281636
6,"Chemical Products",635,"Glues, starches, & albuminoid products",63503,"Gelatin",2021,5948123
6,"Chemical Products",635,"Glues, starches, & albuminoid products",63504,"Peptones",2021,3592595
6,"Chemical Products",635,"Glues, starches, & albuminoid products",63505,"Dextrins",2021,11291801
6,"Chemical Products",635,"Glues, starches, & albuminoid products",63506,"Glues",2021,49627423
6,"Chemical Products",635,"Glues, starches, & albuminoid products",63507,"Enzymes",2021,11058856
6,"Chemical Products",636,"Explosives, matches, & fireworks",63601,"Propellant Powders",2021,49.00000000000001
6,"Chemical Products",636,"Explosives, matches, & fireworks",63602,"Prepared Explosives",2021,263423.99999999994
6,"Chemical Products",636,"Explosives, matches, & fireworks",63603,"Detonating Fuses",2021,46582
6,"Chemical Products",636,"Explosives, matches, & fireworks",63604,"Fireworks",2021,409766
6,"Chemical Products",636,"Explosives, matches, & fireworks",63605,"Matches",2021,2302881
6,"Chemical Products",636,"Explosives, matches, & fireworks",63606,"Pyrophoric Alloys",2021,3389749
6,"Chemical Products",637,"Photo & movie goods",63701,"Photographic Plates",2021,38849999
6,"Chemical Products",637,"Photo & movie goods",63702,"Photographic Film",2021,3352829
6,"Chemical Products",637,"Photo & movie goods",63703,"Photographic Paper",2021,18114956
6,"Chemical Products",637,"Photo & movie goods",63704,"Undeveloped Exposed Photographic Material",2021,314373.99999999994
6,"Chemical Products",637,"Photo & movie goods",63705,"Developed Exposed Photographic Material",2021,13378
6,"Chemical Products",637,"Photo & movie goods",63706,"Motion-picture film, exposed and developed",2021,5134
6,"Chemical Products",637,"Photo & movie goods",63707,"Photographic Chemicals",2021,15753759
6,"Chemical Products",638,"Chemical products n.e.s.",63801,"Artificial Graphite",2021,8173592
6,"Chemical Products",638,"Chemical products n.e.s.",63802,"Activated Carbon",2021,7174360
6,"Chemical Products",638,"Chemical products n.e.s.",63803,"Tall Oil",2021,1050414
6,"Chemical Products",638,"Chemical products n.e.s.",63804,"Wood Pulp Lyes",2021,2569525
6,"Chemical Products",638,"Chemical products n.e.s.",63805,"Turpentine",2021,1198017
6,"Chemical Products",638,"Chemical products n.e.s.",63806,"Rosin",2021,2198305
6,"Chemical Products",638,"Chemical products n.e.s.",63807,"Wood Tar, Oils and Pitch",2021,135075
6,"Chemical Products",638,"Chemical products n.e.s.",63808,"Pesticides",2021,107463010
6,"Chemical Products",638,"Chemical products n.e.s.",63809,"Dyeing Finishing Agents",2021,11542376
6,"Chemical Products",638,"Chemical products n.e.s.",63810,"Metal Pickling Preparations",2021,4614063
6,"Chemical Products",638,"Chemical products n.e.s.",63811,"Antiknock",2021,169702450
6,"Chemical Products",638,"Chemical products n.e.s.",63812,"Prepared Rubber Accelerators",2021,74451067
6,"Chemical Products",638,"Chemical products n.e.s.",63813,"Fire Extinguishers Preparations",2021,2045624
6,"Chemical Products",638,"Chemical products n.e.s.",63814,"Organic Composite Solvents",2021,45796115
6,"Chemical Products",638,"Chemical products n.e.s.",63815,"Reaction and Catalytic Products",2021,56068399
6,"Chemical Products",638,"Chemical products n.e.s.",63816,"Refractory Cements",2021,20001896
6,"Chemical Products",638,"Chemical products n.e.s.",63817,"Alkylbenzenes and Alkylnaphthalenes",2021,54274751
6,"Chemical Products",638,"Chemical products n.e.s.",63818,"Disc Chemicals for Electronics",2021,5865791
6,"Chemical Products",638,"Chemical products n.e.s.",63819,"Hydraulic Brake Fluid",2021,18950569
6,"Chemical Products",638,"Chemical products n.e.s.",63820,"Antifreeze",2021,8737235
6,"Chemical Products",638,"Chemical products n.e.s.",63821,"Micro-Organism Culture Preparations",2021,3700981
6,"Chemical Products",638,"Chemical products n.e.s.",63822,"Laboratory Reagents",2021,111870100
6,"Chemical Products",638,"Chemical products n.e.s.",63823,"Industrial Fatty Acids, Oils and Alcohols",2021,235181209
7,"Plastics and Rubbers",739,"Plastics & articles thereof",73901,"Ethylene Polymers",2021,4780718436
7,"Plastics and Rubbers",739,"Plastics & articles thereof",73902,"Propylene Polymers",2021,2347368427
7,"Plastics and Rubbers",739,"Plastics & articles thereof",73903,"Styrene Polymers",2021,141592201
7,"Plastics and Rubbers",739,"Plastics & articles thereof",73904,"Vinyl Chloride Polymers",2021,186570163
7,"Plastics and Rubbers",739,"Plastics & articles thereof",73905,"Other Vinyl Polymers",2021,29016274
7,"Plastics and Rubbers",739,"Plastics & articles thereof",73906,"Acrylic Polymers",2021,127743933
7,"Plastics and Rubbers",739,"Plastics & articles thereof",73907,"Polyacetals",2021,471242100
7,"Plastics and Rubbers",739,"Plastics & articles thereof",73908,"Polyamides",2021,21055159
7,"Plastics and Rubbers",739,"Plastics & articles thereof",73909,"Amino-resins",2021,182057526
7,"Plastics and Rubbers",739,"Plastics & articles thereof",73910,"Silicone",2021,20554960
7,"Plastics and Rubbers",739,"Plastics & articles thereof",73911,"Petroleum Resins",2021,12141874
7,"Plastics and Rubbers",739,"Plastics & articles thereof",73912,"Cellulose",2021,36625892
7,"Plastics and Rubbers",739,"Plastics & articles thereof",73913,"Natural Polymers",2021,9579168
7,"Plastics and Rubbers",739,"Plastics & articles thereof",73914,"Polymer Ion-Exchangers",2021,4179672
7,"Plastics and Rubbers",739,"Plastics & articles thereof",73915,"Scrap Plastic",2021,13518546
7,"Plastics and Rubbers",739,"Plastics & articles thereof",73916,"Monofilament",2021,11284909
7,"Plastics and Rubbers",739,"Plastics & articles thereof",73917,"Plastic Pipes",2021,176049745
7,"Plastics and Rubbers",739,"Plastics & articles thereof",73918,"Plastic Floor Coverings",2021,12167078
7,"Plastics and Rubbers",739,"Plastics & articles thereof",73919,"Self-adhesive Plastics",2021,68281892
7,"Plastics and Rubbers",739,"Plastics & articles thereof",73920,"Raw Plastic Sheeting",2021,395556505
7,"Plastics and Rubbers",739,"Plastics & articles thereof",73921,"Other Plastic Sheetings",2021,188335779
7,"Plastics and Rubbers",739,"Plastics & articles thereof",73922,"Plastic Wash Basins",2021,16323438
7,"Plastics and Rubbers",739,"Plastics & articles thereof",73923,"Plastic Lids",2021,301275104
7,"Plastics and Rubbers",739,"Plastics & articles thereof",73924,"Plastic Housewares",2021,160877397
7,"Plastics and Rubbers",739,"Plastics & articles thereof",73925,"Plastic Building Materials",2021,57971607
7,"Plastics and Rubbers",739,"Plastics & articles thereof",73926,"Other Plastic Products",2021,158972108
7,"Plastics and Rubbers",740,"Rubber & articles thereof",74001,"Rubber",2021,60020540
7,"Plastics and Rubbers",740,"Rubber & articles thereof",74002,"Synthetic Rubber",2021,144177366
7,"Plastics and Rubbers",740,"Rubber & articles thereof",74003,"Reclaimed Rubber",2021,3150719
7,"Plastics and Rubbers",740,"Rubber & articles thereof",74004,"Scrap Rubber",2021,8351968.000000001
7,"Plastics and Rubbers",740,"Rubber & articles thereof",74005,"Compounded Unvulcanised Rubber",2021,4452981
7,"Plastics and Rubbers",740,"Rubber & articles thereof",74006,"Unvulcanised Rubber Products",2021,4158366
7,"Plastics and Rubbers",740,"Rubber & articles thereof",74007,"Rubber Thread",2021,851793
7,"Plastics and Rubbers",740,"Rubber & articles thereof",74008,"Rubber Sheets",2021,34095531
7,"Plastics and Rubbers",740,"Rubber & articles thereof",74009,"Rubber Pipes",2021,49171016
7,"Plastics and Rubbers",740,"Rubber & articles thereof",74010,"Rubber Belting",2021,47929454
7,"Plastics and Rubbers",740,"Rubber & articles thereof",74011,"Rubber Tires",2021,875080212
7,"Plastics and Rubbers",740,"Rubber & articles thereof",74012,"Used Rubber Tires",2021,51612454
7,"Plastics and Rubbers",740,"Rubber & articles thereof",74013,"Rubber Inner Tubes",2021,15254946
7,"Plastics and Rubbers",740,"Rubber & articles thereof",74014,"Pharmaceutical Rubber Products",2021,11738622
7,"Plastics and Rubbers",740,"Rubber & articles thereof",74015,"Rubber Apparel",2021,37900375
7,"Plastics and Rubbers",740,"Rubber & articles thereof",74016,"Other Rubber Products",2021,107936428
7,"Plastics and Rubbers",740,"Rubber & articles thereof",74017,"Hard Rubber",2021,5871295
8,"Animal Hides",841,"Raw hides & skin (non-fur)",84101,"Equine and Bovine Hides",2021,727473
8,"Animal Hides",841,"Raw hides & skin (non-fur)",84102,"Sheep Hides",2021,6213190
8,"Animal Hides",841,"Raw hides & skin (non-fur)",84103,"Other Hides and Skins",2021,300876
8,"Animal Hides",841,"Raw hides & skin (non-fur)",84104,"Tanned Equine and Bovine Hides",2021,1593902
8,"Animal Hides",841,"Raw hides & skin (non-fur)",84105,"Tanned Sheep Hides",2021,5957858
8,"Animal Hides",841,"Raw hides & skin (non-fur)",84106,"Tanned Goat Hides",2021,363305
8,"Animal Hides",841,"Raw hides & skin (non-fur)",84107,"Leather of Other Animals",2021,178047
8,"Animal Hides",841,"Raw hides & skin (non-fur)",84108,"Chamois Leather",2021,8804
8,"Animal Hides",841,"Raw hides & skin (non-fur)",84109,"Patent Leather",2021,26430
8,"Animal Hides",841,"Raw hides & skin (non-fur)",84110,"Leather Waste",2021,4521
8,"Animal Hides",841,"Raw hides & skin (non-fur)",84111,"Leather Sheets",2021,156721
8,"Animal Hides",842,"Leather articles",84201,"Saddlery",2021,865390
8,"Animal Hides",842,"Leather articles",84202,"Trunks and Cases",2021,114084431
8,"Animal Hides",842,"Leather articles",84203,"Leather Apparel",2021,15566152
8,"Animal Hides",842,"Leather articles",84205,"Other Leather Articles",2021,2289481
8,"Animal Hides",842,"Leather articles",84206,"Articles of Gut",2021,372.00000000000006
8,"Animal Hides",843,"Furskins, articifial fur, & articles",84301,"Raw Furskins",2021,155
8,"Animal Hides",843,"Furskins, articifial fur, & articles",84302,"Tanned Furskins",2021,44573
8,"Animal Hides",843,"Furskins, articifial fur, & articles",84303,"Furskin Apparel",2021,3137225
8,"Animal Hides",843,"Furskins, articifial fur, & articles",84304,"Artificial Fur",2021,309688
9,"Wood Products",944,"Wood, wood articles, & charcoal",94401,"Fuel Wood",2021,2093172
9,"Wood Products",944,"Wood, wood articles, & charcoal",94402,"Wood Charcoal",2021,7276122
9,"Wood Products",944,"Wood, wood articles, & charcoal",94403,"Rough Wood",2021,20551729
9,"Wood Products",944,"Wood, wood articles, & charcoal",94404,"Wood Stakes",2021,386518
9,"Wood Products",944,"Wood, wood articles, & charcoal",94405,"Wood Wool",2021,34691
9,"Wood Products",944,"Wood, wood articles, & charcoal",94406,"Railroad Ties",2021,153265.00000000003
9,"Wood Products",944,"Wood, wood articles, & charcoal",94407,"Sawn Wood",2021,68594640
9,"Wood Products",944,"Wood, wood articles, & charcoal",94408,"Veneer Sheets",2021,9521821
9,"Wood Products",944,"Wood, wood articles, & charcoal",94409,"Shaped Wood",2021,4275836
9,"Wood Products",944,"Wood, wood articles, & charcoal",94410,"Particle Board",2021,2479810
9,"Wood Products",944,"Wood, wood articles, & charcoal",94411,"Wood Fiberboard",2021,52669603
9,"Wood Products",944,"Wood, wood articles, & charcoal",94412,"Plywood",2021,37502797
9,"Wood Products",944,"Wood, wood articles, & charcoal",94413,"Densified Wood",2021,1354980
9,"Wood Products",944,"Wood, wood articles, & charcoal",94414,"Wood Frames",2021,491134
9,"Wood Products",944,"Wood, wood articles, & charcoal",94415,"Wood Crates",2021,23761362
9,"Wood Products",944,"Wood, wood articles, & charcoal",94416,"Wood Barrels",2021,15623
9,"Wood Products",944,"Wood, wood articles, & charcoal",94417,"Wooden Tool Handles",2021,2075747
9,"Wood Products",944,"Wood, wood articles, & charcoal",94418,"Wood Carpentry",2021,25458824
9,"Wood Products",944,"Wood, wood articles, & charcoal",94419,"Wood Kitchenware",2021,3410137
9,"Wood Products",944,"Wood, wood articles, & charcoal",94420,"Wood Ornaments",2021,4572322
9,"Wood Products",944,"Wood, wood articles, & charcoal",94421,"Other Wood Articles",2021,4167586
9,"Wood Products",945,"Cork & cork articles",94501,"Raw Cork",2021,141713
9,"Wood Products",945,"Cork & cork articles",94502,"Debacked Cork",2021,271759
9,"Wood Products",945,"Cork & cork articles",94503,"Natural Cork Articles",2021,25508481
9,"Wood Products",945,"Cork & cork articles",94504,"Agglomerated Cork",2021,4138286
9,"Wood Products",946,"Straw & esparto manufactures",94601,"Plaiting Products",2021,796894
9,"Wood Products",946,"Straw & esparto manufactures",94602,"Basketwork",2021,22433907
10,"Paper Goods",1047,"Wood pulp & paper scrap",104701,"Mechanical Wood Pulp",2021,155398
10,"Paper Goods",1047,"Wood pulp & paper scrap",104702,"Dissolving Grades Chemical Woodpulp",2021,395681.99999999994
10,"Paper Goods",1047,"Wood pulp & paper scrap",104703,"Sulfate Chemical Woodpulp",2021,84015468
10,"Paper Goods",1047,"Wood pulp & paper scrap",104704,"Sulfite Chemical Woodpulp",2021,342946
10,"Paper Goods",1047,"Wood pulp & paper scrap",104705,"Semi chemical Woodpulp",2021,2251246
10,"Paper Goods",1047,"Wood pulp & paper scrap",104706,"Recovered Paper Pulp",2021,3704956
10,"Paper Goods",1047,"Wood pulp & paper scrap",104707,"Recovered Paper",2021,116480227
10,"Paper Goods",1048,"Paper articles",104801,"Newsprint",2021,64035529
10,"Paper Goods",1048,"Paper articles",104802,"Uncoated Paper",2021,296455537
10,"Paper Goods",1048,"Paper articles",104803,"Tissue",2021,90554775
10,"Paper Goods",1048,"Paper articles",104804,"Kraft Paper",2021,32953403
10,"Paper Goods",1048,"Paper articles",104805,"Other Uncoated Paper",2021,138597433
10,"Paper Goods",1048,"Paper articles",104806,"Vegetable Parchment",2021,2178679
10,"Paper Goods",1048,"Paper articles",104807,"Composite Paper",2021,2968817
10,"Paper Goods",1048,"Paper articles",104808,"Corrugated Paper",2021,6234078
10,"Paper Goods",1048,"Paper articles",104809,"Carbon Paper",2021,2867075
10,"Paper Goods",1048,"Paper articles",104810,"Kaolin Coated Paper",2021,146618903
10,"Paper Goods",1048,"Paper articles",104811,"Cellulose Fibers Paper",2021,145586034
10,"Paper Goods",1048,"Paper articles",104812,"Paper Pulp Filter Blocks",2021,295877
10,"Paper Goods",1048,"Paper articles",104813,"Cigarette Paper",2021,12912262
10,"Paper Goods",1048,"Paper articles",104814,"Wallpaper",2021,19778610
10,"Paper Goods",1048,"Paper articles",104816,"Other Carbon Paper",2021,2127794
10,"Paper Goods",1048,"Paper articles",104817,"Letter Stock",2021,20153369
10,"Paper Goods",1048,"Paper articles",104818,"Toilet Paper",2021,144899495
10,"Paper Goods",1048,"Paper articles",104819,"Paper Containers",2021,161607454
10,"Paper Goods",1048,"Paper articles",104820,"Paper Notebooks",2021,67652042
10,"Paper Goods",1048,"Paper articles",104821,"Paper Labels",2021,51743036
10,"Paper Goods",1048,"Paper articles",104822,"Paper Spools",2021,13057262
10,"Paper Goods",1048,"Paper articles",104823,"Shaped Paper",2021,50354105
10,"Paper Goods",1049,"Books, newspapers, & other prints",104901,"Brochures",2021,126871192
10,"Paper Goods",1049,"Books, newspapers, & other prints",104902,"Newspapers",2021,1153043
10,"Paper Goods",1049,"Books, newspapers, & other prints",104903,"Children's Picture Books",2021,6394285
10,"Paper Goods",1049,"Books, newspapers, & other prints",104904,"Sheet Music",2021,53326
10,"Paper Goods",1049,"Books, newspapers, & other prints",104905,"Maps",2021,361214
10,"Paper Goods",1049,"Books, newspapers, & other prints",104906,"Architectural Plans",2021,575196
10,"Paper Goods",1049,"Books, newspapers, & other prints",104907,"Documents of title (bonds etc) and unused stamps",2021,96831331.00000001
10,"Paper Goods",1049,"Books, newspapers, & other prints",104908,"Decals",2021,3282812
10,"Paper Goods",1049,"Books, newspapers, & other prints",104909,"Postcards",2021,378616
10,"Paper Goods",1049,"Books, newspapers, & other prints",104910,"Calendars",2021,936398
10,"Paper Goods",1049,"Books, newspapers, & other prints",104911,"Other Printed Material",2021,69216880
11,"Textiles",1150,"Silk",115001,"Silk-worm Cocoons",2021,4042
11,"Textiles",1150,"Silk",115002,"Raw Silk",2021,11385809
11,"Textiles",1150,"Silk",115003,"Silk Waste",2021,27.999999999999996
11,"Textiles",1150,"Silk",115004,"Non-Retail Silk Yarn",2021,4189
11,"Textiles",1150,"Silk",115005,"Silk Waste Yarn",2021,125
11,"Textiles",1150,"Silk",115006,"Retail Silk Yarn",2021,22413
11,"Textiles",1150,"Silk",115007,"Silk Fabrics",2021,4366140
11,"Textiles",1151,"Wool & animal hair",115101,"Wool",2021,4575757
11,"Textiles",1151,"Wool & animal hair",115102,"Animal Hair",2021,417642
11,"Textiles",1151,"Wool & animal hair",115103,"Wool or Animal Hair Waste",2021,30156.999999999996
11,"Textiles",1151,"Wool & animal hair",115104,"Garnetted Wool or Animal Hair",2021,2197
11,"Textiles",1151,"Wool & animal hair",115105,"Prepared Wool or Animal Hair",2021,3404511
11,"Textiles",1151,"Wool & animal hair",115106,"Non-Retail Carded Wool Yarn",2021,13257
11,"Textiles",1151,"Wool & animal hair",115107,"Non-Retail Combed Wool Yarn",2021,10123
11,"Textiles",1151,"Wool & animal hair",115108,"Non-Retail Animal Hair Yarn",2021,32206
11,"Textiles",1151,"Wool & animal hair",115109,"Retail Wool or Animal Hair Yarn",2021,12580
11,"Textiles",1151,"Wool & animal hair",115110,"Horsehair Yarn",2021,858
11,"Textiles",1151,"Wool & animal hair",115111,"Carded Wool or Animal Hair Fabric",2021,1878902
11,"Textiles",1151,"Wool & animal hair",115112,"Combed Wool or Animal Hair Fabric",2021,2478883
11,"Textiles",1151,"Wool & animal hair",115113,"Horsehair Fabric",2021,488801
11,"Textiles",1152,"Cotton",115201,"Raw Cotton",2021,42811351
11,"Textiles",1152,"Cotton",115202,"Cotton Waste",2021,1031462
11,"Textiles",1152,"Cotton",115203,"Prepared Cotton",2021,1019087
11,"Textiles",1152,"Cotton",115204,"Cotton Sewing Thread",2021,899070
11,"Textiles",1152,"Cotton",115205,"Non-Retail Pure Cotton Yarn",2021,15585138
11,"Textiles",1152,"Cotton",115206,"Non-Retail Mixed Cotton Yarn",2021,198176
11,"Textiles",1152,"Cotton",115207,"Retail Cotton Yarn",2021,75043
11,"Textiles",1152,"Cotton",115208,"Light Pure Woven Cotton",2021,29682168
11,"Textiles",1152,"Cotton",115209,"Heavy Pure Woven Cotton",2021,11436989
11,"Textiles",1152,"Cotton",115210,"Light Mixed Woven Cotton",2021,5494269
11,"Textiles",1152,"Cotton",115211,"Heavy Mixed Woven Cotton",2021,12489594
11,"Textiles",1152,"Cotton",115212,"Other Cotton Fabrics",2021,3421267
11,"Textiles",1153,"Vegetable textile fibers, paper yarn & fabrics",115301,"Flax Fibers",2021,59764
11,"Textiles",1153,"Vegetable textile fibers, paper yarn & fabrics",115302,"Hemp Fibers",2021,21284
11,"Textiles",1153,"Vegetable textile fibers, paper yarn & fabrics",115303,"Jute and Other Textile Fibers",2021,205030
11,"Textiles",1153,"Vegetable textile fibers, paper yarn & fabrics",115305,"Coconut and Other Vegetable Fibers",2021,246009.99999999997
11,"Textiles",1153,"Vegetable textile fibers, paper yarn & fabrics",115306,"Flax Yarn",2021,7393
11,"Textiles",1153,"Vegetable textile fibers, paper yarn & fabrics",115307,"Jute Yarn",2021,2234072
11,"Textiles",1153,"Vegetable textile fibers, paper yarn & fabrics",115308,"Other Vegetable Fibers Yarn",2021,112195
11,"Textiles",1153,"Vegetable textile fibers, paper yarn & fabrics",115309,"Flax Woven Fabric",2021,1170969
11,"Textiles",1153,"Vegetable textile fibers, paper yarn & fabrics",115310,"Jute Woven Fabric",2021,1400438
11,"Textiles",1153,"Vegetable textile fibers, paper yarn & fabrics",115311,"Other Vegetable Fibers Fabric",2021,164242
11,"Textiles",1154,"Man-made filaments",115401,"Artificial Filament Sewing Thread",2021,1582500
11,"Textiles",1154,"Man-made filaments",115402,"Non-Retail Synthetic Filament Yarn",2021,140408748
11,"Textiles",1154,"Man-made filaments",115403,"Non-Retail Artificial Filament Yarn",2021,3024336
11,"Textiles",1154,"Man-made filaments",115404,"Synthetic Monofilament",2021,91742934
11,"Textiles",1154,"Man-made filaments",115405,"Artificial Monofilament",2021,4776
11,"Textiles",1154,"Man-made filaments",115406,"Retail Artificial Filament Yarn",2021,17251
11,"Textiles",1154,"Man-made filaments",115407,"Synthetic Filament Yarn Woven Fabric",2021,345779031
11,"Textiles",1154,"Man-made filaments",115408,"Artificial Filament Yarn Woven Fabric",2021,7814523
11,"Textiles",1155,"Man-made staple fibres",115501,"Synthetic Filament Tow",2021,5259704
11,"Textiles",1155,"Man-made staple fibres",115502,"Artificial Filament Tow",2021,22097565
11,"Textiles",1155,"Man-made staple fibres",115503,"Unprocessed Synthetic Staple Fibers",2021,29876699
11,"Textiles",1155,"Man-made staple fibres",115504,"Unprocessed Artificial Staple Fibers",2021,49721979
11,"Textiles",1155,"Man-made staple fibres",115505,"Artificial Fibers Waste",2021,881307
11,"Textiles",1155,"Man-made staple fibres",115506,"Processed Synthetic Staple Fibers",2021,51387
11,"Textiles",1155,"Man-made staple fibres",115507,"Processed Artificial Staple Fibers",2021,3071
11,"Textiles",1155,"Man-made staple fibres",115508,"Non-Retail Artificial Staple Fibers Sewing Thread",2021,1108762
11,"Textiles",1155,"Man-made staple fibres",115509,"Non-Retail Synthetic Staple Fibers Yarn",2021,4862441
11,"Textiles",1155,"Man-made staple fibres",115510,"Non-Retail Artificial Staple Fibers Yarn",2021,668493
11,"Textiles",1155,"Man-made staple fibres",115511,"Retail Artificial Staple Fibers Yarn",2021,47383
11,"Textiles",1155,"Man-made staple fibres",115512,"Synthetic Fabrics",2021,23403015
11,"Textiles",1155,"Man-made staple fibres",115513,"Light Synthetic Cotton Fabrics",2021,13874733
11,"Textiles",1155,"Man-made staple fibres",115514,"Heavy Synthetic Cotton Fabrics",2021,4809956
11,"Textiles",1155,"Man-made staple fibres",115515,"Other Synthetic Fabrics",2021,47915068
11,"Textiles",1155,"Man-made staple fibres",115516,"Woven Fabric of Synthetic Staple Fibers",2021,42201016
11,"Textiles",1156,"Wadding, felt, nonwovens, twin, ropes, & articles thereof",115601,"Wadding",2021,40791488
11,"Textiles",1156,"Wadding, felt, nonwovens, twin, ropes, & articles thereof",115602,"Felt",2021,688844
11,"Textiles",1156,"Wadding, felt, nonwovens, twin, ropes, & articles thereof",115603,"Non-woven Textiles",2021,22933565
11,"Textiles",1156,"Wadding, felt, nonwovens, twin, ropes, & articles thereof",115604,"Rubber Textiles",2021,12720329
11,"Textiles",1156,"Wadding, felt, nonwovens, twin, ropes, & articles thereof",115605,"Metallic Yarn",2021,2188225
11,"Textiles",1156,"Wadding, felt, nonwovens, twin, ropes, & articles thereof",115606,"Gimp Yarn",2021,382533
11,"Textiles",1156,"Wadding, felt, nonwovens, twin, ropes, & articles thereof",115607,"Twine and Rope",2021,17504790
11,"Textiles",1156,"Wadding, felt, nonwovens, twin, ropes, & articles thereof",115608,"Twine, cordage or rope; knotted netting, made up fishing nets and other made up nets, of textile materials",2021,4073138
11,"Textiles",1156,"Wadding, felt, nonwovens, twin, ropes, & articles thereof",115609,"Other Articles of Twine and Rope",2021,7061805
11,"Textiles",1157,"Carpets & textile floor covers",115701,"Knotted Carpets",2021,15448773
11,"Textiles",1157,"Carpets & textile floor covers",115702,"Hand-Woven Rugs",2021,88051745
11,"Textiles",1157,"Carpets & textile floor covers",115703,"Tufted Carpets",2021,134445590
11,"Textiles",1157,"Carpets & textile floor covers",115704,"Felt Carpets",2021,16358741
11,"Textiles",1157,"Carpets & textile floor covers",115705,"Other Carpets",2021,6555558
11,"Textiles",1158,"Special woven fabrics and tapestries",115801,"Woven Fabrics",2021,11194092
11,"Textiles",1158,"Special woven fabrics and tapestries",115802,"Terry Fabric",2021,762229
11,"Textiles",1158,"Special woven fabrics and tapestries",115803,"Gauze",2021,151803
11,"Textiles",1158,"Special woven fabrics and tapestries",115804,"Tulles and Net Fabric",2021,2237450
11,"Textiles",1158,"Special woven fabrics and tapestries",115805,"Hand-Woven Tapestries",2021,11634
11,"Textiles",1158,"Special woven fabrics and tapestries",115806,"Narrow Woven Fabric",2021,3997581
11,"Textiles",1158,"Special woven fabrics and tapestries",115807,"Labels",2021,2659458
11,"Textiles",1158,"Special woven fabrics and tapestries",115808,"Ornamental Trimmings",2021,701037
11,"Textiles",1158,"Special woven fabrics and tapestries",115809,"Metallic Fabric",2021,134622
11,"Textiles",1158,"Special woven fabrics and tapestries",115810,"Embroidery",2021,15502960
11,"Textiles",1158,"Special woven fabrics and tapestries",115811,"Quilted Textiles",2021,232005
11,"Textiles",1159,"Coated, covered, & laminated fabrics for industrial use",115901,"Gum Coated Textile Fabric",2021,2016010
11,"Textiles",1159,"Coated, covered, & laminated fabrics for industrial use",115902,"Polyamide Fabric",2021,942369
11,"Textiles",1159,"Coated, covered, & laminated fabrics for industrial use",115903,"Plastic Coated Textile Fabric",2021,25064151
11,"Textiles",1159,"Coated, covered, & laminated fabrics for industrial use",115904,"Linoleum",2021,214801
11,"Textiles",1159,"Coated, covered, & laminated fabrics for industrial use",115905,"Textile Wall Coverings",2021,248380
11,"Textiles",1159,"Coated, covered, & laminated fabrics for industrial use",115906,"Rubber Textile Fabric",2021,2676913
11,"Textiles",1159,"Coated, covered, & laminated fabrics for industrial use",115907,"Coated Textile Fabric",2021,13545789
11,"Textiles",1159,"Coated, covered, & laminated fabrics for industrial use",115908,"Textile Wicks",2021,32536
11,"Textiles",1159,"Coated, covered, & laminated fabrics for industrial use",115909,"Hose Piping Textiles",2021,2505753
11,"Textiles",1159,"Coated, covered, & laminated fabrics for industrial use",115910,"Conveyor Belt Textiles",2021,902357
11,"Textiles",1159,"Coated, covered, & laminated fabrics for industrial use",115911,"Textiles for technical uses",2021,12372476
11,"Textiles",1160,"Knitted fabrics",116001,"Pile Fabric",2021,15719610
11,"Textiles",1160,"Knitted fabrics",116002,"Light Rubberized Knitted Fabric",2021,55403023
11,"Textiles",1161,"Knitted clothing accesories",116101,"Knit Men's Coats",2021,21339466
11,"Textiles",1161,"Knitted clothing accesories",116102,"Knit Women's Coats",2021,7895021
11,"Textiles",1161,"Knitted clothing accesories",116103,"Knit Men's Suits",2021,59407490
11,"Textiles",1161,"Knitted clothing accesories",116104,"Knit Women's Suits",2021,83889805
11,"Textiles",1161,"Knitted clothing accesories",116105,"Knit Men's Shirts",2021,20684300
11,"Textiles",1161,"Knitted clothing accesories",116106,"Knit Women's Shirts",2021,9824376
11,"Textiles",1161,"Knitted clothing accesories",116107,"Knit Men's Undergarments",2021,24544012
11,"Textiles",1161,"Knitted clothing accesories",116108,"Knit Women's Undergarments",2021,43092229
11,"Textiles",1161,"Knitted clothing accesories",116109,"Knit T-shirts",2021,132896316
11,"Textiles",1161,"Knitted clothing accesories",116110,"Knit Sweaters",2021,56887929
11,"Textiles",1161,"Knitted clothing accesories",116111,"Knit Babies' Garments",2021,51315254
11,"Textiles",1161,"Knitted clothing accesories",116112,"Knit Active Wear",2021,8299475
11,"Textiles",1161,"Knitted clothing accesories",116113,"Garments of Impregnated Fabric",2021,86802157
11,"Textiles",1161,"Knitted clothing accesories",116114,"Other Knit Garments",2021,113953420
11,"Textiles",1161,"Knitted clothing accesories",116115,"Knit Socks and Hosiery",2021,20363518
11,"Textiles",1161,"Knitted clothing accesories",116116,"Knit Gloves",2021,7145730
11,"Textiles",1161,"Knitted clothing accesories",116117,"Other Knit Clothing Accessories",2021,10190688
11,"Textiles",1162,"Non-knitted clothing accesories",116201,"Non-Knit Men's Coats",2021,31708036
11,"Textiles",1162,"Non-knitted clothing accesories",116202,"Non-Knit Women's Coats",2021,16032982
11,"Textiles",1162,"Non-knitted clothing accesories",116203,"Non-Knit Men's Suits",2021,90696527
11,"Textiles",1162,"Non-knitted clothing accesories",116204,"Non-Knit Women's Suits",2021,129406315
11,"Textiles",1162,"Non-knitted clothing accesories",116205,"Non-Knit Men's Shirts",2021,26090706
11,"Textiles",1162,"Non-knitted clothing accesories",116206,"Non-Knit Women's Shirts",2021,32344716
11,"Textiles",1162,"Non-knitted clothing accesories",116207,"Non-Knit Men's Undergarments",2021,8604808
11,"Textiles",1162,"Non-knitted clothing accesories",116208,"Non-Knit Women's Undergarments",2021,20328087
11,"Textiles",1162,"Non-knitted clothing accesories",116209,"Non-Knit Babies' Garments",2021,10812887
11,"Textiles",1162,"Non-knitted clothing accesories",116210,"Felt or Coated Fabric Garments",2021,36113589
11,"Textiles",1162,"Non-knitted clothing accesories",116211,"Non-Knit Active Wear",2021,58674989
11,"Textiles",1162,"Non-knitted clothing accesories",116212,"Other Women's Undergarments",2021,27377035
11,"Textiles",1162,"Non-knitted clothing accesories",116213,"Handkerchiefs",2021,1327118
11,"Textiles",1162,"Non-knitted clothing accesories",116214,"Scarves",2021,14103870
11,"Textiles",1162,"Non-knitted clothing accesories",116215,"Neck Ties",2021,7571097
11,"Textiles",1162,"Non-knitted clothing accesories",116216,"Non-Knit Gloves",2021,1619382
11,"Textiles",1162,"Non-knitted clothing accesories",116217,"Other Non-Knit Clothing Accessories",2021,14596418
11,"Textiles",1163,"Used clothes & textile articles",116301,"Blankets",2021,26994534
11,"Textiles",1163,"Used clothes & textile articles",116302,"House Linens",2021,31137585
11,"Textiles",1163,"Used clothes & textile articles",116303,"Window Dressings",2021,24191352
11,"Textiles",1163,"Used clothes & textile articles",116304,"Bedspreads",2021,17251633
11,"Textiles",1163,"Used clothes & textile articles",116305,"Packing Bags",2021,16320704
11,"Textiles",1163,"Used clothes & textile articles",116306,"Awnings, Tents, and Sails",2021,25971843
11,"Textiles",1163,"Used clothes & textile articles",116307,"Other Cloth Articles",2021,49564785
11,"Textiles",1163,"Used clothes & textile articles",116308,"Packaged Sewing Sets",2021,338105
11,"Textiles",1163,"Used clothes & textile articles",116309,"Used Clothing",2021,173484047
11,"Textiles",1163,"Used clothes & textile articles",116310,"Textile Scraps",2021,27536045
12,"Footwear and Headwear",1264,"Footwear",126401,"Waterproof Footwear",2021,4338831
12,"Footwear and Headwear",1264,"Footwear",126402,"Rubber Footwear",2021,84489054
12,"Footwear and Headwear",1264,"Footwear",126403,"Leather Footwear",2021,82908894
12,"Footwear and Headwear",1264,"Footwear",126404,"Textile Footwear",2021,130027964
12,"Footwear and Headwear",1264,"Footwear",126405,"Other Footwear",2021,53365208
12,"Footwear and Headwear",1264,"Footwear",126406,"Footwear Parts",2021,3511447
12,"Footwear and Headwear",1265,"Headgear",126501,"Hat Forms",2021,429364.00000000006
12,"Footwear and Headwear",1265,"Headgear",126502,"Hat Shapes",2021,20986
12,"Footwear and Headwear",1265,"Headgear",126504,"Hats",2021,3619328
12,"Footwear and Headwear",1265,"Headgear",126505,"Knitted Hats",2021,5511088
12,"Footwear and Headwear",1265,"Headgear",126506,"Other Headwear",2021,10188355
12,"Footwear and Headwear",1265,"Headgear",126507,"Headbands and Linings",2021,226674
12,"Footwear and Headwear",1266,"Umbrellas, walking sticks, & whips",126601,"Umbrellas",2021,2068909
12,"Footwear and Headwear",1266,"Umbrellas, walking sticks, & whips",126602,"Walking Sticks",2021,368040.99999999994
12,"Footwear and Headwear",1266,"Umbrellas, walking sticks, & whips",126603,"Umbrella and Walking Stick Accessories",2021,604569
12,"Footwear and Headwear",1267,"Feather articles, feathers, artificial flowers, & articles of human hair",126701,"Bird Skins and Feathers",2021,80123
12,"Footwear and Headwear",1267,"Feather articles, feathers, artificial flowers, & articles of human hair",126702,"Artificial Vegetation",2021,6401299
12,"Footwear and Headwear",1267,"Feather articles, feathers, artificial flowers, & articles of human hair",126703,"Processed Hair",2021,230944
12,"Footwear and Headwear",1267,"Feather articles, feathers, artificial flowers, & articles of human hair",126704,"Fake Hair",2021,2851230
13,"Stone And Glass",1368,"Stone, plaster, cement, asbestos, mica.",136801,"Curbstones",2021,7936856
13,"Stone And Glass",1368,"Stone, plaster, cement, asbestos, mica.",136802,"Building Stone",2021,39005797
13,"Stone And Glass",1368,"Stone, plaster, cement, asbestos, mica.",136803,"Worked Slate",2021,7520711
13,"Stone And Glass",1368,"Stone, plaster, cement, asbestos, mica.",136804,"Milling Stones",2021,15319729
13,"Stone And Glass",1368,"Stone, plaster, cement, asbestos, mica.",136805,"Abrasive Powder",2021,6363404
13,"Stone And Glass",1368,"Stone, plaster, cement, asbestos, mica.",136806,"Rock Wool",2021,39544938
13,"Stone And Glass",1368,"Stone, plaster, cement, asbestos, mica.",136807,"Asphalt",2021,44954729
13,"Stone And Glass",1368,"Stone, plaster, cement, asbestos, mica.",136808,"Vegetable Fiber",2021,1186093
13,"Stone And Glass",1368,"Stone, plaster, cement, asbestos, mica.",136809,"Plaster Articles",2021,25257168
13,"Stone And Glass",1368,"Stone, plaster, cement, asbestos, mica.",136810,"Cement Articles",2021,33702990
13,"Stone And Glass",1368,"Stone, plaster, cement, asbestos, mica.",136811,"Asbestos Cement Articles",2021,5340927
13,"Stone And Glass",1368,"Stone, plaster, cement, asbestos, mica.",136812,"Asbestos Fibres",2021,7374908
13,"Stone And Glass",1368,"Stone, plaster, cement, asbestos, mica.",136813,"Friction Material",2021,15615121
13,"Stone And Glass",1368,"Stone, plaster, cement, asbestos, mica.",136814,"Processed Mica",2021,1051718
13,"Stone And Glass",1368,"Stone, plaster, cement, asbestos, mica.",136815,"Other Stone Articles",2021,7185045
13,"Stone And Glass",1369,"Ceramic products",136901,"Bricks",2021,3639436
13,"Stone And Glass",1369,"Ceramic products",136902,"Refractory Bricks",2021,14709727
13,"Stone And Glass",1369,"Ceramic products",136903,"Refractory Ceramics",2021,23495999
13,"Stone And Glass",1369,"Ceramic products",136904,"Ceramic Bricks",2021,7771255
13,"Stone And Glass",1369,"Ceramic products",136905,"Roofing Tiles",2021,4048929
13,"Stone And Glass",1369,"Ceramic products",136906,"Ceramic Pipes",2021,6627227
13,"Stone And Glass",1369,"Ceramic products",136907,"Unglazed Ceramics",2021,248317373
13,"Stone And Glass",1369,"Ceramic products",136908,"Glazed Ceramics",2021,643286
13,"Stone And Glass",1369,"Ceramic products",136909,"Laboratory Ceramic Ware",2021,6447711
13,"Stone And Glass",1369,"Ceramic products",136910,"Bathroom Ceramics",2021,78029436
13,"Stone And Glass",1369,"Ceramic products",136911,"Porcelain Tableware",2021,61191099
13,"Stone And Glass",1369,"Ceramic products",136912,"Ceramic Tableware",2021,17810361
13,"Stone And Glass",1369,"Ceramic products",136913,"Ornamental Ceramics",2021,2596276
13,"Stone And Glass",1369,"Ceramic products",136914,"Other Ceramic Articles",2021,6888247
13,"Stone And Glass",1370,"Glass & glassware",137001,"Glass Scraps",2021,1184558
13,"Stone And Glass",1370,"Glass & glassware",137002,"Glass Balls",2021,1278838
13,"Stone And Glass",1370,"Glass & glassware",137003,"Cast or Rolled Glass",2021,1655083
13,"Stone And Glass",1370,"Glass & glassware",137004,"Blown Glass",2021,1308031
13,"Stone And Glass",1370,"Glass & glassware",137005,"Float Glass",2021,100005255
13,"Stone And Glass",1370,"Glass & glassware",137006,"Glass with Edge Workings",2021,15295165
13,"Stone And Glass",1370,"Glass & glassware",137007,"Safety Glass",2021,22326295
13,"Stone And Glass",1370,"Glass & glassware",137008,"Insulating Glass",2021,26023253
13,"Stone And Glass",1370,"Glass & glassware",137009,"Glass Mirrors",2021,10423747
13,"Stone And Glass",1370,"Glass & glassware",137010,"Glass Bottles",2021,191847366
13,"Stone And Glass",1370,"Glass & glassware",137011,"Glass Bulbs",2021,3616411
13,"Stone And Glass",1370,"Glass & glassware",137013,"Interior Decorative Glassware",2021,119097175
13,"Stone And Glass",1370,"Glass & glassware",137014,"Signaling Glassware",2021,156389
13,"Stone And Glass",1370,"Glass & glassware",137015,"Eyewear and Clock Glass",2021,936570
13,"Stone And Glass",1370,"Glass & glassware",137016,"Glass Bricks",2021,2694732
13,"Stone And Glass",1370,"Glass & glassware",137017,"Laboratory Glassware",2021,1106191
13,"Stone And Glass",1370,"Glass & glassware",137018,"Glass Beads",2021,9575896
13,"Stone And Glass",1370,"Glass & glassware",137019,"Glass Fibers",2021,68026226
13,"Stone And Glass",1370,"Glass & glassware",137020,"Other Glass Articles",2021,3505217
14,"Precious Metals",1471,"Precious stones, metals, & pearls",147101,"Pearls",2021,4029381
14,"Precious Metals",1471,"Precious stones, metals, & pearls",147102,"Diamonds",2021,13313867344
14,"Precious Metals",1471,"Precious stones, metals, & pearls",147103,"Precious Stones",2021,303658860
14,"Precious Metals",1471,"Precious stones, metals, & pearls",147104,"Synthetic Reconstructed Jewellery Stones",2021,228557513
14,"Precious Metals",1471,"Precious stones, metals, & pearls",147105,"Precious Stone Dust",2021,5441208
14,"Precious Metals",1471,"Precious stones, metals, & pearls",147106,"Silver",2021,140649560
14,"Precious Metals",1471,"Precious stones, metals, & pearls",147107,"Silver Clad Metals",2021,186391
14,"Precious Metals",1471,"Precious stones, metals, & pearls",147108,"Gold",2021,32410366900
14,"Precious Metals",1471,"Precious stones, metals, & pearls",147109,"Gold Clad Metals",2021,72929
14,"Precious Metals",1471,"Precious stones, metals, & pearls",147110,"Platinum",2021,57676057
14,"Precious Metals",1471,"Precious stones, metals, & pearls",147111,"Platinum Clad Metals",2021,3240070.9999999995
14,"Precious Metals",1471,"Precious stones, metals, & pearls",147112,"Precious Metal Scraps",2021,408312330
14,"Precious Metals",1471,"Precious stones, metals, & pearls",147113,"Jewellery",2021,6987354426
14,"Precious Metals",1471,"Precious stones, metals, & pearls",147114,"Metal-Clad Products",2021,18265401
14,"Precious Metals",1471,"Precious stones, metals, & pearls",147115,"Other Precious Metal Products",2021,1529289
14,"Precious Metals",1471,"Precious stones, metals, & pearls",147116,"Pearl Products",2021,6917781
14,"Precious Metals",1471,"Precious stones, metals, & pearls",147117,"Imitation Jewellery",2021,21281792
14,"Precious Metals",1471,"Precious stones, metals, & pearls",147118,"Coin",2021,187346
15,"Metals",1572,"Iron & steel",157201,"Pig Iron",2021,22380039
15,"Metals",1572,"Iron & steel",157202,"Ferroalloys",2021,270697669
15,"Metals",1572,"Iron & steel",157203,"Iron Reductions",2021,268101456
15,"Metals",1572,"Iron & steel",157204,"Scrap Iron",2021,1136613785
15,"Metals",1572,"Iron & steel",157205,"Iron Powder",2021,4149693
15,"Metals",1572,"Iron & steel",157206,"Iron Ingots",2021,4673079
15,"Metals",1572,"Iron & steel",157207,"Semi-Finished Iron",2021,728670685
15,"Metals",1572,"Iron & steel",157208,"Hot-Rolled Iron",2021,133388885
15,"Metals",1572,"Iron & steel",157209,"Cold-Rolled Iron",2021,26565374
15,"Metals",1572,"Iron & steel",157210,"Coated Flat-Rolled Iron",2021,544222718
15,"Metals",1572,"Iron & steel",157211,"Large Flat-Rolled Iron",2021,7685006
15,"Metals",1572,"Iron & steel",157212,"Large Coated Flat-Rolled Iron",2021,56863730
15,"Metals",1572,"Iron & steel",157213,"Hot-Rolled Iron Bars",2021,318320339
15,"Metals",1572,"Iron & steel",157214,"Raw Iron Bars",2021,551382267
15,"Metals",1572,"Iron & steel",157215,"Other Iron Bars",2021,9698765
15,"Metals",1572,"Iron & steel",157216,"Iron Blocks",2021,386241881
15,"Metals",1572,"Iron & steel",157217,"Iron Wire",2021,68072951
15,"Metals",1572,"Iron & steel",157218,"Stainless Steel Ingots",2021,2267859
15,"Metals",1572,"Iron & steel",157219,"Large Flat-Rolled Stainless Steel",2021,120565934
15,"Metals",1572,"Iron & steel",157220,"Flat-Rolled Stainless Steel",2021,8627232
15,"Metals",1572,"Iron & steel",157221,"Hot-Rolled Stainless Steel Bars",2021,997371
15,"Metals",1572,"Iron & steel",157222,"Other Stainless Steel Bars",2021,34126409
15,"Metals",1572,"Iron & steel",157223,"Stainless Steel Wire",2021,12218386
15,"Metals",1572,"Iron & steel",157224,"Steel Ingots",2021,24072748
15,"Metals",1572,"Iron & steel",157225,"Flat Flat-Rolled Steel",2021,64016872
15,"Metals",1572,"Iron & steel",157226,"Flat-Rolled Iron",2021,26792944
15,"Metals",1572,"Iron & steel",157227,"Steel Bars",2021,93165006
15,"Metals",1572,"Iron & steel",157228,"Other Steel Bars",2021,35120350
15,"Metals",1572,"Iron & steel",157229,"Steel Wire",2021,5579458
15,"Metals",1573,"Iron/Steel Articles",157301,"Iron Sheet Piling",2021,65619836
15,"Metals",1573,"Iron/Steel Articles",157302,"Iron Railway Products",2021,8398066
15,"Metals",1573,"Iron/Steel Articles",157303,"Cast Iron Pipes",2021,197779833
15,"Metals",1573,"Iron/Steel Articles",157304,"Iron Pipes",2021,302571568
15,"Metals",1573,"Iron/Steel Articles",157305,"Other Large Iron Pipes",2021,36919491
15,"Metals",1573,"Iron/Steel Articles",157306,"Other Small Iron Pipes",2021,553263493
15,"Metals",1573,"Iron/Steel Articles",157307,"Iron Pipe Fittings",2021,156636936
15,"Metals",1573,"Iron/Steel Articles",157308,"Iron Structures",2021,862684248
15,"Metals",1573,"Iron/Steel Articles",157309,"Large Iron Containers",2021,68001928
15,"Metals",1573,"Iron/Steel Articles",157310,"Small Iron Containers",2021,52699912
15,"Metals",1573,"Iron/Steel Articles",157311,"Iron Gas Containers",2021,56604275
15,"Metals",1573,"Iron/Steel Articles",157312,"Stranded Iron Wire",2021,39109363
15,"Metals",1573,"Iron/Steel Articles",157313,"Barbed Wire",2021,1368215
15,"Metals",1573,"Iron/Steel Articles",157314,"Iron Cloth",2021,39796705
15,"Metals",1573,"Iron/Steel Articles",157315,"Iron Chains",2021,19943718
15,"Metals",1573,"Iron/Steel Articles",157316,"Iron Anchors",2021,2173900
15,"Metals",1573,"Iron/Steel Articles",157317,"Iron Nails",2021,20448306
15,"Metals",1573,"Iron/Steel Articles",157318,"Iron Fasteners",2021,134378136
15,"Metals",1573,"Iron/Steel Articles",157319,"Iron Sewing Needles",2021,1540818
15,"Metals",1573,"Iron/Steel Articles",157320,"Iron Springs",2021,17853441
15,"Metals",1573,"Iron/Steel Articles",157321,"Iron Stovetops",2021,24565306
15,"Metals",1573,"Iron/Steel Articles",157322,"Iron Radiators",2021,2063258
15,"Metals",1573,"Iron/Steel Articles",157323,"Iron Housewares",2021,100377281
15,"Metals",1573,"Iron/Steel Articles",157324,"Iron Toiletry",2021,21533875
15,"Metals",1573,"Iron/Steel Articles",157325,"Other Cast Iron Products",2021,47218921
15,"Metals",1573,"Iron/Steel Articles",157326,"Other Iron Products",2021,122750557
15,"Metals",1574,"Copper articles",157401,"Precipitated Copper",2021,796
15,"Metals",1574,"Copper articles",157402,"Raw Copper",2021,33421399.999999996
15,"Metals",1574,"Copper articles",157403,"Refined Copper",2021,247558522
15,"Metals",1574,"Copper articles",157404,"Scrap Copper",2021,629538726
15,"Metals",1574,"Copper articles",157405,"Copper Alloys",2021,119792
15,"Metals",1574,"Copper articles",157406,"Copper Powder",2021,4621769
15,"Metals",1574,"Copper articles",157407,"Copper Bars",2021,106630443
15,"Metals",1574,"Copper articles",157408,"Copper Wire",2021,2600530995
15,"Metals",1574,"Copper articles",157409,"Copper Plating",2021,6193104
15,"Metals",1574,"Copper articles",157410,"Copper Foil",2021,710219
15,"Metals",1574,"Copper articles",157411,"Copper Pipes",2021,29102993
15,"Metals",1574,"Copper articles",157412,"Copper Pipe Fittings",2021,8235547
15,"Metals",1574,"Copper articles",157413,"Stranded Copper Wire",2021,10096394
15,"Metals",1574,"Copper articles",157415,"Copper Fasteners",2021,2697148
15,"Metals",1574,"Copper articles",157418,"Copper Housewares",2021,4002195
15,"Metals",1574,"Copper articles",157419,"Other Copper Products",2021,7023088
15,"Metals",1575,"Nickel articles",157501,"Nickel Mattes",2021,685848.0000000001
15,"Metals",1575,"Nickel articles",157502,"Raw Nickel",2021,533876286
15,"Metals",1575,"Nickel articles",157503,"Scrap Nickel",2021,19462951
15,"Metals",1575,"Nickel articles",157504,"Nickel Powder",2021,616828
15,"Metals",1575,"Nickel articles",157505,"Nickel Bars",2021,3484913
15,"Metals",1575,"Nickel articles",157506,"Nickel Sheets",2021,17553710
15,"Metals",1575,"Nickel articles",157507,"Nickel Pipes",2021,10179555
15,"Metals",1575,"Nickel articles",157508,"Other Nickel Products",2021,10029420
15,"Metals",1576,"Aluminum articles",157601,"Raw Aluminium",2021,6628595993
15,"Metals",1576,"Aluminum articles",157602,"Scrap Aluminium",2021,544112410
15,"Metals",1576,"Aluminum articles",157603,"Aluminium Powder",2021,3366586.0000000005
15,"Metals",1576,"Aluminum articles",157604,"Aluminium Bars",2021,303938082
15,"Metals",1576,"Aluminum articles",157605,"Aluminium Wire",2021,124028707
15,"Metals",1576,"Aluminum articles",157606,"Aluminium Plating",2021,249136276
15,"Metals",1576,"Aluminum articles",157607,"Aluminium Foil",2021,107503102
15,"Metals",1576,"Aluminum articles",157608,"Aluminium Pipes",2021,14184101
15,"Metals",1576,"Aluminum articles",157609,"Aluminium Pipe Fittings",2021,2155491
15,"Metals",1576,"Aluminum articles",157610,"Aluminium Structures",2021,116786418
15,"Metals",1576,"Aluminum articles",157611,"Large Aluminium Containers",2021,551353
15,"Metals",1576,"Aluminum articles",157612,"Aluminium Cans",2021,185343938
15,"Metals",1576,"Aluminum articles",157613,"Aluminium Gas Containers",2021,2921995
15,"Metals",1576,"Aluminum articles",157614,"Stranded Aluminium Wire",2021,11712311
15,"Metals",1576,"Aluminum articles",157615,"Aluminium Housewares",2021,47852263
15,"Metals",1576,"Aluminum articles",157616,"Other Aluminium Products",2021,40944368
15,"Metals",1578,"Lead articles",157801,"Raw Lead",2021,140840881
15,"Metals",1578,"Lead articles",157802,"Scrap Lead",2021,20488229
15,"Metals",1578,"Lead articles",157804,"Lead Sheets",2021,2612739
15,"Metals",1578,"Lead articles",157806,"Other Lead Products",2021,2495855
15,"Metals",1579,"Zinc articles",157901,"Raw Zinc",2021,205585497
15,"Metals",1579,"Zinc articles",157902,"Scrap Waste",2021,18394954
15,"Metals",1579,"Zinc articles",157903,"Zinc Powder",2021,4331225
15,"Metals",1579,"Zinc articles",157904,"Zinc Bars",2021,942922
15,"Metals",1579,"Zinc articles",157905,"Zinc Sheets",2021,193041
15,"Metals",1579,"Zinc articles",157907,"Other Zinc Products",2021,59824224
15,"Metals",1580,"Tin articles",158001,"Raw Tin",2021,43205798
15,"Metals",1580,"Tin articles",158002,"Scrap Tin",2021,2328466
15,"Metals",1580,"Tin articles",158003,"Tin Bars",2021,788525
15,"Metals",1580,"Tin articles",158007,"Other Tin Products",2021,14106781
15,"Metals",1581,"Cermet articles",158101,"Tungsten",2021,732037
15,"Metals",1581,"Cermet articles",158102,"Molybdenum",2021,2423059
15,"Metals",1581,"Cermet articles",158103,"Tantalum",2021,563122
15,"Metals",1581,"Cermet articles",158104,"Magnesium",2021,2126134
15,"Metals",1581,"Cermet articles",158105,"Cobalt",2021,8436679
15,"Metals",1581,"Cermet articles",158106,"Bismuth",2021,40317
15,"Metals",1581,"Cermet articles",158107,"Cadmium",2021,1194585
15,"Metals",1581,"Cermet articles",158108,"Titanium",2021,2489519
15,"Metals",1581,"Cermet articles",158109,"Zirconium",2021,72329
15,"Metals",1581,"Cermet articles",158110,"Antimony",2021,1409106
15,"Metals",1581,"Cermet articles",158111,"Manganese",2021,381609
15,"Metals",1581,"Cermet articles",158112,"Other Metals",2021,1811848
15,"Metals",1581,"Cermet articles",158113,"Cermets",2021,663826
15,"Metals",1582,"Tools & cutlery",158201,"Garden Tools",2021,8026826
15,"Metals",1582,"Tools & cutlery",158202,"Hand Saws",2021,19227037
15,"Metals",1582,"Tools & cutlery",158203,"Hand Tools",2021,8908736
15,"Metals",1582,"Tools & cutlery",158204,"Wrenches",2021,12452617
15,"Metals",1582,"Tools & cutlery",158205,"Other Hand Tools",2021,46287960
15,"Metals",1582,"Tools & cutlery",158206,"Tool Sets",2021,5909984
15,"Metals",1582,"Tools & cutlery",158207,"Interchangeable Tool Parts",2021,84801453
15,"Metals",1582,"Tools & cutlery",158208,"Cutting Blades",2021,5393798
15,"Metals",1582,"Tools & cutlery",158209,"Tool Plates",2021,1895627
15,"Metals",1582,"Tools & cutlery",158210,"Cooking Hand Tools",2021,1120032
15,"Metals",1582,"Tools & cutlery",158211,"Knives",2021,8363208
15,"Metals",1582,"Tools & cutlery",158212,"Razor Blades",2021,76849648
15,"Metals",1582,"Tools & cutlery",158213,"Scissors",2021,2031862
15,"Metals",1582,"Tools & cutlery",158214,"Other Cutlery",2021,4286804
15,"Metals",1582,"Tools & cutlery",158215,"Cutlery Sets",2021,11747512
15,"Metals",1583,"Miscellaneous metal products",158301,"Padlocks",2021,24119474
15,"Metals",1583,"Miscellaneous metal products",158302,"Metal Mountings",2021,82020494
15,"Metals",1583,"Miscellaneous metal products",158303,"Safes",2021,3825616
15,"Metals",1583,"Miscellaneous metal products",158304,"Filing Cabinets",2021,4786393
15,"Metals",1583,"Miscellaneous metal products",158305,"Metal Office Supplies",2021,2391892
15,"Metals",1583,"Miscellaneous metal products",158306,"Bells and Other Metal Ornaments",2021,6061586
15,"Metals",1583,"Miscellaneous metal products",158307,"Flexible Metal Tubing",2021,10287064
15,"Metals",1583,"Miscellaneous metal products",158308,"Other Metal Fasteners",2021,3778758
15,"Metals",1583,"Miscellaneous metal products",158309,"Metal Stoppers",2021,205591777
15,"Metals",1583,"Miscellaneous metal products",158310,"Metal Signs",2021,15760227
15,"Metals",1583,"Miscellaneous metal products",158311,"Coated Metal Soldering Products",2021,28952355
16,"Machines",1684,"Machinery, mechanical appliances, & parts",168401,"Nuclear Reactors",2021,113190
16,"Machines",1684,"Machinery, mechanical appliances, & parts",168402,"Steam Boilers",2021,14378753
16,"Machines",1684,"Machinery, mechanical appliances, & parts",168403,"Central Heating Boilers",2021,1989194
16,"Machines",1684,"Machinery, mechanical appliances, & parts",168404,"Boiler Plants",2021,4458153
16,"Machines",1684,"Machinery, mechanical appliances, & parts",168405,"Water and Gas Generators",2021,14470061
16,"Machines",1684,"Machinery, mechanical appliances, & parts",168406,"Steam Turbines",2021,10361033
16,"Machines",1684,"Machinery, mechanical appliances, & parts",168407,"Spark-Ignition Engines",2021,210733826
16,"Machines",1684,"Machinery, mechanical appliances, & parts",168408,"Combustion Engines",2021,101125707
16,"Machines",1684,"Machinery, mechanical appliances, & parts",168409,"Engine Parts",2021,249506810
16,"Machines",1684,"Machinery, mechanical appliances, & parts",168410,"Hydraulic Turbines",2021,2725205
16,"Machines",1684,"Machinery, mechanical appliances, & parts",168411,"Gas Turbines",2021,1106655405
16,"Machines",1684,"Machinery, mechanical appliances, & parts",168412,"Other Engines",2021,147941908
16,"Machines",1684,"Machinery, mechanical appliances, & parts",168413,"Liquid Pumps",2021,468294987
16,"Machines",1684,"Machinery, mechanical appliances, & parts",168414,"Air Pumps",2021,403738930
16,"Machines",1684,"Machinery, mechanical appliances, & parts",168415,"Air Conditioners",2021,579623481
16,"Machines",1684,"Machinery, mechanical appliances, & parts",168416,"Liquid Fuel Furnaces",2021,4682088
16,"Machines",1684,"Machinery, mechanical appliances, & parts",168417,"Industrial Furnaces",2021,23032938
16,"Machines",1684,"Machinery, mechanical appliances, & parts",168418,"Refrigerators",2021,333560037
16,"Machines",1684,"Machinery, mechanical appliances, & parts",168419,"Other Heating Machinery",2021,383583182
16,"Machines",1684,"Machinery, mechanical appliances, & parts",168420,"Rolling Machines",2021,3188152
16,"Machines",1684,"Machinery, mechanical appliances, & parts",168421,"Centrifuges",2021,754415424
16,"Machines",1684,"Machinery, mechanical appliances, & parts",168422,"Washing and Bottling Machines",2021,207145072
16,"Machines",1684,"Machinery, mechanical appliances, & parts",168423,"Scales",2021,19310187
16,"Machines",1684,"Machinery, mechanical appliances, & parts",168424,"Liquid Dispersing Machines",2021,146584703
16,"Machines",1684,"Machinery, mechanical appliances, & parts",168425,"Pulley Systems",2021,33538176
16,"Machines",1684,"Machinery, mechanical appliances, & parts",168426,"Cranes",2021,172821198
16,"Machines",1684,"Machinery, mechanical appliances, & parts",168427,"Fork-Lifts",2021,52223709
16,"Machines",1684,"Machinery, mechanical appliances, & parts",168428,"Lifting Machinery",2021,56302836
16,"Machines",1684,"Machinery, mechanical appliances, & parts",168429,"Large Construction Vehicles",2021,305418553
16,"Machines",1684,"Machinery, mechanical appliances, & parts",168430,"Other Construction Vehicles",2021,201825640
16,"Machines",1684,"Machinery, mechanical appliances, & parts",168431,"Excavation Machinery",2021,527633836
16,"Machines",1684,"Machinery, mechanical appliances, & parts",168432,"Soil Preparation Machinery",2021,6752421
16,"Machines",1684,"Machinery, mechanical appliances, & parts",168433,"Harvesting Machinery",2021,13806309
16,"Machines",1684,"Machinery, mechanical appliances, & parts",168434,"Dairy Machinery",2021,41674589
16,"Machines",1684,"Machinery, mechanical appliances, & parts",168435,"Fruit Pressing Machinery",2021,11778259
16,"Machines",1684,"Machinery, mechanical appliances, & parts",168436,"Other Agricultural Machinery",2021,6118283
16,"Machines",1684,"Machinery, mechanical appliances, & parts",168437,"Mill Machinery",2021,12850088
16,"Machines",1684,"Machinery, mechanical appliances, & parts",168438,"Industrial Food Preperation Machinery",2021,34898907
16,"Machines",1684,"Machinery, mechanical appliances, & parts",168439,"Papermaking Machines",2021,34905962
16,"Machines",1684,"Machinery, mechanical appliances, & parts",168440,"Book-binding Machines",2021,1196339
16,"Machines",1684,"Machinery, mechanical appliances, & parts",168441,"Other Paper Machinery",2021,22970175
16,"Machines",1684,"Machinery, mechanical appliances, & parts",168442,"Print Production Machinery",2021,8435945
16,"Machines",1684,"Machinery, mechanical appliances, & parts",168443,"Industrial Printers",2021,134437395
16,"Machines",1684,"Machinery, mechanical appliances, & parts",168444,"Artificial Textile Machinery",2021,2424852
16,"Machines",1684,"Machinery, mechanical appliances, & parts",168445,"Textile Fiber Machinery",2021,29395135
16,"Machines",1684,"Machinery, mechanical appliances, & parts",168446,"Looms",2021,33928100
16,"Machines",1684,"Machinery, mechanical appliances, & parts",168447,"Knitting Machines",2021,6487879
16,"Machines",1684,"Machinery, mechanical appliances, & parts",168448,"Knitting Machine Accessories",2021,7670893
16,"Machines",1684,"Machinery, mechanical appliances, & parts",168449,"Felt Machinery",2021,2204500
16,"Machines",1684,"Machinery, mechanical appliances, & parts",168450,"Household Washing Machines",2021,148002426
16,"Machines",1684,"Machinery, mechanical appliances, & parts",168451,"Textile Processing Machines",2021,13516341
16,"Machines",1684,"Machinery, mechanical appliances, & parts",168452,"Sewing Machines",2021,19322289
16,"Machines",1684,"Machinery, mechanical appliances, & parts",168453,"Leather Machinery",2021,655564
16,"Machines",1684,"Machinery, mechanical appliances, & parts",168454,"Casting Machines",2021,13709259
16,"Machines",1684,"Machinery, mechanical appliances, & parts",168455,"Metal-Rolling Mills",2021,49030405
16,"Machines",1684,"Machinery, mechanical appliances, & parts",168456,"Non-Mechanical Removal Machinery",2021,13833504
16,"Machines",1684,"Machinery, mechanical appliances, & parts",168457,"Metalworking Transfer Machines",2021,8769622
16,"Machines",1684,"Machinery, mechanical appliances, & parts",168458,"Metal Lathes",2021,8287394
16,"Machines",1684,"Machinery, mechanical appliances, & parts",168459,"Drilling Machines",2021,8051548
16,"Machines",1684,"Machinery, mechanical appliances, & parts",168460,"Metal Finishing Machines",2021,4895187
16,"Machines",1684,"Machinery, mechanical appliances, & parts",168461,"Metalworking Machines",2021,4318718
16,"Machines",1684,"Machinery, mechanical appliances, & parts",168462,"Forging Machines",2021,12657947
16,"Machines",1684,"Machinery, mechanical appliances, & parts",168463,"Other Non-Metal Removal Machinery",2021,3936017
16,"Machines",1684,"Machinery, mechanical appliances, & parts",168464,"Stone Working Machines",2021,4208233
16,"Machines",1684,"Machinery, mechanical appliances, & parts",168465,"Woodworking machines",2021,16130333
16,"Machines",1684,"Machinery, mechanical appliances, & parts",168466,"Metalworking Machine Parts",2021,15602554
16,"Machines",1684,"Machinery, mechanical appliances, & parts",168467,"Motor-working Tools",2021,34328915
16,"Machines",1684,"Machinery, mechanical appliances, & parts",168468,"Soldering and Welding Machinery",2021,7023813
16,"Machines",1684,"Machinery, mechanical appliances, & parts",168469,"Typewriters",2021,1325
16,"Machines",1684,"Machinery, mechanical appliances, & parts",168470,"Calculators",2021,25603893
16,"Machines",1684,"Machinery, mechanical appliances, & parts",168471,"Computers",2021,1903479325
16,"Machines",1684,"Machinery, mechanical appliances, & parts",168472,"Other Office Machines",2021,26717572
16,"Machines",1684,"Machinery, mechanical appliances, & parts",168473,"Office Machine Parts",2021,814039832
16,"Machines",1684,"Machinery, mechanical appliances, & parts",168474,"Stone Processing Machines",2021,96162766
16,"Machines",1684,"Machinery, mechanical appliances, & parts",168475,"Glass Working Machines",2021,55114165
16,"Machines",1684,"Machinery, mechanical appliances, & parts",168476,"Vending Machines",2021,3281228
16,"Machines",1684,"Machinery, mechanical appliances, & parts",168477,"Rubberworking Machinery",2021,59894040
16,"Machines",1684,"Machinery, mechanical appliances, & parts",168478,"Tobacco Processing Machines",2021,18116626
16,"Machines",1684,"Machinery, mechanical appliances, & parts",168479,"Machinery Having Individual Functions",2021,340366422
16,"Machines",1684,"Machinery, mechanical appliances, & parts",168480,"Metal Molds",2021,42636983
16,"Machines",1684,"Machinery, mechanical appliances, & parts",168481,"Valves",2021,464448800
16,"Machines",1684,"Machinery, mechanical appliances, & parts",168482,"Ball Bearings",2021,146261312
16,"Machines",1684,"Machinery, mechanical appliances, & parts",168483,"Transmissions",2021,122985343
16,"Machines",1684,"Machinery, mechanical appliances, & parts",168484,"Gaskets",2021,40870757
16,"Machines",1684,"Machinery, mechanical appliances, & parts",168485,"Boat Propellers",2021,94838873
16,"Machines",1685,"Electrical machinery and electronics",168501,"Electric Motors",2021,125693286
16,"Machines",1685,"Electrical machinery and electronics",168502,"Electric Generating Sets",2021,380908324
16,"Machines",1685,"Electrical machinery and electronics",168503,"Electric Motor Parts",2021,35998181
16,"Machines",1685,"Electrical machinery and electronics",168504,"Electrical Transformers",2021,333412715
16,"Machines",1685,"Electrical machinery and electronics",168505,"Electromagnets",2021,11699435
16,"Machines",1685,"Electrical machinery and electronics",168506,"Batteries",2021,34290778
16,"Machines",1685,"Electrical machinery and electronics",168507,"Electric Batteries",2021,345709223
16,"Machines",1685,"Electrical machinery and electronics",168508,"Vacuum Cleaners",2021,56633886
16,"Machines",1685,"Electrical machinery and electronics",168509,"Other Domestic Electric Housewares",2021,136593334
16,"Machines",1685,"Electrical machinery and electronics",168510,"Hair Trimmers",2021,38734403
16,"Machines",1685,"Electrical machinery and electronics",168511,"Electrical Ignitions",2021,116358285
16,"Machines",1685,"Electrical machinery and electronics",168512,"Electrical Lighting and Signalling Equipment",2021,50286852
16,"Machines",1685,"Electrical machinery and electronics",168513,"Portable Lighting",2021,9680298
16,"Machines",1685,"Electrical machinery and electronics",168514,"Electric Furnaces",2021,24529051
16,"Machines",1685,"Electrical machinery and electronics",168515,"Electric Soldering Equipment",2021,26899661
16,"Machines",1685,"Electrical machinery and electronics",168516,"Electric Heaters",2021,240383764
16,"Machines",1685,"Electrical machinery and electronics",168517,"Telephones",2021,326020481
16,"Machines",1685,"Electrical machinery and electronics",168518,"Microphones and Headphones",2021,578591377
16,"Machines",1685,"Electrical machinery and electronics",168519,"Sound Recording Equipment",2021,3246645
16,"Machines",1685,"Electrical machinery and electronics",168520,"Dictation Machines",2021,12184533
16,"Machines",1685,"Electrical machinery and electronics",168521,"Video Recording Equipment",2021,333154952
16,"Machines",1685,"Electrical machinery and electronics",168522,"Audio and Video Recording Accessories",2021,1870438
16,"Machines",1685,"Electrical machinery and electronics",168523,"Blank Audio Media",2021,178863160
16,"Machines",1685,"Electrical machinery and electronics",168524,"Sound Recordings",2021,11483815
16,"Machines",1685,"Electrical machinery and electronics",168525,"Broadcasting Equipment",2021,10995920604
16,"Machines",1685,"Electrical machinery and electronics",168526,"Navigation Equipment",2021,43915906
16,"Machines",1685,"Electrical machinery and electronics",168527,"Radio Receivers",2021,36912723
16,"Machines",1685,"Electrical machinery and electronics",168528,"Video Displays",2021,375470807
16,"Machines",1685,"Electrical machinery and electronics",168529,"Broadcasting Accessories",2021,105666663
16,"Machines",1685,"Electrical machinery and electronics",168530,"Traffic Signals",2021,9440927
16,"Machines",1685,"Electrical machinery and electronics",168531,"Audio Alarms",2021,138633660
16,"Machines",1685,"Electrical machinery and electronics",168532,"Electrical Capacitors",2021,13616889
16,"Machines",1685,"Electrical machinery and electronics",168533,"Electrical Resistors",2021,7886458
16,"Machines",1685,"Electrical machinery and electronics",168534,"Printed Circuit Boards",2021,10231618
16,"Machines",1685,"Electrical machinery and electronics",168535,"High-voltage Protection Equipment",2021,257610678
16,"Machines",1685,"Electrical machinery and electronics",168536,"Low-voltage Protection Equipment",2021,301172450
16,"Machines",1685,"Electrical machinery and electronics",168537,"Electrical Control Boards",2021,177491270
16,"Machines",1685,"Electrical machinery and electronics",168538,"Electrical Power Accessories",2021,108715301
16,"Machines",1685,"Electrical machinery and electronics",168539,"Electric Filament",2021,29241146
16,"Machines",1685,"Electrical machinery and electronics",168540,"Cathode Tubes",2021,4528454
16,"Machines",1685,"Electrical machinery and electronics",168541,"Semiconductor Devices",2021,95712538
16,"Machines",1685,"Electrical machinery and electronics",168542,"Integrated Circuits",2021,284506536
16,"Machines",1685,"Electrical machinery and electronics",168543,"Other Electrical Machinery",2021,114149495
16,"Machines",1685,"Electrical machinery and electronics",168544,"Insulated Wire",2021,719369286
16,"Machines",1685,"Electrical machinery and electronics",168545,"Carbon-based Electronics",2021,65073089
16,"Machines",1685,"Electrical machinery and electronics",168546,"Electrical Insulators",2021,9206549
16,"Machines",1685,"Electrical machinery and electronics",168547,"Metal Insulating Fittings",2021,60402211
16,"Machines",1685,"Electrical machinery and electronics",168548,"Electrical Parts",2021,4297339
17,"Transportation",1786,"Railway and trams",178601,"Electric Locomotives",2021,169835
17,"Transportation",1786,"Railway and trams",178602,"Other Locomotives",2021,35692
17,"Transportation",1786,"Railway and trams",178603,"Self-Propelled Rail Transport",2021,31621
17,"Transportation",1786,"Railway and trams",178604,"Railway Maintenance Vehicles",2021,1564149
17,"Transportation",1786,"Railway and trams",178605,"Railway Passenger Cars",2021,5358
17,"Transportation",1786,"Railway and trams",178606,"Railway Freight Cars",2021,501587
17,"Transportation",1786,"Railway and trams",178607,"Locomotive Parts",2021,33621257
17,"Transportation",1786,"Railway and trams",178608,"Railway Track Fixtures",2021,4327978
17,"Transportation",1786,"Railway and trams",178609,"Railway Cargo Containers",2021,36137000
17,"Transportation",1787,"Cars, tractors, trucks & parts thereof.",178701,"Tractors",2021,142091809
17,"Transportation",1787,"Cars, tractors, trucks & parts thereof.",178702,"Buses",2021,237810389
17,"Transportation",1787,"Cars, tractors, trucks & parts thereof.",178703,"Cars",2021,4554430167
17,"Transportation",1787,"Cars, tractors, trucks & parts thereof.",178704,"Delivery Trucks",2021,902947728
17,"Transportation",1787,"Cars, tractors, trucks & parts thereof.",178705,"Special purpose motor vehicles",2021,111978817
17,"Transportation",1787,"Cars, tractors, trucks & parts thereof.",178706,"Motor vehicle (8701 to 8705) chassis fitted with engine",2021,2143130
17,"Transportation",1787,"Cars, tractors, trucks & parts thereof.",178707,"Vehicle Bodies (including cabs) for the motor vehicles (8701 to 8705)",2021,22278759
17,"Transportation",1787,"Cars, tractors, trucks & parts thereof.",178708,"Motor vehicles; parts and accessories (8701 to 8705)",2021,1273177103
17,"Transportation",1787,"Cars, tractors, trucks & parts thereof.",178709,"Work Trucks",2021,18071960
17,"Transportation",1787,"Cars, tractors, trucks & parts thereof.",178710,"Tanks and Armored vehicles",2021,6288873
17,"Transportation",1787,"Cars, tractors, trucks & parts thereof.",178711,"Motorcycles and cycles",2021,27467994
17,"Transportation",1787,"Cars, tractors, trucks & parts thereof.",178712,"Bicycles, delivery tricycles, other cycles",2021,10972268
17,"Transportation",1787,"Cars, tractors, trucks & parts thereof.",178713,"Wheelchairs",2021,1945585
17,"Transportation",1787,"Cars, tractors, trucks & parts thereof.",178714,"Bi-Wheel Vehicle Parts",2021,40212371
17,"Transportation",1787,"Cars, tractors, trucks & parts thereof.",178715,"Baby Carriages",2021,4741219
17,"Transportation",1787,"Cars, tractors, trucks & parts thereof.",178716,"Trailers and semi-trailers, not mechanically propelled vehicles",2021,161722431
17,"Transportation",1788,"Aircraft and Spacecraft",178801,"Non-powered Aircraft",2021,259283
17,"Transportation",1788,"Aircraft and Spacecraft",178802,"Planes, Helicopters, and/or Spacecraft",2021,263177201
17,"Transportation",1788,"Aircraft and Spacecraft",178803,"Aircraft parts (gliders, balloons, and powered aircraft)",2021,441703355
17,"Transportation",1788,"Aircraft and Spacecraft",178804,"Parachutes",2021,893618
17,"Transportation",1788,"Aircraft and Spacecraft",178805,"Aircraft Launch Gear",2021,7349294
17,"Transportation",1789,"Ships, boats, & floating structures",178901,"Passenger and Cargo Ships",2021,247358404
17,"Transportation",1789,"Ships, boats, & floating structures",178902,"Fishing Ships",2021,3076598
17,"Transportation",1789,"Ships, boats, & floating structures",178903,"Recreational Boats",2021,95735798
17,"Transportation",1789,"Ships, boats, & floating structures",178904,"Tug Boats",2021,124782959
17,"Transportation",1789,"Ships, boats, & floating structures",178905,"Special Purpose Ships",2021,765817757
17,"Transportation",1789,"Ships, boats, & floating structures",178906,"Other Sea Vessels",2021,142220267
17,"Transportation",1789,"Ships, boats, & floating structures",178907,"Other Floating Structures",2021,31133167
17,"Transportation",1789,"Ships, boats, & floating structures",178908,"Scrap Vessels",2021,210582821
18,"Instruments",1890,"Optical, photo, & film equipment; medical instruments",189001,"Optical Fibers and optical fibre bundles",2021,30811628
18,"Instruments",1890,"Optical, photo, & film equipment; medical instruments",189002,"Mirrors and Lenses",2021,81543704
18,"Instruments",1890,"Optical, photo, & film equipment; medical instruments",189003,"Eyewear Frames",2021,16212835
18,"Instruments",1890,"Optical, photo, & film equipment; medical instruments",189004,"Eyewear",2021,24901004
18,"Instruments",1890,"Optical, photo, & film equipment; medical instruments",189005,"Binoculars and Telescopes",2021,1293114
18,"Instruments",1890,"Optical, photo, & film equipment; medical instruments",189006,"Cameras",2021,26079260
18,"Instruments",1890,"Optical, photo, & film equipment; medical instruments",189007,"Video Cameras",2021,8890605
18,"Instruments",1890,"Optical, photo, & film equipment; medical instruments",189008,"Image Projectors",2021,815584
18,"Instruments",1890,"Optical, photo, & film equipment; medical instruments",189009,"Photocopiers",2021,76626709
18,"Instruments",1890,"Optical, photo, & film equipment; medical instruments",189010,"Photo Lab Equipment",2021,3953469
18,"Instruments",1890,"Optical, photo, & film equipment; medical instruments",189011,"Microscopes",2021,3167166
18,"Instruments",1890,"Optical, photo, & film equipment; medical instruments",189012,"Non-optical Microscopes",2021,575677
18,"Instruments",1890,"Optical, photo, & film equipment; medical instruments",189013,"LCDs",2021,9634532
18,"Instruments",1890,"Optical, photo, & film equipment; medical instruments",189014,"Compasses",2021,39532104
18,"Instruments",1890,"Optical, photo, & film equipment; medical instruments",189015,"Surveying Equipment",2021,170885165
18,"Instruments",1890,"Optical, photo, & film equipment; medical instruments",189016,"Balances",2021,2086208
18,"Instruments",1890,"Optical, photo, & film equipment; medical instruments",189017,"Drafting Tools",2021,5417043
18,"Instruments",1890,"Optical, photo, & film equipment; medical instruments",189018,"Medical Instruments",2021,319547460
18,"Instruments",1890,"Optical, photo, & film equipment; medical instruments",189019,"Therapeutic Appliances",2021,28057736
18,"Instruments",1890,"Optical, photo, & film equipment; medical instruments",189020,"Breathing Appliances",2021,8669953
18,"Instruments",1890,"Optical, photo, & film equipment; medical instruments",189021,"Orthopedic Appliances",2021,134640448
18,"Instruments",1890,"Optical, photo, & film equipment; medical instruments",189022,"X-Ray Equipment",2021,100459854
18,"Instruments",1890,"Optical, photo, & film equipment; medical instruments",189023,"Instructional Models",2021,24437005
18,"Instruments",1890,"Optical, photo, & film equipment; medical instruments",189024,"Tensile Testing Machines",2021,5120254
18,"Instruments",1890,"Optical, photo, & film equipment; medical instruments",189025,"Hydrometers",2021,16427185
18,"Instruments",1890,"Optical, photo, & film equipment; medical instruments",189026,"Gas and Liquid Flow Measuring Instruments",2021,130157845
18,"Instruments",1890,"Optical, photo, & film equipment; medical instruments",189027,"Chemical Analysis Instruments",2021,92514238
18,"Instruments",1890,"Optical, photo, & film equipment; medical instruments",189028,"Utility Meters",2021,13159811
18,"Instruments",1890,"Optical, photo, & film equipment; medical instruments",189029,"Revolution Counters",2021,4387934
18,"Instruments",1890,"Optical, photo, & film equipment; medical instruments",189030,"Oscilloscopes",2021,58234999
18,"Instruments",1890,"Optical, photo, & film equipment; medical instruments",189031,"Other Measuring Instruments",2021,62728809
18,"Instruments",1890,"Optical, photo, & film equipment; medical instruments",189032,"Thermostats",2021,152912961
18,"Instruments",1890,"Optical, photo, & film equipment; medical instruments",189033,"Opto-Electric Instrument Parts",2021,11938968
18,"Instruments",1891,"Clocks, watches, & parts",189101,"Precious Metal Watches",2021,436852204
18,"Instruments",1891,"Clocks, watches, & parts",189102,"Base Metal Watches",2021,207640802
18,"Instruments",1891,"Clocks, watches, & parts",189103,"Clocks with Watch Movements",2021,2071071
18,"Instruments",1891,"Clocks, watches, & parts",189104,"Dashboard Clocks",2021,455760
18,"Instruments",1891,"Clocks, watches, & parts",189105,"Other Clocks",2021,10064811
18,"Instruments",1891,"Clocks, watches, & parts",189106,"Time Recording Instruments",2021,3462530
18,"Instruments",1891,"Clocks, watches, & parts",189107,"Time Switches",2021,962507
18,"Instruments",1891,"Clocks, watches, & parts",189108,"Watch Movements",2021,1407477
18,"Instruments",1891,"Clocks, watches, & parts",189109,"Clock Movements",2021,889023
18,"Instruments",1891,"Clocks, watches, & parts",189110,"Incomplete Movement Sets",2021,317786
18,"Instruments",1891,"Clocks, watches, & parts",189111,"Watch Cases and Parts",2021,1006797
18,"Instruments",1891,"Clocks, watches, & parts",189112,"Clock Cases and Parts",2021,131573
18,"Instruments",1891,"Clocks, watches, & parts",189113,"Watch Straps",2021,5300848
18,"Instruments",1891,"Clocks, watches, & parts",189114,"Other Clocks and Watches",2021,3863513
18,"Instruments",1892,"Musical instruments",189201,"Pianos",2021,19039545
18,"Instruments",1892,"Musical instruments",189202,"String Instruments",2021,5630496
18,"Instruments",1892,"Musical instruments",189205,"Wind Instruments",2021,1240433
18,"Instruments",1892,"Musical instruments",189206,"Percussion",2021,1097608
18,"Instruments",1892,"Musical instruments",189207,"Electric Musical Instruments",2021,22961401
18,"Instruments",1892,"Musical instruments",189208,"Other Musical Instruments",2021,688015
18,"Instruments",1892,"Musical instruments",189209,"Musical Instrument Parts",2021,6641530
19,"Weapons",1993,"Weapons",199301,"Military Weapons",2021,142631
19,"Weapons",1993,"Weapons",199302,"Handguns",2021,193926
19,"Weapons",1993,"Weapons",199303,"Other Firearms",2021,1384268
19,"Weapons",1993,"Weapons",199304,"Spring, Air, and Gas Guns",2021,268140
19,"Weapons",1993,"Weapons",199305,"Weapons Parts and Accessories",2021,1677695
19,"Weapons",1993,"Weapons",199306,"Explosive Ammunition",2021,2463725
19,"Weapons",1993,"Weapons",199307,"Bladed Weapons and Accessories",2021,30921
20,"Miscellaneous",2094,"Furniture, bedding, lamps, & prefab buildings",209401,"Seats",2021,78620284
20,"Miscellaneous",2094,"Furniture, bedding, lamps, & prefab buildings",209402,"Medical Furniture",2021,59609039
20,"Miscellaneous",2094,"Furniture, bedding, lamps, & prefab buildings",209403,"Other Furniture",2021,298014988
20,"Miscellaneous",2094,"Furniture, bedding, lamps, & prefab buildings",209404,"Mattresses",2021,90120759
20,"Miscellaneous",2094,"Furniture, bedding, lamps, & prefab buildings",209405,"Light Fixtures",2021,130206535
20,"Miscellaneous",2094,"Furniture, bedding, lamps, & prefab buildings",209406,"Prefabricated Buildings",2021,182123168
20,"Miscellaneous",2095,"Toys, games, & sports",209503,"Other toys",2021,51843726
20,"Miscellaneous",2095,"Toys, games, & sports",209504,"Video and Card Games",2021,109762267
20,"Miscellaneous",2095,"Toys, games, & sports",209505,"Party Decorations",2021,3973448
20,"Miscellaneous",2095,"Toys, games, & sports",209506,"Sports Equipment",2021,70463041
20,"Miscellaneous",2095,"Toys, games, & sports",209507,"Fishing and Hunting Equipment",2021,2024589
20,"Miscellaneous",2095,"Toys, games, & sports",209508,"Fairground Amusements",2021,8253635
20,"Miscellaneous",2096,"Misc. manufactures",209601,"Worked Ivory and Bone",2021,123883
20,"Miscellaneous",2096,"Misc. manufactures",209602,"Vegetable and Mineral Carvings",2021,1540865
20,"Miscellaneous",2096,"Misc. manufactures",209603,"Brooms",2021,59412884
20,"Miscellaneous",2096,"Misc. manufactures",209604,"Hand Sifters",2021,142582
20,"Miscellaneous",2096,"Misc. manufactures",209605,"Travel Kits",2021,612330
20,"Miscellaneous",2096,"Misc. manufactures",209606,"Buttons",2021,705645
20,"Miscellaneous",2096,"Misc. manufactures",209607,"Zippers",2021,2804880
20,"Miscellaneous",2096,"Misc. manufactures",209608,"Pens",2021,23385276
20,"Miscellaneous",2096,"Misc. manufactures",209609,"Pencils and Crayons",2021,6751298
20,"Miscellaneous",2096,"Misc. manufactures",209610,"Chalkboards",2021,932443
20,"Miscellaneous",2096,"Misc. manufactures",209611,"Rubber Stamps",2021,893346
20,"Miscellaneous",2096,"Misc. manufactures",209612,"Ink Ribbons",2021,17969719
20,"Miscellaneous",2096,"Misc. manufactures",209613,"Lighters",2021,12740727
20,"Miscellaneous",2096,"Misc. manufactures",209614,"Smoking Pipes",2021,2778593
20,"Miscellaneous",2096,"Misc. manufactures",209615,"Combs",2021,5277955
20,"Miscellaneous",2096,"Misc. manufactures",209616,"Scent Sprays",2021,12252991
20,"Miscellaneous",2096,"Misc. manufactures",209617,"Vacuum Flask",2021,9805000
20,"Miscellaneous",2096,"Misc. manufactures",209618,"Mannequins",2021,950703
21,"Arts and Antiques",2197,"Art & antiques",219701,"Paintings",2021,23877931
21,"Arts and Antiques",2197,"Art & antiques",219702,"Prints",2021,467796
21,"Arts and Antiques",2197,"Art & antiques",219703,"Sculptures",2021,5942373
21,"Arts and Antiques",2197,"Art & antiques",219704,"Revenue Stamps",2021,351188
21,"Arts and Antiques",2197,"Art & antiques",219705,"Collector's Items",2021,6503387
21,"Arts and Antiques",2197,"Art & antiques",219706,"Antiques",2021,13741873