Section ID,Section,HS2 ID,HS2,HS4 ID,HS4,Year,Trade Value
1,"Animal Products",101,"Live animals",10101,"Horses",2021,4821170
1,"Animal Products",101,"Live animals",10102,"Bovine",2021,85239024
1,"Animal Products",101,"Live animals",10103,"Pigs",2021,4463511
1,"Animal Products",101,"Live animals",10104,"Sheep and Goats",2021,3216554
1,"Animal Products",101,"Live animals",10105,"Poultry",2021,41641177
1,"Animal Products",101,"Live animals",10106,"Other Animals",2021,1564557
1,"Animal Products",102,"Meat & edible offal",10201,"Bovine Meat",2021,401855422
1,"Animal Products",102,"Meat & edible offal",10202,"Frozen Bovine Meat",2021,117275604
1,"Animal Products",102,"Meat & edible offal",10203,"Pig Meat",2021,573091867
1,"Animal Products",102,"Meat & edible offal",10204,"Sheep and Goat Meat",2021,2262874
1,"Animal Products",102,"Meat & edible offal",10205,"Horse Meat",2021,1385253
1,"Animal Products",102,"Meat & edible offal",10206,"Edible Offal",2021,67486325
1,"Animal Products",102,"Meat & edible offal",10207,"Poultry Meat",2021,221200008
1,"Animal Products",102,"Meat & edible offal",10208,"Other Meat",2021,22645516
1,"Animal Products",102,"Meat & edible offal",10209,"Animal Fat",2021,15370339
1,"Animal Products",102,"Meat & edible offal",10210,"Preserved Meat",2021,97755511
1,"Animal Products",103,"Fish, Crustaceans & Molluscs",10301,"Live Fish",2021,1763935
1,"Animal Products",103,"Fish, Crustaceans & Molluscs",10302,"Non-fillet Fresh Fish",2021,5384999
1,"Animal Products",103,"Fish, Crustaceans & Molluscs",10303,"Non-fillet Frozen Fish",2021,1760978
1,"Animal Products",103,"Fish, Crustaceans & Molluscs",10304,"Fish Fillets",2021,5737002
1,"Animal Products",103,"Fish, Crustaceans & Molluscs",10305,"Dried/Salted/Smoked/Brined Fish",2021,6036835
1,"Animal Products",103,"Fish, Crustaceans & Molluscs",10306,"Crustaceans",2021,2312840
1,"Animal Products",103,"Fish, Crustaceans & Molluscs",10307,"Molluscs",2021,1086540
1,"Animal Products",104,"Edible products of animal origin, n.e.s.",10401,"Milk",2021,383982712
1,"Animal Products",104,"Edible products of animal origin, n.e.s.",10402,"Concentrated Milk",2021,66612418
1,"Animal Products",104,"Edible products of animal origin, n.e.s.",10403,"Fermented Milk Products",2021,182511921
1,"Animal Products",104,"Edible products of animal origin, n.e.s.",10404,"Whey and other milk products",2021,117006750
1,"Animal Products",104,"Edible products of animal origin, n.e.s.",10405,"Butter",2021,24956123
1,"Animal Products",104,"Edible products of animal origin, n.e.s.",10406,"Cheese",2021,843047613
1,"Animal Products",104,"Edible products of animal origin, n.e.s.",10407,"Eggs",2021,7822823
1,"Animal Products",104,"Edible products of animal origin, n.e.s.",10408,"Processed Egg Products",2021,19677098
1,"Animal Products",104,"Edible products of animal origin, n.e.s.",10409,"Honey",2021,10290118
1,"Animal Products",104,"Edible products of animal origin, n.e.s.",10410,"Other Edible Animal Products",2021,72861
1,"Animal Products",105,"Animal originated products, n.e.s.",10501,"Human Hair",2021,108246
1,"Animal Products",105,"Animal originated products, n.e.s.",10502,"Pig Hair",2021,26296
1,"Animal Products",105,"Animal originated products, n.e.s.",10504,"Animal Organs",2021,44738026
1,"Animal Products",105,"Animal originated products, n.e.s.",10505,"Bird Feathers and Skins",2021,2813000
1,"Animal Products",105,"Animal originated products, n.e.s.",10506,"Processed Bones",2021,10667708
1,"Animal Products",105,"Animal originated products, n.e.s.",10507,"Raw Bones",2021,1725817
1,"Animal Products",105,"Animal originated products, n.e.s.",10508,"Coral and Shells",2021,48804
1,"Animal Products",105,"Animal originated products, n.e.s.",10510,"Pharmaceutical Animal Products",2021,180775
1,"Animal Products",105,"Animal originated products, n.e.s.",10511,"Other Inedible Animal Products",2021,53399241
2,"Vegetable Products",206,"Live trees, plants, bulbs, cut flowers, & ornamental foliage",20601,"Bulbs and Roots",2021,3703304
2,"Vegetable Products",206,"Live trees, plants, bulbs, cut flowers, & ornamental foliage",20602,"Other live plants, cuttings and slips;
mushroom spawn",2021,31184282
2,"Vegetable Products",206,"Live trees, plants, bulbs, cut flowers, & ornamental foliage",20603,"Cut Flowers",2021,8191805
2,"Vegetable Products",206,"Live trees, plants, bulbs, cut flowers, & ornamental foliage",20604,"Plant foliage",2021,2415344
2,"Vegetable Products",207,"Edible vegetables, roots, & tubers",20701,"Potatoes",2021,14241586
2,"Vegetable Products",207,"Edible vegetables, roots, & tubers",20702,"Tomatoes",2021,9633548
2,"Vegetable Products",207,"Edible vegetables, roots, & tubers",20703,"Onions",2021,19817943
2,"Vegetable Products",207,"Edible vegetables, roots, & tubers",20704,"Cabbages",2021,4176272
2,"Vegetable Products",207,"Edible vegetables, roots, & tubers",20705,"Lettuce",2021,6674689
2,"Vegetable Products",207,"Edible vegetables, roots, & tubers",20706,"Root Vegetables",2021,11539830
2,"Vegetable Products",207,"Edible vegetables, roots, & tubers",20707,"Cucumbers",2021,10917789
2,"Vegetable Products",207,"Edible vegetables, roots, & tubers",20708,"Legumes",2021,995668
2,"Vegetable Products",207,"Edible vegetables, roots, & tubers",20709,"Other Vegetables",2021,29879351
2,"Vegetable Products",207,"Edible vegetables, roots, & tubers",20710,"Frozen Vegetables",2021,41249910
2,"Vegetable Products",207,"Edible vegetables, roots, & tubers",20711,"Preserved Vegetables",2021,1135523
2,"Vegetable Products",207,"Edible vegetables, roots, & tubers",20712,"Dried Vegetables",2021,16148352
2,"Vegetable Products",207,"Edible vegetables, roots, & tubers",20713,"Dried Legumes",2021,5579956
2,"Vegetable Products",207,"Edible vegetables, roots, & tubers",20714,"Cassava",2021,488662
2,"Vegetable Products",208,"Edible fruits, nuts & fruit peels",20801,"Coconuts, Brazil Nuts, and Cashews",2021,6162366
2,"Vegetable Products",208,"Edible fruits, nuts & fruit peels",20802,"Other Nuts",2021,39948339
2,"Vegetable Products",208,"Edible fruits, nuts & fruit peels",20803,"Bananas",2021,4012773
2,"Vegetable Products",208,"Edible fruits, nuts & fruit peels",20804,"Tropical Fruits",2021,19906730
2,"Vegetable Products",208,"Edible fruits, nuts & fruit peels",20805,"Citrus",2021,24390921
2,"Vegetable Products",208,"Edible fruits, nuts & fruit peels",20806,"Grapes",2021,11816014
2,"Vegetable Products",208,"Edible fruits, nuts & fruit peels",20807,"Melons",2021,3024844
2,"Vegetable Products",208,"Edible fruits, nuts & fruit peels",20808,"Apples and Pears",2021,52499647
2,"Vegetable Products",208,"Edible fruits, nuts & fruit peels",20809,"Pitted Fruits",2021,20014415
2,"Vegetable Products",208,"Edible fruits, nuts & fruit peels",20810,"Other Fruits",2021,28621235
2,"Vegetable Products",208,"Edible fruits, nuts & fruit peels",20811,"Frozen Fruits and Nuts",2021,40387731
2,"Vegetable Products",208,"Edible fruits, nuts & fruit peels",20812,"Preserved Fruits and Nuts",2021,307361
2,"Vegetable Products",208,"Edible fruits, nuts & fruit peels",20813,"Dried Fruits",2021,22827818
2,"Vegetable Products",208,"Edible fruits, nuts & fruit peels",20814,"Citrus and Melon Peels",2021,170885
2,"Vegetable Products",209,"Coffee, tea, mate & spices",20901,"Coffee",2021,77838008
2,"Vegetable Products",209,"Coffee, tea, mate & spices",20902,"Tea",2021,12612491
2,"Vegetable Products",209,"Coffee, tea, mate & spices",20903,"Mate",2021,65994
2,"Vegetable Products",209,"Coffee, tea, mate & spices",20904,"Pepper",2021,17808475
2,"Vegetable Products",209,"Coffee, tea, mate & spices",20905,"Vanilla",2021,1971477
2,"Vegetable Products",209,"Coffee, tea, mate & spices",20906,"Cinnamon",2021,2538445
2,"Vegetable Products",209,"Coffee, tea, mate & spices",20907,"Cloves",2021,774081
2,"Vegetable Products",209,"Coffee, tea, mate & spices",20908,"Nutmeg, mace and cardamons",2021,2103313
2,"Vegetable Products",209,"Coffee, tea, mate & spices",20909,"Spice Seeds",2021,5434373
2,"Vegetable Products",209,"Coffee, tea, mate & spices",20910,"Spices",2021,41646903
2,"Vegetable Products",210,"Cereals",21001,"Wheat",2021,275133194
2,"Vegetable Products",210,"Cereals",21002,"Rye",2021,7679561
2,"Vegetable Products",210,"Cereals",21003,"Barley",2021,35704953
2,"Vegetable Products",210,"Cereals",21004,"Oats",2021,7196400
2,"Vegetable Products",210,"Cereals",21005,"Corn",2021,302293685
2,"Vegetable Products",210,"Cereals",21006,"Rice",2021,5350157
2,"Vegetable Products",210,"Cereals",21007,"Sorghum",2021,1853223
2,"Vegetable Products",210,"Cereals",21008,"Buckwheat",2021,13269372
2,"Vegetable Products",211,"Products of the milling industry",21101,"Wheat Flours",2021,34072793
2,"Vegetable Products",211,"Products of the milling industry",21102,"Cereal Flours",2021,11586051
2,"Vegetable Products",211,"Products of the milling industry",21103,"Cereal Meal and Pellets",2021,18255724
2,"Vegetable Products",211,"Products of the milling industry",21104,"Processed Cereals",2021,42127578
2,"Vegetable Products",211,"Products of the milling industry",21105,"Potato Flours",2021,5901895
2,"Vegetable Products",211,"Products of the milling industry",21106,"Legume Flours",2021,6124278
2,"Vegetable Products",211,"Products of the milling industry",21107,"Malt",2021,29805462
2,"Vegetable Products",211,"Products of the milling industry",21108,"Starches",2021,149005224
2,"Vegetable Products",211,"Products of the milling industry",21109,"Wheat Gluten",2021,54520112
2,"Vegetable Products",212,"Oils seeds, oleaginous fruits, grains, straw & fodder",21201,"Soybeans",2021,77480490
2,"Vegetable Products",212,"Oils seeds, oleaginous fruits, grains, straw & fodder",21202,"Ground Nuts",2021,5213108
2,"Vegetable Products",212,"Oils seeds, oleaginous fruits, grains, straw & fodder",21203,"Copra",2021,43
2,"Vegetable Products",212,"Oils seeds, oleaginous fruits, grains, straw & fodder",21204,"Linseed",2021,7229377
2,"Vegetable Products",212,"Oils seeds, oleaginous fruits, grains, straw & fodder",21205,"Rapeseed",2021,51364952
2,"Vegetable Products",212,"Oils seeds, oleaginous fruits, grains, straw & fodder",21206,"Sunflower Seeds",2021,88532685
2,"Vegetable Products",212,"Oils seeds, oleaginous fruits, grains, straw & fodder",21207,"Other Oily Seeds",2021,63576753
2,"Vegetable Products",212,"Oils seeds, oleaginous fruits, grains, straw & fodder",21208,"Oil Seed Flower",2021,17421913
2,"Vegetable Products",212,"Oils seeds, oleaginous fruits, grains, straw & fodder",21209,"Sowing Seeds",2021,22091002
2,"Vegetable Products",212,"Oils seeds, oleaginous fruits, grains, straw & fodder",21210,"Hops",2021,965031
2,"Vegetable Products",212,"Oils seeds, oleaginous fruits, grains, straw & fodder",21211,"Perfume Plants",2021,30161592
2,"Vegetable Products",212,"Oils seeds, oleaginous fruits, grains, straw & fodder",21212,"Locust beans, seaweed, sugar beet, cane, for food",2021,6390435
2,"Vegetable Products",212,"Oils seeds, oleaginous fruits, grains, straw & fodder",21213,"Cereal Straws",2021,2906756
2,"Vegetable Products",212,"Oils seeds, oleaginous fruits, grains, straw & fodder",21214,"Forage Crops",2021,7373739
2,"Vegetable Products",213,"Natural gums, resins & other vegetable extracts",21301,"Insect Resins",2021,2005178
2,"Vegetable Products",213,"Natural gums, resins & other vegetable extracts",21302,"Vegetable Saps",2021,12972111
2,"Vegetable Products",214,"Vegetable plaiting materials & products, n.e.s.",21401,"Vegetable Plaiting Materials",2021,600028
2,"Vegetable Products",214,"Vegetable plaiting materials & products, n.e.s.",21404,"Other Vegetable Products",2021,8049177.000000001
3,"Animal and Vegetable Bi-Products",315,"Animal or vegetable fats, oils, & waxes",31501,"Pig and Poultry Fat",2021,16227568
3,"Animal and Vegetable Bi-Products",315,"Animal or vegetable fats, oils, & waxes",31502,"Bovine, Sheep, and Goat Fat",2021,7925056
3,"Animal and Vegetable Bi-Products",315,"Animal or vegetable fats, oils, & waxes",31503,"Lard stearin and oils",2021,214732
3,"Animal and Vegetable Bi-Products",315,"Animal or vegetable fats, oils, & waxes",31504,"Fish Oil",2021,133797
3,"Animal and Vegetable Bi-Products",315,"Animal or vegetable fats, oils, & waxes",31505,"Wool Grease",2021,143428
3,"Animal and Vegetable Bi-Products",315,"Animal or vegetable fats, oils, & waxes",31506,"Other Animal Fats",2021,21678161
3,"Animal and Vegetable Bi-Products",315,"Animal or vegetable fats, oils, & waxes",31507,"Soybean Oil",2021,4330768
3,"Animal and Vegetable Bi-Products",315,"Animal or vegetable fats, oils, & waxes",31508,"Ground Nut Oil",2021,767114.0000000001
3,"Animal and Vegetable Bi-Products",315,"Animal or vegetable fats, oils, & waxes",31509,"Pure Olive Oil",2021,6525935
3,"Animal and Vegetable Bi-Products",315,"Animal or vegetable fats, oils, & waxes",31510,"Olive Oil",2021,128133
3,"Animal and Vegetable Bi-Products",315,"Animal or vegetable fats, oils, & waxes",31511,"Palm Oil",2021,9241331
3,"Animal and Vegetable Bi-Products",315,"Animal or vegetable fats, oils, & waxes",31512,"Seed Oils",2021,41988531
3,"Animal and Vegetable Bi-Products",315,"Animal or vegetable fats, oils, & waxes",31513,"Coconut Oil",2021,3699268
3,"Animal and Vegetable Bi-Products",315,"Animal or vegetable fats, oils, & waxes",31514,"Rapeseed Oil",2021,124023798
3,"Animal and Vegetable Bi-Products",315,"Animal or vegetable fats, oils, & waxes",31515,"Other Pure Vegetable Oils",2021,52350746
3,"Animal and Vegetable Bi-Products",315,"Animal or vegetable fats, oils, & waxes",31516,"Other Vegetable Oils",2021,9668650
3,"Animal and Vegetable Bi-Products",315,"Animal or vegetable fats, oils, & waxes",31517,"Margarine",2021,62017442
3,"Animal and Vegetable Bi-Products",315,"Animal or vegetable fats, oils, & waxes",31518,"Inedible Fats and Oils",2021,47742000
3,"Animal and Vegetable Bi-Products",315,"Animal or vegetable fats, oils, & waxes",31519,"Stearic Acid",2021,15012325
3,"Animal and Vegetable Bi-Products",315,"Animal or vegetable fats, oils, & waxes",31520,"Glycerol",2021,19548132
3,"Animal and Vegetable Bi-Products",315,"Animal or vegetable fats, oils, & waxes",31521,"Vegetable waxes and beeswax",2021,517836
3,"Animal and Vegetable Bi-Products",315,"Animal or vegetable fats, oils, & waxes",31522,"Fat and Oil Residues",2021,336345
4,"Foodstuffs",416,"Preparations of fish, crustacenas, & molluscs",41601,"Sausages",2021,296148431
4,"Foodstuffs",416,"Preparations of fish, crustacenas, & molluscs",41602,"Other Prepared Meat",2021,269581741
4,"Foodstuffs",416,"Preparations of fish, crustacenas, & molluscs",41603,"Animal Extracts",2021,1226550.9999999998
4,"Foodstuffs",416,"Preparations of fish, crustacenas, & molluscs",41604,"Processed Fish",2021,17166388
4,"Foodstuffs",416,"Preparations of fish, crustacenas, & molluscs",41605,"Processed Crustaceans",2021,2947315
4,"Foodstuffs",417,"Sugars & confectioneries",41701,"Raw Sugar",2021,119017163
4,"Foodstuffs",417,"Sugars & confectioneries",41702,"Other Sugars",2021,178808074
4,"Foodstuffs",417,"Sugars & confectioneries",41703,"Molasses",2021,4546207
4,"Foodstuffs",417,"Sugars & confectioneries",41704,"Confectionery Sugar",2021,108926154
4,"Foodstuffs",418,"Cocoa & cocoa preparations",41801,"Cocoa Beans",2021,799236
4,"Foodstuffs",418,"Cocoa & cocoa preparations",41802,"Cocoa Shells",2021,227974
4,"Foodstuffs",418,"Cocoa & cocoa preparations",41803,"Cocoa Paste",2021,1417042
4,"Foodstuffs",418,"Cocoa & cocoa preparations",41804,"Cocoa Butter",2021,229834
4,"Foodstuffs",418,"Cocoa & cocoa preparations",41805,"Cocoa Powder",2021,12004935
4,"Foodstuffs",418,"Cocoa & cocoa preparations",41806,"Chocolate",2021,598922026
4,"Foodstuffs",419,"Preparations of cereals, flour, starch or milk",41901,"Malt Extract",2021,385129933
4,"Foodstuffs",419,"Preparations of cereals, flour, starch or milk",41902,"Pasta",2021,206427485
4,"Foodstuffs",419,"Preparations of cereals, flour, starch or milk",41903,"Tapioca",2021,106318
4,"Foodstuffs",419,"Preparations of cereals, flour, starch or milk",41904,"Prepared Cereals",2021,58884893
4,"Foodstuffs",419,"Preparations of cereals, flour, starch or milk",41905,"Baked Goods",2021,734099711
4,"Foodstuffs",420,"Preparations of vegetables, fruit, nuts or other plant parts",42001,"Pickled Foods",2021,14257067
4,"Foodstuffs",420,"Preparations of vegetables, fruit, nuts or other plant parts",42002,"Processed Tomatoes",2021,37114947
4,"Foodstuffs",420,"Preparations of vegetables, fruit, nuts or other plant parts",42003,"Processed Mushrooms",2021,369785
4,"Foodstuffs",420,"Preparations of vegetables, fruit, nuts or other plant parts",42004,"Other Frozen Vegetables",2021,97095690
4,"Foodstuffs",420,"Preparations of vegetables, fruit, nuts or other plant parts",42005,"Other Processed Vegetables",2021,51879604
4,"Foodstuffs",420,"Preparations of vegetables, fruit, nuts or other plant parts",42006,"Sugar Preserved Foods",2021,1092356
4,"Foodstuffs",420,"Preparations of vegetables, fruit, nuts or other plant parts",42007,"Jams",2021,92707159
4,"Foodstuffs",420,"Preparations of vegetables, fruit, nuts or other plant parts",42008,"Other Processed Fruits and Nuts",2021,186504671
4,"Foodstuffs",420,"Preparations of vegetables, fruit, nuts or other plant parts",42009,"Fruit Juice",2021,454474461
4,"Foodstuffs",421,"Miscellaneous edible preparations",42101,"Coffee and Tea Extracts",2021,30223385
4,"Foodstuffs",421,"Miscellaneous edible preparations",42102,"Yeast",2021,30081943
4,"Foodstuffs",421,"Miscellaneous edible preparations",42103,"Sauces and Seasonings",2021,209597420
4,"Foodstuffs",421,"Miscellaneous edible preparations",42104,"Soups and Broths",2021,51046590
4,"Foodstuffs",421,"Miscellaneous edible preparations",42105,"Ice Cream",2021,12858417
4,"Foodstuffs",421,"Miscellaneous edible preparations",42106,"Other Edible Preparations",2021,722777283
4,"Foodstuffs",422,"Beverages, spirits, & vinegar",42201,"Water",2021,41811573
4,"Foodstuffs",422,"Beverages, spirits, & vinegar",42202,"Flavored Water",2021,3671398120
4,"Foodstuffs",422,"Beverages, spirits, & vinegar",42203,"Beer",2021,98228888
4,"Foodstuffs",422,"Beverages, spirits, & vinegar",42204,"Wine",2021,285877955
4,"Foodstuffs",422,"Beverages, spirits, & vinegar",42205,"Vermouth",2021,3519127
4,"Foodstuffs",422,"Beverages, spirits, & vinegar",42206,"Other Fermented Beverages",2021,18119031
4,"Foodstuffs",422,"Beverages, spirits, & vinegar",42207,"Alcohol > 80% ABV",2021,137664994
4,"Foodstuffs",422,"Beverages, spirits, & vinegar",42208,"Hard Liquor",2021,168244161
4,"Foodstuffs",422,"Beverages, spirits, & vinegar",42209,"Vinegar",2021,14810095
4,"Foodstuffs",423,"Food residues & wastes; animal fodder",42301,"Animal Meal and Pellets",2021,34628813
4,"Foodstuffs",423,"Food residues & wastes; animal fodder",42302,"Bran",2021,26604967
4,"Foodstuffs",423,"Food residues & wastes; animal fodder",42303,"Starch Residue",2021,114712416
4,"Foodstuffs",423,"Food residues & wastes; animal fodder",42304,"Soybean Meal",2021,168295397
4,"Foodstuffs",423,"Food residues & wastes; animal fodder",42305,"Ground Nut Meal",2021,71238.00000000001
4,"Foodstuffs",423,"Food residues & wastes; animal fodder",42306,"Other Vegetable Residues",2021,46670464
4,"Foodstuffs",423,"Food residues & wastes; animal fodder",42307,"Wine Lees",2021,761
4,"Foodstuffs",423,"Food residues & wastes; animal fodder",42308,"Other Vegetable Residues and Waste",2021,6014032
4,"Foodstuffs",423,"Food residues & wastes; animal fodder",42309,"Animal Food",2021,791417255
4,"Foodstuffs",424,"Tobacco & substitutes",42401,"Raw Tobacco",2021,942122
4,"Foodstuffs",424,"Tobacco & substitutes",42402,"Rolled Tobacco",2021,4257045
4,"Foodstuffs",424,"Tobacco & substitutes",42403,"Processed Tobacco",2021,619935
5,"Mineral Products",525,"Salt, sulphur, cement, lime, stone, & plaster",52501,"Salt",2021,87321878
5,"Mineral Products",525,"Salt, sulphur, cement, lime, stone, & plaster",52502,"Iron Pyrites",2021,966217
5,"Mineral Products",525,"Salt, sulphur, cement, lime, stone, & plaster",52503,"Sulphur",2021,23718886
5,"Mineral Products",525,"Salt, sulphur, cement, lime, stone, & plaster",52504,"Graphite",2021,5491420
5,"Mineral Products",525,"Salt, sulphur, cement, lime, stone, & plaster",52505,"Sand",2021,11605905
5,"Mineral Products",525,"Salt, sulphur, cement, lime, stone, & plaster",52506,"Quartz",2021,2416936
5,"Mineral Products",525,"Salt, sulphur, cement, lime, stone, & plaster",52507,"Kaolin",2021,2409011
5,"Mineral Products",525,"Salt, sulphur, cement, lime, stone, & plaster",52508,"Clays",2021,10099296
5,"Mineral Products",525,"Salt, sulphur, cement, lime, stone, & plaster",52509,"Chalk",2021,2942525
5,"Mineral Products",525,"Salt, sulphur, cement, lime, stone, & plaster",52510,"Calcium Phosphates",2021,944888
5,"Mineral Products",525,"Salt, sulphur, cement, lime, stone, & plaster",52511,"Barium Sulphate",2021,700996
5,"Mineral Products",525,"Salt, sulphur, cement, lime, stone, & plaster",52512,"Siliceous Fossil Meals",2021,1302720
5,"Mineral Products",525,"Salt, sulphur, cement, lime, stone, & plaster",52513,"Pumice",2021,468265
5,"Mineral Products",525,"Salt, sulphur, cement, lime, stone, & plaster",52514,"Slate",2021,92687
5,"Mineral Products",525,"Salt, sulphur, cement, lime, stone, & plaster",52515,"Marble, Travertine and Alabaster",2021,9079337
5,"Mineral Products",525,"Salt, sulphur, cement, lime, stone, & plaster",52516,"Granite",2021,5322438
5,"Mineral Products",525,"Salt, sulphur, cement, lime, stone, & plaster",52517,"Gravel and Crushed Stone",2021,110869463
5,"Mineral Products",525,"Salt, sulphur, cement, lime, stone, & plaster",52518,"Dolomite",2021,4048769
5,"Mineral Products",525,"Salt, sulphur, cement, lime, stone, & plaster",52519,"Magnesium Carbonate",2021,34682209
5,"Mineral Products",525,"Salt, sulphur, cement, lime, stone, & plaster",52520,"Gypsum",2021,14030036
5,"Mineral Products",525,"Salt, sulphur, cement, lime, stone, & plaster",52521,"Limestone",2021,6289556
5,"Mineral Products",525,"Salt, sulphur, cement, lime, stone, & plaster",52522,"Quicklime",2021,16010000
5,"Mineral Products",525,"Salt, sulphur, cement, lime, stone, & plaster",52523,"Cement",2021,41578037
5,"Mineral Products",525,"Salt, sulphur, cement, lime, stone, & plaster",52524,"Asbestos",2021,60
5,"Mineral Products",525,"Salt, sulphur, cement, lime, stone, & plaster",52525,"Mica",2021,3027681
5,"Mineral Products",525,"Salt, sulphur, cement, lime, stone, & plaster",52526,"Soapstone",2021,63451824
5,"Mineral Products",525,"Salt, sulphur, cement, lime, stone, & plaster",52528,"Borax",2021,15411872
5,"Mineral Products",525,"Salt, sulphur, cement, lime, stone, & plaster",52529,"Feldspar",2021,1032666
5,"Mineral Products",525,"Salt, sulphur, cement, lime, stone, & plaster",52530,"Other Mineral",2021,22896682
5,"Mineral Products",526,"Ores, slag and ash",52601,"Iron Ore",2021,21030368
5,"Mineral Products",526,"Ores, slag and ash",52602,"Manganese Ore",2021,1075
5,"Mineral Products",526,"Ores, slag and ash",52603,"Copper Ore",2021,292
5,"Mineral Products",526,"Ores, slag and ash",52604,"Nickel Ore",2021,70405
5,"Mineral Products",526,"Ores, slag and ash",52605,"Cobalt Ore",2021,15562279
5,"Mineral Products",526,"Ores, slag and ash",52606,"Aluminium Ore",2021,144262.99999999997
5,"Mineral Products",526,"Ores, slag and ash",52607,"Lead Ore",2021,1416
5,"Mineral Products",526,"Ores, slag and ash",52608,"Zinc Ore",2021,1340961
5,"Mineral Products",526,"Ores, slag and ash",52610,"Chromium Ore",2021,1595312
5,"Mineral Products",526,"Ores, slag and ash",52611,"Tungsten Ore",2021,18.000000000000004
5,"Mineral Products",526,"Ores, slag and ash",52612,"Uranium and Thorium Ore",2021,50
5,"Mineral Products",526,"Ores, slag and ash",52613,"Molybdenum Ore",2021,686263
5,"Mineral Products",526,"Ores, slag and ash",52614,"Titanium Ore",2021,1198338
5,"Mineral Products",526,"Ores, slag and ash",52615,"Niobium, Tantalum, Vanadium and Zirconium Ore",2021,1316510
5,"Mineral Products",526,"Ores, slag and ash",52616,"Precious Metal Ore",2021,8419309
5,"Mineral Products",526,"Ores, slag and ash",52617,"Other Ores",2021,334756
5,"Mineral Products",526,"Ores, slag and ash",52618,"Granulated Slag",2021,11159196.000000002
5,"Mineral Products",526,"Ores, slag and ash",52619,"Slag Dross",2021,6634083
5,"Mineral Products",526,"Ores, slag and ash",52620,"Non-Iron and Steel Slag, Ash and Residues",2021,243808757
5,"Mineral Products",526,"Ores, slag and ash",52621,"Other Slag and Ash",2021,1424615
5,"Mineral Products",527,"Mineral fuels, mineral oils and products of their distillation",52701,"Coal Briquettes",2021,13457326
5,"Mineral Products",527,"Mineral fuels, mineral oils and products of their distillation",52702,"Lignite",2021,48392
5,"Mineral Products",527,"Mineral fuels, mineral oils and products of their distillation",52703,"Peat",2021,2183143
5,"Mineral Products",527,"Mineral fuels, mineral oils and products of their distillation",52704,"Coke",2021,12213517
5,"Mineral Products",527,"Mineral fuels, mineral oils and products of their distillation",52705,"Non-Petroleum Gas",2021,4666
5,"Mineral Products",527,"Mineral fuels, mineral oils and products of their distillation",52706,"Tar",2021,16242633.999999996
5,"Mineral Products",527,"Mineral fuels, mineral oils and products of their distillation",52707,"Coal Tar Oil",2021,230159033
5,"Mineral Products",527,"Mineral fuels, mineral oils and products of their distillation",52708,"Pitch Coke",2021,44279.00000000001
5,"Mineral Products",527,"Mineral fuels, mineral oils and products of their distillation",52709,"Crude Petroleum",2021,11269
5,"Mineral Products",527,"Mineral fuels, mineral oils and products of their distillation",52710,"Refined Petroleum",2021,1933976579
5,"Mineral Products",527,"Mineral fuels, mineral oils and products of their distillation",52711,"Petroleum Gas",2021,1034764567
5,"Mineral Products",527,"Mineral fuels, mineral oils and products of their distillation",52712,"Petroleum Jelly",2021,3600435
5,"Mineral Products",527,"Mineral fuels, mineral oils and products of their distillation",52713,"Petroleum Coke",2021,124356620
5,"Mineral Products",527,"Mineral fuels, mineral oils and products of their distillation",52714,"Bitumen and asphalt",2021,3338914
5,"Mineral Products",527,"Mineral fuels, mineral oils and products of their distillation",52715,"Asphalt Mixtures",2021,41025441
5,"Mineral Products",527,"Mineral fuels, mineral oils and products of their distillation",52716,"Electricity",2021,2529259380
6,"Chemical Products",628,"Inorganic chemicals",62801,"Halogens",2021,6126758
6,"Chemical Products",628,"Inorganic chemicals",62802,"Sulfur",2021,57651
6,"Chemical Products",628,"Inorganic chemicals",62803,"Carbon",2021,36467038
6,"Chemical Products",628,"Inorganic chemicals",62804,"Hydrogen",2021,51899375
6,"Chemical Products",628,"Inorganic chemicals",62805,"Alkali, alkaline-earth, rare-earth metals, scandium, yttrium, and mercury",2021,2337839
6,"Chemical Products",628,"Inorganic chemicals",62806,"Hydrochloric Acid",2021,13111444
6,"Chemical Products",628,"Inorganic chemicals",62807,"Sulfuric Acid",2021,6479883
6,"Chemical Products",628,"Inorganic chemicals",62808,"Nitric Acids",2021,6451628
6,"Chemical Products",628,"Inorganic chemicals",62809,"Phosphoric Acid",2021,1740424
6,"Chemical Products",628,"Inorganic chemicals",62810,"Boron",2021,2858147
6,"Chemical Products",628,"Inorganic chemicals",62811,"Other Inorganic Acids",2021,76844714
6,"Chemical Products",628,"Inorganic chemicals",62812,"Halides",2021,1193659
6,"Chemical Products",628,"Inorganic chemicals",62813,"Nonmetal Sulfides",2021,720545.0000000001
6,"Chemical Products",628,"Inorganic chemicals",62814,"Ammonia",2021,12492586
6,"Chemical Products",628,"Inorganic chemicals",62815,"Sodium or Potassium Peroxides",2021,22949348
6,"Chemical Products",628,"Inorganic chemicals",62816,"Magnesium Hydroxide and Peroxide",2021,18231184
6,"Chemical Products",628,"Inorganic chemicals",62817,"Zinc Oxide and Peroxide",2021,56890418
6,"Chemical Products",628,"Inorganic chemicals",62818,"Aluminium Oxide",2021,126312666
6,"Chemical Products",628,"Inorganic chemicals",62819,"Chromium Oxides and Hydroxides",2021,291635
6,"Chemical Products",628,"Inorganic chemicals",62820,"Manganese Oxides",2021,80076
6,"Chemical Products",628,"Inorganic chemicals",62821,"Iron Oxides and Hydroxides",2021,9778746
6,"Chemical Products",628,"Inorganic chemicals",62822,"Cobalt Oxides and Hydroxides",2021,7387
6,"Chemical Products",628,"Inorganic chemicals",62823,"Titanium Oxides",2021,1996894
6,"Chemical Products",628,"Inorganic chemicals",62824,"Lead Oxides",2021,702273
6,"Chemical Products",628,"Inorganic chemicals",62825,"Inorganic Salts",2021,15889317
6,"Chemical Products",628,"Inorganic chemicals",62826,"Fluorides",2021,3986988.9999999995
6,"Chemical Products",628,"Inorganic chemicals",62827,"Chlorides",2021,21646039
6,"Chemical Products",628,"Inorganic chemicals",62828,"Hypochlorites",2021,10770338
6,"Chemical Products",628,"Inorganic chemicals",62829,"Chlorates and Perchlorates",2021,846479.9999999999
6,"Chemical Products",628,"Inorganic chemicals",62830,"Sulfides",2021,61870529
6,"Chemical Products",628,"Inorganic chemicals",62831,"Dithionites and Sulfoxylates",2021,446452
6,"Chemical Products",628,"Inorganic chemicals",62832,"Sulfites",2021,786708
6,"Chemical Products",628,"Inorganic chemicals",62833,"Sulfates",2021,53292335
6,"Chemical Products",628,"Inorganic chemicals",62834,"Nitrites and Nitrates",2021,867448
6,"Chemical Products",628,"Inorganic chemicals",62835,"Phosphinates (hypophosphites) and phosphonates (phosphites)",2021,5458246
6,"Chemical Products",628,"Inorganic chemicals",62836,"Carbonates",2021,24233086
6,"Chemical Products",628,"Inorganic chemicals",62837,"Cyanides",2021,6833823
6,"Chemical Products",628,"Inorganic chemicals",62839,"Silicates",2021,4828844
6,"Chemical Products",628,"Inorganic chemicals",62840,"Borates",2021,4526714
6,"Chemical Products",628,"Inorganic chemicals",62841,"Oxometallic or Peroxometallic Acid Salts",2021,30362943
6,"Chemical Products",628,"Inorganic chemicals",62842,"Other Inorganic Acids Salts",2021,1000338
6,"Chemical Products",628,"Inorganic chemicals",62843,"Precious Metal Compounds",2021,36036010
6,"Chemical Products",628,"Inorganic chemicals",62844,"Radioactive Chemicals",2021,5582879
6,"Chemical Products",628,"Inorganic chemicals",62845,"Other Isotopes",2021,742695
6,"Chemical Products",628,"Inorganic chemicals",62846,"Rare-Earth Metal Compounds",2021,29555373
6,"Chemical Products",628,"Inorganic chemicals",62847,"Hydrogen peroxide",2021,28240526
6,"Chemical Products",628,"Inorganic chemicals",62849,"Carbides",2021,298486657
6,"Chemical Products",628,"Inorganic chemicals",62850,"Hydrides and other anions",2021,1166904
6,"Chemical Products",628,"Inorganic chemicals",62851,"Inorganic Compounds",2021,5880823
6,"Chemical Products",629,"Organic chemicals",62901,"Acyclic Hydrocarbons",2021,101862792
6,"Chemical Products",629,"Organic chemicals",62902,"Cyclic Hydrocarbons",2021,7932357
6,"Chemical Products",629,"Organic chemicals",62903,"Halogenated Hydrocarbons",2021,2480763
6,"Chemical Products",629,"Organic chemicals",62904,"Sulfonated, Nitrated or Nitrosated Hydrocarbons",2021,1933013
6,"Chemical Products",629,"Organic chemicals",62905,"Acyclic alcohol derivatives (halogenated, sulphonated, nitrated)",2021,31834042
6,"Chemical Products",629,"Organic chemicals",62906,"Cyclic Alcohols",2021,14350437
6,"Chemical Products",629,"Organic chemicals",62907,"Phenols",2021,20191976
6,"Chemical Products",629,"Organic chemicals",62908,"Phenol Derivatives",2021,340051
6,"Chemical Products",629,"Organic chemicals",62909,"Ethers",2021,18240213
6,"Chemical Products",629,"Organic chemicals",62910,"Epoxides",2021,4856460
6,"Chemical Products",629,"Organic chemicals",62911,"Acetals and Hemiacetals",2021,50283
6,"Chemical Products",629,"Organic chemicals",62912,"Aldehydes, cyclic polymers, and paraformaldehyde",2021,21398769
6,"Chemical Products",629,"Organic chemicals",62913,"Halogenated aldehyde derivatives (heading 2912)",2021,34856
6,"Chemical Products",629,"Organic chemicals",62914,"Ketones and Quinones",2021,10423018
6,"Chemical Products",629,"Organic chemicals",62915,"Saturated Acyclic Monocarboxylic Acids",2021,55430759
6,"Chemical Products",629,"Organic chemicals",62916,"Unsaturated Acyclic Monocarboxylic Acids",2021,44962503
6,"Chemical Products",629,"Organic chemicals",62917,"Polycarboxylic Acids",2021,180866221
6,"Chemical Products",629,"Organic chemicals",62918,"Carboxylic Acids",2021,435216414
6,"Chemical Products",629,"Organic chemicals",62919,"Phosphoric Esters and Salts",2021,8330735
6,"Chemical Products",629,"Organic chemicals",62920,"Other Esters",2021,1157649
6,"Chemical Products",629,"Organic chemicals",62921,"Amine Compounds",2021,9127791
6,"Chemical Products",629,"Organic chemicals",62922,"Oxygen Amino Compounds",2021,6510447
6,"Chemical Products",629,"Organic chemicals",62923,"Quaternary Ammonium Salts and Hydroxides",2021,10594201
6,"Chemical Products",629,"Organic chemicals",62924,"Carboxyamide Compounds",2021,23856749
6,"Chemical Products",629,"Organic chemicals",62925,"Carboxyimide Compounds",2021,29239082
6,"Chemical Products",629,"Organic chemicals",62926,"Nitrile Compounds",2021,893923
6,"Chemical Products",629,"Organic chemicals",62927,"Diazo, Azo or Aoxy Compounds",2021,207039
6,"Chemical Products",629,"Organic chemicals",62928,"Hydrazine or Hydroxylamine Derivatives",2021,20132267
6,"Chemical Products",629,"Organic chemicals",62929,"Other Nitrogen Compounds",2021,3526556
6,"Chemical Products",629,"Organic chemicals",62930,"Organo-Sulfur Compounds",2021,26547757
6,"Chemical Products",629,"Organic chemicals",62931,"Other Organo-Inorganic Compounds",2021,5927265
6,"Chemical Products",629,"Organic chemicals",62932,"Oxygen Heterocyclic Compounds",2021,7983064
6,"Chemical Products",629,"Organic chemicals",62933,"Nitrogen Heterocyclic Compounds",2021,184485145
6,"Chemical Products",629,"Organic chemicals",62934,"Nucleic Acids",2021,112557930
6,"Chemical Products",629,"Organic chemicals",62935,"Sulfonamides",2021,9340075
6,"Chemical Products",629,"Organic chemicals",62936,"Vitamins",2021,27291580
6,"Chemical Products",629,"Organic chemicals",62937,"Hormones",2021,203989960.99999997
6,"Chemical Products",629,"Organic chemicals",62938,"Glycosides",2021,1296640
6,"Chemical Products",629,"Organic chemicals",62939,"Vegetable Alkaloids",2021,7690894
6,"Chemical Products",629,"Organic chemicals",62940,"Chemically Pure Sugars",2021,95736340
6,"Chemical Products",629,"Organic chemicals",62941,"Antibiotics",2021,240680638
6,"Chemical Products",629,"Organic chemicals",62942,"Other Organic Compounds",2021,3399751
6,"Chemical Products",630,"Pharmaceutical products",63001,"Glands and Other Organs",2021,25169964
6,"Chemical Products",630,"Pharmaceutical products",63002,"Vaccines, blood, antisera, toxins and cultures",2021,6168555312
6,"Chemical Products",630,"Pharmaceutical products",63003,"Unpackaged Medicaments",2021,122161191
6,"Chemical Products",630,"Pharmaceutical products",63004,"Packaged Medicaments",2021,7241327540
6,"Chemical Products",630,"Pharmaceutical products",63005,"Bandages",2021,73004909
6,"Chemical Products",630,"Pharmaceutical products",63006,"Special Pharmaceuticals",2021,590222843
6,"Chemical Products",631,"Fertilizers",63101,"Animal or Vegetable Fertilizers",2021,19477059
6,"Chemical Products",631,"Fertilizers",63102,"Nitrogenous Fertilizers",2021,267787134
6,"Chemical Products",631,"Fertilizers",63103,"Phosphatic Fertilizers",2021,4629426
6,"Chemical Products",631,"Fertilizers",63104,"Potassic Fertilizers",2021,10380239
6,"Chemical Products",631,"Fertilizers",63105,"Mixed Mineral or Chemical Fertilizers",2021,170126355
6,"Chemical Products",632,"Paints, dyes, & varnishes",63201,"Vegetable Tanning Extracts",2021,370899
6,"Chemical Products",632,"Paints, dyes, & varnishes",63202,"Synthetic Tanning Extracts",2021,2524712
6,"Chemical Products",632,"Paints, dyes, & varnishes",63203,"Vegetable or Animal Dyes",2021,24826996
6,"Chemical Products",632,"Paints, dyes, & varnishes",63204,"Synthetic Coloring Matter",2021,47807399
6,"Chemical Products",632,"Paints, dyes, & varnishes",63205,"Lake Pigments",2021,1332698
6,"Chemical Products",632,"Paints, dyes, & varnishes",63206,"Other Coloring Matter",2021,57802347
6,"Chemical Products",632,"Paints, dyes, & varnishes",63207,"Prepared Pigments",2021,18771292
6,"Chemical Products",632,"Paints, dyes, & varnishes",63208,"Nonaqueous Paints",2021,188257046
6,"Chemical Products",632,"Paints, dyes, & varnishes",63209,"Aqueous Paints",2021,192867512
6,"Chemical Products",632,"Paints, dyes, & varnishes",63210,"Other Paints",2021,3868499
6,"Chemical Products",632,"Paints, dyes, & varnishes",63211,"Prepared Paint Driers",2021,2680150
6,"Chemical Products",632,"Paints, dyes, & varnishes",63212,"Nonaqueous Pigments",2021,27561342
6,"Chemical Products",632,"Paints, dyes, & varnishes",63213,"Artistry Paints",2021,1611079
6,"Chemical Products",632,"Paints, dyes, & varnishes",63214,"Glaziers Putty",2021,165059588
6,"Chemical Products",632,"Paints, dyes, & varnishes",63215,"Ink",2021,96960015
6,"Chemical Products",633,"Perfumery & cosmetics",63301,"Essential Oils",2021,52314510
6,"Chemical Products",633,"Perfumery & cosmetics",63302,"Scented Mixtures",2021,75327015
6,"Chemical Products",633,"Perfumery & cosmetics",63303,"Perfumes",2021,56651662
6,"Chemical Products",633,"Perfumery & cosmetics",63304,"Beauty Products",2021,234692811
6,"Chemical Products",633,"Perfumery & cosmetics",63305,"Hair Products",2021,53903329
6,"Chemical Products",633,"Perfumery & cosmetics",63306,"Dental Products",2021,12597837
6,"Chemical Products",633,"Perfumery & cosmetics",63307,"Shaving Products",2021,72968184
6,"Chemical Products",634,"Soap, cleaners, candles, dental, modelling pastes",63401,"Soap",2021,22448283
6,"Chemical Products",634,"Soap, cleaners, candles, dental, modelling pastes",63402,"Cleaning Products",2021,460200265
6,"Chemical Products",634,"Soap, cleaners, candles, dental, modelling pastes",63403,"Lubricating Products",2021,80909889
6,"Chemical Products",634,"Soap, cleaners, candles, dental, modelling pastes",63404,"Waxes",2021,5497953
6,"Chemical Products",634,"Soap, cleaners, candles, dental, modelling pastes",63405,"Polishes and Creams",2021,26993513
6,"Chemical Products",634,"Soap, cleaners, candles, dental, modelling pastes",63406,"Candles",2021,9191441
6,"Chemical Products",634,"Soap, cleaners, candles, dental, modelling pastes",63407,"Pastes and Waxes",2021,6002588
6,"Chemical Products",635,"Glues, starches, & albuminoid products",63501,"Casein",2021,12935103
6,"Chemical Products",635,"Glues, starches, & albuminoid products",63502,"Water Soluble Proteins",2021,6352174
6,"Chemical Products",635,"Glues, starches, & albuminoid products",63503,"Gelatin",2021,2262664
6,"Chemical Products",635,"Glues, starches, & albuminoid products",63504,"Peptones",2021,9828838
6,"Chemical Products",635,"Glues, starches, & albuminoid products",63505,"Dextrins",2021,213009474
6,"Chemical Products",635,"Glues, starches, & albuminoid products",63506,"Glues",2021,53712500
6,"Chemical Products",635,"Glues, starches, & albuminoid products",63507,"Enzymes",2021,118263093
6,"Chemical Products",636,"Explosives, matches, & fireworks",63601,"Propellant Powders",2021,84098
6,"Chemical Products",636,"Explosives, matches, & fireworks",63602,"Prepared Explosives",2021,11922151
6,"Chemical Products",636,"Explosives, matches, & fireworks",63603,"Detonating Fuses",2021,53859940
6,"Chemical Products",636,"Explosives, matches, & fireworks",63604,"Fireworks",2021,3515630
6,"Chemical Products",636,"Explosives, matches, & fireworks",63605,"Matches",2021,76967
6,"Chemical Products",636,"Explosives, matches, & fireworks",63606,"Pyrophoric Alloys",2021,12867762
6,"Chemical Products",637,"Photo & movie goods",63701,"Photographic Plates",2021,9742353
6,"Chemical Products",637,"Photo & movie goods",63702,"Photographic Film",2021,2414443
6,"Chemical Products",637,"Photo & movie goods",63703,"Photographic Paper",2021,392098
6,"Chemical Products",637,"Photo & movie goods",63704,"Undeveloped Exposed Photographic Material",2021,74744
6,"Chemical Products",637,"Photo & movie goods",63705,"Developed Exposed Photographic Material",2021,290588
6,"Chemical Products",637,"Photo & movie goods",63706,"Motion-picture film, exposed and developed",2021,7784
6,"Chemical Products",637,"Photo & movie goods",63707,"Photographic Chemicals",2021,4984443
6,"Chemical Products",638,"Chemical products n.e.s.",63801,"Artificial Graphite",2021,35524591
6,"Chemical Products",638,"Chemical products n.e.s.",63802,"Activated Carbon",2021,11167701
6,"Chemical Products",638,"Chemical products n.e.s.",63803,"Tall Oil",2021,285989
6,"Chemical Products",638,"Chemical products n.e.s.",63804,"Wood Pulp Lyes",2021,3960054
6,"Chemical Products",638,"Chemical products n.e.s.",63805,"Turpentine",2021,1526969
6,"Chemical Products",638,"Chemical products n.e.s.",63806,"Rosin",2021,11222630
6,"Chemical Products",638,"Chemical products n.e.s.",63807,"Wood Tar, Oils and Pitch",2021,4748814
6,"Chemical Products",638,"Chemical products n.e.s.",63808,"Pesticides",2021,421584616
6,"Chemical Products",638,"Chemical products n.e.s.",63809,"Dyeing Finishing Agents",2021,151945646
6,"Chemical Products",638,"Chemical products n.e.s.",63810,"Metal Pickling Preparations",2021,5622837
6,"Chemical Products",638,"Chemical products n.e.s.",63811,"Antiknock",2021,11833485
6,"Chemical Products",638,"Chemical products n.e.s.",63812,"Prepared Rubber Accelerators",2021,128812115
6,"Chemical Products",638,"Chemical products n.e.s.",63813,"Fire Extinguishers Preparations",2021,959347
6,"Chemical Products",638,"Chemical products n.e.s.",63814,"Organic Composite Solvents",2021,20606063
6,"Chemical Products",638,"Chemical products n.e.s.",63815,"Reaction and Catalytic Products",2021,62121093
6,"Chemical Products",638,"Chemical products n.e.s.",63816,"Refractory Cements",2021,185834973
6,"Chemical Products",638,"Chemical products n.e.s.",63817,"Alkylbenzenes and Alkylnaphthalenes",2021,96728
6,"Chemical Products",638,"Chemical products n.e.s.",63818,"Disc Chemicals for Electronics",2021,3817692
6,"Chemical Products",638,"Chemical products n.e.s.",63819,"Hydraulic Brake Fluid",2021,1535743
6,"Chemical Products",638,"Chemical products n.e.s.",63820,"Antifreeze",2021,8765949
6,"Chemical Products",638,"Chemical products n.e.s.",63821,"Micro-Organism Culture Preparations",2021,137503658
6,"Chemical Products",638,"Chemical products n.e.s.",63822,"Laboratory Reagents",2021,402908202
6,"Chemical Products",638,"Chemical products n.e.s.",63823,"Industrial Fatty Acids, Oils and Alcohols",2021,764150017
7,"Plastics and Rubbers",739,"Plastics & articles thereof",73901,"Ethylene Polymers",2021,1248074286
7,"Plastics and Rubbers",739,"Plastics & articles thereof",73902,"Propylene Polymers",2021,1308887999
7,"Plastics and Rubbers",739,"Plastics & articles thereof",73903,"Styrene Polymers",2021,496876073
7,"Plastics and Rubbers",739,"Plastics & articles thereof",73904,"Vinyl Chloride Polymers",2021,39439593
7,"Plastics and Rubbers",739,"Plastics & articles thereof",73905,"Other Vinyl Polymers",2021,17365568
7,"Plastics and Rubbers",739,"Plastics & articles thereof",73906,"Acrylic Polymers",2021,107841581
7,"Plastics and Rubbers",739,"Plastics & articles thereof",73907,"Polyacetals",2021,477850668
7,"Plastics and Rubbers",739,"Plastics & articles thereof",73908,"Polyamides",2021,57296641
7,"Plastics and Rubbers",739,"Plastics & articles thereof",73909,"Amino-resins",2021,181241084
7,"Plastics and Rubbers",739,"Plastics & articles thereof",73910,"Silicone",2021,14075505
7,"Plastics and Rubbers",739,"Plastics & articles thereof",73911,"Petroleum Resins",2021,99960073
7,"Plastics and Rubbers",739,"Plastics & articles thereof",73912,"Cellulose",2021,36599115
7,"Plastics and Rubbers",739,"Plastics & articles thereof",73913,"Natural Polymers",2021,146804102
7,"Plastics and Rubbers",739,"Plastics & articles thereof",73914,"Polymer Ion-Exchangers",2021,56268757
7,"Plastics and Rubbers",739,"Plastics & articles thereof",73915,"Scrap Plastic",2021,44761471
7,"Plastics and Rubbers",739,"Plastics & articles thereof",73916,"Monofilament",2021,117580938
7,"Plastics and Rubbers",739,"Plastics & articles thereof",73917,"Plastic Pipes",2021,624939842
7,"Plastics and Rubbers",739,"Plastics & articles thereof",73918,"Plastic Floor Coverings",2021,24019117
7,"Plastics and Rubbers",739,"Plastics & articles thereof",73919,"Self-adhesive Plastics",2021,123654114
7,"Plastics and Rubbers",739,"Plastics & articles thereof",73920,"Raw Plastic Sheeting",2021,1012388041
7,"Plastics and Rubbers",739,"Plastics & articles thereof",73921,"Other Plastic Sheetings",2021,860905504
7,"Plastics and Rubbers",739,"Plastics & articles thereof",73922,"Plastic Wash Basins",2021,113018934
7,"Plastics and Rubbers",739,"Plastics & articles thereof",73923,"Plastic Lids",2021,898541201
7,"Plastics and Rubbers",739,"Plastics & articles thereof",73924,"Plastic Housewares",2021,62769561
7,"Plastics and Rubbers",739,"Plastics & articles thereof",73925,"Plastic Building Materials",2021,323853467
7,"Plastics and Rubbers",739,"Plastics & articles thereof",73926,"Other Plastic Products",2021,1457832311
7,"Plastics and Rubbers",740,"Rubber & articles thereof",74001,"Rubber",2021,1618391
7,"Plastics and Rubbers",740,"Rubber & articles thereof",74002,"Synthetic Rubber",2021,68200546
7,"Plastics and Rubbers",740,"Rubber & articles thereof",74003,"Reclaimed Rubber",2021,1802354
7,"Plastics and Rubbers",740,"Rubber & articles thereof",74004,"Scrap Rubber",2021,6406196.999999999
7,"Plastics and Rubbers",740,"Rubber & articles thereof",74005,"Compounded Unvulcanised Rubber",2021,56360203
7,"Plastics and Rubbers",740,"Rubber & articles thereof",74006,"Unvulcanised Rubber Products",2021,25736697
7,"Plastics and Rubbers",740,"Rubber & articles thereof",74007,"Rubber Thread",2021,1061215
7,"Plastics and Rubbers",740,"Rubber & articles thereof",74008,"Rubber Sheets",2021,63259102
7,"Plastics and Rubbers",740,"Rubber & articles thereof",74009,"Rubber Pipes",2021,121062691
7,"Plastics and Rubbers",740,"Rubber & articles thereof",74010,"Rubber Belting",2021,18095050
7,"Plastics and Rubbers",740,"Rubber & articles thereof",74011,"Rubber Tires",2021,99659650
7,"Plastics and Rubbers",740,"Rubber & articles thereof",74012,"Used Rubber Tires",2021,22414368
7,"Plastics and Rubbers",740,"Rubber & articles thereof",74013,"Rubber Inner Tubes",2021,3332482
7,"Plastics and Rubbers",740,"Rubber & articles thereof",74014,"Pharmaceutical Rubber Products",2021,16014538.000000002
7,"Plastics and Rubbers",740,"Rubber & articles thereof",74015,"Rubber Apparel",2021,163383344
7,"Plastics and Rubbers",740,"Rubber & articles thereof",74016,"Other Rubber Products",2021,272143574
7,"Plastics and Rubbers",740,"Rubber & articles thereof",74017,"Hard Rubber",2021,2065241.9999999998
8,"Animal Hides",841,"Raw hides & skin (non-fur)",84101,"Equine and Bovine Hides",2021,21267359
8,"Animal Hides",841,"Raw hides & skin (non-fur)",84102,"Sheep Hides",2021,82629
8,"Animal Hides",841,"Raw hides & skin (non-fur)",84103,"Other Hides and Skins",2021,4235
8,"Animal Hides",841,"Raw hides & skin (non-fur)",84104,"Tanned Equine and Bovine Hides",2021,287781932
8,"Animal Hides",841,"Raw hides & skin (non-fur)",84105,"Tanned Sheep Hides",2021,2709426
8,"Animal Hides",841,"Raw hides & skin (non-fur)",84106,"Tanned Goat Hides",2021,3482800
8,"Animal Hides",841,"Raw hides & skin (non-fur)",84107,"Leather of Other Animals",2021,972320
8,"Animal Hides",841,"Raw hides & skin (non-fur)",84108,"Chamois Leather",2021,473741
8,"Animal Hides",841,"Raw hides & skin (non-fur)",84109,"Patent Leather",2021,2730040
8,"Animal Hides",841,"Raw hides & skin (non-fur)",84110,"Leather Waste",2021,18493
8,"Animal Hides",841,"Raw hides & skin (non-fur)",84111,"Leather Sheets",2021,117923
8,"Animal Hides",842,"Leather articles",84201,"Saddlery",2021,4276720
8,"Animal Hides",842,"Leather articles",84202,"Trunks and Cases",2021,102441724
8,"Animal Hides",842,"Leather articles",84203,"Leather Apparel",2021,25358797
8,"Animal Hides",842,"Leather articles",84205,"Other Leather Articles",2021,6045165
8,"Animal Hides",842,"Leather articles",84206,"Articles of Gut",2021,24884.000000000004
8,"Animal Hides",843,"Furskins, articifial fur, & articles",84301,"Raw Furskins",2021,85172
8,"Animal Hides",843,"Furskins, articifial fur, & articles",84302,"Tanned Furskins",2021,1267175
8,"Animal Hides",843,"Furskins, articifial fur, & articles",84303,"Furskin Apparel",2021,4637043
8,"Animal Hides",843,"Furskins, articifial fur, & articles",84304,"Artificial Fur",2021,242487
9,"Wood Products",944,"Wood, wood articles, & charcoal",94401,"Fuel Wood",2021,190421360
9,"Wood Products",944,"Wood, wood articles, & charcoal",94402,"Wood Charcoal",2021,948258
9,"Wood Products",944,"Wood, wood articles, & charcoal",94403,"Rough Wood",2021,106442562
9,"Wood Products",944,"Wood, wood articles, & charcoal",94404,"Wood Stakes",2021,4576282
9,"Wood Products",944,"Wood, wood articles, & charcoal",94405,"Wood Wool",2021,541648
9,"Wood Products",944,"Wood, wood articles, & charcoal",94406,"Railroad Ties",2021,6750654
9,"Wood Products",944,"Wood, wood articles, & charcoal",94407,"Sawn Wood",2021,2123175355
9,"Wood Products",944,"Wood, wood articles, & charcoal",94408,"Veneer Sheets",2021,100307497
9,"Wood Products",944,"Wood, wood articles, & charcoal",94409,"Shaped Wood",2021,172817951
9,"Wood Products",944,"Wood, wood articles, & charcoal",94410,"Particle Board",2021,788190360
9,"Wood Products",944,"Wood, wood articles, & charcoal",94411,"Wood Fiberboard",2021,409169382
9,"Wood Products",944,"Wood, wood articles, & charcoal",94412,"Plywood",2021,359709356
9,"Wood Products",944,"Wood, wood articles, & charcoal",94413,"Densified Wood",2021,12753028
9,"Wood Products",944,"Wood, wood articles, & charcoal",94414,"Wood Frames",2021,582944
9,"Wood Products",944,"Wood, wood articles, & charcoal",94415,"Wood Crates",2021,90605275
9,"Wood Products",944,"Wood, wood articles, & charcoal",94416,"Wood Barrels",2021,11099825
9,"Wood Products",944,"Wood, wood articles, & charcoal",94417,"Wooden Tool Handles",2021,3418459
9,"Wood Products",944,"Wood, wood articles, & charcoal",94418,"Wood Carpentry",2021,1629114738
9,"Wood Products",944,"Wood, wood articles, & charcoal",94419,"Wood Kitchenware",2021,5243220
9,"Wood Products",944,"Wood, wood articles, & charcoal",94420,"Wood Ornaments",2021,5090982
9,"Wood Products",944,"Wood, wood articles, & charcoal",94421,"Other Wood Articles",2021,93297632
9,"Wood Products",945,"Cork & cork articles",94501,"Raw Cork",2021,74425
9,"Wood Products",945,"Cork & cork articles",94502,"Debacked Cork",2021,491339
9,"Wood Products",945,"Cork & cork articles",94503,"Natural Cork Articles",2021,2236637
9,"Wood Products",945,"Cork & cork articles",94504,"Agglomerated Cork",2021,3765204
9,"Wood Products",946,"Straw & esparto manufactures",94601,"Plaiting Products",2021,1741360
9,"Wood Products",946,"Straw & esparto manufactures",94602,"Basketwork",2021,2569872
10,"Paper Goods",1047,"Wood pulp & paper scrap",104701,"Mechanical Wood Pulp",2021,600825
10,"Paper Goods",1047,"Wood pulp & paper scrap",104702,"Dissolving Grades Chemical Woodpulp",2021,110085829
10,"Paper Goods",1047,"Wood pulp & paper scrap",104703,"Sulfate Chemical Woodpulp",2021,293484313
10,"Paper Goods",1047,"Wood pulp & paper scrap",104704,"Sulfite Chemical Woodpulp",2021,7228008
10,"Paper Goods",1047,"Wood pulp & paper scrap",104705,"Semi chemical Woodpulp",2021,6323009
10,"Paper Goods",1047,"Wood pulp & paper scrap",104706,"Recovered Paper Pulp",2021,13439703
10,"Paper Goods",1047,"Wood pulp & paper scrap",104707,"Recovered Paper",2021,61022462
10,"Paper Goods",1048,"Paper articles",104801,"Newsprint",2021,277026547
10,"Paper Goods",1048,"Paper articles",104802,"Uncoated Paper",2021,489489403
10,"Paper Goods",1048,"Paper articles",104803,"Tissue",2021,13326145
10,"Paper Goods",1048,"Paper articles",104804,"Kraft Paper",2021,868713937
10,"Paper Goods",1048,"Paper articles",104805,"Other Uncoated Paper",2021,703236220
10,"Paper Goods",1048,"Paper articles",104806,"Vegetable Parchment",2021,24515377
10,"Paper Goods",1048,"Paper articles",104807,"Composite Paper",2021,3015615
10,"Paper Goods",1048,"Paper articles",104808,"Corrugated Paper",2021,67759051
10,"Paper Goods",1048,"Paper articles",104809,"Carbon Paper",2021,273374
10,"Paper Goods",1048,"Paper articles",104810,"Kaolin Coated Paper",2021,1474993213
10,"Paper Goods",1048,"Paper articles",104811,"Cellulose Fibers Paper",2021,298434617
10,"Paper Goods",1048,"Paper articles",104812,"Paper Pulp Filter Blocks",2021,601789
10,"Paper Goods",1048,"Paper articles",104813,"Cigarette Paper",2021,495639529
10,"Paper Goods",1048,"Paper articles",104814,"Wallpaper",2021,2263391
10,"Paper Goods",1048,"Paper articles",104816,"Other Carbon Paper",2021,764447
10,"Paper Goods",1048,"Paper articles",104817,"Letter Stock",2021,8587912
10,"Paper Goods",1048,"Paper articles",104818,"Toilet Paper",2021,206204392
10,"Paper Goods",1048,"Paper articles",104819,"Paper Containers",2021,835909713
10,"Paper Goods",1048,"Paper articles",104820,"Paper Notebooks",2021,27861353
10,"Paper Goods",1048,"Paper articles",104821,"Paper Labels",2021,85249857
10,"Paper Goods",1048,"Paper articles",104822,"Paper Spools",2021,9536261
10,"Paper Goods",1048,"Paper articles",104823,"Shaped Paper",2021,177840995
10,"Paper Goods",1049,"Books, newspapers, & other prints",104901,"Brochures",2021,78843966
10,"Paper Goods",1049,"Books, newspapers, & other prints",104902,"Newspapers",2021,14922529
10,"Paper Goods",1049,"Books, newspapers, & other prints",104903,"Children's Picture Books",2021,862723
10,"Paper Goods",1049,"Books, newspapers, & other prints",104904,"Sheet Music",2021,600704
10,"Paper Goods",1049,"Books, newspapers, & other prints",104905,"Maps",2021,1323116
10,"Paper Goods",1049,"Books, newspapers, & other prints",104906,"Architectural Plans",2021,9873294
10,"Paper Goods",1049,"Books, newspapers, & other prints",104907,"Documents of title (bonds etc) and unused stamps",2021,15953863
10,"Paper Goods",1049,"Books, newspapers, & other prints",104908,"Decals",2021,15857142
10,"Paper Goods",1049,"Books, newspapers, & other prints",104909,"Postcards",2021,2820179
10,"Paper Goods",1049,"Books, newspapers, & other prints",104910,"Calendars",2021,5801542
10,"Paper Goods",1049,"Books, newspapers, & other prints",104911,"Other Printed Material",2021,300476654
11,"Textiles",1150,"Silk",115001,"Silk-worm Cocoons",2021,2
11,"Textiles",1150,"Silk",115002,"Raw Silk",2021,74206
11,"Textiles",1150,"Silk",115003,"Silk Waste",2021,152638
11,"Textiles",1150,"Silk",115004,"Non-Retail Silk Yarn",2021,301489
11,"Textiles",1150,"Silk",115005,"Silk Waste Yarn",2021,57080.99999999999
11,"Textiles",1150,"Silk",115006,"Retail Silk Yarn",2021,8
11,"Textiles",1150,"Silk",115007,"Silk Fabrics",2021,576049
11,"Textiles",1151,"Wool & animal hair",115101,"Wool",2021,620923
11,"Textiles",1151,"Wool & animal hair",115102,"Animal Hair",2021,286150
11,"Textiles",1151,"Wool & animal hair",115103,"Wool or Animal Hair Waste",2021,153464
11,"Textiles",1151,"Wool & animal hair",115104,"Garnetted Wool or Animal Hair",2021,450
11,"Textiles",1151,"Wool & animal hair",115105,"Prepared Wool or Animal Hair",2021,11631603.999999998
11,"Textiles",1151,"Wool & animal hair",115106,"Non-Retail Carded Wool Yarn",2021,377365
11,"Textiles",1151,"Wool & animal hair",115107,"Non-Retail Combed Wool Yarn",2021,27421644
11,"Textiles",1151,"Wool & animal hair",115108,"Non-Retail Animal Hair Yarn",2021,150485
11,"Textiles",1151,"Wool & animal hair",115109,"Retail Wool or Animal Hair Yarn",2021,1065249
11,"Textiles",1151,"Wool & animal hair",115110,"Horsehair Yarn",2021,16616
11,"Textiles",1151,"Wool & animal hair",115111,"Carded Wool or Animal Hair Fabric",2021,5590721
11,"Textiles",1151,"Wool & animal hair",115112,"Combed Wool or Animal Hair Fabric",2021,1937068
11,"Textiles",1151,"Wool & animal hair",115113,"Horsehair Fabric",2021,13342
11,"Textiles",1152,"Cotton",115201,"Raw Cotton",2021,1850866.9999999998
11,"Textiles",1152,"Cotton",115202,"Cotton Waste",2021,1122095
11,"Textiles",1152,"Cotton",115203,"Prepared Cotton",2021,392939
11,"Textiles",1152,"Cotton",115204,"Cotton Sewing Thread",2021,427790.00000000006
11,"Textiles",1152,"Cotton",115205,"Non-Retail Pure Cotton Yarn",2021,20981697
11,"Textiles",1152,"Cotton",115206,"Non-Retail Mixed Cotton Yarn",2021,1278817
11,"Textiles",1152,"Cotton",115207,"Retail Cotton Yarn",2021,50481
11,"Textiles",1152,"Cotton",115208,"Light Pure Woven Cotton",2021,448303930
11,"Textiles",1152,"Cotton",115209,"Heavy Pure Woven Cotton",2021,5521381
11,"Textiles",1152,"Cotton",115210,"Light Mixed Woven Cotton",2021,5098279
11,"Textiles",1152,"Cotton",115211,"Heavy Mixed Woven Cotton",2021,3955876
11,"Textiles",1152,"Cotton",115212,"Other Cotton Fabrics",2021,1965773
11,"Textiles",1153,"Vegetable textile fibers, paper yarn & fabrics",115301,"Flax Fibers",2021,8151937
11,"Textiles",1153,"Vegetable textile fibers, paper yarn & fabrics",115302,"Hemp Fibers",2021,733531
11,"Textiles",1153,"Vegetable textile fibers, paper yarn & fabrics",115303,"Jute and Other Textile Fibers",2021,343057.99999999994
11,"Textiles",1153,"Vegetable textile fibers, paper yarn & fabrics",115305,"Coconut and Other Vegetable Fibers",2021,90812
11,"Textiles",1153,"Vegetable textile fibers, paper yarn & fabrics",115306,"Flax Yarn",2021,165529
11,"Textiles",1153,"Vegetable textile fibers, paper yarn & fabrics",115307,"Jute Yarn",2021,120278
11,"Textiles",1153,"Vegetable textile fibers, paper yarn & fabrics",115308,"Other Vegetable Fibers Yarn",2021,631246.9999999999
11,"Textiles",1153,"Vegetable textile fibers, paper yarn & fabrics",115309,"Flax Woven Fabric",2021,8547280
11,"Textiles",1153,"Vegetable textile fibers, paper yarn & fabrics",115310,"Jute Woven Fabric",2021,118486
11,"Textiles",1153,"Vegetable textile fibers, paper yarn & fabrics",115311,"Other Vegetable Fibers Fabric",2021,729427
11,"Textiles",1154,"Man-made filaments",115401,"Artificial Filament Sewing Thread",2021,7042868
11,"Textiles",1154,"Man-made filaments",115402,"Non-Retail Synthetic Filament Yarn",2021,17858556
11,"Textiles",1154,"Man-made filaments",115403,"Non-Retail Artificial Filament Yarn",2021,2920377
11,"Textiles",1154,"Man-made filaments",115404,"Synthetic Monofilament",2021,12420346
11,"Textiles",1154,"Man-made filaments",115405,"Artificial Monofilament",2021,735
11,"Textiles",1154,"Man-made filaments",115406,"Retail Artificial Filament Yarn",2021,7478
11,"Textiles",1154,"Man-made filaments",115407,"Synthetic Filament Yarn Woven Fabric",2021,77852536
11,"Textiles",1154,"Man-made filaments",115408,"Artificial Filament Yarn Woven Fabric",2021,3238045
11,"Textiles",1155,"Man-made staple fibres",115501,"Synthetic Filament Tow",2021,4172849
11,"Textiles",1155,"Man-made staple fibres",115502,"Artificial Filament Tow",2021,484895
11,"Textiles",1155,"Man-made staple fibres",115503,"Unprocessed Synthetic Staple Fibers",2021,93635635
11,"Textiles",1155,"Man-made staple fibres",115504,"Unprocessed Artificial Staple Fibers",2021,894069641
11,"Textiles",1155,"Man-made staple fibres",115505,"Artificial Fibers Waste",2021,1107197
11,"Textiles",1155,"Man-made staple fibres",115506,"Processed Synthetic Staple Fibers",2021,2085244
11,"Textiles",1155,"Man-made staple fibres",115507,"Processed Artificial Staple Fibers",2021,5131584
11,"Textiles",1155,"Man-made staple fibres",115508,"Non-Retail Artificial Staple Fibers Sewing Thread",2021,1065188
11,"Textiles",1155,"Man-made staple fibres",115509,"Non-Retail Synthetic Staple Fibers Yarn",2021,17865152
11,"Textiles",1155,"Man-made staple fibres",115510,"Non-Retail Artificial Staple Fibers Yarn",2021,11216327
11,"Textiles",1155,"Man-made staple fibres",115511,"Retail Artificial Staple Fibers Yarn",2021,546806
11,"Textiles",1155,"Man-made staple fibres",115512,"Synthetic Fabrics",2021,90839131
11,"Textiles",1155,"Man-made staple fibres",115513,"Light Synthetic Cotton Fabrics",2021,1442783
11,"Textiles",1155,"Man-made staple fibres",115514,"Heavy Synthetic Cotton Fabrics",2021,5242982
11,"Textiles",1155,"Man-made staple fibres",115515,"Other Synthetic Fabrics",2021,7355754
11,"Textiles",1155,"Man-made staple fibres",115516,"Woven Fabric of Synthetic Staple Fibers",2021,16506486
11,"Textiles",1156,"Wadding, felt, nonwovens, twin, ropes, & articles thereof",115601,"Wadding",2021,38462155
11,"Textiles",1156,"Wadding, felt, nonwovens, twin, ropes, & articles thereof",115602,"Felt",2021,7439802
11,"Textiles",1156,"Wadding, felt, nonwovens, twin, ropes, & articles thereof",115603,"Non-woven Textiles",2021,116492833.99999999
11,"Textiles",1156,"Wadding, felt, nonwovens, twin, ropes, & articles thereof",115604,"Rubber Textiles",2021,2813376
11,"Textiles",1156,"Wadding, felt, nonwovens, twin, ropes, & articles thereof",115605,"Metallic Yarn",2021,359752
11,"Textiles",1156,"Wadding, felt, nonwovens, twin, ropes, & articles thereof",115606,"Gimp Yarn",2021,12261269
11,"Textiles",1156,"Wadding, felt, nonwovens, twin, ropes, & articles thereof",115607,"Twine and Rope",2021,21317971
11,"Textiles",1156,"Wadding, felt, nonwovens, twin, ropes, & articles thereof",115608,"Twine, cordage or rope; knotted netting, made up fishing nets and other made up nets, of textile materials",2021,11515564
11,"Textiles",1156,"Wadding, felt, nonwovens, twin, ropes, & articles thereof",115609,"Other Articles of Twine and Rope",2021,1870170
11,"Textiles",1157,"Carpets & textile floor covers",115701,"Knotted Carpets",2021,3138232
11,"Textiles",1157,"Carpets & textile floor covers",115702,"Hand-Woven Rugs",2021,19119294
11,"Textiles",1157,"Carpets & textile floor covers",115703,"Tufted Carpets",2021,67649560
11,"Textiles",1157,"Carpets & textile floor covers",115704,"Felt Carpets",2021,1779224
11,"Textiles",1157,"Carpets & textile floor covers",115705,"Other Carpets",2021,3256180
11,"Textiles",1158,"Special woven fabrics and tapestries",115801,"Woven Fabrics",2021,10225794
11,"Textiles",1158,"Special woven fabrics and tapestries",115802,"Terry Fabric",2021,18051493.999999996
11,"Textiles",1158,"Special woven fabrics and tapestries",115803,"Gauze",2021,880789.9999999999
11,"Textiles",1158,"Special woven fabrics and tapestries",115804,"Tulles and Net Fabric",2021,1679111
11,"Textiles",1158,"Special woven fabrics and tapestries",115805,"Hand-Woven Tapestries",2021,7772
11,"Textiles",1158,"Special woven fabrics and tapestries",115806,"Narrow Woven Fabric",2021,35842339
11,"Textiles",1158,"Special woven fabrics and tapestries",115807,"Labels",2021,2529552
11,"Textiles",1158,"Special woven fabrics and tapestries",115808,"Ornamental Trimmings",2021,2011908
11,"Textiles",1158,"Special woven fabrics and tapestries",115809,"Metallic Fabric",2021,892356.0000000001
11,"Textiles",1158,"Special woven fabrics and tapestries",115810,"Embroidery",2021,33939806
11,"Textiles",1158,"Special woven fabrics and tapestries",115811,"Quilted Textiles",2021,1355907
11,"Textiles",1159,"Coated, covered, & laminated fabrics for industrial use",115901,"Gum Coated Textile Fabric",2021,935573
11,"Textiles",1159,"Coated, covered, & laminated fabrics for industrial use",115902,"Polyamide Fabric",2021,61814
11,"Textiles",1159,"Coated, covered, & laminated fabrics for industrial use",115903,"Plastic Coated Textile Fabric",2021,62693361
11,"Textiles",1159,"Coated, covered, & laminated fabrics for industrial use",115904,"Linoleum",2021,1647261
11,"Textiles",1159,"Coated, covered, & laminated fabrics for industrial use",115905,"Textile Wall Coverings",2021,332081
11,"Textiles",1159,"Coated, covered, & laminated fabrics for industrial use",115906,"Rubber Textile Fabric",2021,4457855
11,"Textiles",1159,"Coated, covered, & laminated fabrics for industrial use",115907,"Coated Textile Fabric",2021,1873700
11,"Textiles",1159,"Coated, covered, & laminated fabrics for industrial use",115908,"Textile Wicks",2021,310742
11,"Textiles",1159,"Coated, covered, & laminated fabrics for industrial use",115909,"Hose Piping Textiles",2021,5753254
11,"Textiles",1159,"Coated, covered, & laminated fabrics for industrial use",115910,"Conveyor Belt Textiles",2021,4977493
11,"Textiles",1159,"Coated, covered, & laminated fabrics for industrial use",115911,"Textiles for technical uses",2021,140170423
11,"Textiles",1160,"Knitted fabrics",116001,"Pile Fabric",2021,3843234
11,"Textiles",1160,"Knitted fabrics",116002,"Light Rubberized Knitted Fabric",2021,186497726
11,"Textiles",1161,"Knitted clothing accesories",116101,"Knit Men's Coats",2021,16640563
11,"Textiles",1161,"Knitted clothing accesories",116102,"Knit Women's Coats",2021,24088521
11,"Textiles",1161,"Knitted clothing accesories",116103,"Knit Men's Suits",2021,27121079
11,"Textiles",1161,"Knitted clothing accesories",116104,"Knit Women's Suits",2021,109719676
11,"Textiles",1161,"Knitted clothing accesories",116105,"Knit Men's Shirts",2021,17535285
11,"Textiles",1161,"Knitted clothing accesories",116106,"Knit Women's Shirts",2021,6327864
11,"Textiles",1161,"Knitted clothing accesories",116107,"Knit Men's Undergarments",2021,22974673
11,"Textiles",1161,"Knitted clothing accesories",116108,"Knit Women's Undergarments",2021,47762738
11,"Textiles",1161,"Knitted clothing accesories",116109,"Knit T-shirts",2021,122227451
11,"Textiles",1161,"Knitted clothing accesories",116110,"Knit Sweaters",2021,102104014
11,"Textiles",1161,"Knitted clothing accesories",116111,"Knit Babies' Garments",2021,10984970
11,"Textiles",1161,"Knitted clothing accesories",116112,"Knit Active Wear",2021,19612368
11,"Textiles",1161,"Knitted clothing accesories",116113,"Garments of Impregnated Fabric",2021,3043377
11,"Textiles",1161,"Knitted clothing accesories",116114,"Other Knit Garments",2021,41685913
11,"Textiles",1161,"Knitted clothing accesories",116115,"Knit Socks and Hosiery",2021,56325969
11,"Textiles",1161,"Knitted clothing accesories",116116,"Knit Gloves",2021,20391839
11,"Textiles",1161,"Knitted clothing accesories",116117,"Other Knit Clothing Accessories",2021,8489604
11,"Textiles",1162,"Non-knitted clothing accesories",116201,"Non-Knit Men's Coats",2021,43543130
11,"Textiles",1162,"Non-knitted clothing accesories",116202,"Non-Knit Women's Coats",2021,57282110
11,"Textiles",1162,"Non-knitted clothing accesories",116203,"Non-Knit Men's Suits",2021,119060684
11,"Textiles",1162,"Non-knitted clothing accesories",116204,"Non-Knit Women's Suits",2021,108985263
11,"Textiles",1162,"Non-knitted clothing accesories",116205,"Non-Knit Men's Shirts",2021,16203570
11,"Textiles",1162,"Non-knitted clothing accesories",116206,"Non-Knit Women's Shirts",2021,20323473
11,"Textiles",1162,"Non-knitted clothing accesories",116207,"Non-Knit Men's Undergarments",2021,4563680
11,"Textiles",1162,"Non-knitted clothing accesories",116208,"Non-Knit Women's Undergarments",2021,8319001
11,"Textiles",1162,"Non-knitted clothing accesories",116209,"Non-Knit Babies' Garments",2021,3291003
11,"Textiles",1162,"Non-knitted clothing accesories",116210,"Felt or Coated Fabric Garments",2021,46731340
11,"Textiles",1162,"Non-knitted clothing accesories",116211,"Non-Knit Active Wear",2021,27520894
11,"Textiles",1162,"Non-knitted clothing accesories",116212,"Other Women's Undergarments",2021,137536266
11,"Textiles",1162,"Non-knitted clothing accesories",116213,"Handkerchiefs",2021,128622
11,"Textiles",1162,"Non-knitted clothing accesories",116214,"Scarves",2021,4425064
11,"Textiles",1162,"Non-knitted clothing accesories",116215,"Neck Ties",2021,402720
11,"Textiles",1162,"Non-knitted clothing accesories",116216,"Non-Knit Gloves",2021,4599110
11,"Textiles",1162,"Non-knitted clothing accesories",116217,"Other Non-Knit Clothing Accessories",2021,7196370
11,"Textiles",1163,"Used clothes & textile articles",116301,"Blankets",2021,8618744
11,"Textiles",1163,"Used clothes & textile articles",116302,"House Linens",2021,65879010
11,"Textiles",1163,"Used clothes & textile articles",116303,"Window Dressings",2021,12101433
11,"Textiles",1163,"Used clothes & textile articles",116304,"Bedspreads",2021,8142610
11,"Textiles",1163,"Used clothes & textile articles",116305,"Packing Bags",2021,17725429
11,"Textiles",1163,"Used clothes & textile articles",116306,"Awnings, Tents, and Sails",2021,35830881
11,"Textiles",1163,"Used clothes & textile articles",116307,"Other Cloth Articles",2021,90875797
11,"Textiles",1163,"Used clothes & textile articles",116308,"Packaged Sewing Sets",2021,298100
11,"Textiles",1163,"Used clothes & textile articles",116309,"Used Clothing",2021,36797404
11,"Textiles",1163,"Used clothes & textile articles",116310,"Textile Scraps",2021,1721791
12,"Footwear and Headwear",1264,"Footwear",126401,"Waterproof Footwear",2021,2913833
12,"Footwear and Headwear",1264,"Footwear",126402,"Rubber Footwear",2021,121080681
12,"Footwear and Headwear",1264,"Footwear",126403,"Leather Footwear",2021,284767462
12,"Footwear and Headwear",1264,"Footwear",126404,"Textile Footwear",2021,132264806
12,"Footwear and Headwear",1264,"Footwear",126405,"Other Footwear",2021,19599368
12,"Footwear and Headwear",1264,"Footwear",126406,"Footwear Parts",2021,58325679
12,"Footwear and Headwear",1265,"Headgear",126501,"Hat Forms",2021,8776
12,"Footwear and Headwear",1265,"Headgear",126502,"Hat Shapes",2021,3480
12,"Footwear and Headwear",1265,"Headgear",126504,"Hats",2021,364061
12,"Footwear and Headwear",1265,"Headgear",126505,"Knitted Hats",2021,15673123
12,"Footwear and Headwear",1265,"Headgear",126506,"Other Headwear",2021,46593904
12,"Footwear and Headwear",1265,"Headgear",126507,"Headbands and Linings",2021,871480
12,"Footwear and Headwear",1266,"Umbrellas, walking sticks, & whips",126601,"Umbrellas",2021,21349351
12,"Footwear and Headwear",1266,"Umbrellas, walking sticks, & whips",126602,"Walking Sticks",2021,5054368
12,"Footwear and Headwear",1266,"Umbrellas, walking sticks, & whips",126603,"Umbrella and Walking Stick Accessories",2021,5052424
12,"Footwear and Headwear",1267,"Feather articles, feathers, artificial flowers, & articles of human hair",126701,"Bird Skins and Feathers",2021,22199
12,"Footwear and Headwear",1267,"Feather articles, feathers, artificial flowers, & articles of human hair",126702,"Artificial Vegetation",2021,1526460
12,"Footwear and Headwear",1267,"Feather articles, feathers, artificial flowers, & articles of human hair",126703,"Processed Hair",2021,9675945
12,"Footwear and Headwear",1267,"Feather articles, feathers, artificial flowers, & articles of human hair",126704,"Fake Hair",2021,5206972
13,"Stone And Glass",1368,"Stone, plaster, cement, asbestos, mica.",136801,"Curbstones",2021,1361077
13,"Stone And Glass",1368,"Stone, plaster, cement, asbestos, mica.",136802,"Building Stone",2021,17234440
13,"Stone And Glass",1368,"Stone, plaster, cement, asbestos, mica.",136803,"Worked Slate",2021,466548
13,"Stone And Glass",1368,"Stone, plaster, cement, asbestos, mica.",136804,"Milling Stones",2021,319438485
13,"Stone And Glass",1368,"Stone, plaster, cement, asbestos, mica.",136805,"Abrasive Powder",2021,120099247
13,"Stone And Glass",1368,"Stone, plaster, cement, asbestos, mica.",136806,"Rock Wool",2021,48223799
13,"Stone And Glass",1368,"Stone, plaster, cement, asbestos, mica.",136807,"Asphalt",2021,38432900
13,"Stone And Glass",1368,"Stone, plaster, cement, asbestos, mica.",136808,"Vegetable Fiber",2021,21463140
13,"Stone And Glass",1368,"Stone, plaster, cement, asbestos, mica.",136809,"Plaster Articles",2021,41762839
13,"Stone And Glass",1368,"Stone, plaster, cement, asbestos, mica.",136810,"Cement Articles",2021,115724510
13,"Stone And Glass",1368,"Stone, plaster, cement, asbestos, mica.",136811,"Asbestos Cement Articles",2021,34282247
13,"Stone And Glass",1368,"Stone, plaster, cement, asbestos, mica.",136812,"Asbestos Fibres",2021,2649105
13,"Stone And Glass",1368,"Stone, plaster, cement, asbestos, mica.",136813,"Friction Material",2021,9877660
13,"Stone And Glass",1368,"Stone, plaster, cement, asbestos, mica.",136814,"Processed Mica",2021,26082064
13,"Stone And Glass",1368,"Stone, plaster, cement, asbestos, mica.",136815,"Other Stone Articles",2021,209361946
13,"Stone And Glass",1369,"Ceramic products",136901,"Bricks",2021,1664383
13,"Stone And Glass",1369,"Ceramic products",136902,"Refractory Bricks",2021,194229077
13,"Stone And Glass",1369,"Ceramic products",136903,"Refractory Ceramics",2021,12416925
13,"Stone And Glass",1369,"Ceramic products",136904,"Ceramic Bricks",2021,7695134
13,"Stone And Glass",1369,"Ceramic products",136905,"Roofing Tiles",2021,8229011
13,"Stone And Glass",1369,"Ceramic products",136906,"Ceramic Pipes",2021,1064263
13,"Stone And Glass",1369,"Ceramic products",136907,"Unglazed Ceramics",2021,22060849
13,"Stone And Glass",1369,"Ceramic products",136909,"Laboratory Ceramic Ware",2021,62225537
13,"Stone And Glass",1369,"Ceramic products",136910,"Bathroom Ceramics",2021,39912765
13,"Stone And Glass",1369,"Ceramic products",136911,"Porcelain Tableware",2021,12063115
13,"Stone And Glass",1369,"Ceramic products",136912,"Ceramic Tableware",2021,11064257
13,"Stone And Glass",1369,"Ceramic products",136913,"Ornamental Ceramics",2021,2790842
13,"Stone And Glass",1369,"Ceramic products",136914,"Other Ceramic Articles",2021,12055192
13,"Stone And Glass",1370,"Glass & glassware",137001,"Glass Scraps",2021,12123756
13,"Stone And Glass",1370,"Glass & glassware",137002,"Glass Balls",2021,1201755
13,"Stone And Glass",1370,"Glass & glassware",137003,"Cast or Rolled Glass",2021,742187
13,"Stone And Glass",1370,"Glass & glassware",137004,"Blown Glass",2021,388188
13,"Stone And Glass",1370,"Glass & glassware",137005,"Float Glass",2021,7002292
13,"Stone And Glass",1370,"Glass & glassware",137006,"Glass with Edge Workings",2021,3525794
13,"Stone And Glass",1370,"Glass & glassware",137007,"Safety Glass",2021,64169253
13,"Stone And Glass",1370,"Glass & glassware",137008,"Insulating Glass",2021,65122042
13,"Stone And Glass",1370,"Glass & glassware",137009,"Glass Mirrors",2021,12184298
13,"Stone And Glass",1370,"Glass & glassware",137010,"Glass Bottles",2021,223452712
13,"Stone And Glass",1370,"Glass & glassware",137011,"Glass Bulbs",2021,239852
13,"Stone And Glass",1370,"Glass & glassware",137013,"Interior Decorative Glassware",2021,166283429
13,"Stone And Glass",1370,"Glass & glassware",137014,"Signaling Glassware",2021,11405404
13,"Stone And Glass",1370,"Glass & glassware",137015,"Eyewear and Clock Glass",2021,25500
13,"Stone And Glass",1370,"Glass & glassware",137016,"Glass Bricks",2021,1773886
13,"Stone And Glass",1370,"Glass & glassware",137017,"Laboratory Glassware",2021,6344021
13,"Stone And Glass",1370,"Glass & glassware",137018,"Glass Beads",2021,183466521
13,"Stone And Glass",1370,"Glass & glassware",137019,"Glass Fibers",2021,109051037
13,"Stone And Glass",1370,"Glass & glassware",137020,"Other Glass Articles",2021,23748369
14,"Precious Metals",1471,"Precious stones, metals, & pearls",147101,"Pearls",2021,46939
14,"Precious Metals",1471,"Precious stones, metals, & pearls",147102,"Diamonds",2021,10668906
14,"Precious Metals",1471,"Precious stones, metals, & pearls",147103,"Precious Stones",2021,3198388
14,"Precious Metals",1471,"Precious stones, metals, & pearls",147104,"Synthetic Reconstructed Jewellery Stones",2021,56194441
14,"Precious Metals",1471,"Precious stones, metals, & pearls",147105,"Precious Stone Dust",2021,415396
14,"Precious Metals",1471,"Precious stones, metals, & pearls",147106,"Silver",2021,43067520
14,"Precious Metals",1471,"Precious stones, metals, & pearls",147107,"Silver Clad Metals",2021,35393
14,"Precious Metals",1471,"Precious stones, metals, & pearls",147108,"Gold",2021,1761636834
14,"Precious Metals",1471,"Precious stones, metals, & pearls",147109,"Gold Clad Metals",2021,151537
14,"Precious Metals",1471,"Precious stones, metals, & pearls",147110,"Platinum",2021,76067732
14,"Precious Metals",1471,"Precious stones, metals, & pearls",147111,"Platinum Clad Metals",2021,1248758
14,"Precious Metals",1471,"Precious stones, metals, & pearls",147112,"Precious Metal Scraps",2021,197436886
14,"Precious Metals",1471,"Precious stones, metals, & pearls",147113,"Jewellery",2021,60565954
14,"Precious Metals",1471,"Precious stones, metals, & pearls",147114,"Metal-Clad Products",2021,12476679
14,"Precious Metals",1471,"Precious stones, metals, & pearls",147115,"Other Precious Metal Products",2021,53701089.99999999
14,"Precious Metals",1471,"Precious stones, metals, & pearls",147116,"Pearl Products",2021,46845814
14,"Precious Metals",1471,"Precious stones, metals, & pearls",147117,"Imitation Jewellery",2021,101339129
14,"Precious Metals",1471,"Precious stones, metals, & pearls",147118,"Coin",2021,39616860
15,"Metals",1572,"Iron & steel",157201,"Pig Iron",2021,29032110
15,"Metals",1572,"Iron & steel",157202,"Ferroalloys",2021,272821084
15,"Metals",1572,"Iron & steel",157203,"Iron Reductions",2021,25573258
15,"Metals",1572,"Iron & steel",157204,"Scrap Iron",2021,730171766
15,"Metals",1572,"Iron & steel",157205,"Iron Powder",2021,6133706
15,"Metals",1572,"Iron & steel",157206,"Iron Ingots",2021,3132241
15,"Metals",1572,"Iron & steel",157207,"Semi-Finished Iron",2021,63263221.00000001
15,"Metals",1572,"Iron & steel",157208,"Hot-Rolled Iron",2021,895010542
15,"Metals",1572,"Iron & steel",157209,"Cold-Rolled Iron",2021,502017039
15,"Metals",1572,"Iron & steel",157210,"Coated Flat-Rolled Iron",2021,1189768738
15,"Metals",1572,"Iron & steel",157211,"Large Flat-Rolled Iron",2021,268907003
15,"Metals",1572,"Iron & steel",157212,"Large Coated Flat-Rolled Iron",2021,168843417
15,"Metals",1572,"Iron & steel",157213,"Hot-Rolled Iron Bars",2021,118048038
15,"Metals",1572,"Iron & steel",157214,"Raw Iron Bars",2021,161903763
15,"Metals",1572,"Iron & steel",157215,"Other Iron Bars",2021,30376939
15,"Metals",1572,"Iron & steel",157216,"Iron Blocks",2021,142931377
15,"Metals",1572,"Iron & steel",157217,"Iron Wire",2021,126040438
15,"Metals",1572,"Iron & steel",157218,"Stainless Steel Ingots",2021,54661919
15,"Metals",1572,"Iron & steel",157219,"Large Flat-Rolled Stainless Steel",2021,101279368
15,"Metals",1572,"Iron & steel",157220,"Flat-Rolled Stainless Steel",2021,39731713
15,"Metals",1572,"Iron & steel",157221,"Hot-Rolled Stainless Steel Bars",2021,14005747.000000002
15,"Metals",1572,"Iron & steel",157222,"Other Stainless Steel Bars",2021,169713179
15,"Metals",1572,"Iron & steel",157223,"Stainless Steel Wire",2021,6597133
15,"Metals",1572,"Iron & steel",157224,"Steel Ingots",2021,192111522
15,"Metals",1572,"Iron & steel",157225,"Flat Flat-Rolled Steel",2021,1552902896
15,"Metals",1572,"Iron & steel",157226,"Flat-Rolled Iron",2021,462255799
15,"Metals",1572,"Iron & steel",157227,"Steel Bars",2021,234983969
15,"Metals",1572,"Iron & steel",157228,"Other Steel Bars",2021,460312876
15,"Metals",1572,"Iron & steel",157229,"Steel Wire",2021,112056372
15,"Metals",1573,"Iron/Steel Articles",157301,"Iron Sheet Piling",2021,16697005
15,"Metals",1573,"Iron/Steel Articles",157302,"Iron Railway Products",2021,568638425
15,"Metals",1573,"Iron/Steel Articles",157303,"Cast Iron Pipes",2021,35434879
15,"Metals",1573,"Iron/Steel Articles",157304,"Iron Pipes",2021,578199896
15,"Metals",1573,"Iron/Steel Articles",157305,"Other Large Iron Pipes",2021,7168296
15,"Metals",1573,"Iron/Steel Articles",157306,"Other Small Iron Pipes",2021,475363142
15,"Metals",1573,"Iron/Steel Articles",157307,"Iron Pipe Fittings",2021,347988997
15,"Metals",1573,"Iron/Steel Articles",157308,"Iron Structures",2021,1414734980
15,"Metals",1573,"Iron/Steel Articles",157309,"Large Iron Containers",2021,65624248
15,"Metals",1573,"Iron/Steel Articles",157310,"Small Iron Containers",2021,95428355
15,"Metals",1573,"Iron/Steel Articles",157311,"Iron Gas Containers",2021,82526645
15,"Metals",1573,"Iron/Steel Articles",157312,"Stranded Iron Wire",2021,67476613
15,"Metals",1573,"Iron/Steel Articles",157313,"Barbed Wire",2021,151209
15,"Metals",1573,"Iron/Steel Articles",157314,"Iron Cloth",2021,43705448
15,"Metals",1573,"Iron/Steel Articles",157315,"Iron Chains",2021,114666105
15,"Metals",1573,"Iron/Steel Articles",157316,"Iron Anchors",2021,2040904
15,"Metals",1573,"Iron/Steel Articles",157317,"Iron Nails",2021,71222157
15,"Metals",1573,"Iron/Steel Articles",157318,"Iron Fasteners",2021,425101424
15,"Metals",1573,"Iron/Steel Articles",157319,"Iron Sewing Needles",2021,1028627
15,"Metals",1573,"Iron/Steel Articles",157320,"Iron Springs",2021,99880946
15,"Metals",1573,"Iron/Steel Articles",157321,"Iron Stovetops",2021,172345102
15,"Metals",1573,"Iron/Steel Articles",157322,"Iron Radiators",2021,37474311
15,"Metals",1573,"Iron/Steel Articles",157323,"Iron Housewares",2021,56790116
15,"Metals",1573,"Iron/Steel Articles",157324,"Iron Toiletry",2021,16280875
15,"Metals",1573,"Iron/Steel Articles",157325,"Other Cast Iron Products",2021,65958315
15,"Metals",1573,"Iron/Steel Articles",157326,"Other Iron Products",2021,893228140
15,"Metals",1574,"Copper articles",157401,"Precipitated Copper",2021,312176
15,"Metals",1574,"Copper articles",157402,"Raw Copper",2021,1808321
15,"Metals",1574,"Copper articles",157403,"Refined Copper",2021,1409160987
15,"Metals",1574,"Copper articles",157404,"Scrap Copper",2021,350039299
15,"Metals",1574,"Copper articles",157405,"Copper Alloys",2021,19017
15,"Metals",1574,"Copper articles",157406,"Copper Powder",2021,5889376
15,"Metals",1574,"Copper articles",157407,"Copper Bars",2021,105316964
15,"Metals",1574,"Copper articles",157408,"Copper Wire",2021,133032028
15,"Metals",1574,"Copper articles",157409,"Copper Plating",2021,32113994
15,"Metals",1574,"Copper articles",157410,"Copper Foil",2021,26197180
15,"Metals",1574,"Copper articles",157411,"Copper Pipes",2021,245457092
15,"Metals",1574,"Copper articles",157412,"Copper Pipe Fittings",2021,63302250
15,"Metals",1574,"Copper articles",157413,"Stranded Copper Wire",2021,7446343
15,"Metals",1574,"Copper articles",157415,"Copper Fasteners",2021,16832588
15,"Metals",1574,"Copper articles",157418,"Copper Housewares",2021,5412053
15,"Metals",1574,"Copper articles",157419,"Other Copper Products",2021,36136053
15,"Metals",1575,"Nickel articles",157501,"Nickel Mattes",2021,8987701
15,"Metals",1575,"Nickel articles",157502,"Raw Nickel",2021,31737314.999999996
15,"Metals",1575,"Nickel articles",157503,"Scrap Nickel",2021,25998535
15,"Metals",1575,"Nickel articles",157504,"Nickel Powder",2021,1761030
15,"Metals",1575,"Nickel articles",157505,"Nickel Bars",2021,292984190
15,"Metals",1575,"Nickel articles",157506,"Nickel Sheets",2021,17228814
15,"Metals",1575,"Nickel articles",157507,"Nickel Pipes",2021,16043242
15,"Metals",1575,"Nickel articles",157508,"Other Nickel Products",2021,13021169
15,"Metals",1576,"Aluminum articles",157601,"Raw Aluminium",2021,447652163.00000006
15,"Metals",1576,"Aluminum articles",157602,"Scrap Aluminium",2021,288672088
15,"Metals",1576,"Aluminum articles",157603,"Aluminium Powder",2021,61932139
15,"Metals",1576,"Aluminum articles",157604,"Aluminium Bars",2021,646157885
15,"Metals",1576,"Aluminum articles",157605,"Aluminium Wire",2021,8446557
15,"Metals",1576,"Aluminum articles",157606,"Aluminium Plating",2021,897745198
15,"Metals",1576,"Aluminum articles",157607,"Aluminium Foil",2021,590664945
15,"Metals",1576,"Aluminum articles",157608,"Aluminium Pipes",2021,30195747
15,"Metals",1576,"Aluminum articles",157609,"Aluminium Pipe Fittings",2021,19514702
15,"Metals",1576,"Aluminum articles",157610,"Aluminium Structures",2021,454974024
15,"Metals",1576,"Aluminum articles",157611,"Large Aluminium Containers",2021,2793241
15,"Metals",1576,"Aluminum articles",157612,"Aluminium Cans",2021,130334620
15,"Metals",1576,"Aluminum articles",157613,"Aluminium Gas Containers",2021,7571326
15,"Metals",1576,"Aluminum articles",157614,"Stranded Aluminium Wire",2021,60089133
15,"Metals",1576,"Aluminum articles",157615,"Aluminium Housewares",2021,29391402
15,"Metals",1576,"Aluminum articles",157616,"Other Aluminium Products",2021,298273789
15,"Metals",1578,"Lead articles",157801,"Raw Lead",2021,49563124
15,"Metals",1578,"Lead articles",157802,"Scrap Lead",2021,6284735
15,"Metals",1578,"Lead articles",157804,"Lead Sheets",2021,210877
15,"Metals",1578,"Lead articles",157806,"Other Lead Products",2021,710204
15,"Metals",1579,"Zinc articles",157901,"Raw Zinc",2021,72334697
15,"Metals",1579,"Zinc articles",157902,"Scrap Waste",2021,17605984
15,"Metals",1579,"Zinc articles",157903,"Zinc Powder",2021,12217334
15,"Metals",1579,"Zinc articles",157904,"Zinc Bars",2021,3544339.0000000005
15,"Metals",1579,"Zinc articles",157905,"Zinc Sheets",2021,7498890
15,"Metals",1579,"Zinc articles",157907,"Other Zinc Products",2021,54340329
15,"Metals",1580,"Tin articles",158001,"Raw Tin",2021,3857810
15,"Metals",1580,"Tin articles",158002,"Scrap Tin",2021,1749254
15,"Metals",1580,"Tin articles",158003,"Tin Bars",2021,3405061
15,"Metals",1580,"Tin articles",158007,"Other Tin Products",2021,36568370
15,"Metals",1581,"Cermet articles",158101,"Tungsten",2021,81382151
15,"Metals",1581,"Cermet articles",158102,"Molybdenum",2021,221374427
15,"Metals",1581,"Cermet articles",158103,"Tantalum",2021,19408640
15,"Metals",1581,"Cermet articles",158104,"Magnesium",2021,81049581
15,"Metals",1581,"Cermet articles",158105,"Cobalt",2021,22165796
15,"Metals",1581,"Cermet articles",158106,"Bismuth",2021,48640
15,"Metals",1581,"Cermet articles",158107,"Cadmium",2021,86382.99999999999
15,"Metals",1581,"Cermet articles",158108,"Titanium",2021,22256021
15,"Metals",1581,"Cermet articles",158109,"Zirconium",2021,445455
15,"Metals",1581,"Cermet articles",158110,"Antimony",2021,497683
15,"Metals",1581,"Cermet articles",158111,"Manganese",2021,2957618
15,"Metals",1581,"Cermet articles",158112,"Other Metals",2021,2955732
15,"Metals",1581,"Cermet articles",158113,"Cermets",2021,178072283
15,"Metals",1582,"Tools & cutlery",158201,"Garden Tools",2021,32600054
15,"Metals",1582,"Tools & cutlery",158202,"Hand Saws",2021,87270798
15,"Metals",1582,"Tools & cutlery",158203,"Hand Tools",2021,24247099
15,"Metals",1582,"Tools & cutlery",158204,"Wrenches",2021,13125552
15,"Metals",1582,"Tools & cutlery",158205,"Other Hand Tools",2021,129092458
15,"Metals",1582,"Tools & cutlery",158206,"Tool Sets",2021,6689434
15,"Metals",1582,"Tools & cutlery",158207,"Interchangeable Tool Parts",2021,392117297
15,"Metals",1582,"Tools & cutlery",158208,"Cutting Blades",2021,182822056
15,"Metals",1582,"Tools & cutlery",158209,"Tool Plates",2021,158320247
15,"Metals",1582,"Tools & cutlery",158210,"Cooking Hand Tools",2021,1858766
15,"Metals",1582,"Tools & cutlery",158211,"Knives",2021,9921581
15,"Metals",1582,"Tools & cutlery",158212,"Razor Blades",2021,34139755
15,"Metals",1582,"Tools & cutlery",158213,"Scissors",2021,1550255
15,"Metals",1582,"Tools & cutlery",158214,"Other Cutlery",2021,2431322
15,"Metals",1582,"Tools & cutlery",158215,"Cutlery Sets",2021,7334393
15,"Metals",1583,"Miscellaneous metal products",158301,"Padlocks",2021,161741370
15,"Metals",1583,"Miscellaneous metal products",158302,"Metal Mountings",2021,2778288519
15,"Metals",1583,"Miscellaneous metal products",158303,"Safes",2021,5812738
15,"Metals",1583,"Miscellaneous metal products",158304,"Filing Cabinets",2021,2204618
15,"Metals",1583,"Miscellaneous metal products",158305,"Metal Office Supplies",2021,20720654
15,"Metals",1583,"Miscellaneous metal products",158306,"Bells and Other Metal Ornaments",2021,5638160
15,"Metals",1583,"Miscellaneous metal products",158307,"Flexible Metal Tubing",2021,12393457
15,"Metals",1583,"Miscellaneous metal products",158308,"Other Metal Fasteners",2021,59459810
15,"Metals",1583,"Miscellaneous metal products",158309,"Metal Stoppers",2021,48884543
15,"Metals",1583,"Miscellaneous metal products",158310,"Metal Signs",2021,6018096
15,"Metals",1583,"Miscellaneous metal products",158311,"Coated Metal Soldering Products",2021,86024988
16,"Machines",1684,"Machinery, mechanical appliances, & parts",168401,"Nuclear Reactors",2021,654073
16,"Machines",1684,"Machinery, mechanical appliances, & parts",168402,"Steam Boilers",2021,42565849
16,"Machines",1684,"Machinery, mechanical appliances, & parts",168403,"Central Heating Boilers",2021,929955376
16,"Machines",1684,"Machinery, mechanical appliances, & parts",168404,"Boiler Plants",2021,12067530
16,"Machines",1684,"Machinery, mechanical appliances, & parts",168405,"Water and Gas Generators",2021,15104000
16,"Machines",1684,"Machinery, mechanical appliances, & parts",168406,"Steam Turbines",2021,51387861
16,"Machines",1684,"Machinery, mechanical appliances, & parts",168407,"Spark-Ignition Engines",2021,2286022019
16,"Machines",1684,"Machinery, mechanical appliances, & parts",168408,"Combustion Engines",2021,1640068081
16,"Machines",1684,"Machinery, mechanical appliances, & parts",168409,"Engine Parts",2021,1064535496
16,"Machines",1684,"Machinery, mechanical appliances, & parts",168410,"Hydraulic Turbines",2021,123586950
16,"Machines",1684,"Machinery, mechanical appliances, & parts",168411,"Gas Turbines",2021,265950342
16,"Machines",1684,"Machinery, mechanical appliances, & parts",168412,"Other Engines",2021,232497895
16,"Machines",1684,"Machinery, mechanical appliances, & parts",168413,"Liquid Pumps",2021,689221289
16,"Machines",1684,"Machinery, mechanical appliances, & parts",168414,"Air Pumps",2021,508480632
16,"Machines",1684,"Machinery, mechanical appliances, & parts",168415,"Air Conditioners",2021,321416527
16,"Machines",1684,"Machinery, mechanical appliances, & parts",168416,"Liquid Fuel Furnaces",2021,89980808
16,"Machines",1684,"Machinery, mechanical appliances, & parts",168417,"Industrial Furnaces",2021,55957472
16,"Machines",1684,"Machinery, mechanical appliances, & parts",168418,"Refrigerators",2021,877943943
16,"Machines",1684,"Machinery, mechanical appliances, & parts",168419,"Other Heating Machinery",2021,570092289
16,"Machines",1684,"Machinery, mechanical appliances, & parts",168420,"Rolling Machines",2021,28184804
16,"Machines",1684,"Machinery, mechanical appliances, & parts",168421,"Centrifuges",2021,1037011266
16,"Machines",1684,"Machinery, mechanical appliances, & parts",168422,"Washing and Bottling Machines",2021,445311086
16,"Machines",1684,"Machinery, mechanical appliances, & parts",168423,"Scales",2021,15063327
16,"Machines",1684,"Machinery, mechanical appliances, & parts",168424,"Liquid Dispersing Machines",2021,231943005
16,"Machines",1684,"Machinery, mechanical appliances, & parts",168425,"Pulley Systems",2021,44136652
16,"Machines",1684,"Machinery, mechanical appliances, & parts",168426,"Cranes",2021,885239948
16,"Machines",1684,"Machinery, mechanical appliances, & parts",168427,"Fork-Lifts",2021,170244954
16,"Machines",1684,"Machinery, mechanical appliances, & parts",168428,"Lifting Machinery",2021,1240833310
16,"Machines",1684,"Machinery, mechanical appliances, & parts",168429,"Large Construction Vehicles",2021,1340833436
16,"Machines",1684,"Machinery, mechanical appliances, & parts",168430,"Other Construction Vehicles",2021,357179578
16,"Machines",1684,"Machinery, mechanical appliances, & parts",168431,"Excavation Machinery",2021,1101299928
16,"Machines",1684,"Machinery, mechanical appliances, & parts",168432,"Soil Preparation Machinery",2021,247710497
16,"Machines",1684,"Machinery, mechanical appliances, & parts",168433,"Harvesting Machinery",2021,835053504
16,"Machines",1684,"Machinery, mechanical appliances, & parts",168434,"Dairy Machinery",2021,34566404
16,"Machines",1684,"Machinery, mechanical appliances, & parts",168435,"Fruit Pressing Machinery",2021,12758400
16,"Machines",1684,"Machinery, mechanical appliances, & parts",168436,"Other Agricultural Machinery",2021,116002317
16,"Machines",1684,"Machinery, mechanical appliances, & parts",168437,"Mill Machinery",2021,37295807
16,"Machines",1684,"Machinery, mechanical appliances, & parts",168438,"Industrial Food Preperation Machinery",2021,268437806
16,"Machines",1684,"Machinery, mechanical appliances, & parts",168439,"Papermaking Machines",2021,217400638
16,"Machines",1684,"Machinery, mechanical appliances, & parts",168440,"Book-binding Machines",2021,9471765
16,"Machines",1684,"Machinery, mechanical appliances, & parts",168441,"Other Paper Machinery",2021,55334116
16,"Machines",1684,"Machinery, mechanical appliances, & parts",168442,"Print Production Machinery",2021,22781053
16,"Machines",1684,"Machinery, mechanical appliances, & parts",168443,"Industrial Printers",2021,302112469
16,"Machines",1684,"Machinery, mechanical appliances, & parts",168444,"Artificial Textile Machinery",2021,24387910
16,"Machines",1684,"Machinery, mechanical appliances, & parts",168445,"Textile Fiber Machinery",2021,18100268
16,"Machines",1684,"Machinery, mechanical appliances, & parts",168446,"Looms",2021,37125148
16,"Machines",1684,"Machinery, mechanical appliances, & parts",168447,"Knitting Machines",2021,2104344
16,"Machines",1684,"Machinery, mechanical appliances, & parts",168448,"Knitting Machine Accessories",2021,76770961
16,"Machines",1684,"Machinery, mechanical appliances, & parts",168449,"Felt Machinery",2021,22159603
16,"Machines",1684,"Machinery, mechanical appliances, & parts",168450,"Household Washing Machines",2021,14161280
16,"Machines",1684,"Machinery, mechanical appliances, & parts",168451,"Textile Processing Machines",2021,42947985
16,"Machines",1684,"Machinery, mechanical appliances, & parts",168452,"Sewing Machines",2021,7494924
16,"Machines",1684,"Machinery, mechanical appliances, & parts",168453,"Leather Machinery",2021,4802448
16,"Machines",1684,"Machinery, mechanical appliances, & parts",168454,"Casting Machines",2021,64965893
16,"Machines",1684,"Machinery, mechanical appliances, & parts",168455,"Metal-Rolling Mills",2021,139029725
16,"Machines",1684,"Machinery, mechanical appliances, & parts",168456,"Non-Mechanical Removal Machinery",2021,97091121
16,"Machines",1684,"Machinery, mechanical appliances, & parts",168457,"Metalworking Transfer Machines",2021,93841392
16,"Machines",1684,"Machinery, mechanical appliances, & parts",168458,"Metal Lathes",2021,104997687
16,"Machines",1684,"Machinery, mechanical appliances, & parts",168459,"Drilling Machines",2021,51554747
16,"Machines",1684,"Machinery, mechanical appliances, & parts",168460,"Metal Finishing Machines",2021,24886844
16,"Machines",1684,"Machinery, mechanical appliances, & parts",168461,"Metalworking Machines",2021,35066075
16,"Machines",1684,"Machinery, mechanical appliances, & parts",168462,"Forging Machines",2021,353558652
16,"Machines",1684,"Machinery, mechanical appliances, & parts",168463,"Other Non-Metal Removal Machinery",2021,38629915
16,"Machines",1684,"Machinery, mechanical appliances, & parts",168464,"Stone Working Machines",2021,81017336
16,"Machines",1684,"Machinery, mechanical appliances, & parts",168465,"Woodworking machines",2021,369210995
16,"Machines",1684,"Machinery, mechanical appliances, & parts",168466,"Metalworking Machine Parts",2021,406983539
16,"Machines",1684,"Machinery, mechanical appliances, & parts",168467,"Motor-working Tools",2021,89547858
16,"Machines",1684,"Machinery, mechanical appliances, & parts",168468,"Soldering and Welding Machinery",2021,59437178
16,"Machines",1684,"Machinery, mechanical appliances, & parts",168470,"Calculators",2021,23160767
16,"Machines",1684,"Machinery, mechanical appliances, & parts",168471,"Computers",2021,730469086
16,"Machines",1684,"Machinery, mechanical appliances, & parts",168472,"Other Office Machines",2021,45923370
16,"Machines",1684,"Machinery, mechanical appliances, & parts",168473,"Office Machine Parts",2021,395724047
16,"Machines",1684,"Machinery, mechanical appliances, & parts",168474,"Stone Processing Machines",2021,363188533
16,"Machines",1684,"Machinery, mechanical appliances, & parts",168475,"Glass Working Machines",2021,16296647
16,"Machines",1684,"Machinery, mechanical appliances, & parts",168476,"Vending Machines",2021,16421024
16,"Machines",1684,"Machinery, mechanical appliances, & parts",168477,"Rubberworking Machinery",2021,1983565176
16,"Machines",1684,"Machinery, mechanical appliances, & parts",168478,"Tobacco Processing Machines",2021,2785244
16,"Machines",1684,"Machinery, mechanical appliances, & parts",168479,"Machinery Having Individual Functions",2021,1723954925
16,"Machines",1684,"Machinery, mechanical appliances, & parts",168480,"Metal Molds",2021,330585080
16,"Machines",1684,"Machinery, mechanical appliances, & parts",168481,"Valves",2021,1052301899
16,"Machines",1684,"Machinery, mechanical appliances, & parts",168482,"Ball Bearings",2021,872701628
16,"Machines",1684,"Machinery, mechanical appliances, & parts",168483,"Transmissions",2021,863037964
16,"Machines",1684,"Machinery, mechanical appliances, & parts",168484,"Gaskets",2021,49757276
16,"Machines",1684,"Machinery, mechanical appliances, & parts",168485,"Boat Propellers",2021,147580561
16,"Machines",1685,"Electrical machinery and electronics",168501,"Electric Motors",2021,831457331
16,"Machines",1685,"Electrical machinery and electronics",168502,"Electric Generating Sets",2021,530118224
16,"Machines",1685,"Electrical machinery and electronics",168503,"Electric Motor Parts",2021,247042712
16,"Machines",1685,"Electrical machinery and electronics",168504,"Electrical Transformers",2021,1828886899
16,"Machines",1685,"Electrical machinery and electronics",168505,"Electromagnets",2021,104233159
16,"Machines",1685,"Electrical machinery and electronics",168506,"Batteries",2021,9743109
16,"Machines",1685,"Electrical machinery and electronics",168507,"Electric Batteries",2021,827443582
16,"Machines",1685,"Electrical machinery and electronics",168508,"Vacuum Cleaners",2021,735103923
16,"Machines",1685,"Electrical machinery and electronics",168509,"Other Domestic Electric Housewares",2021,121291268
16,"Machines",1685,"Electrical machinery and electronics",168510,"Hair Trimmers",2021,57299610
16,"Machines",1685,"Electrical machinery and electronics",168511,"Electrical Ignitions",2021,105992667
16,"Machines",1685,"Electrical machinery and electronics",168512,"Electrical Lighting and Signalling Equipment",2021,797950026
16,"Machines",1685,"Electrical machinery and electronics",168513,"Portable Lighting",2021,9737077
16,"Machines",1685,"Electrical machinery and electronics",168514,"Electric Furnaces",2021,137576174
16,"Machines",1685,"Electrical machinery and electronics",168515,"Electric Soldering Equipment",2021,363804114
16,"Machines",1685,"Electrical machinery and electronics",168516,"Electric Heaters",2021,449423417
16,"Machines",1685,"Electrical machinery and electronics",168517,"Telephones",2021,156024257
16,"Machines",1685,"Electrical machinery and electronics",168518,"Microphones and Headphones",2021,103923662
16,"Machines",1685,"Electrical machinery and electronics",168519,"Sound Recording Equipment",2021,39033266
16,"Machines",1685,"Electrical machinery and electronics",168520,"Dictation Machines",2021,12428131
16,"Machines",1685,"Electrical machinery and electronics",168521,"Video Recording Equipment",2021,138801043
16,"Machines",1685,"Electrical machinery and electronics",168522,"Audio and Video Recording Accessories",2021,7161903
16,"Machines",1685,"Electrical machinery and electronics",168523,"Blank Audio Media",2021,657156271
16,"Machines",1685,"Electrical machinery and electronics",168524,"Sound Recordings",2021,26315568
16,"Machines",1685,"Electrical machinery and electronics",168525,"Broadcasting Equipment",2021,1098586199
16,"Machines",1685,"Electrical machinery and electronics",168526,"Navigation Equipment",2021,198270598
16,"Machines",1685,"Electrical machinery and electronics",168527,"Radio Receivers",2021,19629082
16,"Machines",1685,"Electrical machinery and electronics",168528,"Video Displays",2021,119704362
16,"Machines",1685,"Electrical machinery and electronics",168529,"Broadcasting Accessories",2021,141232444
16,"Machines",1685,"Electrical machinery and electronics",168530,"Traffic Signals",2021,157207513
16,"Machines",1685,"Electrical machinery and electronics",168531,"Audio Alarms",2021,126059277
16,"Machines",1685,"Electrical machinery and electronics",168532,"Electrical Capacitors",2021,107713981
16,"Machines",1685,"Electrical machinery and electronics",168533,"Electrical Resistors",2021,212975866
16,"Machines",1685,"Electrical machinery and electronics",168534,"Printed Circuit Boards",2021,323775533
16,"Machines",1685,"Electrical machinery and electronics",168535,"High-voltage Protection Equipment",2021,101115340
16,"Machines",1685,"Electrical machinery and electronics",168536,"Low-voltage Protection Equipment",2021,919595452
16,"Machines",1685,"Electrical machinery and electronics",168537,"Electrical Control Boards",2021,811804781
16,"Machines",1685,"Electrical machinery and electronics",168538,"Electrical Power Accessories",2021,858658424
16,"Machines",1685,"Electrical machinery and electronics",168539,"Electric Filament",2021,26736805
16,"Machines",1685,"Electrical machinery and electronics",168540,"Cathode Tubes",2021,8709599
16,"Machines",1685,"Electrical machinery and electronics",168541,"Semiconductor Devices",2021,1327606684
16,"Machines",1685,"Electrical machinery and electronics",168542,"Integrated Circuits",2021,954872141
16,"Machines",1685,"Electrical machinery and electronics",168543,"Other Electrical Machinery",2021,284893841
16,"Machines",1685,"Electrical machinery and electronics",168544,"Insulated Wire",2021,1423135698
16,"Machines",1685,"Electrical machinery and electronics",168545,"Carbon-based Electronics",2021,103945097
16,"Machines",1685,"Electrical machinery and electronics",168546,"Electrical Insulators",2021,27491980
16,"Machines",1685,"Electrical machinery and electronics",168547,"Metal Insulating Fittings",2021,260716775
16,"Machines",1685,"Electrical machinery and electronics",168548,"Electrical Parts",2021,6860589
17,"Transportation",1786,"Railway and trams",178601,"Electric Locomotives",2021,20360057
17,"Transportation",1786,"Railway and trams",178602,"Other Locomotives",2021,10863036
17,"Transportation",1786,"Railway and trams",178603,"Self-Propelled Rail Transport",2021,676009236
17,"Transportation",1786,"Railway and trams",178604,"Railway Maintenance Vehicles",2021,364306434
17,"Transportation",1786,"Railway and trams",178605,"Railway Passenger Cars",2021,1477722
17,"Transportation",1786,"Railway and trams",178606,"Railway Freight Cars",2021,9714340
17,"Transportation",1786,"Railway and trams",178607,"Locomotive Parts",2021,840150192
17,"Transportation",1786,"Railway and trams",178608,"Railway Track Fixtures",2021,63385020
17,"Transportation",1786,"Railway and trams",178609,"Railway Cargo Containers",2021,29828553
17,"Transportation",1787,"Cars, tractors, trucks & parts thereof.",178701,"Tractors",2021,1085155712
17,"Transportation",1787,"Cars, tractors, trucks & parts thereof.",178702,"Buses",2021,74686763
17,"Transportation",1787,"Cars, tractors, trucks & parts thereof.",178703,"Cars",2021,8757421474
17,"Transportation",1787,"Cars, tractors, trucks & parts thereof.",178704,"Delivery Trucks",2021,1245719726
17,"Transportation",1787,"Cars, tractors, trucks & parts thereof.",178705,"Special purpose motor vehicles",2021,704119699
17,"Transportation",1787,"Cars, tractors, trucks & parts thereof.",178706,"Motor vehicle (8701 to 8705) chassis fitted with engine",2021,12472266
17,"Transportation",1787,"Cars, tractors, trucks & parts thereof.",178707,"Vehicle Bodies (including cabs) for the motor vehicles (8701 to 8705)",2021,76796751
17,"Transportation",1787,"Cars, tractors, trucks & parts thereof.",178708,"Motor vehicles; parts and accessories (8701 to 8705)",2021,5276864226
17,"Transportation",1787,"Cars, tractors, trucks & parts thereof.",178709,"Work Trucks",2021,4673911
17,"Transportation",1787,"Cars, tractors, trucks & parts thereof.",178710,"Tanks and Armored vehicles",2021,8810851
17,"Transportation",1787,"Cars, tractors, trucks & parts thereof.",178711,"Motorcycles and cycles",2021,1694434705
17,"Transportation",1787,"Cars, tractors, trucks & parts thereof.",178712,"Bicycles, delivery tricycles, other cycles",2021,137953113
17,"Transportation",1787,"Cars, tractors, trucks & parts thereof.",178713,"Wheelchairs",2021,4502316
17,"Transportation",1787,"Cars, tractors, trucks & parts thereof.",178714,"Bi-Wheel Vehicle Parts",2021,175162658
17,"Transportation",1787,"Cars, tractors, trucks & parts thereof.",178715,"Baby Carriages",2021,7005806
17,"Transportation",1787,"Cars, tractors, trucks & parts thereof.",178716,"Trailers and semi-trailers, not mechanically propelled vehicles",2021,521837018
17,"Transportation",1788,"Aircraft and Spacecraft",178801,"Non-powered Aircraft",2021,50445
17,"Transportation",1788,"Aircraft and Spacecraft",178802,"Planes, Helicopters, and/or Spacecraft",2021,555387262
17,"Transportation",1788,"Aircraft and Spacecraft",178803,"Aircraft parts (gliders, balloons, and powered aircraft)",2021,590022148
17,"Transportation",1788,"Aircraft and Spacecraft",178804,"Parachutes",2021,5756892
17,"Transportation",1788,"Aircraft and Spacecraft",178805,"Aircraft Launch Gear",2021,31411650
17,"Transportation",1789,"Ships, boats, & floating structures",178901,"Passenger and Cargo Ships",2021,14441611
17,"Transportation",1789,"Ships, boats, & floating structures",178903,"Recreational Boats",2021,36682970
17,"Transportation",1789,"Ships, boats, & floating structures",178904,"Tug Boats",2021,834512.9999999999
17,"Transportation",1789,"Ships, boats, & floating structures",178905,"Special Purpose Ships",2021,733274
17,"Transportation",1789,"Ships, boats, & floating structures",178906,"Other Sea Vessels",2021,1806527
17,"Transportation",1789,"Ships, boats, & floating structures",178907,"Other Floating Structures",2021,4670164
17,"Transportation",1789,"Ships, boats, & floating structures",178908,"Scrap Vessels",2021,11.000000000000002
18,"Instruments",1890,"Optical, photo, & film equipment; medical instruments",189001,"Optical Fibers and optical fibre bundles",2021,25979696
18,"Instruments",1890,"Optical, photo, & film equipment; medical instruments",189002,"Mirrors and Lenses",2021,40613360
18,"Instruments",1890,"Optical, photo, & film equipment; medical instruments",189003,"Eyewear Frames",2021,148904268
18,"Instruments",1890,"Optical, photo, & film equipment; medical instruments",189004,"Eyewear",2021,33547536
18,"Instruments",1890,"Optical, photo, & film equipment; medical instruments",189005,"Binoculars and Telescopes",2021,94046192
18,"Instruments",1890,"Optical, photo, & film equipment; medical instruments",189006,"Cameras",2021,10304575
18,"Instruments",1890,"Optical, photo, & film equipment; medical instruments",189007,"Video Cameras",2021,9134185
18,"Instruments",1890,"Optical, photo, & film equipment; medical instruments",189008,"Image Projectors",2021,1179945
18,"Instruments",1890,"Optical, photo, & film equipment; medical instruments",189009,"Photocopiers",2021,8326876
18,"Instruments",1890,"Optical, photo, & film equipment; medical instruments",189010,"Photo Lab Equipment",2021,942170998
18,"Instruments",1890,"Optical, photo, & film equipment; medical instruments",189011,"Microscopes",2021,17264131
18,"Instruments",1890,"Optical, photo, & film equipment; medical instruments",189012,"Non-optical Microscopes",2021,71816929
18,"Instruments",1890,"Optical, photo, & film equipment; medical instruments",189013,"LCDs",2021,94794229
18,"Instruments",1890,"Optical, photo, & film equipment; medical instruments",189014,"Compasses",2021,7026043
18,"Instruments",1890,"Optical, photo, & film equipment; medical instruments",189015,"Surveying Equipment",2021,150349259
18,"Instruments",1890,"Optical, photo, & film equipment; medical instruments",189016,"Balances",2021,720009
18,"Instruments",1890,"Optical, photo, & film equipment; medical instruments",189017,"Drafting Tools",2021,18237311
18,"Instruments",1890,"Optical, photo, & film equipment; medical instruments",189018,"Medical Instruments",2021,1364682626
18,"Instruments",1890,"Optical, photo, & film equipment; medical instruments",189019,"Therapeutic Appliances",2021,43495100
18,"Instruments",1890,"Optical, photo, & film equipment; medical instruments",189020,"Breathing Appliances",2021,2441321
18,"Instruments",1890,"Optical, photo, & film equipment; medical instruments",189021,"Orthopedic Appliances",2021,889758778
18,"Instruments",1890,"Optical, photo, & film equipment; medical instruments",189022,"X-Ray Equipment",2021,212957027
18,"Instruments",1890,"Optical, photo, & film equipment; medical instruments",189023,"Instructional Models",2021,24331564
18,"Instruments",1890,"Optical, photo, & film equipment; medical instruments",189024,"Tensile Testing Machines",2021,47330633
18,"Instruments",1890,"Optical, photo, & film equipment; medical instruments",189025,"Hydrometers",2021,63078253
18,"Instruments",1890,"Optical, photo, & film equipment; medical instruments",189026,"Gas and Liquid Flow Measuring Instruments",2021,150412502
18,"Instruments",1890,"Optical, photo, & film equipment; medical instruments",189027,"Chemical Analysis Instruments",2021,655623607
18,"Instruments",1890,"Optical, photo, & film equipment; medical instruments",189028,"Utility Meters",2021,19768964
18,"Instruments",1890,"Optical, photo, & film equipment; medical instruments",189029,"Revolution Counters",2021,19812281
18,"Instruments",1890,"Optical, photo, & film equipment; medical instruments",189030,"Oscilloscopes",2021,300877551
18,"Instruments",1890,"Optical, photo, & film equipment; medical instruments",189031,"Other Measuring Instruments",2021,788791365
18,"Instruments",1890,"Optical, photo, & film equipment; medical instruments",189032,"Thermostats",2021,261551173
18,"Instruments",1890,"Optical, photo, & film equipment; medical instruments",189033,"Opto-Electric Instrument Parts",2021,18404765
18,"Instruments",1891,"Clocks, watches, & parts",189101,"Precious Metal Watches",2021,45169579
18,"Instruments",1891,"Clocks, watches, & parts",189102,"Base Metal Watches",2021,86245700
18,"Instruments",1891,"Clocks, watches, & parts",189103,"Clocks with Watch Movements",2021,209482
18,"Instruments",1891,"Clocks, watches, & parts",189104,"Dashboard Clocks",2021,114350
18,"Instruments",1891,"Clocks, watches, & parts",189105,"Other Clocks",2021,3430954
18,"Instruments",1891,"Clocks, watches, & parts",189106,"Time Recording Instruments",2021,1615574
18,"Instruments",1891,"Clocks, watches, & parts",189107,"Time Switches",2021,2122020
18,"Instruments",1891,"Clocks, watches, & parts",189108,"Watch Movements",2021,374989
18,"Instruments",1891,"Clocks, watches, & parts",189109,"Clock Movements",2021,27378
18,"Instruments",1891,"Clocks, watches, & parts",189110,"Incomplete Movement Sets",2021,26544
18,"Instruments",1891,"Clocks, watches, & parts",189111,"Watch Cases and Parts",2021,207857
18,"Instruments",1891,"Clocks, watches, & parts",189112,"Clock Cases and Parts",2021,30712.999999999996
18,"Instruments",1891,"Clocks, watches, & parts",189113,"Watch Straps",2021,29578793
18,"Instruments",1891,"Clocks, watches, & parts",189114,"Other Clocks and Watches",2021,1577785
18,"Instruments",1892,"Musical instruments",189201,"Pianos",2021,18093757
18,"Instruments",1892,"Musical instruments",189202,"String Instruments",2021,2105827
18,"Instruments",1892,"Musical instruments",189205,"Wind Instruments",2021,8679963
18,"Instruments",1892,"Musical instruments",189206,"Percussion",2021,1033604
18,"Instruments",1892,"Musical instruments",189207,"Electric Musical Instruments",2021,3185862
18,"Instruments",1892,"Musical instruments",189208,"Other Musical Instruments",2021,351968
18,"Instruments",1892,"Musical instruments",189209,"Musical Instrument Parts",2021,37222685
19,"Weapons",1993,"Weapons",199301,"Military Weapons",2021,3375664.9999999995
19,"Weapons",1993,"Weapons",199302,"Handguns",2021,451254327
19,"Weapons",1993,"Weapons",199303,"Other Firearms",2021,21244266
19,"Weapons",1993,"Weapons",199304,"Spring, Air, and Gas Guns",2021,16025260
19,"Weapons",1993,"Weapons",199305,"Weapons Parts and Accessories",2021,152643135
19,"Weapons",1993,"Weapons",199306,"Explosive Ammunition",2021,58135127
19,"Weapons",1993,"Weapons",199307,"Bladed Weapons and Accessories",2021,191153
20,"Miscellaneous",2094,"Furniture, bedding, lamps, & prefab buildings",209401,"Seats",2021,237569773
20,"Miscellaneous",2094,"Furniture, bedding, lamps, & prefab buildings",209402,"Medical Furniture",2021,27219182
20,"Miscellaneous",2094,"Furniture, bedding, lamps, & prefab buildings",209403,"Other Furniture",2021,1098807473
20,"Miscellaneous",2094,"Furniture, bedding, lamps, & prefab buildings",209404,"Mattresses",2021,85912330
20,"Miscellaneous",2094,"Furniture, bedding, lamps, & prefab buildings",209405,"Light Fixtures",2021,788406701
20,"Miscellaneous",2094,"Furniture, bedding, lamps, & prefab buildings",209406,"Prefabricated Buildings",2021,262246097
20,"Miscellaneous",2095,"Toys, games, & sports",209503,"Other toys",2021,129365775
20,"Miscellaneous",2095,"Toys, games, & sports",209504,"Video and Card Games",2021,244639403
20,"Miscellaneous",2095,"Toys, games, & sports",209505,"Party Decorations",2021,13284995
20,"Miscellaneous",2095,"Toys, games, & sports",209506,"Sports Equipment",2021,523417719
20,"Miscellaneous",2095,"Toys, games, & sports",209507,"Fishing and Hunting Equipment",2021,3169024
20,"Miscellaneous",2095,"Toys, games, & sports",209508,"Fairground Amusements",2021,23898616
20,"Miscellaneous",2096,"Misc. manufactures",209601,"Worked Ivory and Bone",2021,887968
20,"Miscellaneous",2096,"Misc. manufactures",209602,"Vegetable and Mineral Carvings",2021,2849130
20,"Miscellaneous",2096,"Misc. manufactures",209603,"Brooms",2021,66056920
20,"Miscellaneous",2096,"Misc. manufactures",209604,"Hand Sifters",2021,395526
20,"Miscellaneous",2096,"Misc. manufactures",209605,"Travel Kits",2021,136281
20,"Miscellaneous",2096,"Misc. manufactures",209606,"Buttons",2021,4010014
20,"Miscellaneous",2096,"Misc. manufactures",209607,"Zippers",2021,14153270
20,"Miscellaneous",2096,"Misc. manufactures",209608,"Pens",2021,36253029
20,"Miscellaneous",2096,"Misc. manufactures",209609,"Pencils and Crayons",2021,9407573
20,"Miscellaneous",2096,"Misc. manufactures",209610,"Chalkboards",2021,762699
20,"Miscellaneous",2096,"Misc. manufactures",209611,"Rubber Stamps",2021,70990444
20,"Miscellaneous",2096,"Misc. manufactures",209612,"Ink Ribbons",2021,14040436
20,"Miscellaneous",2096,"Misc. manufactures",209613,"Lighters",2021,8816653
20,"Miscellaneous",2096,"Misc. manufactures",209614,"Smoking Pipes",2021,1812735
20,"Miscellaneous",2096,"Misc. manufactures",209615,"Combs",2021,1599031
20,"Miscellaneous",2096,"Misc. manufactures",209616,"Scent Sprays",2021,2565783
20,"Miscellaneous",2096,"Misc. manufactures",209617,"Vacuum Flask",2021,4310650
20,"Miscellaneous",2096,"Misc. manufactures",209618,"Mannequins",2021,1044310
21,"Arts and Antiques",2197,"Art & antiques",219701,"Paintings",2021,94985765
21,"Arts and Antiques",2197,"Art & antiques",219702,"Prints",2021,1173766
21,"Arts and Antiques",2197,"Art & antiques",219703,"Sculptures",2021,18727352
21,"Arts and Antiques",2197,"Art & antiques",219704,"Revenue Stamps",2021,4065847
21,"Arts and Antiques",2197,"Art & antiques",219705,"Collector's Items",2021,52268613
21,"Arts and Antiques",2197,"Art & antiques",219706,"Antiques",2021,22814137