Section ID,Section,HS2 ID,HS2,HS4 ID,HS4,Year,Trade Value
1,"Animal Products",101,"Live animals",10101,"Horses",2021,178467869
1,"Animal Products",101,"Live animals",10102,"Bovine",2021,1279028719
1,"Animal Products",101,"Live animals",10104,"Sheep and Goats",2021,102327099
1,"Animal Products",101,"Live animals",10105,"Poultry",2021,4841522
1,"Animal Products",101,"Live animals",10106,"Other Animals",2021,8701048
1,"Animal Products",102,"Meat & edible offal",10201,"Bovine Meat",2021,2947303077
1,"Animal Products",102,"Meat & edible offal",10202,"Frozen Bovine Meat",2021,3763455169
1,"Animal Products",102,"Meat & edible offal",10203,"Pig Meat",2021,109240084
1,"Animal Products",102,"Meat & edible offal",10204,"Sheep and Goat Meat",2021,3249149241
1,"Animal Products",102,"Meat & edible offal",10205,"Horse Meat",2021,1638861
1,"Animal Products",102,"Meat & edible offal",10206,"Edible Offal",2021,795299470
1,"Animal Products",102,"Meat & edible offal",10207,"Poultry Meat",2021,71396502
1,"Animal Products",102,"Meat & edible offal",10208,"Other Meat",2021,10408254
1,"Animal Products",102,"Meat & edible offal",10209,"Animal Fat",2021,1451579
1,"Animal Products",102,"Meat & edible offal",10210,"Preserved Meat",2021,2869057
1,"Animal Products",103,"Fish, Crustaceans & Molluscs",10301,"Live Fish",2021,18967583
1,"Animal Products",103,"Fish, Crustaceans & Molluscs",10302,"Non-fillet Fresh Fish",2021,304133976
1,"Animal Products",103,"Fish, Crustaceans & Molluscs",10303,"Non-fillet Frozen Fish",2021,146268163
1,"Animal Products",103,"Fish, Crustaceans & Molluscs",10304,"Fish Fillets",2021,37201974
1,"Animal Products",103,"Fish, Crustaceans & Molluscs",10305,"Dried/Salted/Smoked/Brined Fish",2021,4297878
1,"Animal Products",103,"Fish, Crustaceans & Molluscs",10306,"Crustaceans",2021,286142944
1,"Animal Products",103,"Fish, Crustaceans & Molluscs",10307,"Molluscs",2021,101577326
1,"Animal Products",104,"Edible products of animal origin, n.e.s.",10401,"Milk",2021,282804784
1,"Animal Products",104,"Edible products of animal origin, n.e.s.",10402,"Concentrated Milk",2021,981069894
1,"Animal Products",104,"Edible products of animal origin, n.e.s.",10403,"Fermented Milk Products",2021,47972542
1,"Animal Products",104,"Edible products of animal origin, n.e.s.",10404,"Whey and other milk products",2021,80888848
1,"Animal Products",104,"Edible products of animal origin, n.e.s.",10405,"Butter",2021,109712029
1,"Animal Products",104,"Edible products of animal origin, n.e.s.",10406,"Cheese",2021,710350299
1,"Animal Products",104,"Edible products of animal origin, n.e.s.",10407,"Eggs",2021,6556636
1,"Animal Products",104,"Edible products of animal origin, n.e.s.",10408,"Processed Egg Products",2021,1333725
1,"Animal Products",104,"Edible products of animal origin, n.e.s.",10409,"Honey",2021,47453536
1,"Animal Products",104,"Edible products of animal origin, n.e.s.",10410,"Other Edible Animal Products",2021,8181503
1,"Animal Products",105,"Animal originated products, n.e.s.",10501,"Human Hair",2021,140263
1,"Animal Products",105,"Animal originated products, n.e.s.",10502,"Pig Hair",2021,8543
1,"Animal Products",105,"Animal originated products, n.e.s.",10504,"Animal Organs",2021,238301099
1,"Animal Products",105,"Animal originated products, n.e.s.",10505,"Bird Feathers and Skins",2021,8438509
1,"Animal Products",105,"Animal originated products, n.e.s.",10506,"Processed Bones",2021,5750276
1,"Animal Products",105,"Animal originated products, n.e.s.",10507,"Raw Bones",2021,1260904
1,"Animal Products",105,"Animal originated products, n.e.s.",10508,"Coral and Shells",2021,10392421
1,"Animal Products",105,"Animal originated products, n.e.s.",10510,"Pharmaceutical Animal Products",2021,17119010
1,"Animal Products",105,"Animal originated products, n.e.s.",10511,"Other Inedible Animal Products",2021,128639705.99999999
2,"Vegetable Products",206,"Live trees, plants, bulbs, cut flowers, & ornamental foliage",20601,"Bulbs and Roots",2021,472617
2,"Vegetable Products",206,"Live trees, plants, bulbs, cut flowers, & ornamental foliage",20602,"Other live plants, cuttings and slips;
mushroom spawn",2021,5727131
2,"Vegetable Products",206,"Live trees, plants, bulbs, cut flowers, & ornamental foliage",20603,"Cut Flowers",2021,6314880
2,"Vegetable Products",206,"Live trees, plants, bulbs, cut flowers, & ornamental foliage",20604,"Plant foliage",2021,3336756
2,"Vegetable Products",207,"Edible vegetables, roots, & tubers",20701,"Potatoes",2021,36999247
2,"Vegetable Products",207,"Edible vegetables, roots, & tubers",20702,"Tomatoes",2021,6308927
2,"Vegetable Products",207,"Edible vegetables, roots, & tubers",20703,"Onions",2021,34910939
2,"Vegetable Products",207,"Edible vegetables, roots, & tubers",20704,"Cabbages",2021,20611161
2,"Vegetable Products",207,"Edible vegetables, roots, & tubers",20705,"Lettuce",2021,6644910
2,"Vegetable Products",207,"Edible vegetables, roots, & tubers",20706,"Root Vegetables",2021,85848825
2,"Vegetable Products",207,"Edible vegetables, roots, & tubers",20707,"Cucumbers",2021,743919
2,"Vegetable Products",207,"Edible vegetables, roots, & tubers",20708,"Legumes",2021,8152080.999999999
2,"Vegetable Products",207,"Edible vegetables, roots, & tubers",20709,"Other Vegetables",2021,43710985
2,"Vegetable Products",207,"Edible vegetables, roots, & tubers",20710,"Frozen Vegetables",2021,6572581
2,"Vegetable Products",207,"Edible vegetables, roots, & tubers",20711,"Preserved Vegetables",2021,225714
2,"Vegetable Products",207,"Edible vegetables, roots, & tubers",20712,"Dried Vegetables",2021,18019667
2,"Vegetable Products",207,"Edible vegetables, roots, & tubers",20713,"Dried Legumes",2021,1611058401
2,"Vegetable Products",207,"Edible vegetables, roots, & tubers",20714,"Cassava",2021,3169676
2,"Vegetable Products",208,"Edible fruits, nuts & fruit peels",20801,"Coconuts, Brazil Nuts, and Cashews",2021,1693146
2,"Vegetable Products",208,"Edible fruits, nuts & fruit peels",20802,"Other Nuts",2021,720169965
2,"Vegetable Products",208,"Edible fruits, nuts & fruit peels",20803,"Bananas",2021,2540138
2,"Vegetable Products",208,"Edible fruits, nuts & fruit peels",20804,"Tropical Fruits",2021,49118782
2,"Vegetable Products",208,"Edible fruits, nuts & fruit peels",20805,"Citrus",2021,399464478
2,"Vegetable Products",208,"Edible fruits, nuts & fruit peels",20806,"Grapes",2021,481705529
2,"Vegetable Products",208,"Edible fruits, nuts & fruit peels",20807,"Melons",2021,30991117
2,"Vegetable Products",208,"Edible fruits, nuts & fruit peels",20808,"Apples and Pears",2021,18880573
2,"Vegetable Products",208,"Edible fruits, nuts & fruit peels",20809,"Pitted Fruits",2021,162946474
2,"Vegetable Products",208,"Edible fruits, nuts & fruit peels",20810,"Other Fruits",2021,44519873
2,"Vegetable Products",208,"Edible fruits, nuts & fruit peels",20811,"Frozen Fruits and Nuts",2021,1795505
2,"Vegetable Products",208,"Edible fruits, nuts & fruit peels",20812,"Preserved Fruits and Nuts",2021,397986
2,"Vegetable Products",208,"Edible fruits, nuts & fruit peels",20813,"Dried Fruits",2021,5556404
2,"Vegetable Products",208,"Edible fruits, nuts & fruit peels",20814,"Citrus and Melon Peels",2021,294776
2,"Vegetable Products",209,"Coffee, tea, mate & spices",20901,"Coffee",2021,24984461
2,"Vegetable Products",209,"Coffee, tea, mate & spices",20902,"Tea",2021,6532942
2,"Vegetable Products",209,"Coffee, tea, mate & spices",20903,"Mate",2021,26033
2,"Vegetable Products",209,"Coffee, tea, mate & spices",20904,"Pepper",2021,3025268
2,"Vegetable Products",209,"Coffee, tea, mate & spices",20905,"Vanilla",2021,1421815
2,"Vegetable Products",209,"Coffee, tea, mate & spices",20906,"Cinnamon",2021,392971
2,"Vegetable Products",209,"Coffee, tea, mate & spices",20907,"Cloves",2021,50747
2,"Vegetable Products",209,"Coffee, tea, mate & spices",20908,"Nutmeg, mace and cardamons",2021,384964
2,"Vegetable Products",209,"Coffee, tea, mate & spices",20909,"Spice Seeds",2021,740317
2,"Vegetable Products",209,"Coffee, tea, mate & spices",20910,"Spices",2021,6496280
2,"Vegetable Products",210,"Cereals",21001,"Wheat",2021,7454808809
2,"Vegetable Products",210,"Cereals",21002,"Rye",2021,109594.00000000001
2,"Vegetable Products",210,"Cereals",21003,"Barley",2021,2015733537
2,"Vegetable Products",210,"Cereals",21004,"Oats",2021,114014997
2,"Vegetable Products",210,"Cereals",21005,"Corn",2021,45810029
2,"Vegetable Products",210,"Cereals",21006,"Rice",2021,78203333
2,"Vegetable Products",210,"Cereals",21007,"Sorghum",2021,436643389.99999994
2,"Vegetable Products",210,"Cereals",21008,"Buckwheat",2021,14118236
2,"Vegetable Products",211,"Products of the milling industry",21101,"Wheat Flours",2021,10990388
2,"Vegetable Products",211,"Products of the milling industry",21102,"Cereal Flours",2021,7147783
2,"Vegetable Products",211,"Products of the milling industry",21103,"Cereal Meal and Pellets",2021,93751453
2,"Vegetable Products",211,"Products of the milling industry",21104,"Processed Cereals",2021,109429525
2,"Vegetable Products",211,"Products of the milling industry",21105,"Potato Flours",2021,8485673
2,"Vegetable Products",211,"Products of the milling industry",21106,"Legume Flours",2021,4588228
2,"Vegetable Products",211,"Products of the milling industry",21107,"Malt",2021,356890624
2,"Vegetable Products",211,"Products of the milling industry",21108,"Starches",2021,46789303
2,"Vegetable Products",211,"Products of the milling industry",21109,"Wheat Gluten",2021,203487697
2,"Vegetable Products",212,"Oils seeds, oleaginous fruits, grains, straw & fodder",21201,"Soybeans",2021,7526667
2,"Vegetable Products",212,"Oils seeds, oleaginous fruits, grains, straw & fodder",21202,"Ground Nuts",2021,3336441
2,"Vegetable Products",212,"Oils seeds, oleaginous fruits, grains, straw & fodder",21203,"Copra",2021,173754
2,"Vegetable Products",212,"Oils seeds, oleaginous fruits, grains, straw & fodder",21204,"Linseed",2021,273248
2,"Vegetable Products",212,"Oils seeds, oleaginous fruits, grains, straw & fodder",21205,"Rapeseed",2021,1967010825
2,"Vegetable Products",212,"Oils seeds, oleaginous fruits, grains, straw & fodder",21206,"Sunflower Seeds",2021,1473164
2,"Vegetable Products",212,"Oils seeds, oleaginous fruits, grains, straw & fodder",21207,"Other Oily Seeds",2021,99354719
2,"Vegetable Products",212,"Oils seeds, oleaginous fruits, grains, straw & fodder",21208,"Oil Seed Flower",2021,2124002
2,"Vegetable Products",212,"Oils seeds, oleaginous fruits, grains, straw & fodder",21209,"Sowing Seeds",2021,155965695
2,"Vegetable Products",212,"Oils seeds, oleaginous fruits, grains, straw & fodder",21210,"Hops",2021,28156120
2,"Vegetable Products",212,"Oils seeds, oleaginous fruits, grains, straw & fodder",21211,"Perfume Plants",2021,39973256
2,"Vegetable Products",212,"Oils seeds, oleaginous fruits, grains, straw & fodder",21212,"Locust beans, seaweed, sugar beet, cane, for food",2021,1695228
2,"Vegetable Products",212,"Oils seeds, oleaginous fruits, grains, straw & fodder",21213,"Cereal Straws",2021,44266650
2,"Vegetable Products",212,"Oils seeds, oleaginous fruits, grains, straw & fodder",21214,"Forage Crops",2021,405954135
2,"Vegetable Products",213,"Natural gums, resins & other vegetable extracts",21301,"Insect Resins",2021,200414
2,"Vegetable Products",213,"Natural gums, resins & other vegetable extracts",21302,"Vegetable Saps",2021,40937084
2,"Vegetable Products",214,"Vegetable plaiting materials & products, n.e.s.",21401,"Vegetable Plaiting Materials",2021,44650
2,"Vegetable Products",214,"Vegetable plaiting materials & products, n.e.s.",21404,"Other Vegetable Products",2021,287873
3,"Animal and Vegetable Bi-Products",315,"Animal or vegetable fats, oils, & waxes",31501,"Pig and Poultry Fat",2021,1327907
3,"Animal and Vegetable Bi-Products",315,"Animal or vegetable fats, oils, & waxes",31502,"Bovine, Sheep, and Goat Fat",2021,474789062
3,"Animal and Vegetable Bi-Products",315,"Animal or vegetable fats, oils, & waxes",31503,"Lard stearin and oils",2021,409543.00000000006
3,"Animal and Vegetable Bi-Products",315,"Animal or vegetable fats, oils, & waxes",31504,"Fish Oil",2021,25724706
3,"Animal and Vegetable Bi-Products",315,"Animal or vegetable fats, oils, & waxes",31505,"Wool Grease",2021,4698917
3,"Animal and Vegetable Bi-Products",315,"Animal or vegetable fats, oils, & waxes",31506,"Other Animal Fats",2021,3291497
3,"Animal and Vegetable Bi-Products",315,"Animal or vegetable fats, oils, & waxes",31507,"Soybean Oil",2021,1703054
3,"Animal and Vegetable Bi-Products",315,"Animal or vegetable fats, oils, & waxes",31508,"Ground Nut Oil",2021,243493
3,"Animal and Vegetable Bi-Products",315,"Animal or vegetable fats, oils, & waxes",31509,"Pure Olive Oil",2021,10136863
3,"Animal and Vegetable Bi-Products",315,"Animal or vegetable fats, oils, & waxes",31510,"Olive Oil",2021,516740
3,"Animal and Vegetable Bi-Products",315,"Animal or vegetable fats, oils, & waxes",31511,"Palm Oil",2021,488815
3,"Animal and Vegetable Bi-Products",315,"Animal or vegetable fats, oils, & waxes",31512,"Seed Oils",2021,4337903
3,"Animal and Vegetable Bi-Products",315,"Animal or vegetable fats, oils, & waxes",31513,"Coconut Oil",2021,6480151
3,"Animal and Vegetable Bi-Products",315,"Animal or vegetable fats, oils, & waxes",31514,"Rapeseed Oil",2021,228358875
3,"Animal and Vegetable Bi-Products",315,"Animal or vegetable fats, oils, & waxes",31515,"Other Pure Vegetable Oils",2021,56104963
3,"Animal and Vegetable Bi-Products",315,"Animal or vegetable fats, oils, & waxes",31516,"Other Vegetable Oils",2021,6966833
3,"Animal and Vegetable Bi-Products",315,"Animal or vegetable fats, oils, & waxes",31517,"Margarine",2021,88722707
3,"Animal and Vegetable Bi-Products",315,"Animal or vegetable fats, oils, & waxes",31518,"Inedible Fats and Oils",2021,35509983
3,"Animal and Vegetable Bi-Products",315,"Animal or vegetable fats, oils, & waxes",31519,"Stearic Acid",2021,1718102
3,"Animal and Vegetable Bi-Products",315,"Animal or vegetable fats, oils, & waxes",31520,"Glycerol",2021,831679
3,"Animal and Vegetable Bi-Products",315,"Animal or vegetable fats, oils, & waxes",31521,"Vegetable waxes and beeswax",2021,2391622
3,"Animal and Vegetable Bi-Products",315,"Animal or vegetable fats, oils, & waxes",31522,"Fat and Oil Residues",2021,201982
4,"Foodstuffs",416,"Preparations of fish, crustacenas, & molluscs",41601,"Sausages",2021,10218992
4,"Foodstuffs",416,"Preparations of fish, crustacenas, & molluscs",41602,"Other Prepared Meat",2021,122450030
4,"Foodstuffs",416,"Preparations of fish, crustacenas, & molluscs",41603,"Animal Extracts",2021,9938237
4,"Foodstuffs",416,"Preparations of fish, crustacenas, & molluscs",41604,"Processed Fish",2021,6381739
4,"Foodstuffs",416,"Preparations of fish, crustacenas, & molluscs",41605,"Processed Crustaceans",2021,62365549
4,"Foodstuffs",417,"Sugars & confectioneries",41701,"Raw Sugar",2021,1667693333
4,"Foodstuffs",417,"Sugars & confectioneries",41702,"Other Sugars",2021,42857005
4,"Foodstuffs",417,"Sugars & confectioneries",41703,"Molasses",2021,41217763
4,"Foodstuffs",417,"Sugars & confectioneries",41704,"Confectionery Sugar",2021,83466980
4,"Foodstuffs",418,"Cocoa & cocoa preparations",41801,"Cocoa Beans",2021,126324
4,"Foodstuffs",418,"Cocoa & cocoa preparations",41802,"Cocoa Shells",2021,44260
4,"Foodstuffs",418,"Cocoa & cocoa preparations",41803,"Cocoa Paste",2021,91962
4,"Foodstuffs",418,"Cocoa & cocoa preparations",41804,"Cocoa Butter",2021,118489
4,"Foodstuffs",418,"Cocoa & cocoa preparations",41805,"Cocoa Powder",2021,1780041
4,"Foodstuffs",418,"Cocoa & cocoa preparations",41806,"Chocolate",2021,275561308
4,"Foodstuffs",419,"Preparations of cereals, flour, starch or milk",41901,"Malt Extract",2021,504804704
4,"Foodstuffs",419,"Preparations of cereals, flour, starch or milk",41902,"Pasta",2021,47159966
4,"Foodstuffs",419,"Preparations of cereals, flour, starch or milk",41903,"Tapioca",2021,137645
4,"Foodstuffs",419,"Preparations of cereals, flour, starch or milk",41904,"Prepared Cereals",2021,103402272
4,"Foodstuffs",419,"Preparations of cereals, flour, starch or milk",41905,"Baked Goods",2021,179493181
4,"Foodstuffs",420,"Preparations of vegetables, fruit, nuts or other plant parts",42001,"Pickled Foods",2021,2623243
4,"Foodstuffs",420,"Preparations of vegetables, fruit, nuts or other plant parts",42002,"Processed Tomatoes",2021,6908782
4,"Foodstuffs",420,"Preparations of vegetables, fruit, nuts or other plant parts",42003,"Processed Mushrooms",2021,3872062
4,"Foodstuffs",420,"Preparations of vegetables, fruit, nuts or other plant parts",42004,"Other Frozen Vegetables",2021,31772198
4,"Foodstuffs",420,"Preparations of vegetables, fruit, nuts or other plant parts",42005,"Other Processed Vegetables",2021,20630906
4,"Foodstuffs",420,"Preparations of vegetables, fruit, nuts or other plant parts",42006,"Sugar Preserved Foods",2021,3951417
4,"Foodstuffs",420,"Preparations of vegetables, fruit, nuts or other plant parts",42007,"Jams",2021,13683306
4,"Foodstuffs",420,"Preparations of vegetables, fruit, nuts or other plant parts",42008,"Other Processed Fruits and Nuts",2021,53391407
4,"Foodstuffs",420,"Preparations of vegetables, fruit, nuts or other plant parts",42009,"Fruit Juice",2021,49032857
4,"Foodstuffs",421,"Miscellaneous edible preparations",42101,"Coffee and Tea Extracts",2021,55404443
4,"Foodstuffs",421,"Miscellaneous edible preparations",42102,"Yeast",2021,8315396
4,"Foodstuffs",421,"Miscellaneous edible preparations",42103,"Sauces and Seasonings",2021,122196925
4,"Foodstuffs",421,"Miscellaneous edible preparations",42104,"Soups and Broths",2021,54255965
4,"Foodstuffs",421,"Miscellaneous edible preparations",42105,"Ice Cream",2021,36465215
4,"Foodstuffs",421,"Miscellaneous edible preparations",42106,"Other Edible Preparations",2021,1009253672
4,"Foodstuffs",422,"Beverages, spirits, & vinegar",42201,"Water",2021,11144489
4,"Foodstuffs",422,"Beverages, spirits, & vinegar",42202,"Flavored Water",2021,203493189
4,"Foodstuffs",422,"Beverages, spirits, & vinegar",42203,"Beer",2021,18894855
4,"Foodstuffs",422,"Beverages, spirits, & vinegar",42204,"Wine",2021,1703889259
4,"Foodstuffs",422,"Beverages, spirits, & vinegar",42205,"Vermouth",2021,4960183
4,"Foodstuffs",422,"Beverages, spirits, & vinegar",42206,"Other Fermented Beverages",2021,12965739
4,"Foodstuffs",422,"Beverages, spirits, & vinegar",42207,"Alcohol > 80% ABV",2021,95311411
4,"Foodstuffs",422,"Beverages, spirits, & vinegar",42208,"Hard Liquor",2021,89027488
4,"Foodstuffs",422,"Beverages, spirits, & vinegar",42209,"Vinegar",2021,1400469
4,"Foodstuffs",423,"Food residues & wastes; animal fodder",42301,"Animal Meal and Pellets",2021,149123128
4,"Foodstuffs",423,"Food residues & wastes; animal fodder",42302,"Bran",2021,36463285
4,"Foodstuffs",423,"Food residues & wastes; animal fodder",42303,"Starch Residue",2021,44042334
4,"Foodstuffs",423,"Food residues & wastes; animal fodder",42304,"Soybean Meal",2021,1822616
4,"Foodstuffs",423,"Food residues & wastes; animal fodder",42305,"Ground Nut Meal",2021,9362
4,"Foodstuffs",423,"Food residues & wastes; animal fodder",42306,"Other Vegetable Residues",2021,44459099
4,"Foodstuffs",423,"Food residues & wastes; animal fodder",42307,"Wine Lees",2021,10051
4,"Foodstuffs",423,"Food residues & wastes; animal fodder",42308,"Other Vegetable Residues and Waste",2021,6879345
4,"Foodstuffs",423,"Food residues & wastes; animal fodder",42309,"Animal Food",2021,417367448
4,"Foodstuffs",424,"Tobacco & substitutes",42401,"Raw Tobacco",2021,965476.0000000001
4,"Foodstuffs",424,"Tobacco & substitutes",42402,"Rolled Tobacco",2021,13469961
4,"Foodstuffs",424,"Tobacco & substitutes",42403,"Processed Tobacco",2021,1259558
5,"Mineral Products",525,"Salt, sulphur, cement, lime, stone, & plaster",52501,"Salt",2021,508968375
5,"Mineral Products",525,"Salt, sulphur, cement, lime, stone, & plaster",52502,"Iron Pyrites",2021,793.9999999999999
5,"Mineral Products",525,"Salt, sulphur, cement, lime, stone, & plaster",52503,"Sulphur",2021,54978
5,"Mineral Products",525,"Salt, sulphur, cement, lime, stone, & plaster",52504,"Graphite",2021,47283
5,"Mineral Products",525,"Salt, sulphur, cement, lime, stone, & plaster",52505,"Sand",2021,244291261
5,"Mineral Products",525,"Salt, sulphur, cement, lime, stone, & plaster",52506,"Quartz",2021,105994
5,"Mineral Products",525,"Salt, sulphur, cement, lime, stone, & plaster",52507,"Kaolin",2021,4856219
5,"Mineral Products",525,"Salt, sulphur, cement, lime, stone, & plaster",52508,"Clays",2021,6241597
5,"Mineral Products",525,"Salt, sulphur, cement, lime, stone, & plaster",52509,"Chalk",2021,11724
5,"Mineral Products",525,"Salt, sulphur, cement, lime, stone, & plaster",52510,"Calcium Phosphates",2021,5757855
5,"Mineral Products",525,"Salt, sulphur, cement, lime, stone, & plaster",52511,"Barium Sulphate",2021,155102
5,"Mineral Products",525,"Salt, sulphur, cement, lime, stone, & plaster",52512,"Siliceous Fossil Meals",2021,2749933
5,"Mineral Products",525,"Salt, sulphur, cement, lime, stone, & plaster",52513,"Pumice",2021,78108942
5,"Mineral Products",525,"Salt, sulphur, cement, lime, stone, & plaster",52514,"Slate",2021,506
5,"Mineral Products",525,"Salt, sulphur, cement, lime, stone, & plaster",52515,"Marble, Travertine and Alabaster",2021,1971814
5,"Mineral Products",525,"Salt, sulphur, cement, lime, stone, & plaster",52516,"Granite",2021,2417609
5,"Mineral Products",525,"Salt, sulphur, cement, lime, stone, & plaster",52517,"Gravel and Crushed Stone",2021,653154
5,"Mineral Products",525,"Salt, sulphur, cement, lime, stone, & plaster",52518,"Dolomite",2021,5611104
5,"Mineral Products",525,"Salt, sulphur, cement, lime, stone, & plaster",52519,"Magnesium Carbonate",2021,92129274
5,"Mineral Products",525,"Salt, sulphur, cement, lime, stone, & plaster",52520,"Gypsum",2021,26310153
5,"Mineral Products",525,"Salt, sulphur, cement, lime, stone, & plaster",52521,"Limestone",2021,859244
5,"Mineral Products",525,"Salt, sulphur, cement, lime, stone, & plaster",52522,"Quicklime",2021,6239121
5,"Mineral Products",525,"Salt, sulphur, cement, lime, stone, & plaster",52523,"Cement",2021,3250643
5,"Mineral Products",525,"Salt, sulphur, cement, lime, stone, & plaster",52524,"Asbestos",2021,377.99999999999994
5,"Mineral Products",525,"Salt, sulphur, cement, lime, stone, & plaster",52525,"Mica",2021,19118
5,"Mineral Products",525,"Salt, sulphur, cement, lime, stone, & plaster",52526,"Soapstone",2021,17887078
5,"Mineral Products",525,"Salt, sulphur, cement, lime, stone, & plaster",52528,"Borax",2021,11192
5,"Mineral Products",525,"Salt, sulphur, cement, lime, stone, & plaster",52529,"Feldspar",2021,840155
5,"Mineral Products",525,"Salt, sulphur, cement, lime, stone, & plaster",52530,"Other Mineral",2021,1102153752
5,"Mineral Products",526,"Ores, slag and ash",52601,"Iron Ore",2021,128898802622.00002
5,"Mineral Products",526,"Ores, slag and ash",52602,"Manganese Ore",2021,1547403803
5,"Mineral Products",526,"Ores, slag and ash",52603,"Copper Ore",2021,5097952338
5,"Mineral Products",526,"Ores, slag and ash",52604,"Nickel Ore",2021,62875010
5,"Mineral Products",526,"Ores, slag and ash",52605,"Cobalt Ore",2021,89971
5,"Mineral Products",526,"Ores, slag and ash",52606,"Aluminium Ore",2021,1290841339.9999998
5,"Mineral Products",526,"Ores, slag and ash",52607,"Lead Ore",2021,629161308
5,"Mineral Products",526,"Ores, slag and ash",52608,"Zinc Ore",2021,2207269446
5,"Mineral Products",526,"Ores, slag and ash",52609,"Tin Ores",2021,229832705
5,"Mineral Products",526,"Ores, slag and ash",52610,"Chromium Ore",2021,51150
5,"Mineral Products",526,"Ores, slag and ash",52611,"Tungsten Ore",2021,2717267
5,"Mineral Products",526,"Ores, slag and ash",52612,"Uranium and Thorium Ore",2021,42086875.00000001
5,"Mineral Products",526,"Ores, slag and ash",52613,"Molybdenum Ore",2021,290782.00000000006
5,"Mineral Products",526,"Ores, slag and ash",52614,"Titanium Ore",2021,460404788
5,"Mineral Products",526,"Ores, slag and ash",52615,"Niobium, Tantalum, Vanadium and Zirconium Ore",2021,389736427
5,"Mineral Products",526,"Ores, slag and ash",52616,"Precious Metal Ore",2021,1147093303
5,"Mineral Products",526,"Ores, slag and ash",52617,"Other Ores",2021,19597250
5,"Mineral Products",526,"Ores, slag and ash",52618,"Granulated Slag",2021,4033
5,"Mineral Products",526,"Ores, slag and ash",52619,"Slag Dross",2021,4409365
5,"Mineral Products",526,"Ores, slag and ash",52620,"Non-Iron and Steel Slag, Ash and Residues",2021,483844483
5,"Mineral Products",526,"Ores, slag and ash",52621,"Other Slag and Ash",2021,3914144
5,"Mineral Products",527,"Mineral fuels, mineral oils and products of their distillation",52701,"Coal Briquettes",2021,49374208427
5,"Mineral Products",527,"Mineral fuels, mineral oils and products of their distillation",52702,"Lignite",2021,55776
5,"Mineral Products",527,"Mineral fuels, mineral oils and products of their distillation",52703,"Peat",2021,2342581
5,"Mineral Products",527,"Mineral fuels, mineral oils and products of their distillation",52704,"Coke",2021,166770879
5,"Mineral Products",527,"Mineral fuels, mineral oils and products of their distillation",52705,"Non-Petroleum Gas",2021,12363
5,"Mineral Products",527,"Mineral fuels, mineral oils and products of their distillation",52706,"Tar",2021,2451
5,"Mineral Products",527,"Mineral fuels, mineral oils and products of their distillation",52707,"Coal Tar Oil",2021,40531317
5,"Mineral Products",527,"Mineral fuels, mineral oils and products of their distillation",52708,"Pitch Coke",2021,1546880
5,"Mineral Products",527,"Mineral fuels, mineral oils and products of their distillation",52709,"Crude Petroleum",2021,5033787305
5,"Mineral Products",527,"Mineral fuels, mineral oils and products of their distillation",52710,"Refined Petroleum",2021,1242211716
5,"Mineral Products",527,"Mineral fuels, mineral oils and products of their distillation",52711,"Petroleum Gas",2021,44755735851
5,"Mineral Products",527,"Mineral fuels, mineral oils and products of their distillation",52712,"Petroleum Jelly",2021,1192446
5,"Mineral Products",527,"Mineral fuels, mineral oils and products of their distillation",52713,"Petroleum Coke",2021,235918
5,"Mineral Products",527,"Mineral fuels, mineral oils and products of their distillation",52714,"Bitumen and asphalt",2021,359254
5,"Mineral Products",527,"Mineral fuels, mineral oils and products of their distillation",52715,"Asphalt Mixtures",2021,998428
6,"Chemical Products",628,"Inorganic chemicals",62801,"Halogens",2021,3046494
6,"Chemical Products",628,"Inorganic chemicals",62802,"Sulfur",2021,15578
6,"Chemical Products",628,"Inorganic chemicals",62803,"Carbon",2021,675533
6,"Chemical Products",628,"Inorganic chemicals",62804,"Hydrogen",2021,145799279
6,"Chemical Products",628,"Inorganic chemicals",62805,"Alkali, alkaline-earth, rare-earth metals, scandium, yttrium, and mercury",2021,97068339.00000001
6,"Chemical Products",628,"Inorganic chemicals",62806,"Hydrochloric Acid",2021,1647054
6,"Chemical Products",628,"Inorganic chemicals",62807,"Sulfuric Acid",2021,22290651
6,"Chemical Products",628,"Inorganic chemicals",62808,"Nitric Acids",2021,76701
6,"Chemical Products",628,"Inorganic chemicals",62809,"Phosphoric Acid",2021,394854
6,"Chemical Products",628,"Inorganic chemicals",62810,"Boron",2021,692358
6,"Chemical Products",628,"Inorganic chemicals",62811,"Other Inorganic Acids",2021,14511957
6,"Chemical Products",628,"Inorganic chemicals",62812,"Halides",2021,23144
6,"Chemical Products",628,"Inorganic chemicals",62813,"Nonmetal Sulfides",2021,1938
6,"Chemical Products",628,"Inorganic chemicals",62814,"Ammonia",2021,181173323
6,"Chemical Products",628,"Inorganic chemicals",62815,"Sodium or Potassium Peroxides",2021,3900138
6,"Chemical Products",628,"Inorganic chemicals",62816,"Magnesium Hydroxide and Peroxide",2021,405772
6,"Chemical Products",628,"Inorganic chemicals",62817,"Zinc Oxide and Peroxide",2021,5525799
6,"Chemical Products",628,"Inorganic chemicals",62818,"Aluminium Oxide",2021,5334781961
6,"Chemical Products",628,"Inorganic chemicals",62819,"Chromium Oxides and Hydroxides",2021,244701.99999999997
6,"Chemical Products",628,"Inorganic chemicals",62820,"Manganese Oxides",2021,450770
6,"Chemical Products",628,"Inorganic chemicals",62821,"Iron Oxides and Hydroxides",2021,2422362.0000000005
6,"Chemical Products",628,"Inorganic chemicals",62822,"Cobalt Oxides and Hydroxides",2021,1019394
6,"Chemical Products",628,"Inorganic chemicals",62823,"Titanium Oxides",2021,6968150
6,"Chemical Products",628,"Inorganic chemicals",62824,"Lead Oxides",2021,2900636
6,"Chemical Products",628,"Inorganic chemicals",62825,"Inorganic Salts",2021,89828206
6,"Chemical Products",628,"Inorganic chemicals",62826,"Fluorides",2021,1590225
6,"Chemical Products",628,"Inorganic chemicals",62827,"Chlorides",2021,3823865
6,"Chemical Products",628,"Inorganic chemicals",62828,"Hypochlorites",2021,1403873
6,"Chemical Products",628,"Inorganic chemicals",62829,"Chlorates and Perchlorates",2021,576658
6,"Chemical Products",628,"Inorganic chemicals",62830,"Sulfides",2021,11261
6,"Chemical Products",628,"Inorganic chemicals",62831,"Dithionites and Sulfoxylates",2021,44642
6,"Chemical Products",628,"Inorganic chemicals",62832,"Sulfites",2021,422828
6,"Chemical Products",628,"Inorganic chemicals",62833,"Sulfates",2021,1512854
6,"Chemical Products",628,"Inorganic chemicals",62834,"Nitrites and Nitrates",2021,7359147.000000001
6,"Chemical Products",628,"Inorganic chemicals",62835,"Phosphinates (hypophosphites) and phosphonates (phosphites)",2021,6483835
6,"Chemical Products",628,"Inorganic chemicals",62836,"Carbonates",2021,42799666
6,"Chemical Products",628,"Inorganic chemicals",62837,"Cyanides",2021,172781571
6,"Chemical Products",628,"Inorganic chemicals",62839,"Silicates",2021,5122106
6,"Chemical Products",628,"Inorganic chemicals",62840,"Borates",2021,4034037
6,"Chemical Products",628,"Inorganic chemicals",62841,"Oxometallic or Peroxometallic Acid Salts",2021,1169777
6,"Chemical Products",628,"Inorganic chemicals",62842,"Other Inorganic Acids Salts",2021,812586
6,"Chemical Products",628,"Inorganic chemicals",62843,"Precious Metal Compounds",2021,5287254
6,"Chemical Products",628,"Inorganic chemicals",62844,"Radioactive Chemicals",2021,407027268
6,"Chemical Products",628,"Inorganic chemicals",62845,"Other Isotopes",2021,733035
6,"Chemical Products",628,"Inorganic chemicals",62846,"Rare-Earth Metal Compounds",2021,1559336.9999999998
6,"Chemical Products",628,"Inorganic chemicals",62847,"Hydrogen peroxide",2021,2769703
6,"Chemical Products",628,"Inorganic chemicals",62849,"Carbides",2021,186685
6,"Chemical Products",628,"Inorganic chemicals",62850,"Hydrides and other anions",2021,38999
6,"Chemical Products",628,"Inorganic chemicals",62851,"Inorganic Compounds",2021,5675950
6,"Chemical Products",629,"Organic chemicals",62901,"Acyclic Hydrocarbons",2021,15733982
6,"Chemical Products",629,"Organic chemicals",62902,"Cyclic Hydrocarbons",2021,1169821
6,"Chemical Products",629,"Organic chemicals",62903,"Halogenated Hydrocarbons",2021,499946
6,"Chemical Products",629,"Organic chemicals",62904,"Sulfonated, Nitrated or Nitrosated Hydrocarbons",2021,275511
6,"Chemical Products",629,"Organic chemicals",62905,"Acyclic alcohol derivatives (halogenated, sulphonated, nitrated)",2021,4574231
6,"Chemical Products",629,"Organic chemicals",62906,"Cyclic Alcohols",2021,300127
6,"Chemical Products",629,"Organic chemicals",62907,"Phenols",2021,157222
6,"Chemical Products",629,"Organic chemicals",62908,"Phenol Derivatives",2021,569302
6,"Chemical Products",629,"Organic chemicals",62909,"Ethers",2021,2864140
6,"Chemical Products",629,"Organic chemicals",62910,"Epoxides",2021,83340
6,"Chemical Products",629,"Organic chemicals",62911,"Acetals and Hemiacetals",2021,146653
6,"Chemical Products",629,"Organic chemicals",62912,"Aldehydes, cyclic polymers, and paraformaldehyde",2021,612505
6,"Chemical Products",629,"Organic chemicals",62913,"Halogenated aldehyde derivatives (heading 2912)",2021,14055.000000000002
6,"Chemical Products",629,"Organic chemicals",62914,"Ketones and Quinones",2021,2341215
6,"Chemical Products",629,"Organic chemicals",62915,"Saturated Acyclic Monocarboxylic Acids",2021,3138559
6,"Chemical Products",629,"Organic chemicals",62916,"Unsaturated Acyclic Monocarboxylic Acids",2021,5823359
6,"Chemical Products",629,"Organic chemicals",62917,"Polycarboxylic Acids",2021,617437
6,"Chemical Products",629,"Organic chemicals",62918,"Carboxylic Acids",2021,13742370
6,"Chemical Products",629,"Organic chemicals",62919,"Phosphoric Esters and Salts",2021,394744
6,"Chemical Products",629,"Organic chemicals",62920,"Other Esters",2021,1377364
6,"Chemical Products",629,"Organic chemicals",62921,"Amine Compounds",2021,2291827
6,"Chemical Products",629,"Organic chemicals",62922,"Oxygen Amino Compounds",2021,1518876
6,"Chemical Products",629,"Organic chemicals",62923,"Quaternary Ammonium Salts and Hydroxides",2021,837074
6,"Chemical Products",629,"Organic chemicals",62924,"Carboxyamide Compounds",2021,660681
6,"Chemical Products",629,"Organic chemicals",62925,"Carboxyimide Compounds",2021,723062
6,"Chemical Products",629,"Organic chemicals",62926,"Nitrile Compounds",2021,191351
6,"Chemical Products",629,"Organic chemicals",62927,"Diazo, Azo or Aoxy Compounds",2021,4709
6,"Chemical Products",629,"Organic chemicals",62928,"Hydrazine or Hydroxylamine Derivatives",2021,12207
6,"Chemical Products",629,"Organic chemicals",62929,"Other Nitrogen Compounds",2021,35769607
6,"Chemical Products",629,"Organic chemicals",62930,"Organo-Sulfur Compounds",2021,2613770
6,"Chemical Products",629,"Organic chemicals",62931,"Other Organo-Inorganic Compounds",2021,4773083
6,"Chemical Products",629,"Organic chemicals",62932,"Oxygen Heterocyclic Compounds",2021,814556
6,"Chemical Products",629,"Organic chemicals",62933,"Nitrogen Heterocyclic Compounds",2021,7414967
6,"Chemical Products",629,"Organic chemicals",62934,"Nucleic Acids",2021,2495868
6,"Chemical Products",629,"Organic chemicals",62935,"Sulfonamides",2021,57558
6,"Chemical Products",629,"Organic chemicals",62936,"Vitamins",2021,52997451
6,"Chemical Products",629,"Organic chemicals",62937,"Hormones",2021,4638856
6,"Chemical Products",629,"Organic chemicals",62938,"Glycosides",2021,712926
6,"Chemical Products",629,"Organic chemicals",62939,"Vegetable Alkaloids",2021,90977872
6,"Chemical Products",629,"Organic chemicals",62940,"Chemically Pure Sugars",2021,505727
6,"Chemical Products",629,"Organic chemicals",62941,"Antibiotics",2021,4543571
6,"Chemical Products",629,"Organic chemicals",62942,"Other Organic Compounds",2021,1593263
6,"Chemical Products",630,"Pharmaceutical products",63001,"Glands and Other Organs",2021,16087206
6,"Chemical Products",630,"Pharmaceutical products",63002,"Vaccines, blood, antisera, toxins and cultures",2021,1175847734
6,"Chemical Products",630,"Pharmaceutical products",63003,"Unpackaged Medicaments",2021,39870844
6,"Chemical Products",630,"Pharmaceutical products",63004,"Packaged Medicaments",2021,1121295247
6,"Chemical Products",630,"Pharmaceutical products",63005,"Bandages",2021,14141869
6,"Chemical Products",630,"Pharmaceutical products",63006,"Special Pharmaceuticals",2021,36598100
6,"Chemical Products",631,"Fertilizers",63101,"Animal or Vegetable Fertilizers",2021,8196686
6,"Chemical Products",631,"Fertilizers",63102,"Nitrogenous Fertilizers",2021,27180595
6,"Chemical Products",631,"Fertilizers",63103,"Phosphatic Fertilizers",2021,44335304
6,"Chemical Products",631,"Fertilizers",63104,"Potassic Fertilizers",2021,7503303
6,"Chemical Products",631,"Fertilizers",63105,"Mixed Mineral or Chemical Fertilizers",2021,328094530
6,"Chemical Products",632,"Paints, dyes, & varnishes",63201,"Vegetable Tanning Extracts",2021,180029
6,"Chemical Products",632,"Paints, dyes, & varnishes",63202,"Synthetic Tanning Extracts",2021,2159601
6,"Chemical Products",632,"Paints, dyes, & varnishes",63203,"Vegetable or Animal Dyes",2021,12357603
6,"Chemical Products",632,"Paints, dyes, & varnishes",63204,"Synthetic Coloring Matter",2021,13148065
6,"Chemical Products",632,"Paints, dyes, & varnishes",63205,"Lake Pigments",2021,359197.00000000006
6,"Chemical Products",632,"Paints, dyes, & varnishes",63206,"Other Coloring Matter",2021,573190946
6,"Chemical Products",632,"Paints, dyes, & varnishes",63207,"Prepared Pigments",2021,6866421
6,"Chemical Products",632,"Paints, dyes, & varnishes",63208,"Nonaqueous Paints",2021,54273603
6,"Chemical Products",632,"Paints, dyes, & varnishes",63209,"Aqueous Paints",2021,31843118
6,"Chemical Products",632,"Paints, dyes, & varnishes",63210,"Other Paints",2021,4068700.0000000005
6,"Chemical Products",632,"Paints, dyes, & varnishes",63211,"Prepared Paint Driers",2021,267916
6,"Chemical Products",632,"Paints, dyes, & varnishes",63212,"Nonaqueous Pigments",2021,10037808
6,"Chemical Products",632,"Paints, dyes, & varnishes",63213,"Artistry Paints",2021,1351240
6,"Chemical Products",632,"Paints, dyes, & varnishes",63214,"Glaziers Putty",2021,40010286
6,"Chemical Products",632,"Paints, dyes, & varnishes",63215,"Ink",2021,34979161
6,"Chemical Products",633,"Perfumery & cosmetics",63301,"Essential Oils",2021,87236230
6,"Chemical Products",633,"Perfumery & cosmetics",63302,"Scented Mixtures",2021,57828905
6,"Chemical Products",633,"Perfumery & cosmetics",63303,"Perfumes",2021,30047124
6,"Chemical Products",633,"Perfumery & cosmetics",63304,"Beauty Products",2021,499362112
6,"Chemical Products",633,"Perfumery & cosmetics",63305,"Hair Products",2021,98707882
6,"Chemical Products",633,"Perfumery & cosmetics",63306,"Dental Products",2021,22678355
6,"Chemical Products",633,"Perfumery & cosmetics",63307,"Shaving Products",2021,87175439
6,"Chemical Products",634,"Soap, cleaners, candles, dental, modelling pastes",63401,"Soap",2021,41132201
6,"Chemical Products",634,"Soap, cleaners, candles, dental, modelling pastes",63402,"Cleaning Products",2021,223311540
6,"Chemical Products",634,"Soap, cleaners, candles, dental, modelling pastes",63403,"Lubricating Products",2021,28774649
6,"Chemical Products",634,"Soap, cleaners, candles, dental, modelling pastes",63404,"Waxes",2021,3722209
6,"Chemical Products",634,"Soap, cleaners, candles, dental, modelling pastes",63405,"Polishes and Creams",2021,4757467
6,"Chemical Products",634,"Soap, cleaners, candles, dental, modelling pastes",63406,"Candles",2021,8707766
6,"Chemical Products",634,"Soap, cleaners, candles, dental, modelling pastes",63407,"Pastes and Waxes",2021,1047109
6,"Chemical Products",635,"Glues, starches, & albuminoid products",63501,"Casein",2021,16742586
6,"Chemical Products",635,"Glues, starches, & albuminoid products",63502,"Water Soluble Proteins",2021,49031328
6,"Chemical Products",635,"Glues, starches, & albuminoid products",63503,"Gelatin",2021,12457293
6,"Chemical Products",635,"Glues, starches, & albuminoid products",63504,"Peptones",2021,123107892
6,"Chemical Products",635,"Glues, starches, & albuminoid products",63505,"Dextrins",2021,40885684
6,"Chemical Products",635,"Glues, starches, & albuminoid products",63506,"Glues",2021,34242385
6,"Chemical Products",635,"Glues, starches, & albuminoid products",63507,"Enzymes",2021,6742577
6,"Chemical Products",636,"Explosives, matches, & fireworks",63601,"Propellant Powders",2021,9328091.999999998
6,"Chemical Products",636,"Explosives, matches, & fireworks",63602,"Prepared Explosives",2021,2737233
6,"Chemical Products",636,"Explosives, matches, & fireworks",63603,"Detonating Fuses",2021,8529471
6,"Chemical Products",636,"Explosives, matches, & fireworks",63604,"Fireworks",2021,4529494
6,"Chemical Products",636,"Explosives, matches, & fireworks",63605,"Matches",2021,44868
6,"Chemical Products",636,"Explosives, matches, & fireworks",63606,"Pyrophoric Alloys",2021,404847
6,"Chemical Products",637,"Photo & movie goods",63701,"Photographic Plates",2021,2169746
6,"Chemical Products",637,"Photo & movie goods",63702,"Photographic Film",2021,583561
6,"Chemical Products",637,"Photo & movie goods",63703,"Photographic Paper",2021,81820
6,"Chemical Products",637,"Photo & movie goods",63704,"Undeveloped Exposed Photographic Material",2021,49042.99999999999
6,"Chemical Products",637,"Photo & movie goods",63705,"Developed Exposed Photographic Material",2021,91965
6,"Chemical Products",637,"Photo & movie goods",63706,"Motion-picture film, exposed and developed",2021,15623
6,"Chemical Products",637,"Photo & movie goods",63707,"Photographic Chemicals",2021,2755323
6,"Chemical Products",638,"Chemical products n.e.s.",63801,"Artificial Graphite",2021,325970
6,"Chemical Products",638,"Chemical products n.e.s.",63802,"Activated Carbon",2021,48208328
6,"Chemical Products",638,"Chemical products n.e.s.",63803,"Tall Oil",2021,24599
6,"Chemical Products",638,"Chemical products n.e.s.",63804,"Wood Pulp Lyes",2021,119029
6,"Chemical Products",638,"Chemical products n.e.s.",63805,"Turpentine",2021,2524681
6,"Chemical Products",638,"Chemical products n.e.s.",63806,"Rosin",2021,758619
6,"Chemical Products",638,"Chemical products n.e.s.",63807,"Wood Tar, Oils and Pitch",2021,460875
6,"Chemical Products",638,"Chemical products n.e.s.",63808,"Pesticides",2021,202124523
6,"Chemical Products",638,"Chemical products n.e.s.",63809,"Dyeing Finishing Agents",2021,5926713
6,"Chemical Products",638,"Chemical products n.e.s.",63810,"Metal Pickling Preparations",2021,6229169
6,"Chemical Products",638,"Chemical products n.e.s.",63811,"Antiknock",2021,22176494
6,"Chemical Products",638,"Chemical products n.e.s.",63812,"Prepared Rubber Accelerators",2021,4709826
6,"Chemical Products",638,"Chemical products n.e.s.",63813,"Fire Extinguishers Preparations",2021,860999
6,"Chemical Products",638,"Chemical products n.e.s.",63814,"Organic Composite Solvents",2021,3964204
6,"Chemical Products",638,"Chemical products n.e.s.",63815,"Reaction and Catalytic Products",2021,9905730
6,"Chemical Products",638,"Chemical products n.e.s.",63816,"Refractory Cements",2021,4365240
6,"Chemical Products",638,"Chemical products n.e.s.",63817,"Alkylbenzenes and Alkylnaphthalenes",2021,55443.00000000001
6,"Chemical Products",638,"Chemical products n.e.s.",63818,"Disc Chemicals for Electronics",2021,873135
6,"Chemical Products",638,"Chemical products n.e.s.",63819,"Hydraulic Brake Fluid",2021,5013093
6,"Chemical Products",638,"Chemical products n.e.s.",63820,"Antifreeze",2021,16265080
6,"Chemical Products",638,"Chemical products n.e.s.",63821,"Micro-Organism Culture Preparations",2021,6753248
6,"Chemical Products",638,"Chemical products n.e.s.",63822,"Laboratory Reagents",2021,154874619
6,"Chemical Products",638,"Chemical products n.e.s.",63823,"Industrial Fatty Acids, Oils and Alcohols",2021,130963485
7,"Plastics and Rubbers",739,"Plastics & articles thereof",73901,"Ethylene Polymers",2021,87187372
7,"Plastics and Rubbers",739,"Plastics & articles thereof",73902,"Propylene Polymers",2021,75859576
7,"Plastics and Rubbers",739,"Plastics & articles thereof",73903,"Styrene Polymers",2021,8233414
7,"Plastics and Rubbers",739,"Plastics & articles thereof",73904,"Vinyl Chloride Polymers",2021,7294068
7,"Plastics and Rubbers",739,"Plastics & articles thereof",73905,"Other Vinyl Polymers",2021,2658299
7,"Plastics and Rubbers",739,"Plastics & articles thereof",73906,"Acrylic Polymers",2021,38653090
7,"Plastics and Rubbers",739,"Plastics & articles thereof",73907,"Polyacetals",2021,58775359
7,"Plastics and Rubbers",739,"Plastics & articles thereof",73908,"Polyamides",2021,3479641
7,"Plastics and Rubbers",739,"Plastics & articles thereof",73909,"Amino-resins",2021,38934636
7,"Plastics and Rubbers",739,"Plastics & articles thereof",73910,"Silicone",2021,2832099
7,"Plastics and Rubbers",739,"Plastics & articles thereof",73911,"Petroleum Resins",2021,2522476
7,"Plastics and Rubbers",739,"Plastics & articles thereof",73912,"Cellulose",2021,1831178
7,"Plastics and Rubbers",739,"Plastics & articles thereof",73913,"Natural Polymers",2021,3758298
7,"Plastics and Rubbers",739,"Plastics & articles thereof",73914,"Polymer Ion-Exchangers",2021,4031620
7,"Plastics and Rubbers",739,"Plastics & articles thereof",73915,"Scrap Plastic",2021,46092850
7,"Plastics and Rubbers",739,"Plastics & articles thereof",73916,"Monofilament",2021,11864322
7,"Plastics and Rubbers",739,"Plastics & articles thereof",73917,"Plastic Pipes",2021,131681623
7,"Plastics and Rubbers",739,"Plastics & articles thereof",73918,"Plastic Floor Coverings",2021,8030736
7,"Plastics and Rubbers",739,"Plastics & articles thereof",73919,"Self-adhesive Plastics",2021,41836762
7,"Plastics and Rubbers",739,"Plastics & articles thereof",73920,"Raw Plastic Sheeting",2021,103970742
7,"Plastics and Rubbers",739,"Plastics & articles thereof",73921,"Other Plastic Sheetings",2021,48094482
7,"Plastics and Rubbers",739,"Plastics & articles thereof",73922,"Plastic Wash Basins",2021,2765686
7,"Plastics and Rubbers",739,"Plastics & articles thereof",73923,"Plastic Lids",2021,95449158
7,"Plastics and Rubbers",739,"Plastics & articles thereof",73924,"Plastic Housewares",2021,28349680
7,"Plastics and Rubbers",739,"Plastics & articles thereof",73925,"Plastic Building Materials",2021,25594907
7,"Plastics and Rubbers",739,"Plastics & articles thereof",73926,"Other Plastic Products",2021,157409445
7,"Plastics and Rubbers",740,"Rubber & articles thereof",74001,"Rubber",2021,1085925
7,"Plastics and Rubbers",740,"Rubber & articles thereof",74002,"Synthetic Rubber",2021,1678320
7,"Plastics and Rubbers",740,"Rubber & articles thereof",74003,"Reclaimed Rubber",2021,78720
7,"Plastics and Rubbers",740,"Rubber & articles thereof",74004,"Scrap Rubber",2021,6850785
7,"Plastics and Rubbers",740,"Rubber & articles thereof",74005,"Compounded Unvulcanised Rubber",2021,3348102
7,"Plastics and Rubbers",740,"Rubber & articles thereof",74006,"Unvulcanised Rubber Products",2021,374657
7,"Plastics and Rubbers",740,"Rubber & articles thereof",74007,"Rubber Thread",2021,114003
7,"Plastics and Rubbers",740,"Rubber & articles thereof",74008,"Rubber Sheets",2021,7508209
7,"Plastics and Rubbers",740,"Rubber & articles thereof",74009,"Rubber Pipes",2021,26802773
7,"Plastics and Rubbers",740,"Rubber & articles thereof",74010,"Rubber Belting",2021,45961866
7,"Plastics and Rubbers",740,"Rubber & articles thereof",74011,"Rubber Tires",2021,34542187
7,"Plastics and Rubbers",740,"Rubber & articles thereof",74012,"Used Rubber Tires",2021,20766018
7,"Plastics and Rubbers",740,"Rubber & articles thereof",74013,"Rubber Inner Tubes",2021,619101
7,"Plastics and Rubbers",740,"Rubber & articles thereof",74014,"Pharmaceutical Rubber Products",2021,1008400
7,"Plastics and Rubbers",740,"Rubber & articles thereof",74015,"Rubber Apparel",2021,23331821
7,"Plastics and Rubbers",740,"Rubber & articles thereof",74016,"Other Rubber Products",2021,57086944
7,"Plastics and Rubbers",740,"Rubber & articles thereof",74017,"Hard Rubber",2021,1972851
8,"Animal Hides",841,"Raw hides & skin (non-fur)",84101,"Equine and Bovine Hides",2021,4038909
8,"Animal Hides",841,"Raw hides & skin (non-fur)",84102,"Sheep Hides",2021,168918135.00000003
8,"Animal Hides",841,"Raw hides & skin (non-fur)",84103,"Other Hides and Skins",2021,21410537
8,"Animal Hides",841,"Raw hides & skin (non-fur)",84104,"Tanned Equine and Bovine Hides",2021,251798555
8,"Animal Hides",841,"Raw hides & skin (non-fur)",84105,"Tanned Sheep Hides",2021,284366
8,"Animal Hides",841,"Raw hides & skin (non-fur)",84106,"Tanned Goat Hides",2021,687458.0000000001
8,"Animal Hides",841,"Raw hides & skin (non-fur)",84107,"Leather of Other Animals",2021,12142756
8,"Animal Hides",841,"Raw hides & skin (non-fur)",84108,"Chamois Leather",2021,46764
8,"Animal Hides",841,"Raw hides & skin (non-fur)",84109,"Patent Leather",2021,58857
8,"Animal Hides",841,"Raw hides & skin (non-fur)",84110,"Leather Waste",2021,64026
8,"Animal Hides",841,"Raw hides & skin (non-fur)",84111,"Leather Sheets",2021,152637
8,"Animal Hides",842,"Leather articles",84201,"Saddlery",2021,3291129
8,"Animal Hides",842,"Leather articles",84202,"Trunks and Cases",2021,44035946
8,"Animal Hides",842,"Leather articles",84203,"Leather Apparel",2021,6494299
8,"Animal Hides",842,"Leather articles",84205,"Other Leather Articles",2021,21620549
8,"Animal Hides",842,"Leather articles",84206,"Articles of Gut",2021,402346
8,"Animal Hides",843,"Furskins, articifial fur, & articles",84301,"Raw Furskins",2021,4500
8,"Animal Hides",843,"Furskins, articifial fur, & articles",84302,"Tanned Furskins",2021,313725
8,"Animal Hides",843,"Furskins, articifial fur, & articles",84303,"Furskin Apparel",2021,2205985
8,"Animal Hides",843,"Furskins, articifial fur, & articles",84304,"Artificial Fur",2021,55576
9,"Wood Products",944,"Wood, wood articles, & charcoal",94401,"Fuel Wood",2021,975142745
9,"Wood Products",944,"Wood, wood articles, & charcoal",94402,"Wood Charcoal",2021,853446
9,"Wood Products",944,"Wood, wood articles, & charcoal",94403,"Rough Wood",2021,196843861
9,"Wood Products",944,"Wood, wood articles, & charcoal",94404,"Wood Stakes",2021,397827
9,"Wood Products",944,"Wood, wood articles, & charcoal",94405,"Wood Wool",2021,840725
9,"Wood Products",944,"Wood, wood articles, & charcoal",94406,"Railroad Ties",2021,227152
9,"Wood Products",944,"Wood, wood articles, & charcoal",94407,"Sawn Wood",2021,63722509
9,"Wood Products",944,"Wood, wood articles, & charcoal",94408,"Veneer Sheets",2021,8884158
9,"Wood Products",944,"Wood, wood articles, & charcoal",94409,"Shaped Wood",2021,2595862
9,"Wood Products",944,"Wood, wood articles, & charcoal",94410,"Particle Board",2021,6926080
9,"Wood Products",944,"Wood, wood articles, & charcoal",94411,"Wood Fiberboard",2021,16103824
9,"Wood Products",944,"Wood, wood articles, & charcoal",94412,"Plywood",2021,7646037
9,"Wood Products",944,"Wood, wood articles, & charcoal",94413,"Densified Wood",2021,147573
9,"Wood Products",944,"Wood, wood articles, & charcoal",94414,"Wood Frames",2021,253747
9,"Wood Products",944,"Wood, wood articles, & charcoal",94415,"Wood Crates",2021,5374467
9,"Wood Products",944,"Wood, wood articles, & charcoal",94416,"Wood Barrels",2021,4131881
9,"Wood Products",944,"Wood, wood articles, & charcoal",94417,"Wooden Tool Handles",2021,89173
9,"Wood Products",944,"Wood, wood articles, & charcoal",94418,"Wood Carpentry",2021,15954276.999999998
9,"Wood Products",944,"Wood, wood articles, & charcoal",94419,"Wood Kitchenware",2021,2539127
9,"Wood Products",944,"Wood, wood articles, & charcoal",94420,"Wood Ornaments",2021,894911
9,"Wood Products",944,"Wood, wood articles, & charcoal",94421,"Other Wood Articles",2021,3792262
9,"Wood Products",945,"Cork & cork articles",94501,"Raw Cork",2021,117433
9,"Wood Products",945,"Cork & cork articles",94502,"Debacked Cork",2021,10213
9,"Wood Products",945,"Cork & cork articles",94503,"Natural Cork Articles",2021,2490435
9,"Wood Products",945,"Cork & cork articles",94504,"Agglomerated Cork",2021,876154
9,"Wood Products",946,"Straw & esparto manufactures",94601,"Plaiting Products",2021,151965
9,"Wood Products",946,"Straw & esparto manufactures",94602,"Basketwork",2021,173319
10,"Paper Goods",1047,"Wood pulp & paper scrap",104701,"Mechanical Wood Pulp",2021,268696
10,"Paper Goods",1047,"Wood pulp & paper scrap",104702,"Dissolving Grades Chemical Woodpulp",2021,15
10,"Paper Goods",1047,"Wood pulp & paper scrap",104703,"Sulfate Chemical Woodpulp",2021,1564903
10,"Paper Goods",1047,"Wood pulp & paper scrap",104704,"Sulfite Chemical Woodpulp",2021,7305
10,"Paper Goods",1047,"Wood pulp & paper scrap",104705,"Semi chemical Woodpulp",2021,16001.999999999998
10,"Paper Goods",1047,"Wood pulp & paper scrap",104706,"Recovered Paper Pulp",2021,237363
10,"Paper Goods",1047,"Wood pulp & paper scrap",104707,"Recovered Paper",2021,331448871
10,"Paper Goods",1048,"Paper articles",104801,"Newsprint",2021,17599223
10,"Paper Goods",1048,"Paper articles",104802,"Uncoated Paper",2021,53518358
10,"Paper Goods",1048,"Paper articles",104803,"Tissue",2021,2607813
10,"Paper Goods",1048,"Paper articles",104804,"Kraft Paper",2021,452042261
10,"Paper Goods",1048,"Paper articles",104805,"Other Uncoated Paper",2021,177330534
10,"Paper Goods",1048,"Paper articles",104806,"Vegetable Parchment",2021,1359600
10,"Paper Goods",1048,"Paper articles",104807,"Composite Paper",2021,44709
10,"Paper Goods",1048,"Paper articles",104808,"Corrugated Paper",2021,5757257
10,"Paper Goods",1048,"Paper articles",104809,"Carbon Paper",2021,313283
10,"Paper Goods",1048,"Paper articles",104810,"Kaolin Coated Paper",2021,25702883
10,"Paper Goods",1048,"Paper articles",104811,"Cellulose Fibers Paper",2021,13058123
10,"Paper Goods",1048,"Paper articles",104812,"Paper Pulp Filter Blocks",2021,461504
10,"Paper Goods",1048,"Paper articles",104813,"Cigarette Paper",2021,4087717
10,"Paper Goods",1048,"Paper articles",104814,"Wallpaper",2021,635214
10,"Paper Goods",1048,"Paper articles",104816,"Other Carbon Paper",2021,64428
10,"Paper Goods",1048,"Paper articles",104817,"Letter Stock",2021,1285533
10,"Paper Goods",1048,"Paper articles",104818,"Toilet Paper",2021,27104806
10,"Paper Goods",1048,"Paper articles",104819,"Paper Containers",2021,34251068
10,"Paper Goods",1048,"Paper articles",104820,"Paper Notebooks",2021,2351177
10,"Paper Goods",1048,"Paper articles",104821,"Paper Labels",2021,16053157
10,"Paper Goods",1048,"Paper articles",104822,"Paper Spools",2021,148768
10,"Paper Goods",1048,"Paper articles",104823,"Shaped Paper",2021,14384525
10,"Paper Goods",1049,"Books, newspapers, & other prints",104901,"Brochures",2021,71477985
10,"Paper Goods",1049,"Books, newspapers, & other prints",104902,"Newspapers",2021,12432599
10,"Paper Goods",1049,"Books, newspapers, & other prints",104903,"Children's Picture Books",2021,590177
10,"Paper Goods",1049,"Books, newspapers, & other prints",104904,"Sheet Music",2021,389415.00000000006
10,"Paper Goods",1049,"Books, newspapers, & other prints",104905,"Maps",2021,370830
10,"Paper Goods",1049,"Books, newspapers, & other prints",104906,"Architectural Plans",2021,165711
10,"Paper Goods",1049,"Books, newspapers, & other prints",104907,"Documents of title (bonds etc) and unused stamps",2021,21602058
10,"Paper Goods",1049,"Books, newspapers, & other prints",104908,"Decals",2021,1559129
10,"Paper Goods",1049,"Books, newspapers, & other prints",104909,"Postcards",2021,2062841
10,"Paper Goods",1049,"Books, newspapers, & other prints",104910,"Calendars",2021,897027
10,"Paper Goods",1049,"Books, newspapers, & other prints",104911,"Other Printed Material",2021,25640301
11,"Textiles",1150,"Silk",115001,"Silk-worm Cocoons",2021,1710
11,"Textiles",1150,"Silk",115004,"Non-Retail Silk Yarn",2021,305818
11,"Textiles",1150,"Silk",115005,"Silk Waste Yarn",2021,8
11,"Textiles",1150,"Silk",115006,"Retail Silk Yarn",2021,3903
11,"Textiles",1150,"Silk",115007,"Silk Fabrics",2021,179621
11,"Textiles",1151,"Wool & animal hair",115101,"Wool",2021,2118428427
11,"Textiles",1151,"Wool & animal hair",115102,"Animal Hair",2021,2080950.0000000002
11,"Textiles",1151,"Wool & animal hair",115103,"Wool or Animal Hair Waste",2021,1633896
11,"Textiles",1151,"Wool & animal hair",115104,"Garnetted Wool or Animal Hair",2021,46
11,"Textiles",1151,"Wool & animal hair",115105,"Prepared Wool or Animal Hair",2021,5234998
11,"Textiles",1151,"Wool & animal hair",115106,"Non-Retail Carded Wool Yarn",2021,397153
11,"Textiles",1151,"Wool & animal hair",115107,"Non-Retail Combed Wool Yarn",2021,562259
11,"Textiles",1151,"Wool & animal hair",115108,"Non-Retail Animal Hair Yarn",2021,11011.999999999998
11,"Textiles",1151,"Wool & animal hair",115109,"Retail Wool or Animal Hair Yarn",2021,659851
11,"Textiles",1151,"Wool & animal hair",115110,"Horsehair Yarn",2021,20124
11,"Textiles",1151,"Wool & animal hair",115111,"Carded Wool or Animal Hair Fabric",2021,2203974
11,"Textiles",1151,"Wool & animal hair",115112,"Combed Wool or Animal Hair Fabric",2021,1276036
11,"Textiles",1151,"Wool & animal hair",115113,"Horsehair Fabric",2021,139
11,"Textiles",1152,"Cotton",115201,"Raw Cotton",2021,1312043919
11,"Textiles",1152,"Cotton",115202,"Cotton Waste",2021,366101
11,"Textiles",1152,"Cotton",115203,"Prepared Cotton",2021,217460
11,"Textiles",1152,"Cotton",115204,"Cotton Sewing Thread",2021,126776
11,"Textiles",1152,"Cotton",115205,"Non-Retail Pure Cotton Yarn",2021,37290
11,"Textiles",1152,"Cotton",115206,"Non-Retail Mixed Cotton Yarn",2021,3116
11,"Textiles",1152,"Cotton",115207,"Retail Cotton Yarn",2021,112776
11,"Textiles",1152,"Cotton",115208,"Light Pure Woven Cotton",2021,2720560
11,"Textiles",1152,"Cotton",115209,"Heavy Pure Woven Cotton",2021,3663153
11,"Textiles",1152,"Cotton",115210,"Light Mixed Woven Cotton",2021,552911
11,"Textiles",1152,"Cotton",115211,"Heavy Mixed Woven Cotton",2021,2551092
11,"Textiles",1152,"Cotton",115212,"Other Cotton Fabrics",2021,206311
11,"Textiles",1153,"Vegetable textile fibers, paper yarn & fabrics",115301,"Flax Fibers",2021,3131
11,"Textiles",1153,"Vegetable textile fibers, paper yarn & fabrics",115302,"Hemp Fibers",2021,36351
11,"Textiles",1153,"Vegetable textile fibers, paper yarn & fabrics",115303,"Jute and Other Textile Fibers",2021,9418
11,"Textiles",1153,"Vegetable textile fibers, paper yarn & fabrics",115305,"Coconut and Other Vegetable Fibers",2021,140875
11,"Textiles",1153,"Vegetable textile fibers, paper yarn & fabrics",115306,"Flax Yarn",2021,68119
11,"Textiles",1153,"Vegetable textile fibers, paper yarn & fabrics",115307,"Jute Yarn",2021,23
11,"Textiles",1153,"Vegetable textile fibers, paper yarn & fabrics",115308,"Other Vegetable Fibers Yarn",2021,125506
11,"Textiles",1153,"Vegetable textile fibers, paper yarn & fabrics",115309,"Flax Woven Fabric",2021,506443
11,"Textiles",1153,"Vegetable textile fibers, paper yarn & fabrics",115310,"Jute Woven Fabric",2021,27771
11,"Textiles",1153,"Vegetable textile fibers, paper yarn & fabrics",115311,"Other Vegetable Fibers Fabric",2021,42891
11,"Textiles",1154,"Man-made filaments",115401,"Artificial Filament Sewing Thread",2021,409010
11,"Textiles",1154,"Man-made filaments",115402,"Non-Retail Synthetic Filament Yarn",2021,652392
11,"Textiles",1154,"Man-made filaments",115403,"Non-Retail Artificial Filament Yarn",2021,39902
11,"Textiles",1154,"Man-made filaments",115404,"Synthetic Monofilament",2021,2781859
11,"Textiles",1154,"Man-made filaments",115405,"Artificial Monofilament",2021,4213
11,"Textiles",1154,"Man-made filaments",115406,"Retail Artificial Filament Yarn",2021,99282
11,"Textiles",1154,"Man-made filaments",115407,"Synthetic Filament Yarn Woven Fabric",2021,18866276
11,"Textiles",1154,"Man-made filaments",115408,"Artificial Filament Yarn Woven Fabric",2021,259915
11,"Textiles",1155,"Man-made staple fibres",115501,"Synthetic Filament Tow",2021,165345
11,"Textiles",1155,"Man-made staple fibres",115502,"Artificial Filament Tow",2021,197199.99999999997
11,"Textiles",1155,"Man-made staple fibres",115503,"Unprocessed Synthetic Staple Fibers",2021,449876
11,"Textiles",1155,"Man-made staple fibres",115504,"Unprocessed Artificial Staple Fibers",2021,335770
11,"Textiles",1155,"Man-made staple fibres",115505,"Artificial Fibers Waste",2021,117761
11,"Textiles",1155,"Man-made staple fibres",115506,"Processed Synthetic Staple Fibers",2021,91607
11,"Textiles",1155,"Man-made staple fibres",115507,"Processed Artificial Staple Fibers",2021,8903
11,"Textiles",1155,"Man-made staple fibres",115508,"Non-Retail Artificial Staple Fibers Sewing Thread",2021,47446
11,"Textiles",1155,"Man-made staple fibres",115509,"Non-Retail Synthetic Staple Fibers Yarn",2021,811060
11,"Textiles",1155,"Man-made staple fibres",115510,"Non-Retail Artificial Staple Fibers Yarn",2021,39270.99999999999
11,"Textiles",1155,"Man-made staple fibres",115511,"Retail Artificial Staple Fibers Yarn",2021,3928660.9999999995
11,"Textiles",1155,"Man-made staple fibres",115512,"Synthetic Fabrics",2021,3381414
11,"Textiles",1155,"Man-made staple fibres",115513,"Light Synthetic Cotton Fabrics",2021,332731
11,"Textiles",1155,"Man-made staple fibres",115514,"Heavy Synthetic Cotton Fabrics",2021,2066421
11,"Textiles",1155,"Man-made staple fibres",115515,"Other Synthetic Fabrics",2021,4812375
11,"Textiles",1155,"Man-made staple fibres",115516,"Woven Fabric of Synthetic Staple Fibers",2021,1586002
11,"Textiles",1156,"Wadding, felt, nonwovens, twin, ropes, & articles thereof",115601,"Wadding",2021,700272
11,"Textiles",1156,"Wadding, felt, nonwovens, twin, ropes, & articles thereof",115602,"Felt",2021,6502508
11,"Textiles",1156,"Wadding, felt, nonwovens, twin, ropes, & articles thereof",115603,"Non-woven Textiles",2021,41001530
11,"Textiles",1156,"Wadding, felt, nonwovens, twin, ropes, & articles thereof",115604,"Rubber Textiles",2021,501195
11,"Textiles",1156,"Wadding, felt, nonwovens, twin, ropes, & articles thereof",115605,"Metallic Yarn",2021,759628.9999999999
11,"Textiles",1156,"Wadding, felt, nonwovens, twin, ropes, & articles thereof",115606,"Gimp Yarn",2021,8683
11,"Textiles",1156,"Wadding, felt, nonwovens, twin, ropes, & articles thereof",115607,"Twine and Rope",2021,3870903
11,"Textiles",1156,"Wadding, felt, nonwovens, twin, ropes, & articles thereof",115608,"Twine, cordage or rope; knotted netting, made up fishing nets and other made up nets, of textile materials",2021,1049304
11,"Textiles",1156,"Wadding, felt, nonwovens, twin, ropes, & articles thereof",115609,"Other Articles of Twine and Rope",2021,784192
11,"Textiles",1157,"Carpets & textile floor covers",115701,"Knotted Carpets",2021,299391
11,"Textiles",1157,"Carpets & textile floor covers",115702,"Hand-Woven Rugs",2021,2295259
11,"Textiles",1157,"Carpets & textile floor covers",115703,"Tufted Carpets",2021,26151771
11,"Textiles",1157,"Carpets & textile floor covers",115704,"Felt Carpets",2021,331261
11,"Textiles",1157,"Carpets & textile floor covers",115705,"Other Carpets",2021,4191311
11,"Textiles",1158,"Special woven fabrics and tapestries",115801,"Woven Fabrics",2021,904042
11,"Textiles",1158,"Special woven fabrics and tapestries",115802,"Terry Fabric",2021,158415
11,"Textiles",1158,"Special woven fabrics and tapestries",115803,"Gauze",2021,149714.00000000003
11,"Textiles",1158,"Special woven fabrics and tapestries",115804,"Tulles and Net Fabric",2021,104265
11,"Textiles",1158,"Special woven fabrics and tapestries",115805,"Hand-Woven Tapestries",2021,108157
11,"Textiles",1158,"Special woven fabrics and tapestries",115806,"Narrow Woven Fabric",2021,1495451
11,"Textiles",1158,"Special woven fabrics and tapestries",115807,"Labels",2021,1908495
11,"Textiles",1158,"Special woven fabrics and tapestries",115808,"Ornamental Trimmings",2021,141521
11,"Textiles",1158,"Special woven fabrics and tapestries",115809,"Metallic Fabric",2021,42556
11,"Textiles",1158,"Special woven fabrics and tapestries",115810,"Embroidery",2021,198508
11,"Textiles",1158,"Special woven fabrics and tapestries",115811,"Quilted Textiles",2021,294915
11,"Textiles",1159,"Coated, covered, & laminated fabrics for industrial use",115901,"Gum Coated Textile Fabric",2021,568433
11,"Textiles",1159,"Coated, covered, & laminated fabrics for industrial use",115902,"Polyamide Fabric",2021,567677
11,"Textiles",1159,"Coated, covered, & laminated fabrics for industrial use",115903,"Plastic Coated Textile Fabric",2021,10947967
11,"Textiles",1159,"Coated, covered, & laminated fabrics for industrial use",115904,"Linoleum",2021,165733
11,"Textiles",1159,"Coated, covered, & laminated fabrics for industrial use",115905,"Textile Wall Coverings",2021,72884
11,"Textiles",1159,"Coated, covered, & laminated fabrics for industrial use",115906,"Rubber Textile Fabric",2021,688823
11,"Textiles",1159,"Coated, covered, & laminated fabrics for industrial use",115907,"Coated Textile Fabric",2021,3623640
11,"Textiles",1159,"Coated, covered, & laminated fabrics for industrial use",115908,"Textile Wicks",2021,33710
11,"Textiles",1159,"Coated, covered, & laminated fabrics for industrial use",115909,"Hose Piping Textiles",2021,570496
11,"Textiles",1159,"Coated, covered, & laminated fabrics for industrial use",115910,"Conveyor Belt Textiles",2021,1045428
11,"Textiles",1159,"Coated, covered, & laminated fabrics for industrial use",115911,"Textiles for technical uses",2021,22218781
11,"Textiles",1160,"Knitted fabrics",116001,"Pile Fabric",2021,1511045
11,"Textiles",1160,"Knitted fabrics",116002,"Light Rubberized Knitted Fabric",2021,16393786
11,"Textiles",1161,"Knitted clothing accesories",116101,"Knit Men's Coats",2021,674433
11,"Textiles",1161,"Knitted clothing accesories",116102,"Knit Women's Coats",2021,728183
11,"Textiles",1161,"Knitted clothing accesories",116103,"Knit Men's Suits",2021,4058730
11,"Textiles",1161,"Knitted clothing accesories",116104,"Knit Women's Suits",2021,18626946
11,"Textiles",1161,"Knitted clothing accesories",116105,"Knit Men's Shirts",2021,6993395.999999999
11,"Textiles",1161,"Knitted clothing accesories",116106,"Knit Women's Shirts",2021,3096916
11,"Textiles",1161,"Knitted clothing accesories",116107,"Knit Men's Undergarments",2021,2474248
11,"Textiles",1161,"Knitted clothing accesories",116108,"Knit Women's Undergarments",2021,3623834
11,"Textiles",1161,"Knitted clothing accesories",116109,"Knit T-shirts",2021,12781260
11,"Textiles",1161,"Knitted clothing accesories",116110,"Knit Sweaters",2021,11775503
11,"Textiles",1161,"Knitted clothing accesories",116111,"Knit Babies' Garments",2021,1504219
11,"Textiles",1161,"Knitted clothing accesories",116112,"Knit Active Wear",2021,8985893
11,"Textiles",1161,"Knitted clothing accesories",116113,"Garments of Impregnated Fabric",2021,2798608
11,"Textiles",1161,"Knitted clothing accesories",116114,"Other Knit Garments",2021,13685555
11,"Textiles",1161,"Knitted clothing accesories",116115,"Knit Socks and Hosiery",2021,4135597
11,"Textiles",1161,"Knitted clothing accesories",116116,"Knit Gloves",2021,2843636
11,"Textiles",1161,"Knitted clothing accesories",116117,"Other Knit Clothing Accessories",2021,4240430
11,"Textiles",1162,"Non-knitted clothing accesories",116201,"Non-Knit Men's Coats",2021,7146559
11,"Textiles",1162,"Non-knitted clothing accesories",116202,"Non-Knit Women's Coats",2021,4418250
11,"Textiles",1162,"Non-knitted clothing accesories",116203,"Non-Knit Men's Suits",2021,11716152
11,"Textiles",1162,"Non-knitted clothing accesories",116204,"Non-Knit Women's Suits",2021,44038301
11,"Textiles",1162,"Non-knitted clothing accesories",116205,"Non-Knit Men's Shirts",2021,3720652
11,"Textiles",1162,"Non-knitted clothing accesories",116206,"Non-Knit Women's Shirts",2021,6086197
11,"Textiles",1162,"Non-knitted clothing accesories",116207,"Non-Knit Men's Undergarments",2021,874522
11,"Textiles",1162,"Non-knitted clothing accesories",116208,"Non-Knit Women's Undergarments",2021,1578491
11,"Textiles",1162,"Non-knitted clothing accesories",116209,"Non-Knit Babies' Garments",2021,558962
11,"Textiles",1162,"Non-knitted clothing accesories",116210,"Felt or Coated Fabric Garments",2021,7357310
11,"Textiles",1162,"Non-knitted clothing accesories",116211,"Non-Knit Active Wear",2021,11752728
11,"Textiles",1162,"Non-knitted clothing accesories",116212,"Other Women's Undergarments",2021,2895260
11,"Textiles",1162,"Non-knitted clothing accesories",116213,"Handkerchiefs",2021,8135
11,"Textiles",1162,"Non-knitted clothing accesories",116214,"Scarves",2021,899142
11,"Textiles",1162,"Non-knitted clothing accesories",116215,"Neck Ties",2021,106398
11,"Textiles",1162,"Non-knitted clothing accesories",116216,"Non-Knit Gloves",2021,2544923
11,"Textiles",1162,"Non-knitted clothing accesories",116217,"Other Non-Knit Clothing Accessories",2021,2343988
11,"Textiles",1163,"Used clothes & textile articles",116301,"Blankets",2021,1778070
11,"Textiles",1163,"Used clothes & textile articles",116302,"House Linens",2021,4528202
11,"Textiles",1163,"Used clothes & textile articles",116303,"Window Dressings",2021,3962245
11,"Textiles",1163,"Used clothes & textile articles",116304,"Bedspreads",2021,4301737
11,"Textiles",1163,"Used clothes & textile articles",116305,"Packing Bags",2021,3193967
11,"Textiles",1163,"Used clothes & textile articles",116306,"Awnings, Tents, and Sails",2021,7395215
11,"Textiles",1163,"Used clothes & textile articles",116307,"Other Cloth Articles",2021,33612902
11,"Textiles",1163,"Used clothes & textile articles",116308,"Packaged Sewing Sets",2021,109087
11,"Textiles",1163,"Used clothes & textile articles",116309,"Used Clothing",2021,77338717
11,"Textiles",1163,"Used clothes & textile articles",116310,"Textile Scraps",2021,1709772
12,"Footwear and Headwear",1264,"Footwear",126401,"Waterproof Footwear",2021,2675698
12,"Footwear and Headwear",1264,"Footwear",126402,"Rubber Footwear",2021,4107561
12,"Footwear and Headwear",1264,"Footwear",126403,"Leather Footwear",2021,55900153
12,"Footwear and Headwear",1264,"Footwear",126404,"Textile Footwear",2021,22571835
12,"Footwear and Headwear",1264,"Footwear",126405,"Other Footwear",2021,5696298
12,"Footwear and Headwear",1264,"Footwear",126406,"Footwear Parts",2021,1652550
12,"Footwear and Headwear",1265,"Headgear",126501,"Hat Forms",2021,85337
12,"Footwear and Headwear",1265,"Headgear",126502,"Hat Shapes",2021,250405
12,"Footwear and Headwear",1265,"Headgear",126504,"Hats",2021,356614
12,"Footwear and Headwear",1265,"Headgear",126505,"Knitted Hats",2021,4001373
12,"Footwear and Headwear",1265,"Headgear",126506,"Other Headwear",2021,4606967
12,"Footwear and Headwear",1265,"Headgear",126507,"Headbands and Linings",2021,235952
12,"Footwear and Headwear",1266,"Umbrellas, walking sticks, & whips",126601,"Umbrellas",2021,897340
12,"Footwear and Headwear",1266,"Umbrellas, walking sticks, & whips",126602,"Walking Sticks",2021,93693
12,"Footwear and Headwear",1266,"Umbrellas, walking sticks, & whips",126603,"Umbrella and Walking Stick Accessories",2021,61244
12,"Footwear and Headwear",1267,"Feather articles, feathers, artificial flowers, & articles of human hair",126701,"Bird Skins and Feathers",2021,16354
12,"Footwear and Headwear",1267,"Feather articles, feathers, artificial flowers, & articles of human hair",126702,"Artificial Vegetation",2021,599124
12,"Footwear and Headwear",1267,"Feather articles, feathers, artificial flowers, & articles of human hair",126703,"Processed Hair",2021,987655
12,"Footwear and Headwear",1267,"Feather articles, feathers, artificial flowers, & articles of human hair",126704,"Fake Hair",2021,1286991
13,"Stone And Glass",1368,"Stone, plaster, cement, asbestos, mica.",136801,"Curbstones",2021,509300
13,"Stone And Glass",1368,"Stone, plaster, cement, asbestos, mica.",136802,"Building Stone",2021,2499986
13,"Stone And Glass",1368,"Stone, plaster, cement, asbestos, mica.",136803,"Worked Slate",2021,50540
13,"Stone And Glass",1368,"Stone, plaster, cement, asbestos, mica.",136804,"Milling Stones",2021,6231605
13,"Stone And Glass",1368,"Stone, plaster, cement, asbestos, mica.",136805,"Abrasive Powder",2021,1862819
13,"Stone And Glass",1368,"Stone, plaster, cement, asbestos, mica.",136806,"Rock Wool",2021,10054804
13,"Stone And Glass",1368,"Stone, plaster, cement, asbestos, mica.",136807,"Asphalt",2021,219721
13,"Stone And Glass",1368,"Stone, plaster, cement, asbestos, mica.",136808,"Vegetable Fiber",2021,1040036
13,"Stone And Glass",1368,"Stone, plaster, cement, asbestos, mica.",136809,"Plaster Articles",2021,9598823
13,"Stone And Glass",1368,"Stone, plaster, cement, asbestos, mica.",136810,"Cement Articles",2021,16768798
13,"Stone And Glass",1368,"Stone, plaster, cement, asbestos, mica.",136811,"Asbestos Cement Articles",2021,98715094
13,"Stone And Glass",1368,"Stone, plaster, cement, asbestos, mica.",136812,"Asbestos Fibres",2021,387684
13,"Stone And Glass",1368,"Stone, plaster, cement, asbestos, mica.",136813,"Friction Material",2021,2827235
13,"Stone And Glass",1368,"Stone, plaster, cement, asbestos, mica.",136814,"Processed Mica",2021,241603
13,"Stone And Glass",1368,"Stone, plaster, cement, asbestos, mica.",136815,"Other Stone Articles",2021,17968272
13,"Stone And Glass",1369,"Ceramic products",136901,"Bricks",2021,667628
13,"Stone And Glass",1369,"Ceramic products",136902,"Refractory Bricks",2021,4419473
13,"Stone And Glass",1369,"Ceramic products",136903,"Refractory Ceramics",2021,6481386
13,"Stone And Glass",1369,"Ceramic products",136904,"Ceramic Bricks",2021,14716327
13,"Stone And Glass",1369,"Ceramic products",136905,"Roofing Tiles",2021,3595837
13,"Stone And Glass",1369,"Ceramic products",136906,"Ceramic Pipes",2021,1065866
13,"Stone And Glass",1369,"Ceramic products",136907,"Unglazed Ceramics",2021,2459990
13,"Stone And Glass",1369,"Ceramic products",136909,"Laboratory Ceramic Ware",2021,7714646
13,"Stone And Glass",1369,"Ceramic products",136910,"Bathroom Ceramics",2021,2344211
13,"Stone And Glass",1369,"Ceramic products",136911,"Porcelain Tableware",2021,2665679
13,"Stone And Glass",1369,"Ceramic products",136912,"Ceramic Tableware",2021,1923071
13,"Stone And Glass",1369,"Ceramic products",136913,"Ornamental Ceramics",2021,665957
13,"Stone And Glass",1369,"Ceramic products",136914,"Other Ceramic Articles",2021,2835067
13,"Stone And Glass",1370,"Glass & glassware",137001,"Glass Scraps",2021,181527
13,"Stone And Glass",1370,"Glass & glassware",137002,"Glass Balls",2021,127961
13,"Stone And Glass",1370,"Glass & glassware",137003,"Cast or Rolled Glass",2021,92380
13,"Stone And Glass",1370,"Glass & glassware",137004,"Blown Glass",2021,53817
13,"Stone And Glass",1370,"Glass & glassware",137005,"Float Glass",2021,3102050
13,"Stone And Glass",1370,"Glass & glassware",137006,"Glass with Edge Workings",2021,122398
13,"Stone And Glass",1370,"Glass & glassware",137007,"Safety Glass",2021,5082862
13,"Stone And Glass",1370,"Glass & glassware",137008,"Insulating Glass",2021,108672
13,"Stone And Glass",1370,"Glass & glassware",137009,"Glass Mirrors",2021,26076343
13,"Stone And Glass",1370,"Glass & glassware",137010,"Glass Bottles",2021,5823487
13,"Stone And Glass",1370,"Glass & glassware",137011,"Glass Bulbs",2021,375667
13,"Stone And Glass",1370,"Glass & glassware",137013,"Interior Decorative Glassware",2021,3808282
13,"Stone And Glass",1370,"Glass & glassware",137014,"Signaling Glassware",2021,88936
13,"Stone And Glass",1370,"Glass & glassware",137015,"Eyewear and Clock Glass",2021,119052
13,"Stone And Glass",1370,"Glass & glassware",137016,"Glass Bricks",2021,428896
13,"Stone And Glass",1370,"Glass & glassware",137017,"Laboratory Glassware",2021,11217039
13,"Stone And Glass",1370,"Glass & glassware",137018,"Glass Beads",2021,10969300
13,"Stone And Glass",1370,"Glass & glassware",137019,"Glass Fibers",2021,15474759
13,"Stone And Glass",1370,"Glass & glassware",137020,"Other Glass Articles",2021,3743997
14,"Precious Metals",1471,"Precious stones, metals, & pearls",147101,"Pearls",2021,88355854
14,"Precious Metals",1471,"Precious stones, metals, & pearls",147102,"Diamonds",2021,477966595
14,"Precious Metals",1471,"Precious stones, metals, & pearls",147103,"Precious Stones",2021,30141433
14,"Precious Metals",1471,"Precious stones, metals, & pearls",147104,"Synthetic Reconstructed Jewellery Stones",2021,15595888
14,"Precious Metals",1471,"Precious stones, metals, & pearls",147105,"Precious Stone Dust",2021,1405790
14,"Precious Metals",1471,"Precious stones, metals, & pearls",147106,"Silver",2021,403472305
14,"Precious Metals",1471,"Precious stones, metals, & pearls",147107,"Silver Clad Metals",2021,6216112
14,"Precious Metals",1471,"Precious stones, metals, & pearls",147108,"Gold",2021,22568754138
14,"Precious Metals",1471,"Precious stones, metals, & pearls",147109,"Gold Clad Metals",2021,42298
14,"Precious Metals",1471,"Precious stones, metals, & pearls",147110,"Platinum",2021,22877050
14,"Precious Metals",1471,"Precious stones, metals, & pearls",147111,"Platinum Clad Metals",2021,7528.000000000001
14,"Precious Metals",1471,"Precious stones, metals, & pearls",147112,"Precious Metal Scraps",2021,444085461
14,"Precious Metals",1471,"Precious stones, metals, & pearls",147113,"Jewellery",2021,141095610
14,"Precious Metals",1471,"Precious stones, metals, & pearls",147114,"Metal-Clad Products",2021,33594538
14,"Precious Metals",1471,"Precious stones, metals, & pearls",147115,"Other Precious Metal Products",2021,760170543
14,"Precious Metals",1471,"Precious stones, metals, & pearls",147116,"Pearl Products",2021,2681729
14,"Precious Metals",1471,"Precious stones, metals, & pearls",147117,"Imitation Jewellery",2021,9190198
14,"Precious Metals",1471,"Precious stones, metals, & pearls",147118,"Coin",2021,16237828
15,"Metals",1572,"Iron & steel",157201,"Pig Iron",2021,19587612
15,"Metals",1572,"Iron & steel",157202,"Ferroalloys",2021,229308712
15,"Metals",1572,"Iron & steel",157203,"Iron Reductions",2021,38866
15,"Metals",1572,"Iron & steel",157204,"Scrap Iron",2021,1070966078
15,"Metals",1572,"Iron & steel",157205,"Iron Powder",2021,268197
15,"Metals",1572,"Iron & steel",157206,"Iron Ingots",2021,1507881
15,"Metals",1572,"Iron & steel",157207,"Semi-Finished Iron",2021,83853860
15,"Metals",1572,"Iron & steel",157208,"Hot-Rolled Iron",2021,31441435
15,"Metals",1572,"Iron & steel",157209,"Cold-Rolled Iron",2021,215028694
15,"Metals",1572,"Iron & steel",157210,"Coated Flat-Rolled Iron",2021,152766715
15,"Metals",1572,"Iron & steel",157211,"Large Flat-Rolled Iron",2021,6953612.999999999
15,"Metals",1572,"Iron & steel",157212,"Large Coated Flat-Rolled Iron",2021,11881286
15,"Metals",1572,"Iron & steel",157213,"Hot-Rolled Iron Bars",2021,584810
15,"Metals",1572,"Iron & steel",157214,"Raw Iron Bars",2021,14293058
15,"Metals",1572,"Iron & steel",157215,"Other Iron Bars",2021,7626771
15,"Metals",1572,"Iron & steel",157216,"Iron Blocks",2021,24589474
15,"Metals",1572,"Iron & steel",157217,"Iron Wire",2021,8822702
15,"Metals",1572,"Iron & steel",157218,"Stainless Steel Ingots",2021,4809082.999999999
15,"Metals",1572,"Iron & steel",157219,"Large Flat-Rolled Stainless Steel",2021,6050663
15,"Metals",1572,"Iron & steel",157220,"Flat-Rolled Stainless Steel",2021,5645997
15,"Metals",1572,"Iron & steel",157221,"Hot-Rolled Stainless Steel Bars",2021,141328
15,"Metals",1572,"Iron & steel",157222,"Other Stainless Steel Bars",2021,2815164
15,"Metals",1572,"Iron & steel",157223,"Stainless Steel Wire",2021,582104
15,"Metals",1572,"Iron & steel",157224,"Steel Ingots",2021,607578
15,"Metals",1572,"Iron & steel",157225,"Flat Flat-Rolled Steel",2021,25434647
15,"Metals",1572,"Iron & steel",157226,"Flat-Rolled Iron",2021,2598077
15,"Metals",1572,"Iron & steel",157227,"Steel Bars",2021,94197
15,"Metals",1572,"Iron & steel",157228,"Other Steel Bars",2021,20945570
15,"Metals",1572,"Iron & steel",157229,"Steel Wire",2021,801591
15,"Metals",1573,"Iron/Steel Articles",157301,"Iron Sheet Piling",2021,1744432
15,"Metals",1573,"Iron/Steel Articles",157302,"Iron Railway Products",2021,49549325
15,"Metals",1573,"Iron/Steel Articles",157303,"Cast Iron Pipes",2021,650726
15,"Metals",1573,"Iron/Steel Articles",157304,"Iron Pipes",2021,15221098
15,"Metals",1573,"Iron/Steel Articles",157305,"Other Large Iron Pipes",2021,2143199
15,"Metals",1573,"Iron/Steel Articles",157306,"Other Small Iron Pipes",2021,29955492
15,"Metals",1573,"Iron/Steel Articles",157307,"Iron Pipe Fittings",2021,44887110
15,"Metals",1573,"Iron/Steel Articles",157308,"Iron Structures",2021,108396918
15,"Metals",1573,"Iron/Steel Articles",157309,"Large Iron Containers",2021,21750442
15,"Metals",1573,"Iron/Steel Articles",157310,"Small Iron Containers",2021,16314701
15,"Metals",1573,"Iron/Steel Articles",157311,"Iron Gas Containers",2021,2619517
15,"Metals",1573,"Iron/Steel Articles",157312,"Stranded Iron Wire",2021,27729046
15,"Metals",1573,"Iron/Steel Articles",157313,"Barbed Wire",2021,308591
15,"Metals",1573,"Iron/Steel Articles",157314,"Iron Cloth",2021,15709368
15,"Metals",1573,"Iron/Steel Articles",157315,"Iron Chains",2021,11949206
15,"Metals",1573,"Iron/Steel Articles",157316,"Iron Anchors",2021,2195418
15,"Metals",1573,"Iron/Steel Articles",157317,"Iron Nails",2021,8892863
15,"Metals",1573,"Iron/Steel Articles",157318,"Iron Fasteners",2021,128982559
15,"Metals",1573,"Iron/Steel Articles",157319,"Iron Sewing Needles",2021,3448978
15,"Metals",1573,"Iron/Steel Articles",157320,"Iron Springs",2021,46413536
15,"Metals",1573,"Iron/Steel Articles",157321,"Iron Stovetops",2021,5235489
15,"Metals",1573,"Iron/Steel Articles",157322,"Iron Radiators",2021,1444481
15,"Metals",1573,"Iron/Steel Articles",157323,"Iron Housewares",2021,7445157
15,"Metals",1573,"Iron/Steel Articles",157324,"Iron Toiletry",2021,5412148
15,"Metals",1573,"Iron/Steel Articles",157325,"Other Cast Iron Products",2021,16167949
15,"Metals",1573,"Iron/Steel Articles",157326,"Other Iron Products",2021,150213441
15,"Metals",1574,"Copper articles",157401,"Precipitated Copper",2021,508651
15,"Metals",1574,"Copper articles",157402,"Raw Copper",2021,39226
15,"Metals",1574,"Copper articles",157403,"Refined Copper",2021,3429340144
15,"Metals",1574,"Copper articles",157404,"Scrap Copper",2021,424184585
15,"Metals",1574,"Copper articles",157405,"Copper Alloys",2021,34577.99999999999
15,"Metals",1574,"Copper articles",157406,"Copper Powder",2021,3486129
15,"Metals",1574,"Copper articles",157407,"Copper Bars",2021,8804818
15,"Metals",1574,"Copper articles",157408,"Copper Wire",2021,11915679
15,"Metals",1574,"Copper articles",157409,"Copper Plating",2021,14800271
15,"Metals",1574,"Copper articles",157410,"Copper Foil",2021,22391
15,"Metals",1574,"Copper articles",157411,"Copper Pipes",2021,28716571
15,"Metals",1574,"Copper articles",157412,"Copper Pipe Fittings",2021,82396396
15,"Metals",1574,"Copper articles",157413,"Stranded Copper Wire",2021,3746138
15,"Metals",1574,"Copper articles",157415,"Copper Fasteners",2021,2145463
15,"Metals",1574,"Copper articles",157418,"Copper Housewares",2021,1203263
15,"Metals",1574,"Copper articles",157419,"Other Copper Products",2021,2359063
15,"Metals",1575,"Nickel articles",157501,"Nickel Mattes",2021,565429791
15,"Metals",1575,"Nickel articles",157502,"Raw Nickel",2021,3694802105
15,"Metals",1575,"Nickel articles",157503,"Scrap Nickel",2021,7382868
15,"Metals",1575,"Nickel articles",157504,"Nickel Powder",2021,594668208
15,"Metals",1575,"Nickel articles",157505,"Nickel Bars",2021,44800748
15,"Metals",1575,"Nickel articles",157506,"Nickel Sheets",2021,164382
15,"Metals",1575,"Nickel articles",157507,"Nickel Pipes",2021,2789285
15,"Metals",1575,"Nickel articles",157508,"Other Nickel Products",2021,1429963
15,"Metals",1576,"Aluminum articles",157601,"Raw Aluminium",2021,3586219966
15,"Metals",1576,"Aluminum articles",157602,"Scrap Aluminium",2021,505120141
15,"Metals",1576,"Aluminum articles",157603,"Aluminium Powder",2021,40797672
15,"Metals",1576,"Aluminum articles",157604,"Aluminium Bars",2021,14544083
15,"Metals",1576,"Aluminum articles",157605,"Aluminium Wire",2021,172082
15,"Metals",1576,"Aluminum articles",157606,"Aluminium Plating",2021,16796937
15,"Metals",1576,"Aluminum articles",157607,"Aluminium Foil",2021,3142345
15,"Metals",1576,"Aluminum articles",157608,"Aluminium Pipes",2021,529560
15,"Metals",1576,"Aluminum articles",157609,"Aluminium Pipe Fittings",2021,1956682
15,"Metals",1576,"Aluminum articles",157610,"Aluminium Structures",2021,21957293
15,"Metals",1576,"Aluminum articles",157611,"Large Aluminium Containers",2021,557785
15,"Metals",1576,"Aluminum articles",157612,"Aluminium Cans",2021,31048663
15,"Metals",1576,"Aluminum articles",157613,"Aluminium Gas Containers",2021,323773
15,"Metals",1576,"Aluminum articles",157614,"Stranded Aluminium Wire",2021,1343632
15,"Metals",1576,"Aluminum articles",157615,"Aluminium Housewares",2021,1411533
15,"Metals",1576,"Aluminum articles",157616,"Other Aluminium Products",2021,18191879
15,"Metals",1578,"Lead articles",157801,"Raw Lead",2021,706204833
15,"Metals",1578,"Lead articles",157802,"Scrap Lead",2021,30478673
15,"Metals",1578,"Lead articles",157804,"Lead Sheets",2021,29042111
15,"Metals",1578,"Lead articles",157806,"Other Lead Products",2021,8474266
15,"Metals",1579,"Zinc articles",157901,"Raw Zinc",2021,1160352253
15,"Metals",1579,"Zinc articles",157902,"Scrap Waste",2021,7949890
15,"Metals",1579,"Zinc articles",157903,"Zinc Powder",2021,3660297
15,"Metals",1579,"Zinc articles",157904,"Zinc Bars",2021,2127571
15,"Metals",1579,"Zinc articles",157905,"Zinc Sheets",2021,10618024
15,"Metals",1579,"Zinc articles",157907,"Other Zinc Products",2021,2186760
15,"Metals",1580,"Tin articles",158001,"Raw Tin",2021,2151510
15,"Metals",1580,"Tin articles",158002,"Scrap Tin",2021,1031845
15,"Metals",1580,"Tin articles",158003,"Tin Bars",2021,2383067
15,"Metals",1580,"Tin articles",158007,"Other Tin Products",2021,632132
15,"Metals",1581,"Cermet articles",158101,"Tungsten",2021,1873008
15,"Metals",1581,"Cermet articles",158102,"Molybdenum",2021,2024816.0000000002
15,"Metals",1581,"Cermet articles",158103,"Tantalum",2021,67548
15,"Metals",1581,"Cermet articles",158104,"Magnesium",2021,179220
15,"Metals",1581,"Cermet articles",158105,"Cobalt",2021,177857628
15,"Metals",1581,"Cermet articles",158106,"Bismuth",2021,42047
15,"Metals",1581,"Cermet articles",158107,"Cadmium",2021,932343
15,"Metals",1581,"Cermet articles",158108,"Titanium",2021,5986958
15,"Metals",1581,"Cermet articles",158109,"Zirconium",2021,815624
15,"Metals",1581,"Cermet articles",158110,"Antimony",2021,383079
15,"Metals",1581,"Cermet articles",158111,"Manganese",2021,1139974
15,"Metals",1581,"Cermet articles",158112,"Other Metals",2021,1340010
15,"Metals",1581,"Cermet articles",158113,"Cermets",2021,468391
15,"Metals",1582,"Tools & cutlery",158201,"Garden Tools",2021,1778861
15,"Metals",1582,"Tools & cutlery",158202,"Hand Saws",2021,4295004
15,"Metals",1582,"Tools & cutlery",158203,"Hand Tools",2021,2465673
15,"Metals",1582,"Tools & cutlery",158204,"Wrenches",2021,4610645
15,"Metals",1582,"Tools & cutlery",158205,"Other Hand Tools",2021,26612408
15,"Metals",1582,"Tools & cutlery",158206,"Tool Sets",2021,6068545
15,"Metals",1582,"Tools & cutlery",158207,"Interchangeable Tool Parts",2021,50876358
15,"Metals",1582,"Tools & cutlery",158208,"Cutting Blades",2021,15998743
15,"Metals",1582,"Tools & cutlery",158209,"Tool Plates",2021,1149359
15,"Metals",1582,"Tools & cutlery",158210,"Cooking Hand Tools",2021,538990
15,"Metals",1582,"Tools & cutlery",158211,"Knives",2021,1816558
15,"Metals",1582,"Tools & cutlery",158212,"Razor Blades",2021,4519127
15,"Metals",1582,"Tools & cutlery",158213,"Scissors",2021,1333570
15,"Metals",1582,"Tools & cutlery",158214,"Other Cutlery",2021,416820
15,"Metals",1582,"Tools & cutlery",158215,"Cutlery Sets",2021,1063306
15,"Metals",1583,"Miscellaneous metal products",158301,"Padlocks",2021,20990224
15,"Metals",1583,"Miscellaneous metal products",158302,"Metal Mountings",2021,61213482
15,"Metals",1583,"Miscellaneous metal products",158303,"Safes",2021,1862487
15,"Metals",1583,"Miscellaneous metal products",158304,"Filing Cabinets",2021,390319
15,"Metals",1583,"Miscellaneous metal products",158305,"Metal Office Supplies",2021,586528
15,"Metals",1583,"Miscellaneous metal products",158306,"Bells and Other Metal Ornaments",2021,1392993
15,"Metals",1583,"Miscellaneous metal products",158307,"Flexible Metal Tubing",2021,2562161
15,"Metals",1583,"Miscellaneous metal products",158308,"Other Metal Fasteners",2021,1314790
15,"Metals",1583,"Miscellaneous metal products",158309,"Metal Stoppers",2021,35570924
15,"Metals",1583,"Miscellaneous metal products",158310,"Metal Signs",2021,2560824
15,"Metals",1583,"Miscellaneous metal products",158311,"Coated Metal Soldering Products",2021,3494747
16,"Machines",1684,"Machinery, mechanical appliances, & parts",168401,"Nuclear Reactors",2021,295316
16,"Machines",1684,"Machinery, mechanical appliances, & parts",168402,"Steam Boilers",2021,2029444
16,"Machines",1684,"Machinery, mechanical appliances, & parts",168403,"Central Heating Boilers",2021,934356
16,"Machines",1684,"Machinery, mechanical appliances, & parts",168404,"Boiler Plants",2021,4369527
16,"Machines",1684,"Machinery, mechanical appliances, & parts",168405,"Water and Gas Generators",2021,4067138
16,"Machines",1684,"Machinery, mechanical appliances, & parts",168406,"Steam Turbines",2021,10559157
16,"Machines",1684,"Machinery, mechanical appliances, & parts",168407,"Spark-Ignition Engines",2021,59865877
16,"Machines",1684,"Machinery, mechanical appliances, & parts",168408,"Combustion Engines",2021,40280144
16,"Machines",1684,"Machinery, mechanical appliances, & parts",168409,"Engine Parts",2021,68763239
16,"Machines",1684,"Machinery, mechanical appliances, & parts",168410,"Hydraulic Turbines",2021,3873261
16,"Machines",1684,"Machinery, mechanical appliances, & parts",168411,"Gas Turbines",2021,236937256
16,"Machines",1684,"Machinery, mechanical appliances, & parts",168412,"Other Engines",2021,62103147
16,"Machines",1684,"Machinery, mechanical appliances, & parts",168413,"Liquid Pumps",2021,238824067
16,"Machines",1684,"Machinery, mechanical appliances, & parts",168414,"Air Pumps",2021,87437116
16,"Machines",1684,"Machinery, mechanical appliances, & parts",168415,"Air Conditioners",2021,38812830
16,"Machines",1684,"Machinery, mechanical appliances, & parts",168416,"Liquid Fuel Furnaces",2021,6378405
16,"Machines",1684,"Machinery, mechanical appliances, & parts",168417,"Industrial Furnaces",2021,19843420
16,"Machines",1684,"Machinery, mechanical appliances, & parts",168418,"Refrigerators",2021,34635616
16,"Machines",1684,"Machinery, mechanical appliances, & parts",168419,"Other Heating Machinery",2021,113141732
16,"Machines",1684,"Machinery, mechanical appliances, & parts",168420,"Rolling Machines",2021,2700529
16,"Machines",1684,"Machinery, mechanical appliances, & parts",168421,"Centrifuges",2021,209984171
16,"Machines",1684,"Machinery, mechanical appliances, & parts",168422,"Washing and Bottling Machines",2021,81810671
16,"Machines",1684,"Machinery, mechanical appliances, & parts",168423,"Scales",2021,11721357
16,"Machines",1684,"Machinery, mechanical appliances, & parts",168424,"Liquid Dispersing Machines",2021,60800186
16,"Machines",1684,"Machinery, mechanical appliances, & parts",168425,"Pulley Systems",2021,24219502
16,"Machines",1684,"Machinery, mechanical appliances, & parts",168426,"Cranes",2021,50660677
16,"Machines",1684,"Machinery, mechanical appliances, & parts",168427,"Fork-Lifts",2021,17734068
16,"Machines",1684,"Machinery, mechanical appliances, & parts",168428,"Lifting Machinery",2021,94947066
16,"Machines",1684,"Machinery, mechanical appliances, & parts",168429,"Large Construction Vehicles",2021,64666764
16,"Machines",1684,"Machinery, mechanical appliances, & parts",168430,"Other Construction Vehicles",2021,77609188
16,"Machines",1684,"Machinery, mechanical appliances, & parts",168431,"Excavation Machinery",2021,377457022
16,"Machines",1684,"Machinery, mechanical appliances, & parts",168432,"Soil Preparation Machinery",2021,28186075
16,"Machines",1684,"Machinery, mechanical appliances, & parts",168433,"Harvesting Machinery",2021,25724422
16,"Machines",1684,"Machinery, mechanical appliances, & parts",168434,"Dairy Machinery",2021,11290187
16,"Machines",1684,"Machinery, mechanical appliances, & parts",168435,"Fruit Pressing Machinery",2021,1292200
16,"Machines",1684,"Machinery, mechanical appliances, & parts",168436,"Other Agricultural Machinery",2021,16536275
16,"Machines",1684,"Machinery, mechanical appliances, & parts",168437,"Mill Machinery",2021,4288886
16,"Machines",1684,"Machinery, mechanical appliances, & parts",168438,"Industrial Food Preperation Machinery",2021,78166230
16,"Machines",1684,"Machinery, mechanical appliances, & parts",168439,"Papermaking Machines",2021,8503187
16,"Machines",1684,"Machinery, mechanical appliances, & parts",168440,"Book-binding Machines",2021,3724228
16,"Machines",1684,"Machinery, mechanical appliances, & parts",168441,"Other Paper Machinery",2021,7907720
16,"Machines",1684,"Machinery, mechanical appliances, & parts",168442,"Print Production Machinery",2021,3622467
16,"Machines",1684,"Machinery, mechanical appliances, & parts",168443,"Industrial Printers",2021,36844934
16,"Machines",1684,"Machinery, mechanical appliances, & parts",168444,"Artificial Textile Machinery",2021,2463137
16,"Machines",1684,"Machinery, mechanical appliances, & parts",168445,"Textile Fiber Machinery",2021,397688
16,"Machines",1684,"Machinery, mechanical appliances, & parts",168446,"Looms",2021,696289
16,"Machines",1684,"Machinery, mechanical appliances, & parts",168447,"Knitting Machines",2021,2619170
16,"Machines",1684,"Machinery, mechanical appliances, & parts",168448,"Knitting Machine Accessories",2021,5186063
16,"Machines",1684,"Machinery, mechanical appliances, & parts",168449,"Felt Machinery",2021,369717
16,"Machines",1684,"Machinery, mechanical appliances, & parts",168450,"Household Washing Machines",2021,1938176
16,"Machines",1684,"Machinery, mechanical appliances, & parts",168451,"Textile Processing Machines",2021,4416927
16,"Machines",1684,"Machinery, mechanical appliances, & parts",168452,"Sewing Machines",2021,2833779
16,"Machines",1684,"Machinery, mechanical appliances, & parts",168453,"Leather Machinery",2021,5134775
16,"Machines",1684,"Machinery, mechanical appliances, & parts",168454,"Casting Machines",2021,9189168
16,"Machines",1684,"Machinery, mechanical appliances, & parts",168455,"Metal-Rolling Mills",2021,3152551
16,"Machines",1684,"Machinery, mechanical appliances, & parts",168456,"Non-Mechanical Removal Machinery",2021,2417842
16,"Machines",1684,"Machinery, mechanical appliances, & parts",168457,"Metalworking Transfer Machines",2021,5335510
16,"Machines",1684,"Machinery, mechanical appliances, & parts",168458,"Metal Lathes",2021,1943464
16,"Machines",1684,"Machinery, mechanical appliances, & parts",168459,"Drilling Machines",2021,5438542
16,"Machines",1684,"Machinery, mechanical appliances, & parts",168460,"Metal Finishing Machines",2021,48131243
16,"Machines",1684,"Machinery, mechanical appliances, & parts",168461,"Metalworking Machines",2021,3337481
16,"Machines",1684,"Machinery, mechanical appliances, & parts",168462,"Forging Machines",2021,24512907
16,"Machines",1684,"Machinery, mechanical appliances, & parts",168463,"Other Non-Metal Removal Machinery",2021,10400210
16,"Machines",1684,"Machinery, mechanical appliances, & parts",168464,"Stone Working Machines",2021,4905064
16,"Machines",1684,"Machinery, mechanical appliances, & parts",168465,"Woodworking machines",2021,27209331
16,"Machines",1684,"Machinery, mechanical appliances, & parts",168466,"Metalworking Machine Parts",2021,39691834
16,"Machines",1684,"Machinery, mechanical appliances, & parts",168467,"Motor-working Tools",2021,19423738
16,"Machines",1684,"Machinery, mechanical appliances, & parts",168468,"Soldering and Welding Machinery",2021,5944867
16,"Machines",1684,"Machinery, mechanical appliances, & parts",168470,"Calculators",2021,9076824
16,"Machines",1684,"Machinery, mechanical appliances, & parts",168471,"Computers",2021,220317346
16,"Machines",1684,"Machinery, mechanical appliances, & parts",168472,"Other Office Machines",2021,2996578
16,"Machines",1684,"Machinery, mechanical appliances, & parts",168473,"Office Machine Parts",2021,204951111
16,"Machines",1684,"Machinery, mechanical appliances, & parts",168474,"Stone Processing Machines",2021,242212128
16,"Machines",1684,"Machinery, mechanical appliances, & parts",168475,"Glass Working Machines",2021,565949
16,"Machines",1684,"Machinery, mechanical appliances, & parts",168476,"Vending Machines",2021,3555441
16,"Machines",1684,"Machinery, mechanical appliances, & parts",168477,"Rubberworking Machinery",2021,48634042
16,"Machines",1684,"Machinery, mechanical appliances, & parts",168478,"Tobacco Processing Machines",2021,2961396
16,"Machines",1684,"Machinery, mechanical appliances, & parts",168479,"Machinery Having Individual Functions",2021,312613583
16,"Machines",1684,"Machinery, mechanical appliances, & parts",168480,"Metal Molds",2021,15143176
16,"Machines",1684,"Machinery, mechanical appliances, & parts",168481,"Valves",2021,197501450
16,"Machines",1684,"Machinery, mechanical appliances, & parts",168482,"Ball Bearings",2021,24700623
16,"Machines",1684,"Machinery, mechanical appliances, & parts",168483,"Transmissions",2021,118392639
16,"Machines",1684,"Machinery, mechanical appliances, & parts",168484,"Gaskets",2021,10054656
16,"Machines",1684,"Machinery, mechanical appliances, & parts",168485,"Boat Propellers",2021,33671812
16,"Machines",1685,"Electrical machinery and electronics",168501,"Electric Motors",2021,60607316
16,"Machines",1685,"Electrical machinery and electronics",168502,"Electric Generating Sets",2021,19334389
16,"Machines",1685,"Electrical machinery and electronics",168503,"Electric Motor Parts",2021,10879390
16,"Machines",1685,"Electrical machinery and electronics",168504,"Electrical Transformers",2021,147241617
16,"Machines",1685,"Electrical machinery and electronics",168505,"Electromagnets",2021,9492825
16,"Machines",1685,"Electrical machinery and electronics",168506,"Batteries",2021,11639414
16,"Machines",1685,"Electrical machinery and electronics",168507,"Electric Batteries",2021,29137705
16,"Machines",1685,"Electrical machinery and electronics",168508,"Vacuum Cleaners",2021,13909045
16,"Machines",1685,"Electrical machinery and electronics",168509,"Other Domestic Electric Housewares",2021,7272397
16,"Machines",1685,"Electrical machinery and electronics",168510,"Hair Trimmers",2021,11253743
16,"Machines",1685,"Electrical machinery and electronics",168511,"Electrical Ignitions",2021,24803133
16,"Machines",1685,"Electrical machinery and electronics",168512,"Electrical Lighting and Signalling Equipment",2021,31359933
16,"Machines",1685,"Electrical machinery and electronics",168513,"Portable Lighting",2021,3956653
16,"Machines",1685,"Electrical machinery and electronics",168514,"Electric Furnaces",2021,12688813
16,"Machines",1685,"Electrical machinery and electronics",168515,"Electric Soldering Equipment",2021,16314440
16,"Machines",1685,"Electrical machinery and electronics",168516,"Electric Heaters",2021,63140998
16,"Machines",1685,"Electrical machinery and electronics",168517,"Telephones",2021,114102528
16,"Machines",1685,"Electrical machinery and electronics",168518,"Microphones and Headphones",2021,196264643
16,"Machines",1685,"Electrical machinery and electronics",168519,"Sound Recording Equipment",2021,1971375
16,"Machines",1685,"Electrical machinery and electronics",168520,"Dictation Machines",2021,2571426
16,"Machines",1685,"Electrical machinery and electronics",168521,"Video Recording Equipment",2021,57767999
16,"Machines",1685,"Electrical machinery and electronics",168522,"Audio and Video Recording Accessories",2021,898083
16,"Machines",1685,"Electrical machinery and electronics",168523,"Blank Audio Media",2021,92798605
16,"Machines",1685,"Electrical machinery and electronics",168524,"Sound Recordings",2021,5608391
16,"Machines",1685,"Electrical machinery and electronics",168525,"Broadcasting Equipment",2021,416910669
16,"Machines",1685,"Electrical machinery and electronics",168526,"Navigation Equipment",2021,46949904
16,"Machines",1685,"Electrical machinery and electronics",168527,"Radio Receivers",2021,5399942
16,"Machines",1685,"Electrical machinery and electronics",168528,"Video Displays",2021,40594890
16,"Machines",1685,"Electrical machinery and electronics",168529,"Broadcasting Accessories",2021,49827784
16,"Machines",1685,"Electrical machinery and electronics",168530,"Traffic Signals",2021,48724828
16,"Machines",1685,"Electrical machinery and electronics",168531,"Audio Alarms",2021,40624735
16,"Machines",1685,"Electrical machinery and electronics",168532,"Electrical Capacitors",2021,8858627
16,"Machines",1685,"Electrical machinery and electronics",168533,"Electrical Resistors",2021,4701644
16,"Machines",1685,"Electrical machinery and electronics",168534,"Printed Circuit Boards",2021,9764239
16,"Machines",1685,"Electrical machinery and electronics",168535,"High-voltage Protection Equipment",2021,99626542
16,"Machines",1685,"Electrical machinery and electronics",168536,"Low-voltage Protection Equipment",2021,146650031
16,"Machines",1685,"Electrical machinery and electronics",168537,"Electrical Control Boards",2021,177081183
16,"Machines",1685,"Electrical machinery and electronics",168538,"Electrical Power Accessories",2021,40448635
16,"Machines",1685,"Electrical machinery and electronics",168539,"Electric Filament",2021,12188554
16,"Machines",1685,"Electrical machinery and electronics",168540,"Cathode Tubes",2021,9410344
16,"Machines",1685,"Electrical machinery and electronics",168541,"Semiconductor Devices",2021,76424990
16,"Machines",1685,"Electrical machinery and electronics",168542,"Integrated Circuits",2021,76688026
16,"Machines",1685,"Electrical machinery and electronics",168543,"Other Electrical Machinery",2021,158939090
16,"Machines",1685,"Electrical machinery and electronics",168544,"Insulated Wire",2021,155851291
16,"Machines",1685,"Electrical machinery and electronics",168545,"Carbon-based Electronics",2021,7371868
16,"Machines",1685,"Electrical machinery and electronics",168546,"Electrical Insulators",2021,996321
16,"Machines",1685,"Electrical machinery and electronics",168547,"Metal Insulating Fittings",2021,5300099
16,"Machines",1685,"Electrical machinery and electronics",168548,"Electrical Parts",2021,3634259
17,"Transportation",1786,"Railway and trams",178601,"Electric Locomotives",2021,97999
17,"Transportation",1786,"Railway and trams",178602,"Other Locomotives",2021,265563
17,"Transportation",1786,"Railway and trams",178603,"Self-Propelled Rail Transport",2021,17612.000000000004
17,"Transportation",1786,"Railway and trams",178604,"Railway Maintenance Vehicles",2021,1613986
17,"Transportation",1786,"Railway and trams",178605,"Railway Passenger Cars",2021,14753
17,"Transportation",1786,"Railway and trams",178606,"Railway Freight Cars",2021,335468
17,"Transportation",1786,"Railway and trams",178607,"Locomotive Parts",2021,28044358
17,"Transportation",1786,"Railway and trams",178608,"Railway Track Fixtures",2021,8213455
17,"Transportation",1786,"Railway and trams",178609,"Railway Cargo Containers",2021,10592724
17,"Transportation",1787,"Cars, tractors, trucks & parts thereof.",178701,"Tractors",2021,70892797
17,"Transportation",1787,"Cars, tractors, trucks & parts thereof.",178702,"Buses",2021,1529744
17,"Transportation",1787,"Cars, tractors, trucks & parts thereof.",178703,"Cars",2021,141824413
17,"Transportation",1787,"Cars, tractors, trucks & parts thereof.",178704,"Delivery Trucks",2021,139823817
17,"Transportation",1787,"Cars, tractors, trucks & parts thereof.",178705,"Special purpose motor vehicles",2021,39546151
17,"Transportation",1787,"Cars, tractors, trucks & parts thereof.",178706,"Motor vehicle (8701 to 8705) chassis fitted with engine",2021,5441473
17,"Transportation",1787,"Cars, tractors, trucks & parts thereof.",178707,"Vehicle Bodies (including cabs) for the motor vehicles (8701 to 8705)",2021,6470951
17,"Transportation",1787,"Cars, tractors, trucks & parts thereof.",178708,"Motor vehicles; parts and accessories (8701 to 8705)",2021,572504001
17,"Transportation",1787,"Cars, tractors, trucks & parts thereof.",178709,"Work Trucks",2021,15843209
17,"Transportation",1787,"Cars, tractors, trucks & parts thereof.",178710,"Tanks and Armored vehicles",2021,14726848
17,"Transportation",1787,"Cars, tractors, trucks & parts thereof.",178711,"Motorcycles and cycles",2021,12700302
17,"Transportation",1787,"Cars, tractors, trucks & parts thereof.",178712,"Bicycles, delivery tricycles, other cycles",2021,2433628
17,"Transportation",1787,"Cars, tractors, trucks & parts thereof.",178713,"Wheelchairs",2021,6748596
17,"Transportation",1787,"Cars, tractors, trucks & parts thereof.",178714,"Bi-Wheel Vehicle Parts",2021,16749868
17,"Transportation",1787,"Cars, tractors, trucks & parts thereof.",178715,"Baby Carriages",2021,793367
17,"Transportation",1787,"Cars, tractors, trucks & parts thereof.",178716,"Trailers and semi-trailers, not mechanically propelled vehicles",2021,77901588
17,"Transportation",1788,"Aircraft and Spacecraft",178801,"Non-powered Aircraft",2021,946381
17,"Transportation",1788,"Aircraft and Spacecraft",178802,"Planes, Helicopters, and/or Spacecraft",2021,225137667
17,"Transportation",1788,"Aircraft and Spacecraft",178803,"Aircraft parts (gliders, balloons, and powered aircraft)",2021,537508004
17,"Transportation",1788,"Aircraft and Spacecraft",178804,"Parachutes",2021,819035
17,"Transportation",1788,"Aircraft and Spacecraft",178805,"Aircraft Launch Gear",2021,11639329
17,"Transportation",1789,"Ships, boats, & floating structures",178901,"Passenger and Cargo Ships",2021,300129249
17,"Transportation",1789,"Ships, boats, & floating structures",178902,"Fishing Ships",2021,4221877
17,"Transportation",1789,"Ships, boats, & floating structures",178903,"Recreational Boats",2021,287101878
17,"Transportation",1789,"Ships, boats, & floating structures",178904,"Tug Boats",2021,1840517
17,"Transportation",1789,"Ships, boats, & floating structures",178905,"Special Purpose Ships",2021,2651302
17,"Transportation",1789,"Ships, boats, & floating structures",178906,"Other Sea Vessels",2021,104334497
17,"Transportation",1789,"Ships, boats, & floating structures",178907,"Other Floating Structures",2021,13933311
17,"Transportation",1789,"Ships, boats, & floating structures",178908,"Scrap Vessels",2021,4244988
18,"Instruments",1890,"Optical, photo, & film equipment; medical instruments",189001,"Optical Fibers and optical fibre bundles",2021,39556290
18,"Instruments",1890,"Optical, photo, & film equipment; medical instruments",189002,"Mirrors and Lenses",2021,31725740
18,"Instruments",1890,"Optical, photo, & film equipment; medical instruments",189003,"Eyewear Frames",2021,4912752
18,"Instruments",1890,"Optical, photo, & film equipment; medical instruments",189004,"Eyewear",2021,17848218
18,"Instruments",1890,"Optical, photo, & film equipment; medical instruments",189005,"Binoculars and Telescopes",2021,2171418
18,"Instruments",1890,"Optical, photo, & film equipment; medical instruments",189006,"Cameras",2021,6048316
18,"Instruments",1890,"Optical, photo, & film equipment; medical instruments",189007,"Video Cameras",2021,7019479
18,"Instruments",1890,"Optical, photo, & film equipment; medical instruments",189008,"Image Projectors",2021,749423
18,"Instruments",1890,"Optical, photo, & film equipment; medical instruments",189009,"Photocopiers",2021,3310122
18,"Instruments",1890,"Optical, photo, & film equipment; medical instruments",189010,"Photo Lab Equipment",2021,3148019
18,"Instruments",1890,"Optical, photo, & film equipment; medical instruments",189011,"Microscopes",2021,4617461
18,"Instruments",1890,"Optical, photo, & film equipment; medical instruments",189012,"Non-optical Microscopes",2021,1460080
18,"Instruments",1890,"Optical, photo, & film equipment; medical instruments",189013,"LCDs",2021,23263815
18,"Instruments",1890,"Optical, photo, & film equipment; medical instruments",189014,"Compasses",2021,53761923
18,"Instruments",1890,"Optical, photo, & film equipment; medical instruments",189015,"Surveying Equipment",2021,106674580
18,"Instruments",1890,"Optical, photo, & film equipment; medical instruments",189016,"Balances",2021,474679
18,"Instruments",1890,"Optical, photo, & film equipment; medical instruments",189017,"Drafting Tools",2021,5395909
18,"Instruments",1890,"Optical, photo, & film equipment; medical instruments",189018,"Medical Instruments",2021,318764768
18,"Instruments",1890,"Optical, photo, & film equipment; medical instruments",189019,"Therapeutic Appliances",2021,999996494
18,"Instruments",1890,"Optical, photo, & film equipment; medical instruments",189020,"Breathing Appliances",2021,24320230
18,"Instruments",1890,"Optical, photo, & film equipment; medical instruments",189021,"Orthopedic Appliances",2021,941003948
18,"Instruments",1890,"Optical, photo, & film equipment; medical instruments",189022,"X-Ray Equipment",2021,32835251
18,"Instruments",1890,"Optical, photo, & film equipment; medical instruments",189023,"Instructional Models",2021,33182164
18,"Instruments",1890,"Optical, photo, & film equipment; medical instruments",189024,"Tensile Testing Machines",2021,5805802
18,"Instruments",1890,"Optical, photo, & film equipment; medical instruments",189025,"Hydrometers",2021,13553539
18,"Instruments",1890,"Optical, photo, & film equipment; medical instruments",189026,"Gas and Liquid Flow Measuring Instruments",2021,69705533
18,"Instruments",1890,"Optical, photo, & film equipment; medical instruments",189027,"Chemical Analysis Instruments",2021,246581596
18,"Instruments",1890,"Optical, photo, & film equipment; medical instruments",189028,"Utility Meters",2021,9648721
18,"Instruments",1890,"Optical, photo, & film equipment; medical instruments",189029,"Revolution Counters",2021,7669162
18,"Instruments",1890,"Optical, photo, & film equipment; medical instruments",189030,"Oscilloscopes",2021,53301954
18,"Instruments",1890,"Optical, photo, & film equipment; medical instruments",189031,"Other Measuring Instruments",2021,110731796
18,"Instruments",1890,"Optical, photo, & film equipment; medical instruments",189032,"Thermostats",2021,58100322
18,"Instruments",1890,"Optical, photo, & film equipment; medical instruments",189033,"Opto-Electric Instrument Parts",2021,35346257
18,"Instruments",1891,"Clocks, watches, & parts",189101,"Precious Metal Watches",2021,37342521
18,"Instruments",1891,"Clocks, watches, & parts",189102,"Base Metal Watches",2021,26567881
18,"Instruments",1891,"Clocks, watches, & parts",189103,"Clocks with Watch Movements",2021,53039
18,"Instruments",1891,"Clocks, watches, & parts",189104,"Dashboard Clocks",2021,243782
18,"Instruments",1891,"Clocks, watches, & parts",189105,"Other Clocks",2021,1263221
18,"Instruments",1891,"Clocks, watches, & parts",189106,"Time Recording Instruments",2021,1440365
18,"Instruments",1891,"Clocks, watches, & parts",189107,"Time Switches",2021,470888
18,"Instruments",1891,"Clocks, watches, & parts",189108,"Watch Movements",2021,2432157
18,"Instruments",1891,"Clocks, watches, & parts",189109,"Clock Movements",2021,19265
18,"Instruments",1891,"Clocks, watches, & parts",189110,"Incomplete Movement Sets",2021,1933164
18,"Instruments",1891,"Clocks, watches, & parts",189111,"Watch Cases and Parts",2021,168998
18,"Instruments",1891,"Clocks, watches, & parts",189112,"Clock Cases and Parts",2021,66432
18,"Instruments",1891,"Clocks, watches, & parts",189113,"Watch Straps",2021,806173
18,"Instruments",1891,"Clocks, watches, & parts",189114,"Other Clocks and Watches",2021,1379809
18,"Instruments",1892,"Musical instruments",189201,"Pianos",2021,332930
18,"Instruments",1892,"Musical instruments",189202,"String Instruments",2021,4190367
18,"Instruments",1892,"Musical instruments",189205,"Wind Instruments",2021,393061
18,"Instruments",1892,"Musical instruments",189206,"Percussion",2021,347630
18,"Instruments",1892,"Musical instruments",189207,"Electric Musical Instruments",2021,2258469
18,"Instruments",1892,"Musical instruments",189208,"Other Musical Instruments",2021,129597
18,"Instruments",1892,"Musical instruments",189209,"Musical Instrument Parts",2021,2295226
19,"Weapons",1993,"Weapons",199301,"Military Weapons",2021,1473126
19,"Weapons",1993,"Weapons",199302,"Handguns",2021,708252
19,"Weapons",1993,"Weapons",199303,"Other Firearms",2021,1942375
19,"Weapons",1993,"Weapons",199304,"Spring, Air, and Gas Guns",2021,231250
19,"Weapons",1993,"Weapons",199305,"Weapons Parts and Accessories",2021,22910394
19,"Weapons",1993,"Weapons",199306,"Explosive Ammunition",2021,41215226
19,"Weapons",1993,"Weapons",199307,"Bladed Weapons and Accessories",2021,42669
20,"Miscellaneous",2094,"Furniture, bedding, lamps, & prefab buildings",209401,"Seats",2021,25594671
20,"Miscellaneous",2094,"Furniture, bedding, lamps, & prefab buildings",209402,"Medical Furniture",2021,11581200
20,"Miscellaneous",2094,"Furniture, bedding, lamps, & prefab buildings",209403,"Other Furniture",2021,63318961
20,"Miscellaneous",2094,"Furniture, bedding, lamps, & prefab buildings",209404,"Mattresses",2021,26251652
20,"Miscellaneous",2094,"Furniture, bedding, lamps, & prefab buildings",209405,"Light Fixtures",2021,89355582
20,"Miscellaneous",2094,"Furniture, bedding, lamps, & prefab buildings",209406,"Prefabricated Buildings",2021,29918913
20,"Miscellaneous",2095,"Toys, games, & sports",209503,"Other toys",2021,20037768
20,"Miscellaneous",2095,"Toys, games, & sports",209504,"Video and Card Games",2021,118380863
20,"Miscellaneous",2095,"Toys, games, & sports",209505,"Party Decorations",2021,1658180
20,"Miscellaneous",2095,"Toys, games, & sports",209506,"Sports Equipment",2021,82600575
20,"Miscellaneous",2095,"Toys, games, & sports",209507,"Fishing and Hunting Equipment",2021,3862436
20,"Miscellaneous",2095,"Toys, games, & sports",209508,"Fairground Amusements",2021,4181301
20,"Miscellaneous",2096,"Misc. manufactures",209601,"Worked Ivory and Bone",2021,1664066
20,"Miscellaneous",2096,"Misc. manufactures",209602,"Vegetable and Mineral Carvings",2021,156311
20,"Miscellaneous",2096,"Misc. manufactures",209603,"Brooms",2021,11272898
20,"Miscellaneous",2096,"Misc. manufactures",209604,"Hand Sifters",2021,64862
20,"Miscellaneous",2096,"Misc. manufactures",209605,"Travel Kits",2021,797931
20,"Miscellaneous",2096,"Misc. manufactures",209606,"Buttons",2021,3458370
20,"Miscellaneous",2096,"Misc. manufactures",209607,"Zippers",2021,844864
20,"Miscellaneous",2096,"Misc. manufactures",209608,"Pens",2021,3463849
20,"Miscellaneous",2096,"Misc. manufactures",209609,"Pencils and Crayons",2021,546583
20,"Miscellaneous",2096,"Misc. manufactures",209610,"Chalkboards",2021,208788
20,"Miscellaneous",2096,"Misc. manufactures",209611,"Rubber Stamps",2021,300269
20,"Miscellaneous",2096,"Misc. manufactures",209612,"Ink Ribbons",2021,803753
20,"Miscellaneous",2096,"Misc. manufactures",209613,"Lighters",2021,4093249
20,"Miscellaneous",2096,"Misc. manufactures",209614,"Smoking Pipes",2021,20537
20,"Miscellaneous",2096,"Misc. manufactures",209615,"Combs",2021,797509
20,"Miscellaneous",2096,"Misc. manufactures",209616,"Scent Sprays",2021,2907314
20,"Miscellaneous",2096,"Misc. manufactures",209617,"Vacuum Flask",2021,719191
20,"Miscellaneous",2096,"Misc. manufactures",209618,"Mannequins",2021,526606
21,"Arts and Antiques",2197,"Art & antiques",219701,"Paintings",2021,31090801
21,"Arts and Antiques",2197,"Art & antiques",219702,"Prints",2021,1643881
21,"Arts and Antiques",2197,"Art & antiques",219703,"Sculptures",2021,5602528
21,"Arts and Antiques",2197,"Art & antiques",219704,"Revenue Stamps",2021,869105
21,"Arts and Antiques",2197,"Art & antiques",219705,"Collector's Items",2021,21258222
21,"Arts and Antiques",2197,"Art & antiques",219706,"Antiques",2021,1870944