Section ID,Section,HS2 ID,HS2,HS4 ID,HS4,Year,Trade Value
1,"Animal Products",101,"Live animals",10101,"Horses",2021,727669327.9999999
1,"Animal Products",101,"Live animals",10102,"Bovine",2021,58388423
1,"Animal Products",101,"Live animals",10103,"Pigs",2021,394955814
1,"Animal Products",101,"Live animals",10104,"Sheep and Goats",2021,549718
1,"Animal Products",101,"Live animals",10105,"Poultry",2021,3589605
1,"Animal Products",101,"Live animals",10106,"Other Animals",2021,38087116
1,"Animal Products",102,"Meat & edible offal",10201,"Bovine Meat",2021,34786
1,"Animal Products",102,"Meat & edible offal",10202,"Frozen Bovine Meat",2021,20487635
1,"Animal Products",102,"Meat & edible offal",10203,"Pig Meat",2021,154734666
1,"Animal Products",102,"Meat & edible offal",10204,"Sheep and Goat Meat",2021,23135349
1,"Animal Products",102,"Meat & edible offal",10205,"Horse Meat",2021,1897650
1,"Animal Products",102,"Meat & edible offal",10206,"Edible Offal",2021,10387455
1,"Animal Products",102,"Meat & edible offal",10207,"Poultry Meat",2021,641658306
1,"Animal Products",102,"Meat & edible offal",10208,"Other Meat",2021,49462211
1,"Animal Products",102,"Meat & edible offal",10209,"Animal Fat",2021,724847
1,"Animal Products",102,"Meat & edible offal",10210,"Preserved Meat",2021,17500024
1,"Animal Products",103,"Fish, Crustaceans & Molluscs",10301,"Live Fish",2021,691028644
1,"Animal Products",103,"Fish, Crustaceans & Molluscs",10302,"Non-fillet Fresh Fish",2021,206306125
1,"Animal Products",103,"Fish, Crustaceans & Molluscs",10303,"Non-fillet Frozen Fish",2021,1773447021
1,"Animal Products",103,"Fish, Crustaceans & Molluscs",10304,"Fish Fillets",2021,3374611088
1,"Animal Products",103,"Fish, Crustaceans & Molluscs",10305,"Dried/Salted/Smoked/Brined Fish",2021,253607050
1,"Animal Products",103,"Fish, Crustaceans & Molluscs",10306,"Crustaceans",2021,732612754
1,"Animal Products",103,"Fish, Crustaceans & Molluscs",10307,"Molluscs",2021,1783103445
1,"Animal Products",104,"Edible products of animal origin, n.e.s.",10401,"Milk",2021,23650513
1,"Animal Products",104,"Edible products of animal origin, n.e.s.",10402,"Concentrated Milk",2021,235125529
1,"Animal Products",104,"Edible products of animal origin, n.e.s.",10403,"Fermented Milk Products",2021,24072083
1,"Animal Products",104,"Edible products of animal origin, n.e.s.",10404,"Whey and other milk products",2021,2905374
1,"Animal Products",104,"Edible products of animal origin, n.e.s.",10405,"Butter",2021,9016792
1,"Animal Products",104,"Edible products of animal origin, n.e.s.",10406,"Cheese",2021,4065839
1,"Animal Products",104,"Edible products of animal origin, n.e.s.",10407,"Eggs",2021,150023120
1,"Animal Products",104,"Edible products of animal origin, n.e.s.",10408,"Processed Egg Products",2021,33401418
1,"Animal Products",104,"Edible products of animal origin, n.e.s.",10409,"Honey",2021,214481768
1,"Animal Products",104,"Edible products of animal origin, n.e.s.",10410,"Other Edible Animal Products",2021,41318812
1,"Animal Products",105,"Animal originated products, n.e.s.",10501,"Human Hair",2021,6562358
1,"Animal Products",105,"Animal originated products, n.e.s.",10502,"Pig Hair",2021,85805329
1,"Animal Products",105,"Animal originated products, n.e.s.",10504,"Animal Organs",2021,817529613
1,"Animal Products",105,"Animal originated products, n.e.s.",10505,"Bird Feathers and Skins",2021,615503076
1,"Animal Products",105,"Animal originated products, n.e.s.",10506,"Processed Bones",2021,8637482
1,"Animal Products",105,"Animal originated products, n.e.s.",10507,"Raw Bones",2021,6729783
1,"Animal Products",105,"Animal originated products, n.e.s.",10508,"Coral and Shells",2021,14072760
1,"Animal Products",105,"Animal originated products, n.e.s.",10510,"Pharmaceutical Animal Products",2021,5552025
1,"Animal Products",105,"Animal originated products, n.e.s.",10511,"Other Inedible Animal Products",2021,302225615
2,"Vegetable Products",206,"Live trees, plants, bulbs, cut flowers, & ornamental foliage",20601,"Bulbs and Roots",2021,12515372
2,"Vegetable Products",206,"Live trees, plants, bulbs, cut flowers, & ornamental foliage",20602,"Other live plants, cuttings and slips;
mushroom spawn",2021,349518088
2,"Vegetable Products",206,"Live trees, plants, bulbs, cut flowers, & ornamental foliage",20603,"Cut Flowers",2021,157140364
2,"Vegetable Products",206,"Live trees, plants, bulbs, cut flowers, & ornamental foliage",20604,"Plant foliage",2021,105350630
2,"Vegetable Products",207,"Edible vegetables, roots, & tubers",20701,"Potatoes",2021,121107240
2,"Vegetable Products",207,"Edible vegetables, roots, & tubers",20702,"Tomatoes",2021,103156090
2,"Vegetable Products",207,"Edible vegetables, roots, & tubers",20703,"Onions",2021,2391780891
2,"Vegetable Products",207,"Edible vegetables, roots, & tubers",20704,"Cabbages",2021,650109535
2,"Vegetable Products",207,"Edible vegetables, roots, & tubers",20705,"Lettuce",2021,87318586
2,"Vegetable Products",207,"Edible vegetables, roots, & tubers",20706,"Root Vegetables",2021,394394414
2,"Vegetable Products",207,"Edible vegetables, roots, & tubers",20707,"Cucumbers",2021,23760691
2,"Vegetable Products",207,"Edible vegetables, roots, & tubers",20708,"Legumes",2021,43411695
2,"Vegetable Products",207,"Edible vegetables, roots, & tubers",20709,"Other Vegetables",2021,1148170686
2,"Vegetable Products",207,"Edible vegetables, roots, & tubers",20710,"Frozen Vegetables",2021,1307773195
2,"Vegetable Products",207,"Edible vegetables, roots, & tubers",20711,"Preserved Vegetables",2021,150767343
2,"Vegetable Products",207,"Edible vegetables, roots, & tubers",20712,"Dried Vegetables",2021,1599565305
2,"Vegetable Products",207,"Edible vegetables, roots, & tubers",20713,"Dried Legumes",2021,332411541
2,"Vegetable Products",207,"Edible vegetables, roots, & tubers",20714,"Cassava",2021,122717512
2,"Vegetable Products",208,"Edible fruits, nuts & fruit peels",20801,"Coconuts, Brazil Nuts, and Cashews",2021,6507463
2,"Vegetable Products",208,"Edible fruits, nuts & fruit peels",20802,"Other Nuts",2021,825881957
2,"Vegetable Products",208,"Edible fruits, nuts & fruit peels",20803,"Bananas",2021,5751357
2,"Vegetable Products",208,"Edible fruits, nuts & fruit peels",20804,"Tropical Fruits",2021,67181000
2,"Vegetable Products",208,"Edible fruits, nuts & fruit peels",20805,"Citrus",2021,804611852
2,"Vegetable Products",208,"Edible fruits, nuts & fruit peels",20806,"Grapes",2021,615412108
2,"Vegetable Products",208,"Edible fruits, nuts & fruit peels",20807,"Melons",2021,56800386
2,"Vegetable Products",208,"Edible fruits, nuts & fruit peels",20808,"Apples and Pears",2021,1901088396
2,"Vegetable Products",208,"Edible fruits, nuts & fruit peels",20809,"Pitted Fruits",2021,46483496
2,"Vegetable Products",208,"Edible fruits, nuts & fruit peels",20810,"Other Fruits",2021,182421000
2,"Vegetable Products",208,"Edible fruits, nuts & fruit peels",20811,"Frozen Fruits and Nuts",2021,282246378
2,"Vegetable Products",208,"Edible fruits, nuts & fruit peels",20812,"Preserved Fruits and Nuts",2021,31700988
2,"Vegetable Products",208,"Edible fruits, nuts & fruit peels",20813,"Dried Fruits",2021,230683230
2,"Vegetable Products",208,"Edible fruits, nuts & fruit peels",20814,"Citrus and Melon Peels",2021,5568214
2,"Vegetable Products",209,"Coffee, tea, mate & spices",20901,"Coffee",2021,99611839
2,"Vegetable Products",209,"Coffee, tea, mate & spices",20902,"Tea",2021,1448657916
2,"Vegetable Products",209,"Coffee, tea, mate & spices",20903,"Mate",2021,194635
2,"Vegetable Products",209,"Coffee, tea, mate & spices",20904,"Pepper",2021,662563090
2,"Vegetable Products",209,"Coffee, tea, mate & spices",20905,"Vanilla",2021,793576
2,"Vegetable Products",209,"Coffee, tea, mate & spices",20906,"Cinnamon",2021,156769658
2,"Vegetable Products",209,"Coffee, tea, mate & spices",20907,"Cloves",2021,4297776
2,"Vegetable Products",209,"Coffee, tea, mate & spices",20908,"Nutmeg, mace and cardamons",2021,4808347
2,"Vegetable Products",209,"Coffee, tea, mate & spices",20909,"Spice Seeds",2021,70219368
2,"Vegetable Products",209,"Coffee, tea, mate & spices",20910,"Spices",2021,887250533
2,"Vegetable Products",210,"Cereals",21001,"Wheat",2021,4638663
2,"Vegetable Products",210,"Cereals",21002,"Rye",2021,105258
2,"Vegetable Products",210,"Cereals",21003,"Barley",2021,2439012
2,"Vegetable Products",210,"Cereals",21004,"Oats",2021,1357053.0000000002
2,"Vegetable Products",210,"Cereals",21005,"Corn",2021,12510597
2,"Vegetable Products",210,"Cereals",21006,"Rice",2021,1174908017
2,"Vegetable Products",210,"Cereals",21007,"Sorghum",2021,3095195
2,"Vegetable Products",210,"Cereals",21008,"Buckwheat",2021,36575693
2,"Vegetable Products",211,"Products of the milling industry",21101,"Wheat Flours",2021,45418543.99999999
2,"Vegetable Products",211,"Products of the milling industry",21102,"Cereal Flours",2021,6547533
2,"Vegetable Products",211,"Products of the milling industry",21103,"Cereal Meal and Pellets",2021,25082464
2,"Vegetable Products",211,"Products of the milling industry",21104,"Processed Cereals",2021,89794780
2,"Vegetable Products",211,"Products of the milling industry",21105,"Potato Flours",2021,31646917
2,"Vegetable Products",211,"Products of the milling industry",21106,"Legume Flours",2021,34325230
2,"Vegetable Products",211,"Products of the milling industry",21107,"Malt",2021,170965180
2,"Vegetable Products",211,"Products of the milling industry",21108,"Starches",2021,148328072
2,"Vegetable Products",211,"Products of the milling industry",21109,"Wheat Gluten",2021,245527247
2,"Vegetable Products",212,"Oils seeds, oleaginous fruits, grains, straw & fodder",21201,"Soybeans",2021,134748127
2,"Vegetable Products",212,"Oils seeds, oleaginous fruits, grains, straw & fodder",21202,"Ground Nuts",2021,371281935
2,"Vegetable Products",212,"Oils seeds, oleaginous fruits, grains, straw & fodder",21203,"Copra",2021,2231
2,"Vegetable Products",212,"Oils seeds, oleaginous fruits, grains, straw & fodder",21204,"Linseed",2021,2190703
2,"Vegetable Products",212,"Oils seeds, oleaginous fruits, grains, straw & fodder",21205,"Rapeseed",2021,1821558
2,"Vegetable Products",212,"Oils seeds, oleaginous fruits, grains, straw & fodder",21206,"Sunflower Seeds",2021,544208504
2,"Vegetable Products",212,"Oils seeds, oleaginous fruits, grains, straw & fodder",21207,"Other Oily Seeds",2021,428865818
2,"Vegetable Products",212,"Oils seeds, oleaginous fruits, grains, straw & fodder",21208,"Oil Seed Flower",2021,66540072.00000001
2,"Vegetable Products",212,"Oils seeds, oleaginous fruits, grains, straw & fodder",21209,"Sowing Seeds",2021,333876413
2,"Vegetable Products",212,"Oils seeds, oleaginous fruits, grains, straw & fodder",21210,"Hops",2021,517484
2,"Vegetable Products",212,"Oils seeds, oleaginous fruits, grains, straw & fodder",21211,"Perfume Plants",2021,808535986
2,"Vegetable Products",212,"Oils seeds, oleaginous fruits, grains, straw & fodder",21212,"Locust beans, seaweed, sugar beet, cane, for food",2021,386462318
2,"Vegetable Products",212,"Oils seeds, oleaginous fruits, grains, straw & fodder",21213,"Cereal Straws",2021,2215394
2,"Vegetable Products",212,"Oils seeds, oleaginous fruits, grains, straw & fodder",21214,"Forage Crops",2021,3843986
2,"Vegetable Products",213,"Natural gums, resins & other vegetable extracts",21301,"Insect Resins",2021,28773382
2,"Vegetable Products",213,"Natural gums, resins & other vegetable extracts",21302,"Vegetable Saps",2021,1387794486
2,"Vegetable Products",214,"Vegetable plaiting materials & products, n.e.s.",21401,"Vegetable Plaiting Materials",2021,216742977
2,"Vegetable Products",214,"Vegetable plaiting materials & products, n.e.s.",21404,"Other Vegetable Products",2021,71404273
3,"Animal and Vegetable Bi-Products",315,"Animal or vegetable fats, oils, & waxes",31501,"Pig and Poultry Fat",2021,553533
3,"Animal and Vegetable Bi-Products",315,"Animal or vegetable fats, oils, & waxes",31502,"Bovine, Sheep, and Goat Fat",2021,727000
3,"Animal and Vegetable Bi-Products",315,"Animal or vegetable fats, oils, & waxes",31503,"Lard stearin and oils",2021,305
3,"Animal and Vegetable Bi-Products",315,"Animal or vegetable fats, oils, & waxes",31504,"Fish Oil",2021,77274698
3,"Animal and Vegetable Bi-Products",315,"Animal or vegetable fats, oils, & waxes",31505,"Wool Grease",2021,72838781
3,"Animal and Vegetable Bi-Products",315,"Animal or vegetable fats, oils, & waxes",31506,"Other Animal Fats",2021,3004197
3,"Animal and Vegetable Bi-Products",315,"Animal or vegetable fats, oils, & waxes",31507,"Soybean Oil",2021,94971730
3,"Animal and Vegetable Bi-Products",315,"Animal or vegetable fats, oils, & waxes",31508,"Ground Nut Oil",2021,26054135
3,"Animal and Vegetable Bi-Products",315,"Animal or vegetable fats, oils, & waxes",31509,"Pure Olive Oil",2021,1225313
3,"Animal and Vegetable Bi-Products",315,"Animal or vegetable fats, oils, & waxes",31510,"Olive Oil",2021,218833
3,"Animal and Vegetable Bi-Products",315,"Animal or vegetable fats, oils, & waxes",31511,"Palm Oil",2021,66281449.99999999
3,"Animal and Vegetable Bi-Products",315,"Animal or vegetable fats, oils, & waxes",31512,"Seed Oils",2021,13947917
3,"Animal and Vegetable Bi-Products",315,"Animal or vegetable fats, oils, & waxes",31513,"Coconut Oil",2021,1376928
3,"Animal and Vegetable Bi-Products",315,"Animal or vegetable fats, oils, & waxes",31514,"Rapeseed Oil",2021,14563726
3,"Animal and Vegetable Bi-Products",315,"Animal or vegetable fats, oils, & waxes",31515,"Other Pure Vegetable Oils",2021,188620489
3,"Animal and Vegetable Bi-Products",315,"Animal or vegetable fats, oils, & waxes",31516,"Other Vegetable Oils",2021,291089849
3,"Animal and Vegetable Bi-Products",315,"Animal or vegetable fats, oils, & waxes",31517,"Margarine",2021,41096817
3,"Animal and Vegetable Bi-Products",315,"Animal or vegetable fats, oils, & waxes",31518,"Inedible Fats and Oils",2021,1265909441
3,"Animal and Vegetable Bi-Products",315,"Animal or vegetable fats, oils, & waxes",31519,"Stearic Acid",2021,107230424
3,"Animal and Vegetable Bi-Products",315,"Animal or vegetable fats, oils, & waxes",31520,"Glycerol",2021,28952815.000000004
3,"Animal and Vegetable Bi-Products",315,"Animal or vegetable fats, oils, & waxes",31521,"Vegetable waxes and beeswax",2021,50626821
3,"Animal and Vegetable Bi-Products",315,"Animal or vegetable fats, oils, & waxes",31522,"Fat and Oil Residues",2021,1180949
4,"Foodstuffs",416,"Preparations of fish, crustacenas, & molluscs",41601,"Sausages",2021,86470526
4,"Foodstuffs",416,"Preparations of fish, crustacenas, & molluscs",41602,"Other Prepared Meat",2021,1516762669
4,"Foodstuffs",416,"Preparations of fish, crustacenas, & molluscs",41603,"Animal Extracts",2021,27541324
4,"Foodstuffs",416,"Preparations of fish, crustacenas, & molluscs",41604,"Processed Fish",2021,2685748846
4,"Foodstuffs",416,"Preparations of fish, crustacenas, & molluscs",41605,"Processed Crustaceans",2021,2338354381
4,"Foodstuffs",417,"Sugars & confectioneries",41701,"Raw Sugar",2021,57093855
4,"Foodstuffs",417,"Sugars & confectioneries",41702,"Other Sugars",2021,793248177
4,"Foodstuffs",417,"Sugars & confectioneries",41703,"Molasses",2021,924834
4,"Foodstuffs",417,"Sugars & confectioneries",41704,"Confectionery Sugar",2021,1011538144
4,"Foodstuffs",418,"Cocoa & cocoa preparations",41801,"Cocoa Beans",2021,237754
4,"Foodstuffs",418,"Cocoa & cocoa preparations",41802,"Cocoa Shells",2021,90
4,"Foodstuffs",418,"Cocoa & cocoa preparations",41803,"Cocoa Paste",2021,4029124
4,"Foodstuffs",418,"Cocoa & cocoa preparations",41804,"Cocoa Butter",2021,18830129
4,"Foodstuffs",418,"Cocoa & cocoa preparations",41805,"Cocoa Powder",2021,18092172
4,"Foodstuffs",418,"Cocoa & cocoa preparations",41806,"Chocolate",2021,330007101
4,"Foodstuffs",419,"Preparations of cereals, flour, starch or milk",41901,"Malt Extract",2021,350663908
4,"Foodstuffs",419,"Preparations of cereals, flour, starch or milk",41902,"Pasta",2021,969251114
4,"Foodstuffs",419,"Preparations of cereals, flour, starch or milk",41903,"Tapioca",2021,23649235
4,"Foodstuffs",419,"Preparations of cereals, flour, starch or milk",41904,"Prepared Cereals",2021,125411357
4,"Foodstuffs",419,"Preparations of cereals, flour, starch or milk",41905,"Baked Goods",2021,839456061
4,"Foodstuffs",420,"Preparations of vegetables, fruit, nuts or other plant parts",42001,"Pickled Foods",2021,215516089
4,"Foodstuffs",420,"Preparations of vegetables, fruit, nuts or other plant parts",42002,"Processed Tomatoes",2021,672850315
4,"Foodstuffs",420,"Preparations of vegetables, fruit, nuts or other plant parts",42003,"Processed Mushrooms",2021,419238710
4,"Foodstuffs",420,"Preparations of vegetables, fruit, nuts or other plant parts",42004,"Other Frozen Vegetables",2021,349012349
4,"Foodstuffs",420,"Preparations of vegetables, fruit, nuts or other plant parts",42005,"Other Processed Vegetables",2021,1493535753
4,"Foodstuffs",420,"Preparations of vegetables, fruit, nuts or other plant parts",42006,"Sugar Preserved Foods",2021,156014430
4,"Foodstuffs",420,"Preparations of vegetables, fruit, nuts or other plant parts",42007,"Jams",2021,63079517
4,"Foodstuffs",420,"Preparations of vegetables, fruit, nuts or other plant parts",42008,"Other Processed Fruits and Nuts",2021,2401437564
4,"Foodstuffs",420,"Preparations of vegetables, fruit, nuts or other plant parts",42009,"Fruit Juice",2021,596650878
4,"Foodstuffs",421,"Miscellaneous edible preparations",42101,"Coffee and Tea Extracts",2021,215433871
4,"Foodstuffs",421,"Miscellaneous edible preparations",42102,"Yeast",2021,415668627
4,"Foodstuffs",421,"Miscellaneous edible preparations",42103,"Sauces and Seasonings",2021,1242646935
4,"Foodstuffs",421,"Miscellaneous edible preparations",42104,"Soups and Broths",2021,169037853
4,"Foodstuffs",421,"Miscellaneous edible preparations",42105,"Ice Cream",2021,70291207
4,"Foodstuffs",421,"Miscellaneous edible preparations",42106,"Other Edible Preparations",2021,2549079551
4,"Foodstuffs",422,"Beverages, spirits, & vinegar",42201,"Water",2021,669583694.0000001
4,"Foodstuffs",422,"Beverages, spirits, & vinegar",42202,"Flavored Water",2021,257056160
4,"Foodstuffs",422,"Beverages, spirits, & vinegar",42203,"Beer",2021,275080875
4,"Foodstuffs",422,"Beverages, spirits, & vinegar",42204,"Wine",2021,46321152
4,"Foodstuffs",422,"Beverages, spirits, & vinegar",42205,"Vermouth",2021,5502669
4,"Foodstuffs",422,"Beverages, spirits, & vinegar",42206,"Other Fermented Beverages",2021,30737097
4,"Foodstuffs",422,"Beverages, spirits, & vinegar",42207,"Alcohol > 80% ABV",2021,42155014
4,"Foodstuffs",422,"Beverages, spirits, & vinegar",42208,"Hard Liquor",2021,576533845
4,"Foodstuffs",422,"Beverages, spirits, & vinegar",42209,"Vinegar",2021,32579195
4,"Foodstuffs",423,"Food residues & wastes; animal fodder",42301,"Animal Meal and Pellets",2021,17138701
4,"Foodstuffs",423,"Food residues & wastes; animal fodder",42302,"Bran",2021,26117481
4,"Foodstuffs",423,"Food residues & wastes; animal fodder",42303,"Starch Residue",2021,567925599
4,"Foodstuffs",423,"Food residues & wastes; animal fodder",42304,"Soybean Meal",2021,484850642
4,"Foodstuffs",423,"Food residues & wastes; animal fodder",42305,"Ground Nut Meal",2021,810573
4,"Foodstuffs",423,"Food residues & wastes; animal fodder",42306,"Other Vegetable Residues",2021,35707918
4,"Foodstuffs",423,"Food residues & wastes; animal fodder",42307,"Wine Lees",2021,550
4,"Foodstuffs",423,"Food residues & wastes; animal fodder",42308,"Other Vegetable Residues and Waste",2021,41527034
4,"Foodstuffs",423,"Food residues & wastes; animal fodder",42309,"Animal Food",2021,2413179530
4,"Foodstuffs",424,"Tobacco & substitutes",42401,"Raw Tobacco",2021,593660363
4,"Foodstuffs",424,"Tobacco & substitutes",42402,"Rolled Tobacco",2021,278739699
4,"Foodstuffs",424,"Tobacco & substitutes",42403,"Processed Tobacco",2021,81071926
5,"Mineral Products",525,"Salt, sulphur, cement, lime, stone, & plaster",52501,"Salt",2021,184911985
5,"Mineral Products",525,"Salt, sulphur, cement, lime, stone, & plaster",52502,"Iron Pyrites",2021,5737545
5,"Mineral Products",525,"Salt, sulphur, cement, lime, stone, & plaster",52503,"Sulphur",2021,23896075
5,"Mineral Products",525,"Salt, sulphur, cement, lime, stone, & plaster",52504,"Graphite",2021,305180587
5,"Mineral Products",525,"Salt, sulphur, cement, lime, stone, & plaster",52505,"Sand",2021,90093808
5,"Mineral Products",525,"Salt, sulphur, cement, lime, stone, & plaster",52506,"Quartz",2021,204010996
5,"Mineral Products",525,"Salt, sulphur, cement, lime, stone, & plaster",52507,"Kaolin",2021,173011304
5,"Mineral Products",525,"Salt, sulphur, cement, lime, stone, & plaster",52508,"Clays",2021,323626077
5,"Mineral Products",525,"Salt, sulphur, cement, lime, stone, & plaster",52509,"Chalk",2021,5342006
5,"Mineral Products",525,"Salt, sulphur, cement, lime, stone, & plaster",52510,"Calcium Phosphates",2021,51407838
5,"Mineral Products",525,"Salt, sulphur, cement, lime, stone, & plaster",52511,"Barium Sulphate",2021,162096565
5,"Mineral Products",525,"Salt, sulphur, cement, lime, stone, & plaster",52512,"Siliceous Fossil Meals",2021,14380919
5,"Mineral Products",525,"Salt, sulphur, cement, lime, stone, & plaster",52513,"Pumice",2021,58654443
5,"Mineral Products",525,"Salt, sulphur, cement, lime, stone, & plaster",52514,"Slate",2021,8606699
5,"Mineral Products",525,"Salt, sulphur, cement, lime, stone, & plaster",52515,"Marble, Travertine and Alabaster",2021,56020965
5,"Mineral Products",525,"Salt, sulphur, cement, lime, stone, & plaster",52516,"Granite",2021,68731396
5,"Mineral Products",525,"Salt, sulphur, cement, lime, stone, & plaster",52517,"Gravel and Crushed Stone",2021,424918483
5,"Mineral Products",525,"Salt, sulphur, cement, lime, stone, & plaster",52518,"Dolomite",2021,49545974
5,"Mineral Products",525,"Salt, sulphur, cement, lime, stone, & plaster",52519,"Magnesium Carbonate",2021,1213218889
5,"Mineral Products",525,"Salt, sulphur, cement, lime, stone, & plaster",52520,"Gypsum",2021,45865229
5,"Mineral Products",525,"Salt, sulphur, cement, lime, stone, & plaster",52521,"Limestone",2021,40744751
5,"Mineral Products",525,"Salt, sulphur, cement, lime, stone, & plaster",52522,"Quicklime",2021,21392565
5,"Mineral Products",525,"Salt, sulphur, cement, lime, stone, & plaster",52523,"Cement",2021,179181767
5,"Mineral Products",525,"Salt, sulphur, cement, lime, stone, & plaster",52524,"Asbestos",2021,4323382
5,"Mineral Products",525,"Salt, sulphur, cement, lime, stone, & plaster",52525,"Mica",2021,60210382
5,"Mineral Products",525,"Salt, sulphur, cement, lime, stone, & plaster",52526,"Soapstone",2021,230577034
5,"Mineral Products",525,"Salt, sulphur, cement, lime, stone, & plaster",52528,"Borax",2021,1298442
5,"Mineral Products",525,"Salt, sulphur, cement, lime, stone, & plaster",52529,"Feldspar",2021,128148969
5,"Mineral Products",525,"Salt, sulphur, cement, lime, stone, & plaster",52530,"Other Mineral",2021,248168064
5,"Mineral Products",526,"Ores, slag and ash",52601,"Iron Ore",2021,353782523
5,"Mineral Products",526,"Ores, slag and ash",52602,"Manganese Ore",2021,6298116
5,"Mineral Products",526,"Ores, slag and ash",52603,"Copper Ore",2021,30861367
5,"Mineral Products",526,"Ores, slag and ash",52604,"Nickel Ore",2021,201516
5,"Mineral Products",526,"Ores, slag and ash",52605,"Cobalt Ore",2021,454151
5,"Mineral Products",526,"Ores, slag and ash",52606,"Aluminium Ore",2021,274451597
5,"Mineral Products",526,"Ores, slag and ash",52607,"Lead Ore",2021,4164143
5,"Mineral Products",526,"Ores, slag and ash",52608,"Zinc Ore",2021,1111154
5,"Mineral Products",526,"Ores, slag and ash",52609,"Tin Ores",2021,607240
5,"Mineral Products",526,"Ores, slag and ash",52610,"Chromium Ore",2021,1645388
5,"Mineral Products",526,"Ores, slag and ash",52611,"Tungsten Ore",2021,1818561
5,"Mineral Products",526,"Ores, slag and ash",52612,"Uranium and Thorium Ore",2021,36829
5,"Mineral Products",526,"Ores, slag and ash",52613,"Molybdenum Ore",2021,138704549
5,"Mineral Products",526,"Ores, slag and ash",52614,"Titanium Ore",2021,24985399
5,"Mineral Products",526,"Ores, slag and ash",52615,"Niobium, Tantalum, Vanadium and Zirconium Ore",2021,19286201
5,"Mineral Products",526,"Ores, slag and ash",52616,"Precious Metal Ore",2021,1547379
5,"Mineral Products",526,"Ores, slag and ash",52617,"Other Ores",2021,2174974
5,"Mineral Products",526,"Ores, slag and ash",52618,"Granulated Slag",2021,37898925
5,"Mineral Products",526,"Ores, slag and ash",52619,"Slag Dross",2021,10009167
5,"Mineral Products",526,"Ores, slag and ash",52620,"Non-Iron and Steel Slag, Ash and Residues",2021,1059775290
5,"Mineral Products",526,"Ores, slag and ash",52621,"Other Slag and Ash",2021,57770413
5,"Mineral Products",527,"Mineral fuels, mineral oils and products of their distillation",52701,"Coal Briquettes",2021,1049315751
5,"Mineral Products",527,"Mineral fuels, mineral oils and products of their distillation",52702,"Lignite",2021,3886325
5,"Mineral Products",527,"Mineral fuels, mineral oils and products of their distillation",52703,"Peat",2021,6190208
5,"Mineral Products",527,"Mineral fuels, mineral oils and products of their distillation",52704,"Coke",2021,2369227079
5,"Mineral Products",527,"Mineral fuels, mineral oils and products of their distillation",52705,"Non-Petroleum Gas",2021,469550
5,"Mineral Products",527,"Mineral fuels, mineral oils and products of their distillation",52706,"Tar",2021,4892210.999999999
5,"Mineral Products",527,"Mineral fuels, mineral oils and products of their distillation",52707,"Coal Tar Oil",2021,101336720
5,"Mineral Products",527,"Mineral fuels, mineral oils and products of their distillation",52708,"Pitch Coke",2021,502617263
5,"Mineral Products",527,"Mineral fuels, mineral oils and products of their distillation",52709,"Crude Petroleum",2021,652744135
5,"Mineral Products",527,"Mineral fuels, mineral oils and products of their distillation",52710,"Refined Petroleum",2021,24520592868
5,"Mineral Products",527,"Mineral fuels, mineral oils and products of their distillation",52711,"Petroleum Gas",2021,2631313213
5,"Mineral Products",527,"Mineral fuels, mineral oils and products of their distillation",52712,"Petroleum Jelly",2021,1083389999
5,"Mineral Products",527,"Mineral fuels, mineral oils and products of their distillation",52713,"Petroleum Coke",2021,1142165511
5,"Mineral Products",527,"Mineral fuels, mineral oils and products of their distillation",52714,"Bitumen and asphalt",2021,16047634
5,"Mineral Products",527,"Mineral fuels, mineral oils and products of their distillation",52715,"Asphalt Mixtures",2021,14764635
5,"Mineral Products",527,"Mineral fuels, mineral oils and products of their distillation",52716,"Electricity",2021,1531754592
6,"Chemical Products",628,"Inorganic chemicals",62801,"Halogens",2021,13340737
6,"Chemical Products",628,"Inorganic chemicals",62802,"Sulfur",2021,6441973
6,"Chemical Products",628,"Inorganic chemicals",62803,"Carbon",2021,948290613
6,"Chemical Products",628,"Inorganic chemicals",62804,"Hydrogen",2021,2836928794
6,"Chemical Products",628,"Inorganic chemicals",62805,"Alkali, alkaline-earth, rare-earth metals, scandium, yttrium, and mercury",2021,427901106
6,"Chemical Products",628,"Inorganic chemicals",62806,"Hydrochloric Acid",2021,11473591
6,"Chemical Products",628,"Inorganic chemicals",62807,"Sulfuric Acid",2021,377758354
6,"Chemical Products",628,"Inorganic chemicals",62808,"Nitric Acids",2021,11707877
6,"Chemical Products",628,"Inorganic chemicals",62809,"Phosphoric Acid",2021,549885991
6,"Chemical Products",628,"Inorganic chemicals",62810,"Boron",2021,10637978
6,"Chemical Products",628,"Inorganic chemicals",62811,"Other Inorganic Acids",2021,1664198639
6,"Chemical Products",628,"Inorganic chemicals",62812,"Halides",2021,157374109
6,"Chemical Products",628,"Inorganic chemicals",62813,"Nonmetal Sulfides",2021,22035184
6,"Chemical Products",628,"Inorganic chemicals",62814,"Ammonia",2021,7222886
6,"Chemical Products",628,"Inorganic chemicals",62815,"Sodium or Potassium Peroxides",2021,435136473
6,"Chemical Products",628,"Inorganic chemicals",62816,"Magnesium Hydroxide and Peroxide",2021,59513041
6,"Chemical Products",628,"Inorganic chemicals",62817,"Zinc Oxide and Peroxide",2021,50562298
6,"Chemical Products",628,"Inorganic chemicals",62818,"Aluminium Oxide",2021,1084449514
6,"Chemical Products",628,"Inorganic chemicals",62819,"Chromium Oxides and Hydroxides",2021,50485226
6,"Chemical Products",628,"Inorganic chemicals",62820,"Manganese Oxides",2021,141051554
6,"Chemical Products",628,"Inorganic chemicals",62821,"Iron Oxides and Hydroxides",2021,417599267
6,"Chemical Products",628,"Inorganic chemicals",62822,"Cobalt Oxides and Hydroxides",2021,250714557
6,"Chemical Products",628,"Inorganic chemicals",62823,"Titanium Oxides",2021,342457445
6,"Chemical Products",628,"Inorganic chemicals",62824,"Lead Oxides",2021,3577903
6,"Chemical Products",628,"Inorganic chemicals",62825,"Inorganic Salts",2021,1884325687
6,"Chemical Products",628,"Inorganic chemicals",62826,"Fluorides",2021,485982548
6,"Chemical Products",628,"Inorganic chemicals",62827,"Chlorides",2021,834912683
6,"Chemical Products",628,"Inorganic chemicals",62828,"Hypochlorites",2021,161526779
6,"Chemical Products",628,"Inorganic chemicals",62829,"Chlorates and Perchlorates",2021,39286321
6,"Chemical Products",628,"Inorganic chemicals",62830,"Sulfides",2021,172257867
6,"Chemical Products",628,"Inorganic chemicals",62831,"Dithionites and Sulfoxylates",2021,96611782
6,"Chemical Products",628,"Inorganic chemicals",62832,"Sulfites",2021,143238276
6,"Chemical Products",628,"Inorganic chemicals",62833,"Sulfates",2021,1374040834
6,"Chemical Products",628,"Inorganic chemicals",62834,"Nitrites and Nitrates",2021,201444584
6,"Chemical Products",628,"Inorganic chemicals",62835,"Phosphinates (hypophosphites) and phosphonates (phosphites)",2021,1349412701
6,"Chemical Products",628,"Inorganic chemicals",62836,"Carbonates",2021,913755659
6,"Chemical Products",628,"Inorganic chemicals",62837,"Cyanides",2021,278705744
6,"Chemical Products",628,"Inorganic chemicals",62839,"Silicates",2021,156587063
6,"Chemical Products",628,"Inorganic chemicals",62840,"Borates",2021,31879310
6,"Chemical Products",628,"Inorganic chemicals",62841,"Oxometallic or Peroxometallic Acid Salts",2021,1603704109
6,"Chemical Products",628,"Inorganic chemicals",62842,"Other Inorganic Acids Salts",2021,521095463
6,"Chemical Products",628,"Inorganic chemicals",62843,"Precious Metal Compounds",2021,66208144
6,"Chemical Products",628,"Inorganic chemicals",62844,"Radioactive Chemicals",2021,73443762
6,"Chemical Products",628,"Inorganic chemicals",62845,"Other Isotopes",2021,27189622
6,"Chemical Products",628,"Inorganic chemicals",62846,"Rare-Earth Metal Compounds",2021,485564757
6,"Chemical Products",628,"Inorganic chemicals",62847,"Hydrogen peroxide",2021,6294314
6,"Chemical Products",628,"Inorganic chemicals",62849,"Carbides",2021,760847261
6,"Chemical Products",628,"Inorganic chemicals",62850,"Hydrides and other anions",2021,144551255
6,"Chemical Products",628,"Inorganic chemicals",62851,"Inorganic Compounds",2021,413896276
6,"Chemical Products",629,"Organic chemicals",62901,"Acyclic Hydrocarbons",2021,631297246
6,"Chemical Products",629,"Organic chemicals",62902,"Cyclic Hydrocarbons",2021,961200995
6,"Chemical Products",629,"Organic chemicals",62903,"Halogenated Hydrocarbons",2021,2743759527
6,"Chemical Products",629,"Organic chemicals",62904,"Sulfonated, Nitrated or Nitrosated Hydrocarbons",2021,316599110
6,"Chemical Products",629,"Organic chemicals",62905,"Acyclic alcohol derivatives (halogenated, sulphonated, nitrated)",2021,2222069115
6,"Chemical Products",629,"Organic chemicals",62906,"Cyclic Alcohols",2021,585926448
6,"Chemical Products",629,"Organic chemicals",62907,"Phenols",2021,620030630
6,"Chemical Products",629,"Organic chemicals",62908,"Phenol Derivatives",2021,90383110
6,"Chemical Products",629,"Organic chemicals",62909,"Ethers",2021,1240147160
6,"Chemical Products",629,"Organic chemicals",62910,"Epoxides",2021,264412939
6,"Chemical Products",629,"Organic chemicals",62911,"Acetals and Hemiacetals",2021,14027516
6,"Chemical Products",629,"Organic chemicals",62912,"Aldehydes, cyclic polymers, and paraformaldehyde",2021,737010756
6,"Chemical Products",629,"Organic chemicals",62913,"Halogenated aldehyde derivatives (heading 2912)",2021,44563780
6,"Chemical Products",629,"Organic chemicals",62914,"Ketones and Quinones",2021,1913459922
6,"Chemical Products",629,"Organic chemicals",62915,"Saturated Acyclic Monocarboxylic Acids",2021,3624573947
6,"Chemical Products",629,"Organic chemicals",62916,"Unsaturated Acyclic Monocarboxylic Acids",2021,3440802870
6,"Chemical Products",629,"Organic chemicals",62917,"Polycarboxylic Acids",2021,3984192445
6,"Chemical Products",629,"Organic chemicals",62918,"Carboxylic Acids",2021,3634227810
6,"Chemical Products",629,"Organic chemicals",62919,"Phosphoric Esters and Salts",2021,830623408
6,"Chemical Products",629,"Organic chemicals",62920,"Other Esters",2021,722293956
6,"Chemical Products",629,"Organic chemicals",62921,"Amine Compounds",2021,2848994330
6,"Chemical Products",629,"Organic chemicals",62922,"Oxygen Amino Compounds",2021,5813450764
6,"Chemical Products",629,"Organic chemicals",62923,"Quaternary Ammonium Salts and Hydroxides",2021,676545812
6,"Chemical Products",629,"Organic chemicals",62924,"Carboxyamide Compounds",2021,2475130224
6,"Chemical Products",629,"Organic chemicals",62925,"Carboxyimide Compounds",2021,582087772
6,"Chemical Products",629,"Organic chemicals",62926,"Nitrile Compounds",2021,1696861085
6,"Chemical Products",629,"Organic chemicals",62927,"Diazo, Azo or Aoxy Compounds",2021,291839059
6,"Chemical Products",629,"Organic chemicals",62928,"Hydrazine or Hydroxylamine Derivatives",2021,282503475
6,"Chemical Products",629,"Organic chemicals",62929,"Other Nitrogen Compounds",2021,1604989012
6,"Chemical Products",629,"Organic chemicals",62930,"Organo-Sulfur Compounds",2021,2620748491
6,"Chemical Products",629,"Organic chemicals",62931,"Other Organo-Inorganic Compounds",2021,4195023044
6,"Chemical Products",629,"Organic chemicals",62932,"Oxygen Heterocyclic Compounds",2021,3025570892
6,"Chemical Products",629,"Organic chemicals",62933,"Nitrogen Heterocyclic Compounds",2021,15689791285
6,"Chemical Products",629,"Organic chemicals",62934,"Nucleic Acids",2021,4702652410
6,"Chemical Products",629,"Organic chemicals",62935,"Sulfonamides",2021,975819297
6,"Chemical Products",629,"Organic chemicals",62936,"Vitamins",2021,3808513666
6,"Chemical Products",629,"Organic chemicals",62937,"Hormones",2021,1126014206
6,"Chemical Products",629,"Organic chemicals",62938,"Glycosides",2021,732668279
6,"Chemical Products",629,"Organic chemicals",62939,"Vegetable Alkaloids",2021,299280983
6,"Chemical Products",629,"Organic chemicals",62940,"Chemically Pure Sugars",2021,260677230
6,"Chemical Products",629,"Organic chemicals",62941,"Antibiotics",2021,4498553087
6,"Chemical Products",629,"Organic chemicals",62942,"Other Organic Compounds",2021,145456031
6,"Chemical Products",630,"Pharmaceutical products",63001,"Glands and Other Organs",2021,1422554023
6,"Chemical Products",630,"Pharmaceutical products",63002,"Vaccines, blood, antisera, toxins and cultures",2021,23973876718
6,"Chemical Products",630,"Pharmaceutical products",63003,"Unpackaged Medicaments",2021,723480625
6,"Chemical Products",630,"Pharmaceutical products",63004,"Packaged Medicaments",2021,5054471882
6,"Chemical Products",630,"Pharmaceutical products",63005,"Bandages",2021,2630269109
6,"Chemical Products",630,"Pharmaceutical products",63006,"Special Pharmaceuticals",2021,623451164
6,"Chemical Products",631,"Fertilizers",63101,"Animal or Vegetable Fertilizers",2021,82874263
6,"Chemical Products",631,"Fertilizers",63102,"Nitrogenous Fertilizers",2021,4881912741
6,"Chemical Products",631,"Fertilizers",63103,"Phosphatic Fertilizers",2021,817462879
6,"Chemical Products",631,"Fertilizers",63104,"Potassic Fertilizers",2021,203601574
6,"Chemical Products",631,"Fertilizers",63105,"Mixed Mineral or Chemical Fertilizers",2021,6976646915
6,"Chemical Products",632,"Paints, dyes, & varnishes",63201,"Vegetable Tanning Extracts",2021,8212597
6,"Chemical Products",632,"Paints, dyes, & varnishes",63202,"Synthetic Tanning Extracts",2021,40085493
6,"Chemical Products",632,"Paints, dyes, & varnishes",63203,"Vegetable or Animal Dyes",2021,244961759
6,"Chemical Products",632,"Paints, dyes, & varnishes",63204,"Synthetic Coloring Matter",2021,3350733483
6,"Chemical Products",632,"Paints, dyes, & varnishes",63205,"Lake Pigments",2021,13231552
6,"Chemical Products",632,"Paints, dyes, & varnishes",63206,"Other Coloring Matter",2021,3924507828
6,"Chemical Products",632,"Paints, dyes, & varnishes",63207,"Prepared Pigments",2021,649680963
6,"Chemical Products",632,"Paints, dyes, & varnishes",63208,"Nonaqueous Paints",2021,585679720
6,"Chemical Products",632,"Paints, dyes, & varnishes",63209,"Aqueous Paints",2021,191421708
6,"Chemical Products",632,"Paints, dyes, & varnishes",63210,"Other Paints",2021,57155902
6,"Chemical Products",632,"Paints, dyes, & varnishes",63211,"Prepared Paint Driers",2021,8809832
6,"Chemical Products",632,"Paints, dyes, & varnishes",63212,"Nonaqueous Pigments",2021,260237403
6,"Chemical Products",632,"Paints, dyes, & varnishes",63213,"Artistry Paints",2021,466522796
6,"Chemical Products",632,"Paints, dyes, & varnishes",63214,"Glaziers Putty",2021,507280204
6,"Chemical Products",632,"Paints, dyes, & varnishes",63215,"Ink",2021,815383994
6,"Chemical Products",633,"Perfumery & cosmetics",63301,"Essential Oils",2021,472060285
6,"Chemical Products",633,"Perfumery & cosmetics",63302,"Scented Mixtures",2021,482936376
6,"Chemical Products",633,"Perfumery & cosmetics",63303,"Perfumes",2021,229097369
6,"Chemical Products",633,"Perfumery & cosmetics",63304,"Beauty Products",2021,3143878111
6,"Chemical Products",633,"Perfumery & cosmetics",63305,"Hair Products",2021,482140732
6,"Chemical Products",633,"Perfumery & cosmetics",63306,"Dental Products",2021,681776131
6,"Chemical Products",633,"Perfumery & cosmetics",63307,"Shaving Products",2021,1568399507
6,"Chemical Products",634,"Soap, cleaners, candles, dental, modelling pastes",63401,"Soap",2021,756085595
6,"Chemical Products",634,"Soap, cleaners, candles, dental, modelling pastes",63402,"Cleaning Products",2021,2766938821
6,"Chemical Products",634,"Soap, cleaners, candles, dental, modelling pastes",63403,"Lubricating Products",2021,253647607
6,"Chemical Products",634,"Soap, cleaners, candles, dental, modelling pastes",63404,"Waxes",2021,406793346
6,"Chemical Products",634,"Soap, cleaners, candles, dental, modelling pastes",63405,"Polishes and Creams",2021,163465328
6,"Chemical Products",634,"Soap, cleaners, candles, dental, modelling pastes",63406,"Candles",2021,838911803
6,"Chemical Products",634,"Soap, cleaners, candles, dental, modelling pastes",63407,"Pastes and Waxes",2021,426494658
6,"Chemical Products",635,"Glues, starches, & albuminoid products",63501,"Casein",2021,7512288
6,"Chemical Products",635,"Glues, starches, & albuminoid products",63502,"Water Soluble Proteins",2021,9195265
6,"Chemical Products",635,"Glues, starches, & albuminoid products",63503,"Gelatin",2021,198695672
6,"Chemical Products",635,"Glues, starches, & albuminoid products",63504,"Peptones",2021,791150294
6,"Chemical Products",635,"Glues, starches, & albuminoid products",63505,"Dextrins",2021,149162558
6,"Chemical Products",635,"Glues, starches, & albuminoid products",63506,"Glues",2021,2061618697
6,"Chemical Products",635,"Glues, starches, & albuminoid products",63507,"Enzymes",2021,559898721
6,"Chemical Products",636,"Explosives, matches, & fireworks",63601,"Propellant Powders",2021,13561749
6,"Chemical Products",636,"Explosives, matches, & fireworks",63602,"Prepared Explosives",2021,21807031
6,"Chemical Products",636,"Explosives, matches, & fireworks",63603,"Detonating Fuses",2021,47339184
6,"Chemical Products",636,"Explosives, matches, & fireworks",63604,"Fireworks",2021,964424935
6,"Chemical Products",636,"Explosives, matches, & fireworks",63605,"Matches",2021,10645188
6,"Chemical Products",636,"Explosives, matches, & fireworks",63606,"Pyrophoric Alloys",2021,34697612
6,"Chemical Products",637,"Photo & movie goods",63701,"Photographic Plates",2021,708573183
6,"Chemical Products",637,"Photo & movie goods",63702,"Photographic Film",2021,170021935
6,"Chemical Products",637,"Photo & movie goods",63703,"Photographic Paper",2021,36058653
6,"Chemical Products",637,"Photo & movie goods",63704,"Undeveloped Exposed Photographic Material",2021,2719283
6,"Chemical Products",637,"Photo & movie goods",63705,"Developed Exposed Photographic Material",2021,61936749
6,"Chemical Products",637,"Photo & movie goods",63706,"Motion-picture film, exposed and developed",2021,6733320
6,"Chemical Products",637,"Photo & movie goods",63707,"Photographic Chemicals",2021,291588920
6,"Chemical Products",638,"Chemical products n.e.s.",63801,"Artificial Graphite",2021,1546682962
6,"Chemical Products",638,"Chemical products n.e.s.",63802,"Activated Carbon",2021,616252186
6,"Chemical Products",638,"Chemical products n.e.s.",63803,"Tall Oil",2021,252340
6,"Chemical Products",638,"Chemical products n.e.s.",63804,"Wood Pulp Lyes",2021,17129445
6,"Chemical Products",638,"Chemical products n.e.s.",63805,"Turpentine",2021,23222703
6,"Chemical Products",638,"Chemical products n.e.s.",63806,"Rosin",2021,248512052
6,"Chemical Products",638,"Chemical products n.e.s.",63807,"Wood Tar, Oils and Pitch",2021,15022237.999999998
6,"Chemical Products",638,"Chemical products n.e.s.",63808,"Pesticides",2021,8837562196
6,"Chemical Products",638,"Chemical products n.e.s.",63809,"Dyeing Finishing Agents",2021,349300104
6,"Chemical Products",638,"Chemical products n.e.s.",63810,"Metal Pickling Preparations",2021,171643468
6,"Chemical Products",638,"Chemical products n.e.s.",63811,"Antiknock",2021,464368334
6,"Chemical Products",638,"Chemical products n.e.s.",63812,"Prepared Rubber Accelerators",2021,1237979284
6,"Chemical Products",638,"Chemical products n.e.s.",63813,"Fire Extinguishers Preparations",2021,33354510
6,"Chemical Products",638,"Chemical products n.e.s.",63814,"Organic Composite Solvents",2021,137039676
6,"Chemical Products",638,"Chemical products n.e.s.",63815,"Reaction and Catalytic Products",2021,776623649
6,"Chemical Products",638,"Chemical products n.e.s.",63816,"Refractory Cements",2021,493015081
6,"Chemical Products",638,"Chemical products n.e.s.",63817,"Alkylbenzenes and Alkylnaphthalenes",2021,200877743
6,"Chemical Products",638,"Chemical products n.e.s.",63818,"Disc Chemicals for Electronics",2021,4011896431
6,"Chemical Products",638,"Chemical products n.e.s.",63819,"Hydraulic Brake Fluid",2021,13807542
6,"Chemical Products",638,"Chemical products n.e.s.",63820,"Antifreeze",2021,30903229
6,"Chemical Products",638,"Chemical products n.e.s.",63821,"Micro-Organism Culture Preparations",2021,166714323
6,"Chemical Products",638,"Chemical products n.e.s.",63822,"Laboratory Reagents",2021,6553085964
6,"Chemical Products",638,"Chemical products n.e.s.",63823,"Industrial Fatty Acids, Oils and Alcohols",2021,7475688477
7,"Plastics and Rubbers",739,"Plastics & articles thereof",73901,"Ethylene Polymers",2021,1507869204
7,"Plastics and Rubbers",739,"Plastics & articles thereof",73902,"Propylene Polymers",2021,1952043490
7,"Plastics and Rubbers",739,"Plastics & articles thereof",73903,"Styrene Polymers",2021,911455235
7,"Plastics and Rubbers",739,"Plastics & articles thereof",73904,"Vinyl Chloride Polymers",2021,3438722068
7,"Plastics and Rubbers",739,"Plastics & articles thereof",73905,"Other Vinyl Polymers",2021,623551675
7,"Plastics and Rubbers",739,"Plastics & articles thereof",73906,"Acrylic Polymers",2021,1553307741
7,"Plastics and Rubbers",739,"Plastics & articles thereof",73907,"Polyacetals",2021,9739071644
7,"Plastics and Rubbers",739,"Plastics & articles thereof",73908,"Polyamides",2021,1756107936
7,"Plastics and Rubbers",739,"Plastics & articles thereof",73909,"Amino-resins",2021,3600949837
7,"Plastics and Rubbers",739,"Plastics & articles thereof",73910,"Silicone",2021,1549963731
7,"Plastics and Rubbers",739,"Plastics & articles thereof",73911,"Petroleum Resins",2021,1030143575
7,"Plastics and Rubbers",739,"Plastics & articles thereof",73912,"Cellulose",2021,852877944
7,"Plastics and Rubbers",739,"Plastics & articles thereof",73913,"Natural Polymers",2021,821308617
7,"Plastics and Rubbers",739,"Plastics & articles thereof",73914,"Polymer Ion-Exchangers",2021,375987648
7,"Plastics and Rubbers",739,"Plastics & articles thereof",73915,"Scrap Plastic",2021,77635048
7,"Plastics and Rubbers",739,"Plastics & articles thereof",73916,"Monofilament",2021,757536064
7,"Plastics and Rubbers",739,"Plastics & articles thereof",73917,"Plastic Pipes",2021,3656252233
7,"Plastics and Rubbers",739,"Plastics & articles thereof",73918,"Plastic Floor Coverings",2021,7996523470
7,"Plastics and Rubbers",739,"Plastics & articles thereof",73919,"Self-adhesive Plastics",2021,4702542622
7,"Plastics and Rubbers",739,"Plastics & articles thereof",73920,"Raw Plastic Sheeting",2021,8333708013
7,"Plastics and Rubbers",739,"Plastics & articles thereof",73921,"Other Plastic Sheetings",2021,4776089307
7,"Plastics and Rubbers",739,"Plastics & articles thereof",73922,"Plastic Wash Basins",2021,1838998966
7,"Plastics and Rubbers",739,"Plastics & articles thereof",73923,"Plastic Lids",2021,11459492861
7,"Plastics and Rubbers",739,"Plastics & articles thereof",73924,"Plastic Housewares",2021,13508504517
7,"Plastics and Rubbers",739,"Plastics & articles thereof",73925,"Plastic Building Materials",2021,2635417493
7,"Plastics and Rubbers",739,"Plastics & articles thereof",73926,"Other Plastic Products",2021,34935463524
7,"Plastics and Rubbers",740,"Rubber & articles thereof",74001,"Rubber",2021,51748614
7,"Plastics and Rubbers",740,"Rubber & articles thereof",74002,"Synthetic Rubber",2021,1303925923
7,"Plastics and Rubbers",740,"Rubber & articles thereof",74003,"Reclaimed Rubber",2021,76016620
7,"Plastics and Rubbers",740,"Rubber & articles thereof",74004,"Scrap Rubber",2021,19613036
7,"Plastics and Rubbers",740,"Rubber & articles thereof",74005,"Compounded Unvulcanised Rubber",2021,254479873
7,"Plastics and Rubbers",740,"Rubber & articles thereof",74006,"Unvulcanised Rubber Products",2021,50821949
7,"Plastics and Rubbers",740,"Rubber & articles thereof",74007,"Rubber Thread",2021,53182671
7,"Plastics and Rubbers",740,"Rubber & articles thereof",74008,"Rubber Sheets",2021,498146477
7,"Plastics and Rubbers",740,"Rubber & articles thereof",74009,"Rubber Pipes",2021,1490779550
7,"Plastics and Rubbers",740,"Rubber & articles thereof",74010,"Rubber Belting",2021,1184440536
7,"Plastics and Rubbers",740,"Rubber & articles thereof",74011,"Rubber Tires",2021,17188561781
7,"Plastics and Rubbers",740,"Rubber & articles thereof",74012,"Used Rubber Tires",2021,159055821
7,"Plastics and Rubbers",740,"Rubber & articles thereof",74013,"Rubber Inner Tubes",2021,566448836
7,"Plastics and Rubbers",740,"Rubber & articles thereof",74014,"Pharmaceutical Rubber Products",2021,241943557
7,"Plastics and Rubbers",740,"Rubber & articles thereof",74015,"Rubber Apparel",2021,6114548825
7,"Plastics and Rubbers",740,"Rubber & articles thereof",74016,"Other Rubber Products",2021,4773689105
7,"Plastics and Rubbers",740,"Rubber & articles thereof",74017,"Hard Rubber",2021,57277088
8,"Animal Hides",841,"Raw hides & skin (non-fur)",84101,"Equine and Bovine Hides",2021,18564414
8,"Animal Hides",841,"Raw hides & skin (non-fur)",84102,"Sheep Hides",2021,12946272
8,"Animal Hides",841,"Raw hides & skin (non-fur)",84103,"Other Hides and Skins",2021,15106709
8,"Animal Hides",841,"Raw hides & skin (non-fur)",84104,"Tanned Equine and Bovine Hides",2021,966198230
8,"Animal Hides",841,"Raw hides & skin (non-fur)",84105,"Tanned Sheep Hides",2021,67488552
8,"Animal Hides",841,"Raw hides & skin (non-fur)",84106,"Tanned Goat Hides",2021,22430749
8,"Animal Hides",841,"Raw hides & skin (non-fur)",84107,"Leather of Other Animals",2021,53327007
8,"Animal Hides",841,"Raw hides & skin (non-fur)",84108,"Chamois Leather",2021,3571491
8,"Animal Hides",841,"Raw hides & skin (non-fur)",84109,"Patent Leather",2021,17979448
8,"Animal Hides",841,"Raw hides & skin (non-fur)",84110,"Leather Waste",2021,17081197
8,"Animal Hides",841,"Raw hides & skin (non-fur)",84111,"Leather Sheets",2021,22392722
8,"Animal Hides",842,"Leather articles",84201,"Saddlery",2021,1178853650
8,"Animal Hides",842,"Leather articles",84202,"Trunks and Cases",2021,22235843541
8,"Animal Hides",842,"Leather articles",84203,"Leather Apparel",2021,1045337436
8,"Animal Hides",842,"Leather articles",84205,"Other Leather Articles",2021,557259921
8,"Animal Hides",842,"Leather articles",84206,"Articles of Gut",2021,4428323.000000001
8,"Animal Hides",843,"Furskins, articifial fur, & articles",84301,"Raw Furskins",2021,1633581
8,"Animal Hides",843,"Furskins, articifial fur, & articles",84302,"Tanned Furskins",2021,200009892
8,"Animal Hides",843,"Furskins, articifial fur, & articles",84303,"Furskin Apparel",2021,734728529
8,"Animal Hides",843,"Furskins, articifial fur, & articles",84304,"Artificial Fur",2021,49858238
9,"Wood Products",944,"Wood, wood articles, & charcoal",94401,"Fuel Wood",2021,15936946
9,"Wood Products",944,"Wood, wood articles, & charcoal",94402,"Wood Charcoal",2021,92239733
9,"Wood Products",944,"Wood, wood articles, & charcoal",94403,"Rough Wood",2021,15392245
9,"Wood Products",944,"Wood, wood articles, & charcoal",94404,"Wood Stakes",2021,26306460
9,"Wood Products",944,"Wood, wood articles, & charcoal",94405,"Wood Wool",2021,2774488
9,"Wood Products",944,"Wood, wood articles, & charcoal",94406,"Railroad Ties",2021,700372
9,"Wood Products",944,"Wood, wood articles, & charcoal",94407,"Sawn Wood",2021,323044284
9,"Wood Products",944,"Wood, wood articles, & charcoal",94408,"Veneer Sheets",2021,829032351
9,"Wood Products",944,"Wood, wood articles, & charcoal",94409,"Shaped Wood",2021,704253839
9,"Wood Products",944,"Wood, wood articles, & charcoal",94410,"Particle Board",2021,291998365
9,"Wood Products",944,"Wood, wood articles, & charcoal",94411,"Wood Fiberboard",2021,1213877152
9,"Wood Products",944,"Wood, wood articles, & charcoal",94412,"Plywood",2021,4795791396
9,"Wood Products",944,"Wood, wood articles, & charcoal",94413,"Densified Wood",2021,45091587
9,"Wood Products",944,"Wood, wood articles, & charcoal",94414,"Wood Frames",2021,518438544
9,"Wood Products",944,"Wood, wood articles, & charcoal",94415,"Wood Crates",2021,155494066
9,"Wood Products",944,"Wood, wood articles, & charcoal",94416,"Wood Barrels",2021,8845747
9,"Wood Products",944,"Wood, wood articles, & charcoal",94417,"Wooden Tool Handles",2021,176571622
9,"Wood Products",944,"Wood, wood articles, & charcoal",94418,"Wood Carpentry",2021,2032107429
9,"Wood Products",944,"Wood, wood articles, & charcoal",94419,"Wood Kitchenware",2021,1469979298
9,"Wood Products",944,"Wood, wood articles, & charcoal",94420,"Wood Ornaments",2021,1546348829
9,"Wood Products",944,"Wood, wood articles, & charcoal",94421,"Other Wood Articles",2021,3282678074
9,"Wood Products",945,"Cork & cork articles",94501,"Raw Cork",2021,2175686
9,"Wood Products",945,"Cork & cork articles",94502,"Debacked Cork",2021,2488975
9,"Wood Products",945,"Cork & cork articles",94503,"Natural Cork Articles",2021,18094311
9,"Wood Products",945,"Cork & cork articles",94504,"Agglomerated Cork",2021,69870387
9,"Wood Products",946,"Straw & esparto manufactures",94601,"Plaiting Products",2021,299948405
9,"Wood Products",946,"Straw & esparto manufactures",94602,"Basketwork",2021,1032985006
10,"Paper Goods",1047,"Wood pulp & paper scrap",104701,"Mechanical Wood Pulp",2021,855620
10,"Paper Goods",1047,"Wood pulp & paper scrap",104702,"Dissolving Grades Chemical Woodpulp",2021,5917119
10,"Paper Goods",1047,"Wood pulp & paper scrap",104703,"Sulfate Chemical Woodpulp",2021,73793729
10,"Paper Goods",1047,"Wood pulp & paper scrap",104704,"Sulfite Chemical Woodpulp",2021,1523656
10,"Paper Goods",1047,"Wood pulp & paper scrap",104705,"Semi chemical Woodpulp",2021,8640981
10,"Paper Goods",1047,"Wood pulp & paper scrap",104706,"Recovered Paper Pulp",2021,130856986
10,"Paper Goods",1047,"Wood pulp & paper scrap",104707,"Recovered Paper",2021,9984338
10,"Paper Goods",1048,"Paper articles",104801,"Newsprint",2021,100923137
10,"Paper Goods",1048,"Paper articles",104802,"Uncoated Paper",2021,598210467
10,"Paper Goods",1048,"Paper articles",104803,"Tissue",2021,216877027
10,"Paper Goods",1048,"Paper articles",104804,"Kraft Paper",2021,171672454
10,"Paper Goods",1048,"Paper articles",104805,"Other Uncoated Paper",2021,454938477
10,"Paper Goods",1048,"Paper articles",104806,"Vegetable Parchment",2021,203703878
10,"Paper Goods",1048,"Paper articles",104807,"Composite Paper",2021,25628532
10,"Paper Goods",1048,"Paper articles",104808,"Corrugated Paper",2021,100450761
10,"Paper Goods",1048,"Paper articles",104809,"Carbon Paper",2021,190969644
10,"Paper Goods",1048,"Paper articles",104810,"Kaolin Coated Paper",2021,2475822928
10,"Paper Goods",1048,"Paper articles",104811,"Cellulose Fibers Paper",2021,2310316787
10,"Paper Goods",1048,"Paper articles",104812,"Paper Pulp Filter Blocks",2021,11081293
10,"Paper Goods",1048,"Paper articles",104813,"Cigarette Paper",2021,158875404
10,"Paper Goods",1048,"Paper articles",104814,"Wallpaper",2021,353230514
10,"Paper Goods",1048,"Paper articles",104816,"Other Carbon Paper",2021,95951501
10,"Paper Goods",1048,"Paper articles",104817,"Letter Stock",2021,228799212
10,"Paper Goods",1048,"Paper articles",104818,"Toilet Paper",2021,3875070262
10,"Paper Goods",1048,"Paper articles",104819,"Paper Containers",2021,5518725528
10,"Paper Goods",1048,"Paper articles",104820,"Paper Notebooks",2021,1509400333
10,"Paper Goods",1048,"Paper articles",104821,"Paper Labels",2021,1253105845
10,"Paper Goods",1048,"Paper articles",104822,"Paper Spools",2021,34834264
10,"Paper Goods",1048,"Paper articles",104823,"Shaped Paper",2021,3364004531
10,"Paper Goods",1049,"Books, newspapers, & other prints",104901,"Brochures",2021,2226872405
10,"Paper Goods",1049,"Books, newspapers, & other prints",104902,"Newspapers",2021,14385214
10,"Paper Goods",1049,"Books, newspapers, & other prints",104903,"Children's Picture Books",2021,1338644130
10,"Paper Goods",1049,"Books, newspapers, & other prints",104904,"Sheet Music",2021,938609
10,"Paper Goods",1049,"Books, newspapers, & other prints",104905,"Maps",2021,23544982
10,"Paper Goods",1049,"Books, newspapers, & other prints",104906,"Architectural Plans",2021,2210915
10,"Paper Goods",1049,"Books, newspapers, & other prints",104907,"Documents of title (bonds etc) and unused stamps",2021,65199582
10,"Paper Goods",1049,"Books, newspapers, & other prints",104908,"Decals",2021,199744789
10,"Paper Goods",1049,"Books, newspapers, & other prints",104909,"Postcards",2021,650818570
10,"Paper Goods",1049,"Books, newspapers, & other prints",104910,"Calendars",2021,167991899
10,"Paper Goods",1049,"Books, newspapers, & other prints",104911,"Other Printed Material",2021,1471715203
11,"Textiles",1150,"Silk",115001,"Silk-worm Cocoons",2021,352283
11,"Textiles",1150,"Silk",115002,"Raw Silk",2021,100429751
11,"Textiles",1150,"Silk",115003,"Silk Waste",2021,34584064
11,"Textiles",1150,"Silk",115004,"Non-Retail Silk Yarn",2021,52800946
11,"Textiles",1150,"Silk",115005,"Silk Waste Yarn",2021,59672637
11,"Textiles",1150,"Silk",115006,"Retail Silk Yarn",2021,3104778
11,"Textiles",1150,"Silk",115007,"Silk Fabrics",2021,274924111
11,"Textiles",1151,"Wool & animal hair",115101,"Wool",2021,38007946
11,"Textiles",1151,"Wool & animal hair",115102,"Animal Hair",2021,317047121
11,"Textiles",1151,"Wool & animal hair",115103,"Wool or Animal Hair Waste",2021,13874955
11,"Textiles",1151,"Wool & animal hair",115104,"Garnetted Wool or Animal Hair",2021,821747
11,"Textiles",1151,"Wool & animal hair",115105,"Prepared Wool or Animal Hair",2021,486613890
11,"Textiles",1151,"Wool & animal hair",115106,"Non-Retail Carded Wool Yarn",2021,96915392
11,"Textiles",1151,"Wool & animal hair",115107,"Non-Retail Combed Wool Yarn",2021,218867608
11,"Textiles",1151,"Wool & animal hair",115108,"Non-Retail Animal Hair Yarn",2021,443078322
11,"Textiles",1151,"Wool & animal hair",115109,"Retail Wool or Animal Hair Yarn",2021,59655764
11,"Textiles",1151,"Wool & animal hair",115110,"Horsehair Yarn",2021,444729
11,"Textiles",1151,"Wool & animal hair",115111,"Carded Wool or Animal Hair Fabric",2021,95673087
11,"Textiles",1151,"Wool & animal hair",115112,"Combed Wool or Animal Hair Fabric",2021,148558404
11,"Textiles",1151,"Wool & animal hair",115113,"Horsehair Fabric",2021,2366964
11,"Textiles",1152,"Cotton",115201,"Raw Cotton",2021,9013235
11,"Textiles",1152,"Cotton",115202,"Cotton Waste",2021,3512391
11,"Textiles",1152,"Cotton",115203,"Prepared Cotton",2021,9135315
11,"Textiles",1152,"Cotton",115204,"Cotton Sewing Thread",2021,38234967
11,"Textiles",1152,"Cotton",115205,"Non-Retail Pure Cotton Yarn",2021,787991280
11,"Textiles",1152,"Cotton",115206,"Non-Retail Mixed Cotton Yarn",2021,405459501
11,"Textiles",1152,"Cotton",115207,"Retail Cotton Yarn",2021,41708718
11,"Textiles",1152,"Cotton",115208,"Light Pure Woven Cotton",2021,4166985303
11,"Textiles",1152,"Cotton",115209,"Heavy Pure Woven Cotton",2021,2190444377
11,"Textiles",1152,"Cotton",115210,"Light Mixed Woven Cotton",2021,737852573
11,"Textiles",1152,"Cotton",115211,"Heavy Mixed Woven Cotton",2021,2045469485
11,"Textiles",1152,"Cotton",115212,"Other Cotton Fabrics",2021,132730831
11,"Textiles",1153,"Vegetable textile fibers, paper yarn & fabrics",115301,"Flax Fibers",2021,5184791
11,"Textiles",1153,"Vegetable textile fibers, paper yarn & fabrics",115302,"Hemp Fibers",2021,4143428
11,"Textiles",1153,"Vegetable textile fibers, paper yarn & fabrics",115303,"Jute and Other Textile Fibers",2021,3671784
11,"Textiles",1153,"Vegetable textile fibers, paper yarn & fabrics",115305,"Coconut and Other Vegetable Fibers",2021,8132218
11,"Textiles",1153,"Vegetable textile fibers, paper yarn & fabrics",115306,"Flax Yarn",2021,235130255
11,"Textiles",1153,"Vegetable textile fibers, paper yarn & fabrics",115307,"Jute Yarn",2021,7173499
11,"Textiles",1153,"Vegetable textile fibers, paper yarn & fabrics",115308,"Other Vegetable Fibers Yarn",2021,41716621
11,"Textiles",1153,"Vegetable textile fibers, paper yarn & fabrics",115309,"Flax Woven Fabric",2021,793485698
11,"Textiles",1153,"Vegetable textile fibers, paper yarn & fabrics",115310,"Jute Woven Fabric",2021,11297200
11,"Textiles",1153,"Vegetable textile fibers, paper yarn & fabrics",115311,"Other Vegetable Fibers Fabric",2021,80726797
11,"Textiles",1154,"Man-made filaments",115401,"Artificial Filament Sewing Thread",2021,466944434
11,"Textiles",1154,"Man-made filaments",115402,"Non-Retail Synthetic Filament Yarn",2021,7563710357
11,"Textiles",1154,"Man-made filaments",115403,"Non-Retail Artificial Filament Yarn",2021,583727857
11,"Textiles",1154,"Man-made filaments",115404,"Synthetic Monofilament",2021,271593919
11,"Textiles",1154,"Man-made filaments",115405,"Artificial Monofilament",2021,3923835
11,"Textiles",1154,"Man-made filaments",115406,"Retail Artificial Filament Yarn",2021,63277126
11,"Textiles",1154,"Man-made filaments",115407,"Synthetic Filament Yarn Woven Fabric",2021,12847198366
11,"Textiles",1154,"Man-made filaments",115408,"Artificial Filament Yarn Woven Fabric",2021,388576126
11,"Textiles",1155,"Man-made staple fibres",115501,"Synthetic Filament Tow",2021,98774921
11,"Textiles",1155,"Man-made staple fibres",115502,"Artificial Filament Tow",2021,74845635
11,"Textiles",1155,"Man-made staple fibres",115503,"Unprocessed Synthetic Staple Fibers",2021,1314067866
11,"Textiles",1155,"Man-made staple fibres",115504,"Unprocessed Artificial Staple Fibers",2021,638431701
11,"Textiles",1155,"Man-made staple fibres",115505,"Artificial Fibers Waste",2021,4519596
11,"Textiles",1155,"Man-made staple fibres",115506,"Processed Synthetic Staple Fibers",2021,31807748
11,"Textiles",1155,"Man-made staple fibres",115507,"Processed Artificial Staple Fibers",2021,4764328
11,"Textiles",1155,"Man-made staple fibres",115508,"Non-Retail Artificial Staple Fibers Sewing Thread",2021,408566060
11,"Textiles",1155,"Man-made staple fibres",115509,"Non-Retail Synthetic Staple Fibers Yarn",2021,1569396757
11,"Textiles",1155,"Man-made staple fibres",115510,"Non-Retail Artificial Staple Fibers Yarn",2021,612119376
11,"Textiles",1155,"Man-made staple fibres",115511,"Retail Artificial Staple Fibers Yarn",2021,101745572
11,"Textiles",1155,"Man-made staple fibres",115512,"Synthetic Fabrics",2021,1425475513
11,"Textiles",1155,"Man-made staple fibres",115513,"Light Synthetic Cotton Fabrics",2021,1031317042
11,"Textiles",1155,"Man-made staple fibres",115514,"Heavy Synthetic Cotton Fabrics",2021,644629198
11,"Textiles",1155,"Man-made staple fibres",115515,"Other Synthetic Fabrics",2021,1600850307
11,"Textiles",1155,"Man-made staple fibres",115516,"Woven Fabric of Synthetic Staple Fibers",2021,2705211185
11,"Textiles",1156,"Wadding, felt, nonwovens, twin, ropes, & articles thereof",115601,"Wadding",2021,362621610
11,"Textiles",1156,"Wadding, felt, nonwovens, twin, ropes, & articles thereof",115602,"Felt",2021,245889062
11,"Textiles",1156,"Wadding, felt, nonwovens, twin, ropes, & articles thereof",115603,"Non-woven Textiles",2021,4521418326
11,"Textiles",1156,"Wadding, felt, nonwovens, twin, ropes, & articles thereof",115604,"Rubber Textiles",2021,292682117
11,"Textiles",1156,"Wadding, felt, nonwovens, twin, ropes, & articles thereof",115605,"Metallic Yarn",2021,80371499
11,"Textiles",1156,"Wadding, felt, nonwovens, twin, ropes, & articles thereof",115606,"Gimp Yarn",2021,268033284
11,"Textiles",1156,"Wadding, felt, nonwovens, twin, ropes, & articles thereof",115607,"Twine and Rope",2021,834418036
11,"Textiles",1156,"Wadding, felt, nonwovens, twin, ropes, & articles thereof",115608,"Twine, cordage or rope; knotted netting, made up fishing nets and other made up nets, of textile materials",2021,746900573
11,"Textiles",1156,"Wadding, felt, nonwovens, twin, ropes, & articles thereof",115609,"Other Articles of Twine and Rope",2021,434984287
11,"Textiles",1157,"Carpets & textile floor covers",115701,"Knotted Carpets",2021,57941044
11,"Textiles",1157,"Carpets & textile floor covers",115702,"Hand-Woven Rugs",2021,527039663
11,"Textiles",1157,"Carpets & textile floor covers",115703,"Tufted Carpets",2021,1503782975
11,"Textiles",1157,"Carpets & textile floor covers",115704,"Felt Carpets",2021,78821061
11,"Textiles",1157,"Carpets & textile floor covers",115705,"Other Carpets",2021,979095760
11,"Textiles",1158,"Special woven fabrics and tapestries",115801,"Woven Fabrics",2021,1162569358
11,"Textiles",1158,"Special woven fabrics and tapestries",115802,"Terry Fabric",2021,50502902
11,"Textiles",1158,"Special woven fabrics and tapestries",115803,"Gauze",2021,30683665
11,"Textiles",1158,"Special woven fabrics and tapestries",115804,"Tulles and Net Fabric",2021,825520795
11,"Textiles",1158,"Special woven fabrics and tapestries",115805,"Hand-Woven Tapestries",2021,3971085
11,"Textiles",1158,"Special woven fabrics and tapestries",115806,"Narrow Woven Fabric",2021,1774610149
11,"Textiles",1158,"Special woven fabrics and tapestries",115807,"Labels",2021,484274940
11,"Textiles",1158,"Special woven fabrics and tapestries",115808,"Ornamental Trimmings",2021,208976871
11,"Textiles",1158,"Special woven fabrics and tapestries",115809,"Metallic Fabric",2021,8739755
11,"Textiles",1158,"Special woven fabrics and tapestries",115810,"Embroidery",2021,526377880
11,"Textiles",1158,"Special woven fabrics and tapestries",115811,"Quilted Textiles",2021,187591564
11,"Textiles",1159,"Coated, covered, & laminated fabrics for industrial use",115901,"Gum Coated Textile Fabric",2021,301001387
11,"Textiles",1159,"Coated, covered, & laminated fabrics for industrial use",115902,"Polyamide Fabric",2021,1101514369
11,"Textiles",1159,"Coated, covered, & laminated fabrics for industrial use",115903,"Plastic Coated Textile Fabric",2021,4732675913
11,"Textiles",1159,"Coated, covered, & laminated fabrics for industrial use",115904,"Linoleum",2021,27653917
11,"Textiles",1159,"Coated, covered, & laminated fabrics for industrial use",115905,"Textile Wall Coverings",2021,33439376
11,"Textiles",1159,"Coated, covered, & laminated fabrics for industrial use",115906,"Rubber Textile Fabric",2021,311854132
11,"Textiles",1159,"Coated, covered, & laminated fabrics for industrial use",115907,"Coated Textile Fabric",2021,402064110
11,"Textiles",1159,"Coated, covered, & laminated fabrics for industrial use",115908,"Textile Wicks",2021,7833417
11,"Textiles",1159,"Coated, covered, & laminated fabrics for industrial use",115909,"Hose Piping Textiles",2021,128825934
11,"Textiles",1159,"Coated, covered, & laminated fabrics for industrial use",115910,"Conveyor Belt Textiles",2021,108200128
11,"Textiles",1159,"Coated, covered, & laminated fabrics for industrial use",115911,"Textiles for technical uses",2021,970001487
11,"Textiles",1160,"Knitted fabrics",116001,"Pile Fabric",2021,3952491628
11,"Textiles",1160,"Knitted fabrics",116002,"Light Rubberized Knitted Fabric",2021,15292522512
11,"Textiles",1161,"Knitted clothing accesories",116101,"Knit Men's Coats",2021,753950174
11,"Textiles",1161,"Knitted clothing accesories",116102,"Knit Women's Coats",2021,1376642130
11,"Textiles",1161,"Knitted clothing accesories",116103,"Knit Men's Suits",2021,3576048523
11,"Textiles",1161,"Knitted clothing accesories",116104,"Knit Women's Suits",2021,12081159927
11,"Textiles",1161,"Knitted clothing accesories",116105,"Knit Men's Shirts",2021,1061794950
11,"Textiles",1161,"Knitted clothing accesories",116106,"Knit Women's Shirts",2021,1007291504
11,"Textiles",1161,"Knitted clothing accesories",116107,"Knit Men's Undergarments",2021,2700866812
11,"Textiles",1161,"Knitted clothing accesories",116108,"Knit Women's Undergarments",2021,5721416529
11,"Textiles",1161,"Knitted clothing accesories",116109,"Knit T-shirts",2021,7868161604
11,"Textiles",1161,"Knitted clothing accesories",116110,"Knit Sweaters",2021,19704875462
11,"Textiles",1161,"Knitted clothing accesories",116111,"Knit Babies' Garments",2021,2379497381
11,"Textiles",1161,"Knitted clothing accesories",116112,"Knit Active Wear",2021,1729881814
11,"Textiles",1161,"Knitted clothing accesories",116113,"Garments of Impregnated Fabric",2021,484215049
11,"Textiles",1161,"Knitted clothing accesories",116114,"Other Knit Garments",2021,2400693154
11,"Textiles",1161,"Knitted clothing accesories",116115,"Knit Socks and Hosiery",2021,5902448213
11,"Textiles",1161,"Knitted clothing accesories",116116,"Knit Gloves",2021,2714072309
11,"Textiles",1161,"Knitted clothing accesories",116117,"Other Knit Clothing Accessories",2021,1556465878
11,"Textiles",1162,"Non-knitted clothing accesories",116201,"Non-Knit Men's Coats",2021,5306690639
11,"Textiles",1162,"Non-knitted clothing accesories",116202,"Non-Knit Women's Coats",2021,7278158491
11,"Textiles",1162,"Non-knitted clothing accesories",116203,"Non-Knit Men's Suits",2021,7005752878
11,"Textiles",1162,"Non-knitted clothing accesories",116204,"Non-Knit Women's Suits",2021,17576651227
11,"Textiles",1162,"Non-knitted clothing accesories",116205,"Non-Knit Men's Shirts",2021,1770679212
11,"Textiles",1162,"Non-knitted clothing accesories",116206,"Non-Knit Women's Shirts",2021,3036760061
11,"Textiles",1162,"Non-knitted clothing accesories",116207,"Non-Knit Men's Undergarments",2021,435877425
11,"Textiles",1162,"Non-knitted clothing accesories",116208,"Non-Knit Women's Undergarments",2021,975590685
11,"Textiles",1162,"Non-knitted clothing accesories",116209,"Non-Knit Babies' Garments",2021,649001105
11,"Textiles",1162,"Non-knitted clothing accesories",116210,"Felt or Coated Fabric Garments",2021,6316132770
11,"Textiles",1162,"Non-knitted clothing accesories",116211,"Non-Knit Active Wear",2021,3728053455
11,"Textiles",1162,"Non-knitted clothing accesories",116212,"Other Women's Undergarments",2021,5133561921
11,"Textiles",1162,"Non-knitted clothing accesories",116213,"Handkerchiefs",2021,78104356
11,"Textiles",1162,"Non-knitted clothing accesories",116214,"Scarves",2021,933608703
11,"Textiles",1162,"Non-knitted clothing accesories",116215,"Neck Ties",2021,130918220
11,"Textiles",1162,"Non-knitted clothing accesories",116216,"Non-Knit Gloves",2021,550494060
11,"Textiles",1162,"Non-knitted clothing accesories",116217,"Other Non-Knit Clothing Accessories",2021,728894317
11,"Textiles",1163,"Used clothes & textile articles",116301,"Blankets",2021,3877580906
11,"Textiles",1163,"Used clothes & textile articles",116302,"House Linens",2021,7155858914
11,"Textiles",1163,"Used clothes & textile articles",116303,"Window Dressings",2021,3015639374
11,"Textiles",1163,"Used clothes & textile articles",116304,"Bedspreads",2021,2202887427
11,"Textiles",1163,"Used clothes & textile articles",116305,"Packing Bags",2021,1407642362
11,"Textiles",1163,"Used clothes & textile articles",116306,"Awnings, Tents, and Sails",2021,3460291012
11,"Textiles",1163,"Used clothes & textile articles",116307,"Other Cloth Articles",2021,17528454985
11,"Textiles",1163,"Used clothes & textile articles",116308,"Packaged Sewing Sets",2021,29237250
11,"Textiles",1163,"Used clothes & textile articles",116309,"Used Clothing",2021,615913067
11,"Textiles",1163,"Used clothes & textile articles",116310,"Textile Scraps",2021,31902649
12,"Footwear and Headwear",1264,"Footwear",126401,"Waterproof Footwear",2021,698371183
12,"Footwear and Headwear",1264,"Footwear",126402,"Rubber Footwear",2021,18335893000
12,"Footwear and Headwear",1264,"Footwear",126403,"Leather Footwear",2021,10227096230
12,"Footwear and Headwear",1264,"Footwear",126404,"Textile Footwear",2021,14357001404
12,"Footwear and Headwear",1264,"Footwear",126405,"Other Footwear",2021,1702013407
12,"Footwear and Headwear",1264,"Footwear",126406,"Footwear Parts",2021,3198598507
12,"Footwear and Headwear",1265,"Headgear",126501,"Hat Forms",2021,12076245
12,"Footwear and Headwear",1265,"Headgear",126502,"Hat Shapes",2021,19127829
12,"Footwear and Headwear",1265,"Headgear",126504,"Hats",2021,215771595
12,"Footwear and Headwear",1265,"Headgear",126505,"Knitted Hats",2021,3263605253
12,"Footwear and Headwear",1265,"Headgear",126506,"Other Headwear",2021,2296553085
12,"Footwear and Headwear",1265,"Headgear",126507,"Headbands and Linings",2021,139922627
12,"Footwear and Headwear",1266,"Umbrellas, walking sticks, & whips",126601,"Umbrellas",2021,2373702994
12,"Footwear and Headwear",1266,"Umbrellas, walking sticks, & whips",126602,"Walking Sticks",2021,157196318
12,"Footwear and Headwear",1266,"Umbrellas, walking sticks, & whips",126603,"Umbrella and Walking Stick Accessories",2021,317916642
12,"Footwear and Headwear",1267,"Feather articles, feathers, artificial flowers, & articles of human hair",126701,"Bird Skins and Feathers",2021,46705100
12,"Footwear and Headwear",1267,"Feather articles, feathers, artificial flowers, & articles of human hair",126702,"Artificial Vegetation",2021,3526820219
12,"Footwear and Headwear",1267,"Feather articles, feathers, artificial flowers, & articles of human hair",126703,"Processed Hair",2021,91492043
12,"Footwear and Headwear",1267,"Feather articles, feathers, artificial flowers, & articles of human hair",126704,"Fake Hair",2021,2529966630
13,"Stone And Glass",1368,"Stone, plaster, cement, asbestos, mica.",136801,"Curbstones",2021,226839021
13,"Stone And Glass",1368,"Stone, plaster, cement, asbestos, mica.",136802,"Building Stone",2021,3881148831
13,"Stone And Glass",1368,"Stone, plaster, cement, asbestos, mica.",136803,"Worked Slate",2021,121129992
13,"Stone And Glass",1368,"Stone, plaster, cement, asbestos, mica.",136804,"Milling Stones",2021,1558675096
13,"Stone And Glass",1368,"Stone, plaster, cement, asbestos, mica.",136805,"Abrasive Powder",2021,664087669
13,"Stone And Glass",1368,"Stone, plaster, cement, asbestos, mica.",136806,"Rock Wool",2021,435906032
13,"Stone And Glass",1368,"Stone, plaster, cement, asbestos, mica.",136807,"Asphalt",2021,39488164
13,"Stone And Glass",1368,"Stone, plaster, cement, asbestos, mica.",136808,"Vegetable Fiber",2021,71683927
13,"Stone And Glass",1368,"Stone, plaster, cement, asbestos, mica.",136809,"Plaster Articles",2021,193409149
13,"Stone And Glass",1368,"Stone, plaster, cement, asbestos, mica.",136810,"Cement Articles",2021,2314197552
13,"Stone And Glass",1368,"Stone, plaster, cement, asbestos, mica.",136811,"Asbestos Cement Articles",2021,170992437
13,"Stone And Glass",1368,"Stone, plaster, cement, asbestos, mica.",136812,"Asbestos Fibres",2021,28335493
13,"Stone And Glass",1368,"Stone, plaster, cement, asbestos, mica.",136813,"Friction Material",2021,155334221
13,"Stone And Glass",1368,"Stone, plaster, cement, asbestos, mica.",136814,"Processed Mica",2021,91818139
13,"Stone And Glass",1368,"Stone, plaster, cement, asbestos, mica.",136815,"Other Stone Articles",2021,1469015221
13,"Stone And Glass",1369,"Ceramic products",136901,"Bricks",2021,28726967
13,"Stone And Glass",1369,"Ceramic products",136902,"Refractory Bricks",2021,1369423317
13,"Stone And Glass",1369,"Ceramic products",136903,"Refractory Ceramics",2021,479100837
13,"Stone And Glass",1369,"Ceramic products",136904,"Ceramic Bricks",2021,362791647
13,"Stone And Glass",1369,"Ceramic products",136905,"Roofing Tiles",2021,37720295
13,"Stone And Glass",1369,"Ceramic products",136906,"Ceramic Pipes",2021,10428259
13,"Stone And Glass",1369,"Ceramic products",136907,"Unglazed Ceramics",2021,3496580948
13,"Stone And Glass",1369,"Ceramic products",136908,"Glazed Ceramics",2021,8831488
13,"Stone And Glass",1369,"Ceramic products",136909,"Laboratory Ceramic Ware",2021,921652173
13,"Stone And Glass",1369,"Ceramic products",136910,"Bathroom Ceramics",2021,4169428767
13,"Stone And Glass",1369,"Ceramic products",136911,"Porcelain Tableware",2021,3140784276
13,"Stone And Glass",1369,"Ceramic products",136912,"Ceramic Tableware",2021,1497453503
13,"Stone And Glass",1369,"Ceramic products",136913,"Ornamental Ceramics",2021,1482876697
13,"Stone And Glass",1369,"Ceramic products",136914,"Other Ceramic Articles",2021,586261931
13,"Stone And Glass",1370,"Glass & glassware",137001,"Glass Scraps",2021,48388885
13,"Stone And Glass",1370,"Glass & glassware",137002,"Glass Balls",2021,257398127
13,"Stone And Glass",1370,"Glass & glassware",137003,"Cast or Rolled Glass",2021,812156703
13,"Stone And Glass",1370,"Glass & glassware",137004,"Blown Glass",2021,58823555
13,"Stone And Glass",1370,"Glass & glassware",137005,"Float Glass",2021,805015891
13,"Stone And Glass",1370,"Glass & glassware",137006,"Glass with Edge Workings",2021,783207691
13,"Stone And Glass",1370,"Glass & glassware",137007,"Safety Glass",2021,4182791102
13,"Stone And Glass",1370,"Glass & glassware",137008,"Insulating Glass",2021,302657223
13,"Stone And Glass",1370,"Glass & glassware",137009,"Glass Mirrors",2021,2579714039
13,"Stone And Glass",1370,"Glass & glassware",137010,"Glass Bottles",2021,2030887781
13,"Stone And Glass",1370,"Glass & glassware",137011,"Glass Bulbs",2021,34755333
13,"Stone And Glass",1370,"Glass & glassware",137013,"Interior Decorative Glassware",2021,3851180444
13,"Stone And Glass",1370,"Glass & glassware",137014,"Signaling Glassware",2021,127892716
13,"Stone And Glass",1370,"Glass & glassware",137015,"Eyewear and Clock Glass",2021,106094321
13,"Stone And Glass",1370,"Glass & glassware",137016,"Glass Bricks",2021,530865724
13,"Stone And Glass",1370,"Glass & glassware",137017,"Laboratory Glassware",2021,159240712
13,"Stone And Glass",1370,"Glass & glassware",137018,"Glass Beads",2021,610109612
13,"Stone And Glass",1370,"Glass & glassware",137019,"Glass Fibers",2021,3199760312
13,"Stone And Glass",1370,"Glass & glassware",137020,"Other Glass Articles",2021,1530972163
14,"Precious Metals",1471,"Precious stones, metals, & pearls",147101,"Pearls",2021,86365511
14,"Precious Metals",1471,"Precious stones, metals, & pearls",147102,"Diamonds",2021,2223149921
14,"Precious Metals",1471,"Precious stones, metals, & pearls",147103,"Precious Stones",2021,176211480
14,"Precious Metals",1471,"Precious stones, metals, & pearls",147104,"Synthetic Reconstructed Jewellery Stones",2021,683655358
14,"Precious Metals",1471,"Precious stones, metals, & pearls",147105,"Precious Stone Dust",2021,233509906
14,"Precious Metals",1471,"Precious stones, metals, & pearls",147106,"Silver",2021,3390646173
14,"Precious Metals",1471,"Precious stones, metals, & pearls",147107,"Silver Clad Metals",2021,6912133
14,"Precious Metals",1471,"Precious stones, metals, & pearls",147108,"Gold",2021,3531141027.9999995
14,"Precious Metals",1471,"Precious stones, metals, & pearls",147109,"Gold Clad Metals",2021,1002025
14,"Precious Metals",1471,"Precious stones, metals, & pearls",147110,"Platinum",2021,24108834
14,"Precious Metals",1471,"Precious stones, metals, & pearls",147111,"Platinum Clad Metals",2021,8462889
14,"Precious Metals",1471,"Precious stones, metals, & pearls",147112,"Precious Metal Scraps",2021,182312510
14,"Precious Metals",1471,"Precious stones, metals, & pearls",147113,"Jewellery",2021,10962443426
14,"Precious Metals",1471,"Precious stones, metals, & pearls",147114,"Metal-Clad Products",2021,246106194
14,"Precious Metals",1471,"Precious stones, metals, & pearls",147115,"Other Precious Metal Products",2021,102597959
14,"Precious Metals",1471,"Precious stones, metals, & pearls",147116,"Pearl Products",2021,438776213
14,"Precious Metals",1471,"Precious stones, metals, & pearls",147117,"Imitation Jewellery",2021,3103477695
14,"Precious Metals",1471,"Precious stones, metals, & pearls",147118,"Coin",2021,13480680
15,"Metals",1572,"Iron & steel",157201,"Pig Iron",2021,13508771
15,"Metals",1572,"Iron & steel",157202,"Ferroalloys",2021,2082646995
15,"Metals",1572,"Iron & steel",157203,"Iron Reductions",2021,9420210
15,"Metals",1572,"Iron & steel",157204,"Scrap Iron",2021,56334047
15,"Metals",1572,"Iron & steel",157205,"Iron Powder",2021,262868858
15,"Metals",1572,"Iron & steel",157206,"Iron Ingots",2021,35714286
15,"Metals",1572,"Iron & steel",157207,"Semi-Finished Iron",2021,110378051
15,"Metals",1572,"Iron & steel",157208,"Hot-Rolled Iron",2021,4997138754
15,"Metals",1572,"Iron & steel",157209,"Cold-Rolled Iron",2021,3812708045
15,"Metals",1572,"Iron & steel",157210,"Coated Flat-Rolled Iron",2021,16476689506
15,"Metals",1572,"Iron & steel",157211,"Large Flat-Rolled Iron",2021,278290227
15,"Metals",1572,"Iron & steel",157212,"Large Coated Flat-Rolled Iron",2021,616096548
15,"Metals",1572,"Iron & steel",157213,"Hot-Rolled Iron Bars",2021,830877030
15,"Metals",1572,"Iron & steel",157214,"Raw Iron Bars",2021,1124077439
15,"Metals",1572,"Iron & steel",157215,"Other Iron Bars",2021,117391973
15,"Metals",1572,"Iron & steel",157216,"Iron Blocks",2021,1278970762
15,"Metals",1572,"Iron & steel",157217,"Iron Wire",2021,1903516400
15,"Metals",1572,"Iron & steel",157218,"Stainless Steel Ingots",2021,40788598
15,"Metals",1572,"Iron & steel",157219,"Large Flat-Rolled Stainless Steel",2021,5543074429
15,"Metals",1572,"Iron & steel",157220,"Flat-Rolled Stainless Steel",2021,625483598
15,"Metals",1572,"Iron & steel",157221,"Hot-Rolled Stainless Steel Bars",2021,402980602
15,"Metals",1572,"Iron & steel",157222,"Other Stainless Steel Bars",2021,382174700
15,"Metals",1572,"Iron & steel",157223,"Stainless Steel Wire",2021,384400002
15,"Metals",1572,"Iron & steel",157224,"Steel Ingots",2021,147697779
15,"Metals",1572,"Iron & steel",157225,"Flat Flat-Rolled Steel",2021,8993348909
15,"Metals",1572,"Iron & steel",157226,"Flat-Rolled Iron",2021,450645691
15,"Metals",1572,"Iron & steel",157227,"Steel Bars",2021,1640536216
15,"Metals",1572,"Iron & steel",157228,"Other Steel Bars",2021,2651900969
15,"Metals",1572,"Iron & steel",157229,"Steel Wire",2021,603730712
15,"Metals",1573,"Iron/Steel Articles",157301,"Iron Sheet Piling",2021,546235265
15,"Metals",1573,"Iron/Steel Articles",157302,"Iron Railway Products",2021,462733750
15,"Metals",1573,"Iron/Steel Articles",157303,"Cast Iron Pipes",2021,444921510
15,"Metals",1573,"Iron/Steel Articles",157304,"Iron Pipes",2021,5187095870
15,"Metals",1573,"Iron/Steel Articles",157305,"Other Large Iron Pipes",2021,706882190
15,"Metals",1573,"Iron/Steel Articles",157306,"Other Small Iron Pipes",2021,3383301164
15,"Metals",1573,"Iron/Steel Articles",157307,"Iron Pipe Fittings",2021,5379679799
15,"Metals",1573,"Iron/Steel Articles",157308,"Iron Structures",2021,12652311618
15,"Metals",1573,"Iron/Steel Articles",157309,"Large Iron Containers",2021,495153891
15,"Metals",1573,"Iron/Steel Articles",157310,"Small Iron Containers",2021,1133228108
15,"Metals",1573,"Iron/Steel Articles",157311,"Iron Gas Containers",2021,1065148096
15,"Metals",1573,"Iron/Steel Articles",157312,"Stranded Iron Wire",2021,2209527664
15,"Metals",1573,"Iron/Steel Articles",157313,"Barbed Wire",2021,103734177
15,"Metals",1573,"Iron/Steel Articles",157314,"Iron Cloth",2021,1584185214
15,"Metals",1573,"Iron/Steel Articles",157315,"Iron Chains",2021,2014573719
15,"Metals",1573,"Iron/Steel Articles",157316,"Iron Anchors",2021,123105231
15,"Metals",1573,"Iron/Steel Articles",157317,"Iron Nails",2021,1564942313
15,"Metals",1573,"Iron/Steel Articles",157318,"Iron Fasteners",2021,9515202387
15,"Metals",1573,"Iron/Steel Articles",157319,"Iron Sewing Needles",2021,134504301
15,"Metals",1573,"Iron/Steel Articles",157320,"Iron Springs",2021,919205709
15,"Metals",1573,"Iron/Steel Articles",157321,"Iron Stovetops",2021,8202310360
15,"Metals",1573,"Iron/Steel Articles",157322,"Iron Radiators",2021,432368490
15,"Metals",1573,"Iron/Steel Articles",157323,"Iron Housewares",2021,11491248060
15,"Metals",1573,"Iron/Steel Articles",157324,"Iron Toiletry",2021,1840145748
15,"Metals",1573,"Iron/Steel Articles",157325,"Other Cast Iron Products",2021,1477802024
15,"Metals",1573,"Iron/Steel Articles",157326,"Other Iron Products",2021,16578436549
15,"Metals",1574,"Copper articles",157401,"Precipitated Copper",2021,390136
15,"Metals",1574,"Copper articles",157402,"Raw Copper",2021,8627959
15,"Metals",1574,"Copper articles",157403,"Refined Copper",2021,1698751731
15,"Metals",1574,"Copper articles",157404,"Scrap Copper",2021,397786668
15,"Metals",1574,"Copper articles",157405,"Copper Alloys",2021,6653267
15,"Metals",1574,"Copper articles",157406,"Copper Powder",2021,201285130
15,"Metals",1574,"Copper articles",157407,"Copper Bars",2021,332456585
15,"Metals",1574,"Copper articles",157408,"Copper Wire",2021,802697887
15,"Metals",1574,"Copper articles",157409,"Copper Plating",2021,885153651
15,"Metals",1574,"Copper articles",157410,"Copper Foil",2021,1259259148
15,"Metals",1574,"Copper articles",157411,"Copper Pipes",2021,1940822992
15,"Metals",1574,"Copper articles",157412,"Copper Pipe Fittings",2021,1778557130
15,"Metals",1574,"Copper articles",157413,"Stranded Copper Wire",2021,92661220
15,"Metals",1574,"Copper articles",157415,"Copper Fasteners",2021,270512232
15,"Metals",1574,"Copper articles",157418,"Copper Housewares",2021,434598353
15,"Metals",1574,"Copper articles",157419,"Other Copper Products",2021,984037798
15,"Metals",1575,"Nickel articles",157501,"Nickel Mattes",2021,5855754
15,"Metals",1575,"Nickel articles",157502,"Raw Nickel",2021,48102367
15,"Metals",1575,"Nickel articles",157503,"Scrap Nickel",2021,11898035
15,"Metals",1575,"Nickel articles",157504,"Nickel Powder",2021,136401912
15,"Metals",1575,"Nickel articles",157505,"Nickel Bars",2021,95136533
15,"Metals",1575,"Nickel articles",157506,"Nickel Sheets",2021,80153580
15,"Metals",1575,"Nickel articles",157507,"Nickel Pipes",2021,46260335
15,"Metals",1575,"Nickel articles",157508,"Other Nickel Products",2021,114379550
15,"Metals",1576,"Aluminum articles",157601,"Raw Aluminium",2021,541900800
15,"Metals",1576,"Aluminum articles",157602,"Scrap Aluminium",2021,111510402.99999999
15,"Metals",1576,"Aluminum articles",157603,"Aluminium Powder",2021,41991811
15,"Metals",1576,"Aluminum articles",157604,"Aluminium Bars",2021,2946937865
15,"Metals",1576,"Aluminum articles",157605,"Aluminium Wire",2021,197582795
15,"Metals",1576,"Aluminum articles",157606,"Aluminium Plating",2021,8912109187
15,"Metals",1576,"Aluminum articles",157607,"Aluminium Foil",2021,4676926041
15,"Metals",1576,"Aluminum articles",157608,"Aluminium Pipes",2021,487584385
15,"Metals",1576,"Aluminum articles",157609,"Aluminium Pipe Fittings",2021,278781935
15,"Metals",1576,"Aluminum articles",157610,"Aluminium Structures",2021,4310728931
15,"Metals",1576,"Aluminum articles",157611,"Large Aluminium Containers",2021,32732467
15,"Metals",1576,"Aluminum articles",157612,"Aluminium Cans",2021,603236043
15,"Metals",1576,"Aluminum articles",157613,"Aluminium Gas Containers",2021,89545064
15,"Metals",1576,"Aluminum articles",157614,"Stranded Aluminium Wire",2021,400085711
15,"Metals",1576,"Aluminum articles",157615,"Aluminium Housewares",2021,4395499854
15,"Metals",1576,"Aluminum articles",157616,"Other Aluminium Products",2021,5843237798
15,"Metals",1578,"Lead articles",157801,"Raw Lead",2021,165327726
15,"Metals",1578,"Lead articles",157802,"Scrap Lead",2021,300241
15,"Metals",1578,"Lead articles",157804,"Lead Sheets",2021,32587101
15,"Metals",1578,"Lead articles",157806,"Other Lead Products",2021,57593641
15,"Metals",1579,"Zinc articles",157901,"Raw Zinc",2021,30477227
15,"Metals",1579,"Zinc articles",157902,"Scrap Waste",2021,115465.00000000001
15,"Metals",1579,"Zinc articles",157903,"Zinc Powder",2021,12274081
15,"Metals",1579,"Zinc articles",157904,"Zinc Bars",2021,16500485
15,"Metals",1579,"Zinc articles",157905,"Zinc Sheets",2021,15645754
15,"Metals",1579,"Zinc articles",157907,"Other Zinc Products",2021,494969871
15,"Metals",1580,"Tin articles",158001,"Raw Tin",2021,532648547
15,"Metals",1580,"Tin articles",158002,"Scrap Tin",2021,143180
15,"Metals",1580,"Tin articles",158003,"Tin Bars",2021,135750474
15,"Metals",1580,"Tin articles",158007,"Other Tin Products",2021,83372832
15,"Metals",1581,"Cermet articles",158101,"Tungsten",2021,352600808
15,"Metals",1581,"Cermet articles",158102,"Molybdenum",2021,228985931
15,"Metals",1581,"Cermet articles",158103,"Tantalum",2021,237581183
15,"Metals",1581,"Cermet articles",158104,"Magnesium",2021,1515471145
15,"Metals",1581,"Cermet articles",158105,"Cobalt",2021,110990972
15,"Metals",1581,"Cermet articles",158106,"Bismuth",2021,58093949
15,"Metals",1581,"Cermet articles",158107,"Cadmium",2021,4180098
15,"Metals",1581,"Cermet articles",158108,"Titanium",2021,595538604
15,"Metals",1581,"Cermet articles",158109,"Zirconium",2021,25202673
15,"Metals",1581,"Cermet articles",158110,"Antimony",2021,125306898
15,"Metals",1581,"Cermet articles",158111,"Manganese",2021,1371337487
15,"Metals",1581,"Cermet articles",158112,"Other Metals",2021,342264790
15,"Metals",1581,"Cermet articles",158113,"Cermets",2021,177920472
15,"Metals",1582,"Tools & cutlery",158201,"Garden Tools",2021,1064726832
15,"Metals",1582,"Tools & cutlery",158202,"Hand Saws",2021,1569192949
15,"Metals",1582,"Tools & cutlery",158203,"Hand Tools",2021,965998621
15,"Metals",1582,"Tools & cutlery",158204,"Wrenches",2021,1181745111
15,"Metals",1582,"Tools & cutlery",158205,"Other Hand Tools",2021,3649606926
15,"Metals",1582,"Tools & cutlery",158206,"Tool Sets",2021,700803931
15,"Metals",1582,"Tools & cutlery",158207,"Interchangeable Tool Parts",2021,4816392190
15,"Metals",1582,"Tools & cutlery",158208,"Cutting Blades",2021,520236579
15,"Metals",1582,"Tools & cutlery",158209,"Tool Plates",2021,666909778
15,"Metals",1582,"Tools & cutlery",158210,"Cooking Hand Tools",2021,461047022
15,"Metals",1582,"Tools & cutlery",158211,"Knives",2021,1982494769
15,"Metals",1582,"Tools & cutlery",158212,"Razor Blades",2021,570546956
15,"Metals",1582,"Tools & cutlery",158213,"Scissors",2021,572303428
15,"Metals",1582,"Tools & cutlery",158214,"Other Cutlery",2021,662301646
15,"Metals",1582,"Tools & cutlery",158215,"Cutlery Sets",2021,1778216353
15,"Metals",1583,"Miscellaneous metal products",158301,"Padlocks",2021,4555458959
15,"Metals",1583,"Miscellaneous metal products",158302,"Metal Mountings",2021,15609013134
15,"Metals",1583,"Miscellaneous metal products",158303,"Safes",2021,664586346
15,"Metals",1583,"Miscellaneous metal products",158304,"Filing Cabinets",2021,211413301
15,"Metals",1583,"Miscellaneous metal products",158305,"Metal Office Supplies",2021,494877852
15,"Metals",1583,"Miscellaneous metal products",158306,"Bells and Other Metal Ornaments",2021,1961201898
15,"Metals",1583,"Miscellaneous metal products",158307,"Flexible Metal Tubing",2021,485020871
15,"Metals",1583,"Miscellaneous metal products",158308,"Other Metal Fasteners",2021,1538510320
15,"Metals",1583,"Miscellaneous metal products",158309,"Metal Stoppers",2021,1049449244
15,"Metals",1583,"Miscellaneous metal products",158310,"Metal Signs",2021,265984895
15,"Metals",1583,"Miscellaneous metal products",158311,"Coated Metal Soldering Products",2021,739415102
16,"Machines",1684,"Machinery, mechanical appliances, & parts",168401,"Nuclear Reactors",2021,292912353
16,"Machines",1684,"Machinery, mechanical appliances, & parts",168402,"Steam Boilers",2021,1136463832
16,"Machines",1684,"Machinery, mechanical appliances, & parts",168403,"Central Heating Boilers",2021,228842042
16,"Machines",1684,"Machinery, mechanical appliances, & parts",168404,"Boiler Plants",2021,506693094
16,"Machines",1684,"Machinery, mechanical appliances, & parts",168405,"Water and Gas Generators",2021,152785482
16,"Machines",1684,"Machinery, mechanical appliances, & parts",168406,"Steam Turbines",2021,862244128
16,"Machines",1684,"Machinery, mechanical appliances, & parts",168407,"Spark-Ignition Engines",2021,3396668886
16,"Machines",1684,"Machinery, mechanical appliances, & parts",168408,"Combustion Engines",2021,1718345185
16,"Machines",1684,"Machinery, mechanical appliances, & parts",168409,"Engine Parts",2021,6688595496
16,"Machines",1684,"Machinery, mechanical appliances, & parts",168410,"Hydraulic Turbines",2021,277470783
16,"Machines",1684,"Machinery, mechanical appliances, & parts",168411,"Gas Turbines",2021,3976562531
16,"Machines",1684,"Machinery, mechanical appliances, & parts",168412,"Other Engines",2021,4127286120
16,"Machines",1684,"Machinery, mechanical appliances, & parts",168413,"Liquid Pumps",2021,11468016359
16,"Machines",1684,"Machinery, mechanical appliances, & parts",168414,"Air Pumps",2021,23959128393
16,"Machines",1684,"Machinery, mechanical appliances, & parts",168415,"Air Conditioners",2021,21183306109
16,"Machines",1684,"Machinery, mechanical appliances, & parts",168416,"Liquid Fuel Furnaces",2021,215945390
16,"Machines",1684,"Machinery, mechanical appliances, & parts",168417,"Industrial Furnaces",2021,1369344583
16,"Machines",1684,"Machinery, mechanical appliances, & parts",168418,"Refrigerators",2021,18265014438
16,"Machines",1684,"Machinery, mechanical appliances, & parts",168419,"Other Heating Machinery",2021,7913241166
16,"Machines",1684,"Machinery, mechanical appliances, & parts",168420,"Rolling Machines",2021,245897792
16,"Machines",1684,"Machinery, mechanical appliances, & parts",168421,"Centrifuges",2021,11504804720
16,"Machines",1684,"Machinery, mechanical appliances, & parts",168422,"Washing and Bottling Machines",2021,3766468334
16,"Machines",1684,"Machinery, mechanical appliances, & parts",168423,"Scales",2021,2109151458
16,"Machines",1684,"Machinery, mechanical appliances, & parts",168424,"Liquid Dispersing Machines",2021,7394137522
16,"Machines",1684,"Machinery, mechanical appliances, & parts",168425,"Pulley Systems",2021,2923667955
16,"Machines",1684,"Machinery, mechanical appliances, & parts",168426,"Cranes",2021,3264048989
16,"Machines",1684,"Machinery, mechanical appliances, & parts",168427,"Fork-Lifts",2021,3771307666
16,"Machines",1684,"Machinery, mechanical appliances, & parts",168428,"Lifting Machinery",2021,5798323448
16,"Machines",1684,"Machinery, mechanical appliances, & parts",168429,"Large Construction Vehicles",2021,9294596224
16,"Machines",1684,"Machinery, mechanical appliances, & parts",168430,"Other Construction Vehicles",2021,1707330982
16,"Machines",1684,"Machinery, mechanical appliances, & parts",168431,"Excavation Machinery",2021,12433637123
16,"Machines",1684,"Machinery, mechanical appliances, & parts",168432,"Soil Preparation Machinery",2021,1204548683
16,"Machines",1684,"Machinery, mechanical appliances, & parts",168433,"Harvesting Machinery",2021,3735531110
16,"Machines",1684,"Machinery, mechanical appliances, & parts",168434,"Dairy Machinery",2021,71926324
16,"Machines",1684,"Machinery, mechanical appliances, & parts",168435,"Fruit Pressing Machinery",2021,40906148
16,"Machines",1684,"Machinery, mechanical appliances, & parts",168436,"Other Agricultural Machinery",2021,1006559797
16,"Machines",1684,"Machinery, mechanical appliances, & parts",168437,"Mill Machinery",2021,610341007
16,"Machines",1684,"Machinery, mechanical appliances, & parts",168438,"Industrial Food Preperation Machinery",2021,1355683464
16,"Machines",1684,"Machinery, mechanical appliances, & parts",168439,"Papermaking Machines",2021,1070374376
16,"Machines",1684,"Machinery, mechanical appliances, & parts",168440,"Book-binding Machines",2021,131492080
16,"Machines",1684,"Machinery, mechanical appliances, & parts",168441,"Other Paper Machinery",2021,1882477315
16,"Machines",1684,"Machinery, mechanical appliances, & parts",168442,"Print Production Machinery",2021,233775174
16,"Machines",1684,"Machinery, mechanical appliances, & parts",168443,"Industrial Printers",2021,11849308113
16,"Machines",1684,"Machinery, mechanical appliances, & parts",168444,"Artificial Textile Machinery",2021,179914703
16,"Machines",1684,"Machinery, mechanical appliances, & parts",168445,"Textile Fiber Machinery",2021,646798150
16,"Machines",1684,"Machinery, mechanical appliances, & parts",168446,"Looms",2021,488658971
16,"Machines",1684,"Machinery, mechanical appliances, & parts",168447,"Knitting Machines",2021,1075025341
16,"Machines",1684,"Machinery, mechanical appliances, & parts",168448,"Knitting Machine Accessories",2021,877488148
16,"Machines",1684,"Machinery, mechanical appliances, & parts",168449,"Felt Machinery",2021,624097144
16,"Machines",1684,"Machinery, mechanical appliances, & parts",168450,"Household Washing Machines",2021,5787439234
16,"Machines",1684,"Machinery, mechanical appliances, & parts",168451,"Textile Processing Machines",2021,1831263132
16,"Machines",1684,"Machinery, mechanical appliances, & parts",168452,"Sewing Machines",2021,2588191356
16,"Machines",1684,"Machinery, mechanical appliances, & parts",168453,"Leather Machinery",2021,302400513
16,"Machines",1684,"Machinery, mechanical appliances, & parts",168454,"Casting Machines",2021,656795581
16,"Machines",1684,"Machinery, mechanical appliances, & parts",168455,"Metal-Rolling Mills",2021,1144772629
16,"Machines",1684,"Machinery, mechanical appliances, & parts",168456,"Non-Mechanical Removal Machinery",2021,1427838448
16,"Machines",1684,"Machinery, mechanical appliances, & parts",168457,"Metalworking Transfer Machines",2021,242445464
16,"Machines",1684,"Machinery, mechanical appliances, & parts",168458,"Metal Lathes",2021,545491657
16,"Machines",1684,"Machinery, mechanical appliances, & parts",168459,"Drilling Machines",2021,427960520
16,"Machines",1684,"Machinery, mechanical appliances, & parts",168460,"Metal Finishing Machines",2021,377963288
16,"Machines",1684,"Machinery, mechanical appliances, & parts",168461,"Metalworking Machines",2021,392996114
16,"Machines",1684,"Machinery, mechanical appliances, & parts",168462,"Forging Machines",2021,1526827527
16,"Machines",1684,"Machinery, mechanical appliances, & parts",168463,"Other Non-Metal Removal Machinery",2021,371528566
16,"Machines",1684,"Machinery, mechanical appliances, & parts",168464,"Stone Working Machines",2021,687083515
16,"Machines",1684,"Machinery, mechanical appliances, & parts",168465,"Woodworking machines",2021,2700325039
16,"Machines",1684,"Machinery, mechanical appliances, & parts",168466,"Metalworking Machine Parts",2021,2104979575
16,"Machines",1684,"Machinery, mechanical appliances, & parts",168467,"Motor-working Tools",2021,3859332771
16,"Machines",1684,"Machinery, mechanical appliances, & parts",168468,"Soldering and Welding Machinery",2021,283948258
16,"Machines",1684,"Machinery, mechanical appliances, & parts",168469,"Typewriters",2021,21350
16,"Machines",1684,"Machinery, mechanical appliances, & parts",168470,"Calculators",2021,2152916226
16,"Machines",1684,"Machinery, mechanical appliances, & parts",168471,"Computers",2021,210301194751
16,"Machines",1684,"Machinery, mechanical appliances, & parts",168472,"Other Office Machines",2021,1399192923
16,"Machines",1684,"Machinery, mechanical appliances, & parts",168473,"Office Machine Parts",2021,107500369497
16,"Machines",1684,"Machinery, mechanical appliances, & parts",168474,"Stone Processing Machines",2021,4561397025
16,"Machines",1684,"Machinery, mechanical appliances, & parts",168475,"Glass Working Machines",2021,342944008
16,"Machines",1684,"Machinery, mechanical appliances, & parts",168476,"Vending Machines",2021,215139892
16,"Machines",1684,"Machinery, mechanical appliances, & parts",168477,"Rubberworking Machinery",2021,6603264558
16,"Machines",1684,"Machinery, mechanical appliances, & parts",168478,"Tobacco Processing Machines",2021,60088032
16,"Machines",1684,"Machinery, mechanical appliances, & parts",168479,"Machinery Having Individual Functions",2021,16858400641
16,"Machines",1684,"Machinery, mechanical appliances, & parts",168480,"Metal Molds",2021,5673443233
16,"Machines",1684,"Machinery, mechanical appliances, & parts",168481,"Valves",2021,19960662937
16,"Machines",1684,"Machinery, mechanical appliances, & parts",168482,"Ball Bearings",2021,6704294088
16,"Machines",1684,"Machinery, mechanical appliances, & parts",168483,"Transmissions",2021,10522803671
16,"Machines",1684,"Machinery, mechanical appliances, & parts",168484,"Gaskets",2021,401464594
16,"Machines",1684,"Machinery, mechanical appliances, & parts",168485,"Boat Propellers",2021,1076233670
16,"Machines",1685,"Electrical machinery and electronics",168501,"Electric Motors",2021,17747988514
16,"Machines",1685,"Electrical machinery and electronics",168502,"Electric Generating Sets",2021,6915359359
16,"Machines",1685,"Electrical machinery and electronics",168503,"Electric Motor Parts",2021,6473099757
16,"Machines",1685,"Electrical machinery and electronics",168504,"Electrical Transformers",2021,45546395841
16,"Machines",1685,"Electrical machinery and electronics",168505,"Electromagnets",2021,4903517151
16,"Machines",1685,"Electrical machinery and electronics",168506,"Batteries",2021,3090903196
16,"Machines",1685,"Electrical machinery and electronics",168507,"Electric Batteries",2021,33689569554
16,"Machines",1685,"Electrical machinery and electronics",168508,"Vacuum Cleaners",2021,13887362752
16,"Machines",1685,"Electrical machinery and electronics",168509,"Other Domestic Electric Housewares",2021,19653688907
16,"Machines",1685,"Electrical machinery and electronics",168510,"Hair Trimmers",2021,1963736277
16,"Machines",1685,"Electrical machinery and electronics",168511,"Electrical Ignitions",2021,3051400220
16,"Machines",1685,"Electrical machinery and electronics",168512,"Electrical Lighting and Signalling Equipment",2021,4793046040
16,"Machines",1685,"Electrical machinery and electronics",168513,"Portable Lighting",2021,3004124263
16,"Machines",1685,"Electrical machinery and electronics",168514,"Electric Furnaces",2021,1248492356
16,"Machines",1685,"Electrical machinery and electronics",168515,"Electric Soldering Equipment",2021,2676253923
16,"Machines",1685,"Electrical machinery and electronics",168516,"Electric Heaters",2021,32008211438
16,"Machines",1685,"Electrical machinery and electronics",168517,"Telephones",2021,57220661540
16,"Machines",1685,"Electrical machinery and electronics",168518,"Microphones and Headphones",2021,25902974690
16,"Machines",1685,"Electrical machinery and electronics",168519,"Sound Recording Equipment",2021,612064673
16,"Machines",1685,"Electrical machinery and electronics",168520,"Dictation Machines",2021,1134974682
16,"Machines",1685,"Electrical machinery and electronics",168521,"Video Recording Equipment",2021,16979745165
16,"Machines",1685,"Electrical machinery and electronics",168522,"Audio and Video Recording Accessories",2021,691698674
16,"Machines",1685,"Electrical machinery and electronics",168523,"Blank Audio Media",2021,7693828727
16,"Machines",1685,"Electrical machinery and electronics",168524,"Sound Recordings",2021,170345428
16,"Machines",1685,"Electrical machinery and electronics",168525,"Broadcasting Equipment",2021,266714089612
16,"Machines",1685,"Electrical machinery and electronics",168526,"Navigation Equipment",2021,2717598128
16,"Machines",1685,"Electrical machinery and electronics",168527,"Radio Receivers",2021,3485239615
16,"Machines",1685,"Electrical machinery and electronics",168528,"Video Displays",2021,23731789434
16,"Machines",1685,"Electrical machinery and electronics",168529,"Broadcasting Accessories",2021,32539215043
16,"Machines",1685,"Electrical machinery and electronics",168530,"Traffic Signals",2021,346997527
16,"Machines",1685,"Electrical machinery and electronics",168531,"Audio Alarms",2021,6604166615
16,"Machines",1685,"Electrical machinery and electronics",168532,"Electrical Capacitors",2021,8952861345
16,"Machines",1685,"Electrical machinery and electronics",168533,"Electrical Resistors",2021,3245627565
16,"Machines",1685,"Electrical machinery and electronics",168534,"Printed Circuit Boards",2021,26049397957
16,"Machines",1685,"Electrical machinery and electronics",168535,"High-voltage Protection Equipment",2021,1270788118
16,"Machines",1685,"Electrical machinery and electronics",168536,"Low-voltage Protection Equipment",2021,27403799862
16,"Machines",1685,"Electrical machinery and electronics",168537,"Electrical Control Boards",2021,12367956075
16,"Machines",1685,"Electrical machinery and electronics",168538,"Electrical Power Accessories",2021,6427073949
16,"Machines",1685,"Electrical machinery and electronics",168539,"Electric Filament",2021,2346204972
16,"Machines",1685,"Electrical machinery and electronics",168540,"Cathode Tubes",2021,170662055
16,"Machines",1685,"Electrical machinery and electronics",168541,"Semiconductor Devices",2021,49334500830
16,"Machines",1685,"Electrical machinery and electronics",168542,"Integrated Circuits",2021,150464285011
16,"Machines",1685,"Electrical machinery and electronics",168543,"Other Electrical Machinery",2021,24317134546
16,"Machines",1685,"Electrical machinery and electronics",168544,"Insulated Wire",2021,30809135979
16,"Machines",1685,"Electrical machinery and electronics",168545,"Carbon-based Electronics",2021,2519190899
16,"Machines",1685,"Electrical machinery and electronics",168546,"Electrical Insulators",2021,693347752
16,"Machines",1685,"Electrical machinery and electronics",168547,"Metal Insulating Fittings",2021,999857027
16,"Machines",1685,"Electrical machinery and electronics",168548,"Electrical Parts",2021,2261883178
17,"Transportation",1786,"Railway and trams",178601,"Electric Locomotives",2021,200815688
17,"Transportation",1786,"Railway and trams",178602,"Other Locomotives",2021,172206196
17,"Transportation",1786,"Railway and trams",178603,"Self-Propelled Rail Transport",2021,813954743
17,"Transportation",1786,"Railway and trams",178604,"Railway Maintenance Vehicles",2021,64578368
17,"Transportation",1786,"Railway and trams",178605,"Railway Passenger Cars",2021,31605531
17,"Transportation",1786,"Railway and trams",178606,"Railway Freight Cars",2021,311905342
17,"Transportation",1786,"Railway and trams",178607,"Locomotive Parts",2021,1277831834
17,"Transportation",1786,"Railway and trams",178608,"Railway Track Fixtures",2021,118559992
17,"Transportation",1786,"Railway and trams",178609,"Railway Cargo Containers",2021,2516894235
17,"Transportation",1787,"Cars, tractors, trucks & parts thereof.",178701,"Tractors",2021,2645249896
17,"Transportation",1787,"Cars, tractors, trucks & parts thereof.",178702,"Buses",2021,2094823212
17,"Transportation",1787,"Cars, tractors, trucks & parts thereof.",178703,"Cars",2021,21287763920
17,"Transportation",1787,"Cars, tractors, trucks & parts thereof.",178704,"Delivery Trucks",2021,6992401183
17,"Transportation",1787,"Cars, tractors, trucks & parts thereof.",178705,"Special purpose motor vehicles",2021,1306707363
17,"Transportation",1787,"Cars, tractors, trucks & parts thereof.",178706,"Motor vehicle (8701 to 8705) chassis fitted with engine",2021,389577048
17,"Transportation",1787,"Cars, tractors, trucks & parts thereof.",178707,"Vehicle Bodies (including cabs) for the motor vehicles (8701 to 8705)",2021,339970344
17,"Transportation",1787,"Cars, tractors, trucks & parts thereof.",178708,"Motor vehicles; parts and accessories (8701 to 8705)",2021,41288967779
17,"Transportation",1787,"Cars, tractors, trucks & parts thereof.",178709,"Work Trucks",2021,114728450
17,"Transportation",1787,"Cars, tractors, trucks & parts thereof.",178710,"Tanks and Armored vehicles",2021,167381367
17,"Transportation",1787,"Cars, tractors, trucks & parts thereof.",178711,"Motorcycles and cycles",2021,9849221400
17,"Transportation",1787,"Cars, tractors, trucks & parts thereof.",178712,"Bicycles, delivery tricycles, other cycles",2021,4540146141
17,"Transportation",1787,"Cars, tractors, trucks & parts thereof.",178713,"Wheelchairs",2021,855036400
17,"Transportation",1787,"Cars, tractors, trucks & parts thereof.",178714,"Bi-Wheel Vehicle Parts",2021,10713858554
17,"Transportation",1787,"Cars, tractors, trucks & parts thereof.",178715,"Baby Carriages",2021,1575118028
17,"Transportation",1787,"Cars, tractors, trucks & parts thereof.",178716,"Trailers and semi-trailers, not mechanically propelled vehicles",2021,6415411537
17,"Transportation",1788,"Aircraft and Spacecraft",178801,"Non-powered Aircraft",2021,4247336
17,"Transportation",1788,"Aircraft and Spacecraft",178802,"Planes, Helicopters, and/or Spacecraft",2021,1077441172
17,"Transportation",1788,"Aircraft and Spacecraft",178803,"Aircraft parts (gliders, balloons, and powered aircraft)",2021,1909786495
17,"Transportation",1788,"Aircraft and Spacecraft",178804,"Parachutes",2021,12519855
17,"Transportation",1788,"Aircraft and Spacecraft",178805,"Aircraft Launch Gear",2021,10216531
17,"Transportation",1789,"Ships, boats, & floating structures",178901,"Passenger and Cargo Ships",2021,13328216373
17,"Transportation",1789,"Ships, boats, & floating structures",178902,"Fishing Ships",2021,85497575
17,"Transportation",1789,"Ships, boats, & floating structures",178903,"Recreational Boats",2021,617705101
17,"Transportation",1789,"Ships, boats, & floating structures",178904,"Tug Boats",2021,329047765
17,"Transportation",1789,"Ships, boats, & floating structures",178905,"Special Purpose Ships",2021,2304975016
17,"Transportation",1789,"Ships, boats, & floating structures",178906,"Other Sea Vessels",2021,160880017
17,"Transportation",1789,"Ships, boats, & floating structures",178907,"Other Floating Structures",2021,169746811
17,"Transportation",1789,"Ships, boats, & floating structures",178908,"Scrap Vessels",2021,155999970
18,"Instruments",1890,"Optical, photo, & film equipment; medical instruments",189001,"Optical Fibers and optical fibre bundles",2021,4856638248
18,"Instruments",1890,"Optical, photo, & film equipment; medical instruments",189002,"Mirrors and Lenses",2021,3124024373
18,"Instruments",1890,"Optical, photo, & film equipment; medical instruments",189003,"Eyewear Frames",2021,3638243343
18,"Instruments",1890,"Optical, photo, & film equipment; medical instruments",189004,"Eyewear",2021,4161160145
18,"Instruments",1890,"Optical, photo, & film equipment; medical instruments",189005,"Binoculars and Telescopes",2021,721100217
18,"Instruments",1890,"Optical, photo, & film equipment; medical instruments",189006,"Cameras",2021,861195823
18,"Instruments",1890,"Optical, photo, & film equipment; medical instruments",189007,"Video Cameras",2021,108476145
18,"Instruments",1890,"Optical, photo, & film equipment; medical instruments",189008,"Image Projectors",2021,63374581
18,"Instruments",1890,"Optical, photo, & film equipment; medical instruments",189009,"Photocopiers",2021,392786309
18,"Instruments",1890,"Optical, photo, & film equipment; medical instruments",189010,"Photo Lab Equipment",2021,1333267584
18,"Instruments",1890,"Optical, photo, & film equipment; medical instruments",189011,"Microscopes",2021,447464007
18,"Instruments",1890,"Optical, photo, & film equipment; medical instruments",189012,"Non-optical Microscopes",2021,69729294
18,"Instruments",1890,"Optical, photo, & film equipment; medical instruments",189013,"LCDs",2021,20715747093
18,"Instruments",1890,"Optical, photo, & film equipment; medical instruments",189014,"Compasses",2021,156310964
18,"Instruments",1890,"Optical, photo, & film equipment; medical instruments",189015,"Surveying Equipment",2021,1649675021
18,"Instruments",1890,"Optical, photo, & film equipment; medical instruments",189016,"Balances",2021,98202343
18,"Instruments",1890,"Optical, photo, & film equipment; medical instruments",189017,"Drafting Tools",2021,987130354
18,"Instruments",1890,"Optical, photo, & film equipment; medical instruments",189018,"Medical Instruments",2021,12397259002
18,"Instruments",1890,"Optical, photo, & film equipment; medical instruments",189019,"Therapeutic Appliances",2021,9307043974
18,"Instruments",1890,"Optical, photo, & film equipment; medical instruments",189020,"Breathing Appliances",2021,148003235
18,"Instruments",1890,"Optical, photo, & film equipment; medical instruments",189021,"Orthopedic Appliances",2021,3020548439
18,"Instruments",1890,"Optical, photo, & film equipment; medical instruments",189022,"X-Ray Equipment",2021,2931970208
18,"Instruments",1890,"Optical, photo, & film equipment; medical instruments",189023,"Instructional Models",2021,581676154
18,"Instruments",1890,"Optical, photo, & film equipment; medical instruments",189024,"Tensile Testing Machines",2021,181848269
18,"Instruments",1890,"Optical, photo, & film equipment; medical instruments",189025,"Hydrometers",2021,2267125204
18,"Instruments",1890,"Optical, photo, & film equipment; medical instruments",189026,"Gas and Liquid Flow Measuring Instruments",2021,2900598366
18,"Instruments",1890,"Optical, photo, & film equipment; medical instruments",189027,"Chemical Analysis Instruments",2021,4243334685
18,"Instruments",1890,"Optical, photo, & film equipment; medical instruments",189028,"Utility Meters",2021,2077884391
18,"Instruments",1890,"Optical, photo, & film equipment; medical instruments",189029,"Revolution Counters",2021,1029288290
18,"Instruments",1890,"Optical, photo, & film equipment; medical instruments",189030,"Oscilloscopes",2021,3824740668
18,"Instruments",1890,"Optical, photo, & film equipment; medical instruments",189031,"Other Measuring Instruments",2021,5550525609
18,"Instruments",1890,"Optical, photo, & film equipment; medical instruments",189032,"Thermostats",2021,4944949622
18,"Instruments",1890,"Optical, photo, & film equipment; medical instruments",189033,"Opto-Electric Instrument Parts",2021,448845588
18,"Instruments",1891,"Clocks, watches, & parts",189101,"Precious Metal Watches",2021,298029840
18,"Instruments",1891,"Clocks, watches, & parts",189102,"Base Metal Watches",2021,3361547627
18,"Instruments",1891,"Clocks, watches, & parts",189103,"Clocks with Watch Movements",2021,22120206
18,"Instruments",1891,"Clocks, watches, & parts",189104,"Dashboard Clocks",2021,5688229
18,"Instruments",1891,"Clocks, watches, & parts",189105,"Other Clocks",2021,881028569
18,"Instruments",1891,"Clocks, watches, & parts",189106,"Time Recording Instruments",2021,159972273
18,"Instruments",1891,"Clocks, watches, & parts",189107,"Time Switches",2021,220499433
18,"Instruments",1891,"Clocks, watches, & parts",189108,"Watch Movements",2021,138706788
18,"Instruments",1891,"Clocks, watches, & parts",189109,"Clock Movements",2021,23663138
18,"Instruments",1891,"Clocks, watches, & parts",189110,"Incomplete Movement Sets",2021,35124554
18,"Instruments",1891,"Clocks, watches, & parts",189111,"Watch Cases and Parts",2021,598863195
18,"Instruments",1891,"Clocks, watches, & parts",189112,"Clock Cases and Parts",2021,10254580
18,"Instruments",1891,"Clocks, watches, & parts",189113,"Watch Straps",2021,756948294
18,"Instruments",1891,"Clocks, watches, & parts",189114,"Other Clocks and Watches",2021,379523849
18,"Instruments",1892,"Musical instruments",189201,"Pianos",2021,73213192
18,"Instruments",1892,"Musical instruments",189202,"String Instruments",2021,540535388
18,"Instruments",1892,"Musical instruments",189205,"Wind Instruments",2021,160489145
18,"Instruments",1892,"Musical instruments",189206,"Percussion",2021,156112146
18,"Instruments",1892,"Musical instruments",189207,"Electric Musical Instruments",2021,1166473703
18,"Instruments",1892,"Musical instruments",189208,"Other Musical Instruments",2021,83004009
18,"Instruments",1892,"Musical instruments",189209,"Musical Instrument Parts",2021,372765653
19,"Weapons",1993,"Weapons",199301,"Military Weapons",2021,157693167
19,"Weapons",1993,"Weapons",199302,"Handguns",2021,12337701
19,"Weapons",1993,"Weapons",199303,"Other Firearms",2021,81400815
19,"Weapons",1993,"Weapons",199304,"Spring, Air, and Gas Guns",2021,282085736
19,"Weapons",1993,"Weapons",199305,"Weapons Parts and Accessories",2021,134832105
19,"Weapons",1993,"Weapons",199306,"Explosive Ammunition",2021,83576100
19,"Weapons",1993,"Weapons",199307,"Bladed Weapons and Accessories",2021,36746163
20,"Miscellaneous",2094,"Furniture, bedding, lamps, & prefab buildings",209401,"Seats",2021,36230027045
20,"Miscellaneous",2094,"Furniture, bedding, lamps, & prefab buildings",209402,"Medical Furniture",2021,1479601527
20,"Miscellaneous",2094,"Furniture, bedding, lamps, & prefab buildings",209403,"Other Furniture",2021,32692462673
20,"Miscellaneous",2094,"Furniture, bedding, lamps, & prefab buildings",209404,"Mattresses",2021,10142434338
20,"Miscellaneous",2094,"Furniture, bedding, lamps, & prefab buildings",209405,"Light Fixtures",2021,34550169159
20,"Miscellaneous",2094,"Furniture, bedding, lamps, & prefab buildings",209406,"Prefabricated Buildings",2021,1779989807
20,"Miscellaneous",2095,"Toys, games, & sports",209503,"Other toys",2021,40584426069
20,"Miscellaneous",2095,"Toys, games, & sports",209504,"Video and Card Games",2021,24000273870
20,"Miscellaneous",2095,"Toys, games, & sports",209505,"Party Decorations",2021,8334639413
20,"Miscellaneous",2095,"Toys, games, & sports",209506,"Sports Equipment",2021,24615282175
20,"Miscellaneous",2095,"Toys, games, & sports",209507,"Fishing and Hunting Equipment",2021,2478269171
20,"Miscellaneous",2095,"Toys, games, & sports",209508,"Fairground Amusements",2021,129476008
20,"Miscellaneous",2096,"Misc. manufactures",209601,"Worked Ivory and Bone",2021,53393850
20,"Miscellaneous",2096,"Misc. manufactures",209602,"Vegetable and Mineral Carvings",2021,180287111
20,"Miscellaneous",2096,"Misc. manufactures",209603,"Brooms",2021,5944983047
20,"Miscellaneous",2096,"Misc. manufactures",209604,"Hand Sifters",2021,20309983
20,"Miscellaneous",2096,"Misc. manufactures",209605,"Travel Kits",2021,133053366
20,"Miscellaneous",2096,"Misc. manufactures",209606,"Buttons",2021,692402454
20,"Miscellaneous",2096,"Misc. manufactures",209607,"Zippers",2021,1296718967
20,"Miscellaneous",2096,"Misc. manufactures",209608,"Pens",2021,1777729917
20,"Miscellaneous",2096,"Misc. manufactures",209609,"Pencils and Crayons",2021,648641328
20,"Miscellaneous",2096,"Misc. manufactures",209610,"Chalkboards",2021,451333156
20,"Miscellaneous",2096,"Misc. manufactures",209611,"Rubber Stamps",2021,105799191
20,"Miscellaneous",2096,"Misc. manufactures",209612,"Ink Ribbons",2021,212214440
20,"Miscellaneous",2096,"Misc. manufactures",209613,"Lighters",2021,853095451
20,"Miscellaneous",2096,"Misc. manufactures",209614,"Smoking Pipes",2021,256778533
20,"Miscellaneous",2096,"Misc. manufactures",209615,"Combs",2021,1406691979
20,"Miscellaneous",2096,"Misc. manufactures",209616,"Scent Sprays",2021,805333470
20,"Miscellaneous",2096,"Misc. manufactures",209617,"Vacuum Flask",2021,2771511149
20,"Miscellaneous",2096,"Misc. manufactures",209618,"Mannequins",2021,272931324
21,"Arts and Antiques",2197,"Art & antiques",219701,"Paintings",2021,1123058055
21,"Arts and Antiques",2197,"Art & antiques",219702,"Prints",2021,5257061
21,"Arts and Antiques",2197,"Art & antiques",219703,"Sculptures",2021,118719507
21,"Arts and Antiques",2197,"Art & antiques",219704,"Revenue Stamps",2021,1607957
21,"Arts and Antiques",2197,"Art & antiques",219705,"Collector's Items",2021,66666060
21,"Arts and Antiques",2197,"Art & antiques",219706,"Antiques",2021,176399044