Section ID,Section,HS2 ID,HS2,HS4 ID,HS4,Year,Trade Value
1,"Animal Products",101,"Live animals",10101,"Horses",2021,52464033
1,"Animal Products",101,"Live animals",10102,"Bovine",2021,120050491
1,"Animal Products",101,"Live animals",10103,"Pigs",2021,922838612
1,"Animal Products",101,"Live animals",10104,"Sheep and Goats",2021,56182
1,"Animal Products",101,"Live animals",10105,"Poultry",2021,113610497
1,"Animal Products",101,"Live animals",10106,"Other Animals",2021,17330813
1,"Animal Products",102,"Meat & edible offal",10201,"Bovine Meat",2021,295226368
1,"Animal Products",102,"Meat & edible offal",10202,"Frozen Bovine Meat",2021,73651987
1,"Animal Products",102,"Meat & edible offal",10203,"Pig Meat",2021,3296161513
1,"Animal Products",102,"Meat & edible offal",10204,"Sheep and Goat Meat",2021,4191396
1,"Animal Products",102,"Meat & edible offal",10205,"Horse Meat",2021,604141
1,"Animal Products",102,"Meat & edible offal",10206,"Edible Offal",2021,488950293
1,"Animal Products",102,"Meat & edible offal",10207,"Poultry Meat",2021,249114735
1,"Animal Products",102,"Meat & edible offal",10208,"Other Meat",2021,4258183
1,"Animal Products",102,"Meat & edible offal",10209,"Animal Fat",2021,32479562
1,"Animal Products",102,"Meat & edible offal",10210,"Preserved Meat",2021,219644791
1,"Animal Products",103,"Fish, Crustaceans & Molluscs",10301,"Live Fish",2021,43882974
1,"Animal Products",103,"Fish, Crustaceans & Molluscs",10302,"Non-fillet Fresh Fish",2021,1491913431
1,"Animal Products",103,"Fish, Crustaceans & Molluscs",10303,"Non-fillet Frozen Fish",2021,816279259
1,"Animal Products",103,"Fish, Crustaceans & Molluscs",10304,"Fish Fillets",2021,1018966585
1,"Animal Products",103,"Fish, Crustaceans & Molluscs",10305,"Dried/Salted/Smoked/Brined Fish",2021,360818241
1,"Animal Products",103,"Fish, Crustaceans & Molluscs",10306,"Crustaceans",2021,486619449
1,"Animal Products",103,"Fish, Crustaceans & Molluscs",10307,"Molluscs",2021,52681992
1,"Animal Products",104,"Edible products of animal origin, n.e.s.",10401,"Milk",2021,502525607
1,"Animal Products",104,"Edible products of animal origin, n.e.s.",10402,"Concentrated Milk",2021,328664445
1,"Animal Products",104,"Edible products of animal origin, n.e.s.",10403,"Fermented Milk Products",2021,27672852
1,"Animal Products",104,"Edible products of animal origin, n.e.s.",10404,"Whey and other milk products",2021,169419081
1,"Animal Products",104,"Edible products of animal origin, n.e.s.",10405,"Butter",2021,302679327
1,"Animal Products",104,"Edible products of animal origin, n.e.s.",10406,"Cheese",2021,1894854850
1,"Animal Products",104,"Edible products of animal origin, n.e.s.",10407,"Eggs",2021,51984624
1,"Animal Products",104,"Edible products of animal origin, n.e.s.",10408,"Processed Egg Products",2021,39571686
1,"Animal Products",104,"Edible products of animal origin, n.e.s.",10409,"Honey",2021,14941568
1,"Animal Products",104,"Edible products of animal origin, n.e.s.",10410,"Other Edible Animal Products",2021,663165
1,"Animal Products",105,"Animal originated products, n.e.s.",10501,"Human Hair",2021,24164
1,"Animal Products",105,"Animal originated products, n.e.s.",10502,"Pig Hair",2021,537164
1,"Animal Products",105,"Animal originated products, n.e.s.",10504,"Animal Organs",2021,125669275
1,"Animal Products",105,"Animal originated products, n.e.s.",10505,"Bird Feathers and Skins",2021,5216508
1,"Animal Products",105,"Animal originated products, n.e.s.",10506,"Processed Bones",2021,6061520
1,"Animal Products",105,"Animal originated products, n.e.s.",10507,"Raw Bones",2021,46890
1,"Animal Products",105,"Animal originated products, n.e.s.",10508,"Coral and Shells",2021,775167
1,"Animal Products",105,"Animal originated products, n.e.s.",10510,"Pharmaceutical Animal Products",2021,1919543
1,"Animal Products",105,"Animal originated products, n.e.s.",10511,"Other Inedible Animal Products",2021,148581954
2,"Vegetable Products",206,"Live trees, plants, bulbs, cut flowers, & ornamental foliage",20601,"Bulbs and Roots",2021,15800465
2,"Vegetable Products",206,"Live trees, plants, bulbs, cut flowers, & ornamental foliage",20602,"Other live plants, cuttings and slips;
mushroom spawn",2021,318810105
2,"Vegetable Products",206,"Live trees, plants, bulbs, cut flowers, & ornamental foliage",20603,"Cut Flowers",2021,13048071
2,"Vegetable Products",206,"Live trees, plants, bulbs, cut flowers, & ornamental foliage",20604,"Plant foliage",2021,141269522
2,"Vegetable Products",207,"Edible vegetables, roots, & tubers",20701,"Potatoes",2021,59414651
2,"Vegetable Products",207,"Edible vegetables, roots, & tubers",20702,"Tomatoes",2021,7922053
2,"Vegetable Products",207,"Edible vegetables, roots, & tubers",20703,"Onions",2021,7139135
2,"Vegetable Products",207,"Edible vegetables, roots, & tubers",20704,"Cabbages",2021,2183149
2,"Vegetable Products",207,"Edible vegetables, roots, & tubers",20705,"Lettuce",2021,5342307
2,"Vegetable Products",207,"Edible vegetables, roots, & tubers",20706,"Root Vegetables",2021,41900648
2,"Vegetable Products",207,"Edible vegetables, roots, & tubers",20707,"Cucumbers",2021,585182
2,"Vegetable Products",207,"Edible vegetables, roots, & tubers",20708,"Legumes",2021,2085640.0000000002
2,"Vegetable Products",207,"Edible vegetables, roots, & tubers",20709,"Other Vegetables",2021,15711635
2,"Vegetable Products",207,"Edible vegetables, roots, & tubers",20710,"Frozen Vegetables",2021,29268049
2,"Vegetable Products",207,"Edible vegetables, roots, & tubers",20711,"Preserved Vegetables",2021,175915
2,"Vegetable Products",207,"Edible vegetables, roots, & tubers",20712,"Dried Vegetables",2021,5326635
2,"Vegetable Products",207,"Edible vegetables, roots, & tubers",20713,"Dried Legumes",2021,29239464
2,"Vegetable Products",207,"Edible vegetables, roots, & tubers",20714,"Cassava",2021,1402087
2,"Vegetable Products",208,"Edible fruits, nuts & fruit peels",20801,"Coconuts, Brazil Nuts, and Cashews",2021,1506870
2,"Vegetable Products",208,"Edible fruits, nuts & fruit peels",20802,"Other Nuts",2021,11638283
2,"Vegetable Products",208,"Edible fruits, nuts & fruit peels",20803,"Bananas",2021,4491178
2,"Vegetable Products",208,"Edible fruits, nuts & fruit peels",20804,"Tropical Fruits",2021,22193473
2,"Vegetable Products",208,"Edible fruits, nuts & fruit peels",20805,"Citrus",2021,15791624
2,"Vegetable Products",208,"Edible fruits, nuts & fruit peels",20806,"Grapes",2021,14918919.999999998
2,"Vegetable Products",208,"Edible fruits, nuts & fruit peels",20807,"Melons",2021,2706245
2,"Vegetable Products",208,"Edible fruits, nuts & fruit peels",20808,"Apples and Pears",2021,3942408
2,"Vegetable Products",208,"Edible fruits, nuts & fruit peels",20809,"Pitted Fruits",2021,5008175
2,"Vegetable Products",208,"Edible fruits, nuts & fruit peels",20810,"Other Fruits",2021,12447052
2,"Vegetable Products",208,"Edible fruits, nuts & fruit peels",20811,"Frozen Fruits and Nuts",2021,26101815
2,"Vegetable Products",208,"Edible fruits, nuts & fruit peels",20812,"Preserved Fruits and Nuts",2021,59378
2,"Vegetable Products",208,"Edible fruits, nuts & fruit peels",20813,"Dried Fruits",2021,9812089
2,"Vegetable Products",208,"Edible fruits, nuts & fruit peels",20814,"Citrus and Melon Peels",2021,68724
2,"Vegetable Products",209,"Coffee, tea, mate & spices",20901,"Coffee",2021,76113370
2,"Vegetable Products",209,"Coffee, tea, mate & spices",20902,"Tea",2021,5469654
2,"Vegetable Products",209,"Coffee, tea, mate & spices",20903,"Mate",2021,1691.9999999999998
2,"Vegetable Products",209,"Coffee, tea, mate & spices",20904,"Pepper",2021,1248991
2,"Vegetable Products",209,"Coffee, tea, mate & spices",20905,"Vanilla",2021,2042278
2,"Vegetable Products",209,"Coffee, tea, mate & spices",20906,"Cinnamon",2021,738447
2,"Vegetable Products",209,"Coffee, tea, mate & spices",20907,"Cloves",2021,20826
2,"Vegetable Products",209,"Coffee, tea, mate & spices",20908,"Nutmeg, mace and cardamons",2021,374559
2,"Vegetable Products",209,"Coffee, tea, mate & spices",20909,"Spice Seeds",2021,321631
2,"Vegetable Products",209,"Coffee, tea, mate & spices",20910,"Spices",2021,9933378
2,"Vegetable Products",210,"Cereals",21001,"Wheat",2021,274846060
2,"Vegetable Products",210,"Cereals",21002,"Rye",2021,5227767
2,"Vegetable Products",210,"Cereals",21003,"Barley",2021,212530301
2,"Vegetable Products",210,"Cereals",21004,"Oats",2021,12719123
2,"Vegetable Products",210,"Cereals",21005,"Corn",2021,11470351
2,"Vegetable Products",210,"Cereals",21006,"Rice",2021,9446508
2,"Vegetable Products",210,"Cereals",21007,"Sorghum",2021,52505.00000000001
2,"Vegetable Products",210,"Cereals",21008,"Buckwheat",2021,1487376
2,"Vegetable Products",211,"Products of the milling industry",21101,"Wheat Flours",2021,7486469
2,"Vegetable Products",211,"Products of the milling industry",21102,"Cereal Flours",2021,2008963
2,"Vegetable Products",211,"Products of the milling industry",21103,"Cereal Meal and Pellets",2021,7852842
2,"Vegetable Products",211,"Products of the milling industry",21104,"Processed Cereals",2021,27547414
2,"Vegetable Products",211,"Products of the milling industry",21105,"Potato Flours",2021,33666016
2,"Vegetable Products",211,"Products of the milling industry",21106,"Legume Flours",2021,3839455
2,"Vegetable Products",211,"Products of the milling industry",21107,"Malt",2021,93670004
2,"Vegetable Products",211,"Products of the milling industry",21108,"Starches",2021,198595503
2,"Vegetable Products",211,"Products of the milling industry",21109,"Wheat Gluten",2021,9943502
2,"Vegetable Products",212,"Oils seeds, oleaginous fruits, grains, straw & fodder",21201,"Soybeans",2021,11280027
2,"Vegetable Products",212,"Oils seeds, oleaginous fruits, grains, straw & fodder",21202,"Ground Nuts",2021,1122270
2,"Vegetable Products",212,"Oils seeds, oleaginous fruits, grains, straw & fodder",21204,"Linseed",2021,647043
2,"Vegetable Products",212,"Oils seeds, oleaginous fruits, grains, straw & fodder",21205,"Rapeseed",2021,38006056
2,"Vegetable Products",212,"Oils seeds, oleaginous fruits, grains, straw & fodder",21206,"Sunflower Seeds",2021,7288839.000000001
2,"Vegetable Products",212,"Oils seeds, oleaginous fruits, grains, straw & fodder",21207,"Other Oily Seeds",2021,3508923
2,"Vegetable Products",212,"Oils seeds, oleaginous fruits, grains, straw & fodder",21208,"Oil Seed Flower",2021,4585916
2,"Vegetable Products",212,"Oils seeds, oleaginous fruits, grains, straw & fodder",21209,"Sowing Seeds",2021,463554649
2,"Vegetable Products",212,"Oils seeds, oleaginous fruits, grains, straw & fodder",21210,"Hops",2021,178994
2,"Vegetable Products",212,"Oils seeds, oleaginous fruits, grains, straw & fodder",21211,"Perfume Plants",2021,18782706
2,"Vegetable Products",212,"Oils seeds, oleaginous fruits, grains, straw & fodder",21212,"Locust beans, seaweed, sugar beet, cane, for food",2021,622539
2,"Vegetable Products",212,"Oils seeds, oleaginous fruits, grains, straw & fodder",21213,"Cereal Straws",2021,27276866.000000004
2,"Vegetable Products",212,"Oils seeds, oleaginous fruits, grains, straw & fodder",21214,"Forage Crops",2021,6312555
2,"Vegetable Products",213,"Natural gums, resins & other vegetable extracts",21301,"Insect Resins",2021,387511
2,"Vegetable Products",213,"Natural gums, resins & other vegetable extracts",21302,"Vegetable Saps",2021,280043730
2,"Vegetable Products",214,"Vegetable plaiting materials & products, n.e.s.",21401,"Vegetable Plaiting Materials",2021,1500136
2,"Vegetable Products",214,"Vegetable plaiting materials & products, n.e.s.",21404,"Other Vegetable Products",2021,4896565
3,"Animal and Vegetable Bi-Products",315,"Animal or vegetable fats, oils, & waxes",31501,"Pig and Poultry Fat",2021,25427517
3,"Animal and Vegetable Bi-Products",315,"Animal or vegetable fats, oils, & waxes",31502,"Bovine, Sheep, and Goat Fat",2021,9263688
3,"Animal and Vegetable Bi-Products",315,"Animal or vegetable fats, oils, & waxes",31503,"Lard stearin and oils",2021,571942
3,"Animal and Vegetable Bi-Products",315,"Animal or vegetable fats, oils, & waxes",31504,"Fish Oil",2021,149137094
3,"Animal and Vegetable Bi-Products",315,"Animal or vegetable fats, oils, & waxes",31505,"Wool Grease",2021,9822
3,"Animal and Vegetable Bi-Products",315,"Animal or vegetable fats, oils, & waxes",31506,"Other Animal Fats",2021,1332920
3,"Animal and Vegetable Bi-Products",315,"Animal or vegetable fats, oils, & waxes",31507,"Soybean Oil",2021,5027281
3,"Animal and Vegetable Bi-Products",315,"Animal or vegetable fats, oils, & waxes",31508,"Ground Nut Oil",2021,171377
3,"Animal and Vegetable Bi-Products",315,"Animal or vegetable fats, oils, & waxes",31509,"Pure Olive Oil",2021,1246020
3,"Animal and Vegetable Bi-Products",315,"Animal or vegetable fats, oils, & waxes",31510,"Olive Oil",2021,79343
3,"Animal and Vegetable Bi-Products",315,"Animal or vegetable fats, oils, & waxes",31511,"Palm Oil",2021,94052967
3,"Animal and Vegetable Bi-Products",315,"Animal or vegetable fats, oils, & waxes",31512,"Seed Oils",2021,652552
3,"Animal and Vegetable Bi-Products",315,"Animal or vegetable fats, oils, & waxes",31513,"Coconut Oil",2021,1103353
3,"Animal and Vegetable Bi-Products",315,"Animal or vegetable fats, oils, & waxes",31514,"Rapeseed Oil",2021,180544257
3,"Animal and Vegetable Bi-Products",315,"Animal or vegetable fats, oils, & waxes",31515,"Other Pure Vegetable Oils",2021,154266781
3,"Animal and Vegetable Bi-Products",315,"Animal or vegetable fats, oils, & waxes",31516,"Other Vegetable Oils",2021,33259776
3,"Animal and Vegetable Bi-Products",315,"Animal or vegetable fats, oils, & waxes",31517,"Margarine",2021,184084490
3,"Animal and Vegetable Bi-Products",315,"Animal or vegetable fats, oils, & waxes",31518,"Inedible Fats and Oils",2021,56829712
3,"Animal and Vegetable Bi-Products",315,"Animal or vegetable fats, oils, & waxes",31519,"Stearic Acid",2021,17344085
3,"Animal and Vegetable Bi-Products",315,"Animal or vegetable fats, oils, & waxes",31520,"Glycerol",2021,13210303
3,"Animal and Vegetable Bi-Products",315,"Animal or vegetable fats, oils, & waxes",31521,"Vegetable waxes and beeswax",2021,1962859
3,"Animal and Vegetable Bi-Products",315,"Animal or vegetable fats, oils, & waxes",31522,"Fat and Oil Residues",2021,440002
4,"Foodstuffs",416,"Preparations of fish, crustacenas, & molluscs",41601,"Sausages",2021,160577626
4,"Foodstuffs",416,"Preparations of fish, crustacenas, & molluscs",41602,"Other Prepared Meat",2021,529352044
4,"Foodstuffs",416,"Preparations of fish, crustacenas, & molluscs",41603,"Animal Extracts",2021,4437476
4,"Foodstuffs",416,"Preparations of fish, crustacenas, & molluscs",41604,"Processed Fish",2021,310511193
4,"Foodstuffs",416,"Preparations of fish, crustacenas, & molluscs",41605,"Processed Crustaceans",2021,291619936
4,"Foodstuffs",417,"Sugars & confectioneries",41701,"Raw Sugar",2021,120965308
4,"Foodstuffs",417,"Sugars & confectioneries",41702,"Other Sugars",2021,120480202
4,"Foodstuffs",417,"Sugars & confectioneries",41703,"Molasses",2021,3416774
4,"Foodstuffs",417,"Sugars & confectioneries",41704,"Confectionery Sugar",2021,181759002
4,"Foodstuffs",418,"Cocoa & cocoa preparations",41801,"Cocoa Beans",2021,246862
4,"Foodstuffs",418,"Cocoa & cocoa preparations",41802,"Cocoa Shells",2021,399794
4,"Foodstuffs",418,"Cocoa & cocoa preparations",41803,"Cocoa Paste",2021,65805
4,"Foodstuffs",418,"Cocoa & cocoa preparations",41804,"Cocoa Butter",2021,7287576.999999999
4,"Foodstuffs",418,"Cocoa & cocoa preparations",41805,"Cocoa Powder",2021,829069
4,"Foodstuffs",418,"Cocoa & cocoa preparations",41806,"Chocolate",2021,150650714
4,"Foodstuffs",419,"Preparations of cereals, flour, starch or milk",41901,"Malt Extract",2021,661830241
4,"Foodstuffs",419,"Preparations of cereals, flour, starch or milk",41902,"Pasta",2021,17292434
4,"Foodstuffs",419,"Preparations of cereals, flour, starch or milk",41903,"Tapioca",2021,1113515
4,"Foodstuffs",419,"Preparations of cereals, flour, starch or milk",41904,"Prepared Cereals",2021,90420251
4,"Foodstuffs",419,"Preparations of cereals, flour, starch or milk",41905,"Baked Goods",2021,410507704
4,"Foodstuffs",420,"Preparations of vegetables, fruit, nuts or other plant parts",42001,"Pickled Foods",2021,5275501
4,"Foodstuffs",420,"Preparations of vegetables, fruit, nuts or other plant parts",42002,"Processed Tomatoes",2021,1201396
4,"Foodstuffs",420,"Preparations of vegetables, fruit, nuts or other plant parts",42003,"Processed Mushrooms",2021,308037
4,"Foodstuffs",420,"Preparations of vegetables, fruit, nuts or other plant parts",42004,"Other Frozen Vegetables",2021,14813302
4,"Foodstuffs",420,"Preparations of vegetables, fruit, nuts or other plant parts",42005,"Other Processed Vegetables",2021,18348892
4,"Foodstuffs",420,"Preparations of vegetables, fruit, nuts or other plant parts",42006,"Sugar Preserved Foods",2021,501916
4,"Foodstuffs",420,"Preparations of vegetables, fruit, nuts or other plant parts",42007,"Jams",2021,59365853
4,"Foodstuffs",420,"Preparations of vegetables, fruit, nuts or other plant parts",42008,"Other Processed Fruits and Nuts",2021,54879551
4,"Foodstuffs",420,"Preparations of vegetables, fruit, nuts or other plant parts",42009,"Fruit Juice",2021,107511045
4,"Foodstuffs",421,"Miscellaneous edible preparations",42101,"Coffee and Tea Extracts",2021,16741849
4,"Foodstuffs",421,"Miscellaneous edible preparations",42102,"Yeast",2021,112927457
4,"Foodstuffs",421,"Miscellaneous edible preparations",42103,"Sauces and Seasonings",2021,63662261
4,"Foodstuffs",421,"Miscellaneous edible preparations",42104,"Soups and Broths",2021,19598394
4,"Foodstuffs",421,"Miscellaneous edible preparations",42105,"Ice Cream",2021,15310677
4,"Foodstuffs",421,"Miscellaneous edible preparations",42106,"Other Edible Preparations",2021,1160225608
4,"Foodstuffs",422,"Beverages, spirits, & vinegar",42201,"Water",2021,9280220
4,"Foodstuffs",422,"Beverages, spirits, & vinegar",42202,"Flavored Water",2021,383163939
4,"Foodstuffs",422,"Beverages, spirits, & vinegar",42203,"Beer",2021,362700192
4,"Foodstuffs",422,"Beverages, spirits, & vinegar",42204,"Wine",2021,147647803
4,"Foodstuffs",422,"Beverages, spirits, & vinegar",42205,"Vermouth",2021,404049
4,"Foodstuffs",422,"Beverages, spirits, & vinegar",42206,"Other Fermented Beverages",2021,39465800
4,"Foodstuffs",422,"Beverages, spirits, & vinegar",42207,"Alcohol > 80% ABV",2021,1635157
4,"Foodstuffs",422,"Beverages, spirits, & vinegar",42208,"Hard Liquor",2021,77557413
4,"Foodstuffs",422,"Beverages, spirits, & vinegar",42209,"Vinegar",2021,827759
4,"Foodstuffs",423,"Food residues & wastes; animal fodder",42301,"Animal Meal and Pellets",2021,425399450
4,"Foodstuffs",423,"Food residues & wastes; animal fodder",42302,"Bran",2021,4923024
4,"Foodstuffs",423,"Food residues & wastes; animal fodder",42303,"Starch Residue",2021,26604017
4,"Foodstuffs",423,"Food residues & wastes; animal fodder",42304,"Soybean Meal",2021,57807501
4,"Foodstuffs",423,"Food residues & wastes; animal fodder",42306,"Other Vegetable Residues",2021,30220179
4,"Foodstuffs",423,"Food residues & wastes; animal fodder",42307,"Wine Lees",2021,435
4,"Foodstuffs",423,"Food residues & wastes; animal fodder",42308,"Other Vegetable Residues and Waste",2021,12592721
4,"Foodstuffs",423,"Food residues & wastes; animal fodder",42309,"Animal Food",2021,664953654
4,"Foodstuffs",424,"Tobacco & substitutes",42401,"Raw Tobacco",2021,2827100
4,"Foodstuffs",424,"Tobacco & substitutes",42402,"Rolled Tobacco",2021,10290689
4,"Foodstuffs",424,"Tobacco & substitutes",42403,"Processed Tobacco",2021,323165464
5,"Mineral Products",525,"Salt, sulphur, cement, lime, stone, & plaster",52501,"Salt",2021,57187584
5,"Mineral Products",525,"Salt, sulphur, cement, lime, stone, & plaster",52502,"Iron Pyrites",2021,2346537.9999999995
5,"Mineral Products",525,"Salt, sulphur, cement, lime, stone, & plaster",52503,"Sulphur",2021,215315
5,"Mineral Products",525,"Salt, sulphur, cement, lime, stone, & plaster",52504,"Graphite",2021,135744
5,"Mineral Products",525,"Salt, sulphur, cement, lime, stone, & plaster",52505,"Sand",2021,25410504
5,"Mineral Products",525,"Salt, sulphur, cement, lime, stone, & plaster",52506,"Quartz",2021,176949
5,"Mineral Products",525,"Salt, sulphur, cement, lime, stone, & plaster",52507,"Kaolin",2021,874222
5,"Mineral Products",525,"Salt, sulphur, cement, lime, stone, & plaster",52508,"Clays",2021,9440983
5,"Mineral Products",525,"Salt, sulphur, cement, lime, stone, & plaster",52509,"Chalk",2021,14687666
5,"Mineral Products",525,"Salt, sulphur, cement, lime, stone, & plaster",52510,"Calcium Phosphates",2021,2466341
5,"Mineral Products",525,"Salt, sulphur, cement, lime, stone, & plaster",52511,"Barium Sulphate",2021,327363
5,"Mineral Products",525,"Salt, sulphur, cement, lime, stone, & plaster",52512,"Siliceous Fossil Meals",2021,18203338
5,"Mineral Products",525,"Salt, sulphur, cement, lime, stone, & plaster",52513,"Pumice",2021,232777
5,"Mineral Products",525,"Salt, sulphur, cement, lime, stone, & plaster",52514,"Slate",2021,72168
5,"Mineral Products",525,"Salt, sulphur, cement, lime, stone, & plaster",52515,"Marble, Travertine and Alabaster",2021,461042
5,"Mineral Products",525,"Salt, sulphur, cement, lime, stone, & plaster",52516,"Granite",2021,2930117
5,"Mineral Products",525,"Salt, sulphur, cement, lime, stone, & plaster",52517,"Gravel and Crushed Stone",2021,24107720
5,"Mineral Products",525,"Salt, sulphur, cement, lime, stone, & plaster",52518,"Dolomite",2021,862321
5,"Mineral Products",525,"Salt, sulphur, cement, lime, stone, & plaster",52519,"Magnesium Carbonate",2021,2146595
5,"Mineral Products",525,"Salt, sulphur, cement, lime, stone, & plaster",52520,"Gypsum",2021,2059185
5,"Mineral Products",525,"Salt, sulphur, cement, lime, stone, & plaster",52521,"Limestone",2021,3562857
5,"Mineral Products",525,"Salt, sulphur, cement, lime, stone, & plaster",52522,"Quicklime",2021,5117579
5,"Mineral Products",525,"Salt, sulphur, cement, lime, stone, & plaster",52523,"Cement",2021,112471144
5,"Mineral Products",525,"Salt, sulphur, cement, lime, stone, & plaster",52524,"Asbestos",2021,910
5,"Mineral Products",525,"Salt, sulphur, cement, lime, stone, & plaster",52525,"Mica",2021,50554
5,"Mineral Products",525,"Salt, sulphur, cement, lime, stone, & plaster",52526,"Soapstone",2021,722624
5,"Mineral Products",525,"Salt, sulphur, cement, lime, stone, & plaster",52528,"Borax",2021,3951
5,"Mineral Products",525,"Salt, sulphur, cement, lime, stone, & plaster",52529,"Feldspar",2021,53542
5,"Mineral Products",525,"Salt, sulphur, cement, lime, stone, & plaster",52530,"Other Mineral",2021,2368099
5,"Mineral Products",526,"Ores, slag and ash",52601,"Iron Ore",2021,6719.000000000001
5,"Mineral Products",526,"Ores, slag and ash",52602,"Manganese Ore",2021,241325
5,"Mineral Products",526,"Ores, slag and ash",52605,"Cobalt Ore",2021,8696
5,"Mineral Products",526,"Ores, slag and ash",52606,"Aluminium Ore",2021,143498
5,"Mineral Products",526,"Ores, slag and ash",52607,"Lead Ore",2021,54549
5,"Mineral Products",526,"Ores, slag and ash",52608,"Zinc Ore",2021,8593
5,"Mineral Products",526,"Ores, slag and ash",52611,"Tungsten Ore",2021,3466
5,"Mineral Products",526,"Ores, slag and ash",52612,"Uranium and Thorium Ore",2021,7204
5,"Mineral Products",526,"Ores, slag and ash",52614,"Titanium Ore",2021,6373
5,"Mineral Products",526,"Ores, slag and ash",52615,"Niobium, Tantalum, Vanadium and Zirconium Ore",2021,12188
5,"Mineral Products",526,"Ores, slag and ash",52616,"Precious Metal Ore",2021,209
5,"Mineral Products",526,"Ores, slag and ash",52617,"Other Ores",2021,7564
5,"Mineral Products",526,"Ores, slag and ash",52618,"Granulated Slag",2021,101769
5,"Mineral Products",526,"Ores, slag and ash",52619,"Slag Dross",2021,1014029
5,"Mineral Products",526,"Ores, slag and ash",52620,"Non-Iron and Steel Slag, Ash and Residues",2021,20067804
5,"Mineral Products",526,"Ores, slag and ash",52621,"Other Slag and Ash",2021,1195867
5,"Mineral Products",527,"Mineral fuels, mineral oils and products of their distillation",52701,"Coal Briquettes",2021,48460680
5,"Mineral Products",527,"Mineral fuels, mineral oils and products of their distillation",52702,"Lignite",2021,938
5,"Mineral Products",527,"Mineral fuels, mineral oils and products of their distillation",52703,"Peat",2021,17049207
5,"Mineral Products",527,"Mineral fuels, mineral oils and products of their distillation",52704,"Coke",2021,806437
5,"Mineral Products",527,"Mineral fuels, mineral oils and products of their distillation",52705,"Non-Petroleum Gas",2021,7362
5,"Mineral Products",527,"Mineral fuels, mineral oils and products of their distillation",52706,"Tar",2021,33555961
5,"Mineral Products",527,"Mineral fuels, mineral oils and products of their distillation",52707,"Coal Tar Oil",2021,840165123
5,"Mineral Products",527,"Mineral fuels, mineral oils and products of their distillation",52708,"Pitch Coke",2021,70291574
5,"Mineral Products",527,"Mineral fuels, mineral oils and products of their distillation",52709,"Crude Petroleum",2021,374580975
5,"Mineral Products",527,"Mineral fuels, mineral oils and products of their distillation",52710,"Refined Petroleum",2021,2859529565
5,"Mineral Products",527,"Mineral fuels, mineral oils and products of their distillation",52711,"Petroleum Gas",2021,407003645.99999994
5,"Mineral Products",527,"Mineral fuels, mineral oils and products of their distillation",52712,"Petroleum Jelly",2021,5606620
5,"Mineral Products",527,"Mineral fuels, mineral oils and products of their distillation",52713,"Petroleum Coke",2021,2161595
5,"Mineral Products",527,"Mineral fuels, mineral oils and products of their distillation",52714,"Bitumen and asphalt",2021,1266923
5,"Mineral Products",527,"Mineral fuels, mineral oils and products of their distillation",52715,"Asphalt Mixtures",2021,3716376
5,"Mineral Products",527,"Mineral fuels, mineral oils and products of their distillation",52716,"Electricity",2021,1582689888
6,"Chemical Products",628,"Inorganic chemicals",62801,"Halogens",2021,555274
6,"Chemical Products",628,"Inorganic chemicals",62802,"Sulfur",2021,174
6,"Chemical Products",628,"Inorganic chemicals",62803,"Carbon",2021,7653879
6,"Chemical Products",628,"Inorganic chemicals",62804,"Hydrogen",2021,53851243
6,"Chemical Products",628,"Inorganic chemicals",62805,"Alkali, alkaline-earth, rare-earth metals, scandium, yttrium, and mercury",2021,119548
6,"Chemical Products",628,"Inorganic chemicals",62806,"Hydrochloric Acid",2021,401321
6,"Chemical Products",628,"Inorganic chemicals",62807,"Sulfuric Acid",2021,1592643
6,"Chemical Products",628,"Inorganic chemicals",62808,"Nitric Acids",2021,1834232
6,"Chemical Products",628,"Inorganic chemicals",62809,"Phosphoric Acid",2021,1126329
6,"Chemical Products",628,"Inorganic chemicals",62810,"Boron",2021,592286
6,"Chemical Products",628,"Inorganic chemicals",62811,"Other Inorganic Acids",2021,13851941
6,"Chemical Products",628,"Inorganic chemicals",62812,"Halides",2021,320709
6,"Chemical Products",628,"Inorganic chemicals",62813,"Nonmetal Sulfides",2021,58216
6,"Chemical Products",628,"Inorganic chemicals",62814,"Ammonia",2021,1327457
6,"Chemical Products",628,"Inorganic chemicals",62815,"Sodium or Potassium Peroxides",2021,3351137
6,"Chemical Products",628,"Inorganic chemicals",62816,"Magnesium Hydroxide and Peroxide",2021,40193
6,"Chemical Products",628,"Inorganic chemicals",62817,"Zinc Oxide and Peroxide",2021,3482809
6,"Chemical Products",628,"Inorganic chemicals",62818,"Aluminium Oxide",2021,36122581
6,"Chemical Products",628,"Inorganic chemicals",62819,"Chromium Oxides and Hydroxides",2021,195410
6,"Chemical Products",628,"Inorganic chemicals",62820,"Manganese Oxides",2021,84820
6,"Chemical Products",628,"Inorganic chemicals",62821,"Iron Oxides and Hydroxides",2021,3504040
6,"Chemical Products",628,"Inorganic chemicals",62822,"Cobalt Oxides and Hydroxides",2021,83175
6,"Chemical Products",628,"Inorganic chemicals",62823,"Titanium Oxides",2021,2128311
6,"Chemical Products",628,"Inorganic chemicals",62824,"Lead Oxides",2021,33236
6,"Chemical Products",628,"Inorganic chemicals",62825,"Inorganic Salts",2021,1644568
6,"Chemical Products",628,"Inorganic chemicals",62826,"Fluorides",2021,6791589
6,"Chemical Products",628,"Inorganic chemicals",62827,"Chlorides",2021,3225651
6,"Chemical Products",628,"Inorganic chemicals",62828,"Hypochlorites",2021,3168577
6,"Chemical Products",628,"Inorganic chemicals",62829,"Chlorates and Perchlorates",2021,557350
6,"Chemical Products",628,"Inorganic chemicals",62830,"Sulfides",2021,102307
6,"Chemical Products",628,"Inorganic chemicals",62831,"Dithionites and Sulfoxylates",2021,19803
6,"Chemical Products",628,"Inorganic chemicals",62832,"Sulfites",2021,1034019
6,"Chemical Products",628,"Inorganic chemicals",62833,"Sulfates",2021,3885799
6,"Chemical Products",628,"Inorganic chemicals",62834,"Nitrites and Nitrates",2021,29949663
6,"Chemical Products",628,"Inorganic chemicals",62835,"Phosphinates (hypophosphites) and phosphonates (phosphites)",2021,11422347
6,"Chemical Products",628,"Inorganic chemicals",62836,"Carbonates",2021,4888319
6,"Chemical Products",628,"Inorganic chemicals",62837,"Cyanides",2021,99474
6,"Chemical Products",628,"Inorganic chemicals",62839,"Silicates",2021,2881537
6,"Chemical Products",628,"Inorganic chemicals",62840,"Borates",2021,44566
6,"Chemical Products",628,"Inorganic chemicals",62841,"Oxometallic or Peroxometallic Acid Salts",2021,1885406
6,"Chemical Products",628,"Inorganic chemicals",62842,"Other Inorganic Acids Salts",2021,10844689
6,"Chemical Products",628,"Inorganic chemicals",62843,"Precious Metal Compounds",2021,808102
6,"Chemical Products",628,"Inorganic chemicals",62844,"Radioactive Chemicals",2021,1125629
6,"Chemical Products",628,"Inorganic chemicals",62845,"Other Isotopes",2021,75462
6,"Chemical Products",628,"Inorganic chemicals",62846,"Rare-Earth Metal Compounds",2021,46301
6,"Chemical Products",628,"Inorganic chemicals",62847,"Hydrogen peroxide",2021,378427
6,"Chemical Products",628,"Inorganic chemicals",62849,"Carbides",2021,1679485
6,"Chemical Products",628,"Inorganic chemicals",62850,"Hydrides and other anions",2021,143609
6,"Chemical Products",628,"Inorganic chemicals",62851,"Inorganic Compounds",2021,6630973
6,"Chemical Products",629,"Organic chemicals",62901,"Acyclic Hydrocarbons",2021,2667120
6,"Chemical Products",629,"Organic chemicals",62902,"Cyclic Hydrocarbons",2021,4241846
6,"Chemical Products",629,"Organic chemicals",62903,"Halogenated Hydrocarbons",2021,4655387
6,"Chemical Products",629,"Organic chemicals",62904,"Sulfonated, Nitrated or Nitrosated Hydrocarbons",2021,2696468
6,"Chemical Products",629,"Organic chemicals",62905,"Acyclic alcohol derivatives (halogenated, sulphonated, nitrated)",2021,20075916
6,"Chemical Products",629,"Organic chemicals",62906,"Cyclic Alcohols",2021,489987
6,"Chemical Products",629,"Organic chemicals",62907,"Phenols",2021,8296906
6,"Chemical Products",629,"Organic chemicals",62908,"Phenol Derivatives",2021,370831
6,"Chemical Products",629,"Organic chemicals",62909,"Ethers",2021,7726114
6,"Chemical Products",629,"Organic chemicals",62910,"Epoxides",2021,388405
6,"Chemical Products",629,"Organic chemicals",62911,"Acetals and Hemiacetals",2021,80551
6,"Chemical Products",629,"Organic chemicals",62912,"Aldehydes, cyclic polymers, and paraformaldehyde",2021,8168484
6,"Chemical Products",629,"Organic chemicals",62913,"Halogenated aldehyde derivatives (heading 2912)",2021,255
6,"Chemical Products",629,"Organic chemicals",62914,"Ketones and Quinones",2021,8742495
6,"Chemical Products",629,"Organic chemicals",62915,"Saturated Acyclic Monocarboxylic Acids",2021,22252709
6,"Chemical Products",629,"Organic chemicals",62916,"Unsaturated Acyclic Monocarboxylic Acids",2021,7201767
6,"Chemical Products",629,"Organic chemicals",62917,"Polycarboxylic Acids",2021,9069439
6,"Chemical Products",629,"Organic chemicals",62918,"Carboxylic Acids",2021,14994751
6,"Chemical Products",629,"Organic chemicals",62919,"Phosphoric Esters and Salts",2021,611546
6,"Chemical Products",629,"Organic chemicals",62920,"Other Esters",2021,1802002
6,"Chemical Products",629,"Organic chemicals",62921,"Amine Compounds",2021,36429694
6,"Chemical Products",629,"Organic chemicals",62922,"Oxygen Amino Compounds",2021,69381512
6,"Chemical Products",629,"Organic chemicals",62923,"Quaternary Ammonium Salts and Hydroxides",2021,24251464
6,"Chemical Products",629,"Organic chemicals",62924,"Carboxyamide Compounds",2021,10986842
6,"Chemical Products",629,"Organic chemicals",62925,"Carboxyimide Compounds",2021,1447366
6,"Chemical Products",629,"Organic chemicals",62926,"Nitrile Compounds",2021,7348793
6,"Chemical Products",629,"Organic chemicals",62927,"Diazo, Azo or Aoxy Compounds",2021,67487
6,"Chemical Products",629,"Organic chemicals",62928,"Hydrazine or Hydroxylamine Derivatives",2021,132058
6,"Chemical Products",629,"Organic chemicals",62929,"Other Nitrogen Compounds",2021,7308025
6,"Chemical Products",629,"Organic chemicals",62930,"Organo-Sulfur Compounds",2021,60443056
6,"Chemical Products",629,"Organic chemicals",62931,"Other Organo-Inorganic Compounds",2021,1045441
6,"Chemical Products",629,"Organic chemicals",62932,"Oxygen Heterocyclic Compounds",2021,19380829
6,"Chemical Products",629,"Organic chemicals",62933,"Nitrogen Heterocyclic Compounds",2021,87479827
6,"Chemical Products",629,"Organic chemicals",62934,"Nucleic Acids",2021,11866583
6,"Chemical Products",629,"Organic chemicals",62935,"Sulfonamides",2021,542061
6,"Chemical Products",629,"Organic chemicals",62936,"Vitamins",2021,132323582
6,"Chemical Products",629,"Organic chemicals",62937,"Hormones",2021,1787102781
6,"Chemical Products",629,"Organic chemicals",62938,"Glycosides",2021,20169320
6,"Chemical Products",629,"Organic chemicals",62939,"Vegetable Alkaloids",2021,3552340
6,"Chemical Products",629,"Organic chemicals",62940,"Chemically Pure Sugars",2021,35114402
6,"Chemical Products",629,"Organic chemicals",62941,"Antibiotics",2021,192559668
6,"Chemical Products",629,"Organic chemicals",62942,"Other Organic Compounds",2021,13293361
6,"Chemical Products",630,"Pharmaceutical products",63001,"Glands and Other Organs",2021,28352123
6,"Chemical Products",630,"Pharmaceutical products",63002,"Vaccines, blood, antisera, toxins and cultures",2021,1990728748
6,"Chemical Products",630,"Pharmaceutical products",63003,"Unpackaged Medicaments",2021,288767487
6,"Chemical Products",630,"Pharmaceutical products",63004,"Packaged Medicaments",2021,17052586833
6,"Chemical Products",630,"Pharmaceutical products",63005,"Bandages",2021,47567268
6,"Chemical Products",630,"Pharmaceutical products",63006,"Special Pharmaceuticals",2021,268637120
6,"Chemical Products",631,"Fertilizers",63101,"Animal or Vegetable Fertilizers",2021,8796318
6,"Chemical Products",631,"Fertilizers",63102,"Nitrogenous Fertilizers",2021,33998057
6,"Chemical Products",631,"Fertilizers",63103,"Phosphatic Fertilizers",2021,324835
6,"Chemical Products",631,"Fertilizers",63104,"Potassic Fertilizers",2021,3947036
6,"Chemical Products",631,"Fertilizers",63105,"Mixed Mineral or Chemical Fertilizers",2021,17131535
6,"Chemical Products",632,"Paints, dyes, & varnishes",63201,"Vegetable Tanning Extracts",2021,106072
6,"Chemical Products",632,"Paints, dyes, & varnishes",63202,"Synthetic Tanning Extracts",2021,6436365
6,"Chemical Products",632,"Paints, dyes, & varnishes",63203,"Vegetable or Animal Dyes",2021,123244903
6,"Chemical Products",632,"Paints, dyes, & varnishes",63204,"Synthetic Coloring Matter",2021,113043529
6,"Chemical Products",632,"Paints, dyes, & varnishes",63205,"Lake Pigments",2021,3387881
6,"Chemical Products",632,"Paints, dyes, & varnishes",63206,"Other Coloring Matter",2021,68982226
6,"Chemical Products",632,"Paints, dyes, & varnishes",63207,"Prepared Pigments",2021,2267457
6,"Chemical Products",632,"Paints, dyes, & varnishes",63208,"Nonaqueous Paints",2021,36303441
6,"Chemical Products",632,"Paints, dyes, & varnishes",63209,"Aqueous Paints",2021,152997382
6,"Chemical Products",632,"Paints, dyes, & varnishes",63210,"Other Paints",2021,3096053
6,"Chemical Products",632,"Paints, dyes, & varnishes",63211,"Prepared Paint Driers",2021,486026
6,"Chemical Products",632,"Paints, dyes, & varnishes",63212,"Nonaqueous Pigments",2021,9031754
6,"Chemical Products",632,"Paints, dyes, & varnishes",63213,"Artistry Paints",2021,11046289
6,"Chemical Products",632,"Paints, dyes, & varnishes",63214,"Glaziers Putty",2021,70427186
6,"Chemical Products",632,"Paints, dyes, & varnishes",63215,"Ink",2021,62474067
6,"Chemical Products",633,"Perfumery & cosmetics",63301,"Essential Oils",2021,4510926
6,"Chemical Products",633,"Perfumery & cosmetics",63302,"Scented Mixtures",2021,36287712
6,"Chemical Products",633,"Perfumery & cosmetics",63303,"Perfumes",2021,43791190
6,"Chemical Products",633,"Perfumery & cosmetics",63304,"Beauty Products",2021,213765852
6,"Chemical Products",633,"Perfumery & cosmetics",63305,"Hair Products",2021,103197223
6,"Chemical Products",633,"Perfumery & cosmetics",63306,"Dental Products",2021,78087369
6,"Chemical Products",633,"Perfumery & cosmetics",63307,"Shaving Products",2021,87976409
6,"Chemical Products",634,"Soap, cleaners, candles, dental, modelling pastes",63401,"Soap",2021,33563417
6,"Chemical Products",634,"Soap, cleaners, candles, dental, modelling pastes",63402,"Cleaning Products",2021,414324633
6,"Chemical Products",634,"Soap, cleaners, candles, dental, modelling pastes",63403,"Lubricating Products",2021,33209249
6,"Chemical Products",634,"Soap, cleaners, candles, dental, modelling pastes",63404,"Waxes",2021,139903919
6,"Chemical Products",634,"Soap, cleaners, candles, dental, modelling pastes",63405,"Polishes and Creams",2021,29929551
6,"Chemical Products",634,"Soap, cleaners, candles, dental, modelling pastes",63406,"Candles",2021,42309924
6,"Chemical Products",634,"Soap, cleaners, candles, dental, modelling pastes",63407,"Pastes and Waxes",2021,1989002
6,"Chemical Products",635,"Glues, starches, & albuminoid products",63501,"Casein",2021,191853391
6,"Chemical Products",635,"Glues, starches, & albuminoid products",63502,"Water Soluble Proteins",2021,219675654
6,"Chemical Products",635,"Glues, starches, & albuminoid products",63503,"Gelatin",2021,18052369
6,"Chemical Products",635,"Glues, starches, & albuminoid products",63504,"Peptones",2021,186673619
6,"Chemical Products",635,"Glues, starches, & albuminoid products",63505,"Dextrins",2021,115272387
6,"Chemical Products",635,"Glues, starches, & albuminoid products",63506,"Glues",2021,46992391
6,"Chemical Products",635,"Glues, starches, & albuminoid products",63507,"Enzymes",2021,1666456739
6,"Chemical Products",636,"Explosives, matches, & fireworks",63601,"Propellant Powders",2021,174
6,"Chemical Products",636,"Explosives, matches, & fireworks",63602,"Prepared Explosives",2021,957879
6,"Chemical Products",636,"Explosives, matches, & fireworks",63603,"Detonating Fuses",2021,474029
6,"Chemical Products",636,"Explosives, matches, & fireworks",63604,"Fireworks",2021,1791288
6,"Chemical Products",636,"Explosives, matches, & fireworks",63605,"Matches",2021,36117
6,"Chemical Products",636,"Explosives, matches, & fireworks",63606,"Pyrophoric Alloys",2021,7173020
6,"Chemical Products",637,"Photo & movie goods",63701,"Photographic Plates",2021,2612623
6,"Chemical Products",637,"Photo & movie goods",63702,"Photographic Film",2021,208423
6,"Chemical Products",637,"Photo & movie goods",63703,"Photographic Paper",2021,262095
6,"Chemical Products",637,"Photo & movie goods",63704,"Undeveloped Exposed Photographic Material",2021,36174
6,"Chemical Products",637,"Photo & movie goods",63705,"Developed Exposed Photographic Material",2021,54741
6,"Chemical Products",637,"Photo & movie goods",63706,"Motion-picture film, exposed and developed",2021,17432
6,"Chemical Products",637,"Photo & movie goods",63707,"Photographic Chemicals",2021,2000852
6,"Chemical Products",638,"Chemical products n.e.s.",63801,"Artificial Graphite",2021,2108951
6,"Chemical Products",638,"Chemical products n.e.s.",63802,"Activated Carbon",2021,11625303
6,"Chemical Products",638,"Chemical products n.e.s.",63803,"Tall Oil",2021,29510
6,"Chemical Products",638,"Chemical products n.e.s.",63804,"Wood Pulp Lyes",2021,206891
6,"Chemical Products",638,"Chemical products n.e.s.",63805,"Turpentine",2021,792683
6,"Chemical Products",638,"Chemical products n.e.s.",63806,"Rosin",2021,5876745
6,"Chemical Products",638,"Chemical products n.e.s.",63807,"Wood Tar, Oils and Pitch",2021,2294032
6,"Chemical Products",638,"Chemical products n.e.s.",63808,"Pesticides",2021,422954847
6,"Chemical Products",638,"Chemical products n.e.s.",63809,"Dyeing Finishing Agents",2021,8204821
6,"Chemical Products",638,"Chemical products n.e.s.",63810,"Metal Pickling Preparations",2021,7334818
6,"Chemical Products",638,"Chemical products n.e.s.",63811,"Antiknock",2021,31277132
6,"Chemical Products",638,"Chemical products n.e.s.",63812,"Prepared Rubber Accelerators",2021,6214305
6,"Chemical Products",638,"Chemical products n.e.s.",63813,"Fire Extinguishers Preparations",2021,896452
6,"Chemical Products",638,"Chemical products n.e.s.",63814,"Organic Composite Solvents",2021,3961588
6,"Chemical Products",638,"Chemical products n.e.s.",63815,"Reaction and Catalytic Products",2021,400533544
6,"Chemical Products",638,"Chemical products n.e.s.",63816,"Refractory Cements",2021,13035491
6,"Chemical Products",638,"Chemical products n.e.s.",63817,"Alkylbenzenes and Alkylnaphthalenes",2021,138085
6,"Chemical Products",638,"Chemical products n.e.s.",63818,"Disc Chemicals for Electronics",2021,23776622
6,"Chemical Products",638,"Chemical products n.e.s.",63819,"Hydraulic Brake Fluid",2021,700336
6,"Chemical Products",638,"Chemical products n.e.s.",63820,"Antifreeze",2021,7984931.999999999
6,"Chemical Products",638,"Chemical products n.e.s.",63821,"Micro-Organism Culture Preparations",2021,46854899
6,"Chemical Products",638,"Chemical products n.e.s.",63822,"Laboratory Reagents",2021,276864977
6,"Chemical Products",638,"Chemical products n.e.s.",63823,"Industrial Fatty Acids, Oils and Alcohols",2021,506454199
7,"Plastics and Rubbers",739,"Plastics & articles thereof",73901,"Ethylene Polymers",2021,84001594
7,"Plastics and Rubbers",739,"Plastics & articles thereof",73902,"Propylene Polymers",2021,98194730
7,"Plastics and Rubbers",739,"Plastics & articles thereof",73903,"Styrene Polymers",2021,30866208
7,"Plastics and Rubbers",739,"Plastics & articles thereof",73904,"Vinyl Chloride Polymers",2021,8156076
7,"Plastics and Rubbers",739,"Plastics & articles thereof",73905,"Other Vinyl Polymers",2021,4672019
7,"Plastics and Rubbers",739,"Plastics & articles thereof",73906,"Acrylic Polymers",2021,18505280
7,"Plastics and Rubbers",739,"Plastics & articles thereof",73907,"Polyacetals",2021,70922697
7,"Plastics and Rubbers",739,"Plastics & articles thereof",73908,"Polyamides",2021,13324988
7,"Plastics and Rubbers",739,"Plastics & articles thereof",73909,"Amino-resins",2021,50280686
7,"Plastics and Rubbers",739,"Plastics & articles thereof",73910,"Silicone",2021,6416535
7,"Plastics and Rubbers",739,"Plastics & articles thereof",73911,"Petroleum Resins",2021,11217902
7,"Plastics and Rubbers",739,"Plastics & articles thereof",73912,"Cellulose",2021,6097323
7,"Plastics and Rubbers",739,"Plastics & articles thereof",73913,"Natural Polymers",2021,59230099
7,"Plastics and Rubbers",739,"Plastics & articles thereof",73914,"Polymer Ion-Exchangers",2021,2041783
7,"Plastics and Rubbers",739,"Plastics & articles thereof",73915,"Scrap Plastic",2021,34326910
7,"Plastics and Rubbers",739,"Plastics & articles thereof",73916,"Monofilament",2021,68895730
7,"Plastics and Rubbers",739,"Plastics & articles thereof",73917,"Plastic Pipes",2021,256266054
7,"Plastics and Rubbers",739,"Plastics & articles thereof",73918,"Plastic Floor Coverings",2021,7552615
7,"Plastics and Rubbers",739,"Plastics & articles thereof",73919,"Self-adhesive Plastics",2021,101663344
7,"Plastics and Rubbers",739,"Plastics & articles thereof",73920,"Raw Plastic Sheeting",2021,330186250
7,"Plastics and Rubbers",739,"Plastics & articles thereof",73921,"Other Plastic Sheetings",2021,191046146
7,"Plastics and Rubbers",739,"Plastics & articles thereof",73922,"Plastic Wash Basins",2021,54725108
7,"Plastics and Rubbers",739,"Plastics & articles thereof",73923,"Plastic Lids",2021,568728195
7,"Plastics and Rubbers",739,"Plastics & articles thereof",73924,"Plastic Housewares",2021,108114502
7,"Plastics and Rubbers",739,"Plastics & articles thereof",73925,"Plastic Building Materials",2021,133005342
7,"Plastics and Rubbers",739,"Plastics & articles thereof",73926,"Other Plastic Products",2021,746092302
7,"Plastics and Rubbers",740,"Rubber & articles thereof",74001,"Rubber",2021,12229998
7,"Plastics and Rubbers",740,"Rubber & articles thereof",74002,"Synthetic Rubber",2021,36208929
7,"Plastics and Rubbers",740,"Rubber & articles thereof",74003,"Reclaimed Rubber",2021,568999
7,"Plastics and Rubbers",740,"Rubber & articles thereof",74004,"Scrap Rubber",2021,7793345
7,"Plastics and Rubbers",740,"Rubber & articles thereof",74005,"Compounded Unvulcanised Rubber",2021,14350184
7,"Plastics and Rubbers",740,"Rubber & articles thereof",74006,"Unvulcanised Rubber Products",2021,4444297
7,"Plastics and Rubbers",740,"Rubber & articles thereof",74007,"Rubber Thread",2021,391149
7,"Plastics and Rubbers",740,"Rubber & articles thereof",74008,"Rubber Sheets",2021,22885816
7,"Plastics and Rubbers",740,"Rubber & articles thereof",74009,"Rubber Pipes",2021,26485325
7,"Plastics and Rubbers",740,"Rubber & articles thereof",74010,"Rubber Belting",2021,12539587
7,"Plastics and Rubbers",740,"Rubber & articles thereof",74011,"Rubber Tires",2021,43030708
7,"Plastics and Rubbers",740,"Rubber & articles thereof",74012,"Used Rubber Tires",2021,11970451.999999998
7,"Plastics and Rubbers",740,"Rubber & articles thereof",74013,"Rubber Inner Tubes",2021,1369702
7,"Plastics and Rubbers",740,"Rubber & articles thereof",74014,"Pharmaceutical Rubber Products",2021,21748151
7,"Plastics and Rubbers",740,"Rubber & articles thereof",74015,"Rubber Apparel",2021,69022987
7,"Plastics and Rubbers",740,"Rubber & articles thereof",74016,"Other Rubber Products",2021,179892547
7,"Plastics and Rubbers",740,"Rubber & articles thereof",74017,"Hard Rubber",2021,2709393
8,"Animal Hides",841,"Raw hides & skin (non-fur)",84101,"Equine and Bovine Hides",2021,328194
8,"Animal Hides",841,"Raw hides & skin (non-fur)",84102,"Sheep Hides",2021,232797
8,"Animal Hides",841,"Raw hides & skin (non-fur)",84103,"Other Hides and Skins",2021,10868879.000000002
8,"Animal Hides",841,"Raw hides & skin (non-fur)",84104,"Tanned Equine and Bovine Hides",2021,87437576
8,"Animal Hides",841,"Raw hides & skin (non-fur)",84105,"Tanned Sheep Hides",2021,372300
8,"Animal Hides",841,"Raw hides & skin (non-fur)",84106,"Tanned Goat Hides",2021,32457
8,"Animal Hides",841,"Raw hides & skin (non-fur)",84107,"Leather of Other Animals",2021,121569
8,"Animal Hides",841,"Raw hides & skin (non-fur)",84108,"Chamois Leather",2021,40252
8,"Animal Hides",841,"Raw hides & skin (non-fur)",84109,"Patent Leather",2021,57991.00000000001
8,"Animal Hides",841,"Raw hides & skin (non-fur)",84110,"Leather Waste",2021,239734
8,"Animal Hides",841,"Raw hides & skin (non-fur)",84111,"Leather Sheets",2021,577011
8,"Animal Hides",842,"Leather articles",84201,"Saddlery",2021,20358902
8,"Animal Hides",842,"Leather articles",84202,"Trunks and Cases",2021,120161888
8,"Animal Hides",842,"Leather articles",84203,"Leather Apparel",2021,27771014
8,"Animal Hides",842,"Leather articles",84205,"Other Leather Articles",2021,8892277
8,"Animal Hides",842,"Leather articles",84206,"Articles of Gut",2021,1555
8,"Animal Hides",843,"Furskins, articifial fur, & articles",84301,"Raw Furskins",2021,420298347
8,"Animal Hides",843,"Furskins, articifial fur, & articles",84302,"Tanned Furskins",2021,17669256
8,"Animal Hides",843,"Furskins, articifial fur, & articles",84303,"Furskin Apparel",2021,3628185
8,"Animal Hides",843,"Furskins, articifial fur, & articles",84304,"Artificial Fur",2021,286483
9,"Wood Products",944,"Wood, wood articles, & charcoal",94401,"Fuel Wood",2021,65378673
9,"Wood Products",944,"Wood, wood articles, & charcoal",94402,"Wood Charcoal",2021,4829096
9,"Wood Products",944,"Wood, wood articles, & charcoal",94403,"Rough Wood",2021,76249247
9,"Wood Products",944,"Wood, wood articles, & charcoal",94404,"Wood Stakes",2021,1695744
9,"Wood Products",944,"Wood, wood articles, & charcoal",94405,"Wood Wool",2021,582893
9,"Wood Products",944,"Wood, wood articles, & charcoal",94406,"Railroad Ties",2021,108819
9,"Wood Products",944,"Wood, wood articles, & charcoal",94407,"Sawn Wood",2021,82371045
9,"Wood Products",944,"Wood, wood articles, & charcoal",94408,"Veneer Sheets",2021,5473938
9,"Wood Products",944,"Wood, wood articles, & charcoal",94409,"Shaped Wood",2021,39837126
9,"Wood Products",944,"Wood, wood articles, & charcoal",94410,"Particle Board",2021,46457480
9,"Wood Products",944,"Wood, wood articles, & charcoal",94411,"Wood Fiberboard",2021,15050741
9,"Wood Products",944,"Wood, wood articles, & charcoal",94412,"Plywood",2021,31110070
9,"Wood Products",944,"Wood, wood articles, & charcoal",94413,"Densified Wood",2021,4970370
9,"Wood Products",944,"Wood, wood articles, & charcoal",94414,"Wood Frames",2021,7203181
9,"Wood Products",944,"Wood, wood articles, & charcoal",94415,"Wood Crates",2021,66166775
9,"Wood Products",944,"Wood, wood articles, & charcoal",94416,"Wood Barrels",2021,1205910
9,"Wood Products",944,"Wood, wood articles, & charcoal",94417,"Wooden Tool Handles",2021,1678277
9,"Wood Products",944,"Wood, wood articles, & charcoal",94418,"Wood Carpentry",2021,330503524
9,"Wood Products",944,"Wood, wood articles, & charcoal",94419,"Wood Kitchenware",2021,9508950
9,"Wood Products",944,"Wood, wood articles, & charcoal",94420,"Wood Ornaments",2021,10429300
9,"Wood Products",944,"Wood, wood articles, & charcoal",94421,"Other Wood Articles",2021,41150203
9,"Wood Products",945,"Cork & cork articles",94501,"Raw Cork",2021,85534
9,"Wood Products",945,"Cork & cork articles",94502,"Debacked Cork",2021,31425
9,"Wood Products",945,"Cork & cork articles",94503,"Natural Cork Articles",2021,297143
9,"Wood Products",945,"Cork & cork articles",94504,"Agglomerated Cork",2021,1943558
9,"Wood Products",946,"Straw & esparto manufactures",94601,"Plaiting Products",2021,989075
9,"Wood Products",946,"Straw & esparto manufactures",94602,"Basketwork",2021,6597369
10,"Paper Goods",1047,"Wood pulp & paper scrap",104701,"Mechanical Wood Pulp",2021,124350
10,"Paper Goods",1047,"Wood pulp & paper scrap",104702,"Dissolving Grades Chemical Woodpulp",2021,17426
10,"Paper Goods",1047,"Wood pulp & paper scrap",104703,"Sulfate Chemical Woodpulp",2021,1506544
10,"Paper Goods",1047,"Wood pulp & paper scrap",104704,"Sulfite Chemical Woodpulp",2021,212786
10,"Paper Goods",1047,"Wood pulp & paper scrap",104705,"Semi chemical Woodpulp",2021,75
10,"Paper Goods",1047,"Wood pulp & paper scrap",104706,"Recovered Paper Pulp",2021,8171451
10,"Paper Goods",1047,"Wood pulp & paper scrap",104707,"Recovered Paper",2021,117764551
10,"Paper Goods",1048,"Paper articles",104801,"Newsprint",2021,11536901
10,"Paper Goods",1048,"Paper articles",104802,"Uncoated Paper",2021,8399527
10,"Paper Goods",1048,"Paper articles",104803,"Tissue",2021,2522125
10,"Paper Goods",1048,"Paper articles",104804,"Kraft Paper",2021,4420098
10,"Paper Goods",1048,"Paper articles",104805,"Other Uncoated Paper",2021,35769822
10,"Paper Goods",1048,"Paper articles",104806,"Vegetable Parchment",2021,9473856
10,"Paper Goods",1048,"Paper articles",104807,"Composite Paper",2021,586098
10,"Paper Goods",1048,"Paper articles",104808,"Corrugated Paper",2021,10364037
10,"Paper Goods",1048,"Paper articles",104809,"Carbon Paper",2021,589547
10,"Paper Goods",1048,"Paper articles",104810,"Kaolin Coated Paper",2021,22153237
10,"Paper Goods",1048,"Paper articles",104811,"Cellulose Fibers Paper",2021,138644986
10,"Paper Goods",1048,"Paper articles",104812,"Paper Pulp Filter Blocks",2021,16613109
10,"Paper Goods",1048,"Paper articles",104813,"Cigarette Paper",2021,1492508
10,"Paper Goods",1048,"Paper articles",104814,"Wallpaper",2021,600806
10,"Paper Goods",1048,"Paper articles",104816,"Other Carbon Paper",2021,101829
10,"Paper Goods",1048,"Paper articles",104817,"Letter Stock",2021,2073940
10,"Paper Goods",1048,"Paper articles",104818,"Toilet Paper",2021,232129955
10,"Paper Goods",1048,"Paper articles",104819,"Paper Containers",2021,338752691
10,"Paper Goods",1048,"Paper articles",104820,"Paper Notebooks",2021,11430094
10,"Paper Goods",1048,"Paper articles",104821,"Paper Labels",2021,72374983
10,"Paper Goods",1048,"Paper articles",104822,"Paper Spools",2021,476319
10,"Paper Goods",1048,"Paper articles",104823,"Shaped Paper",2021,132129350
10,"Paper Goods",1049,"Books, newspapers, & other prints",104901,"Brochures",2021,56184617
10,"Paper Goods",1049,"Books, newspapers, & other prints",104902,"Newspapers",2021,42223681
10,"Paper Goods",1049,"Books, newspapers, & other prints",104903,"Children's Picture Books",2021,2061931
10,"Paper Goods",1049,"Books, newspapers, & other prints",104904,"Sheet Music",2021,208000
10,"Paper Goods",1049,"Books, newspapers, & other prints",104905,"Maps",2021,297415
10,"Paper Goods",1049,"Books, newspapers, & other prints",104906,"Architectural Plans",2021,527770
10,"Paper Goods",1049,"Books, newspapers, & other prints",104907,"Documents of title (bonds etc) and unused stamps",2021,1577581
10,"Paper Goods",1049,"Books, newspapers, & other prints",104908,"Decals",2021,1776216
10,"Paper Goods",1049,"Books, newspapers, & other prints",104909,"Postcards",2021,1044533
10,"Paper Goods",1049,"Books, newspapers, & other prints",104910,"Calendars",2021,1180591
10,"Paper Goods",1049,"Books, newspapers, & other prints",104911,"Other Printed Material",2021,75339336
11,"Textiles",1150,"Silk",115001,"Silk-worm Cocoons",2021,567.0000000000001
11,"Textiles",1150,"Silk",115002,"Raw Silk",2021,11104
11,"Textiles",1150,"Silk",115003,"Silk Waste",2021,2432
11,"Textiles",1150,"Silk",115004,"Non-Retail Silk Yarn",2021,45918
11,"Textiles",1150,"Silk",115005,"Silk Waste Yarn",2021,229581
11,"Textiles",1150,"Silk",115006,"Retail Silk Yarn",2021,185079
11,"Textiles",1150,"Silk",115007,"Silk Fabrics",2021,258698
11,"Textiles",1151,"Wool & animal hair",115101,"Wool",2021,44899
11,"Textiles",1151,"Wool & animal hair",115102,"Animal Hair",2021,59480
11,"Textiles",1151,"Wool & animal hair",115103,"Wool or Animal Hair Waste",2021,11706
11,"Textiles",1151,"Wool & animal hair",115104,"Garnetted Wool or Animal Hair",2021,151
11,"Textiles",1151,"Wool & animal hair",115105,"Prepared Wool or Animal Hair",2021,332796
11,"Textiles",1151,"Wool & animal hair",115106,"Non-Retail Carded Wool Yarn",2021,19512871
11,"Textiles",1151,"Wool & animal hair",115107,"Non-Retail Combed Wool Yarn",2021,1045855
11,"Textiles",1151,"Wool & animal hair",115108,"Non-Retail Animal Hair Yarn",2021,33622
11,"Textiles",1151,"Wool & animal hair",115109,"Retail Wool or Animal Hair Yarn",2021,6907594
11,"Textiles",1151,"Wool & animal hair",115110,"Horsehair Yarn",2021,10979
11,"Textiles",1151,"Wool & animal hair",115111,"Carded Wool or Animal Hair Fabric",2021,21176713
11,"Textiles",1151,"Wool & animal hair",115112,"Combed Wool or Animal Hair Fabric",2021,30667046
11,"Textiles",1151,"Wool & animal hair",115113,"Horsehair Fabric",2021,48218
11,"Textiles",1152,"Cotton",115201,"Raw Cotton",2021,54831
11,"Textiles",1152,"Cotton",115202,"Cotton Waste",2021,311603
11,"Textiles",1152,"Cotton",115203,"Prepared Cotton",2021,78261
11,"Textiles",1152,"Cotton",115204,"Cotton Sewing Thread",2021,335341
11,"Textiles",1152,"Cotton",115205,"Non-Retail Pure Cotton Yarn",2021,1455845
11,"Textiles",1152,"Cotton",115206,"Non-Retail Mixed Cotton Yarn",2021,71973
11,"Textiles",1152,"Cotton",115207,"Retail Cotton Yarn",2021,11736682
11,"Textiles",1152,"Cotton",115208,"Light Pure Woven Cotton",2021,5147235
11,"Textiles",1152,"Cotton",115209,"Heavy Pure Woven Cotton",2021,3167733
11,"Textiles",1152,"Cotton",115210,"Light Mixed Woven Cotton",2021,899116
11,"Textiles",1152,"Cotton",115211,"Heavy Mixed Woven Cotton",2021,2365849
11,"Textiles",1152,"Cotton",115212,"Other Cotton Fabrics",2021,1328221
11,"Textiles",1153,"Vegetable textile fibers, paper yarn & fabrics",115301,"Flax Fibers",2021,1158078
11,"Textiles",1153,"Vegetable textile fibers, paper yarn & fabrics",115302,"Hemp Fibers",2021,50043
11,"Textiles",1153,"Vegetable textile fibers, paper yarn & fabrics",115303,"Jute and Other Textile Fibers",2021,192825
11,"Textiles",1153,"Vegetable textile fibers, paper yarn & fabrics",115305,"Coconut and Other Vegetable Fibers",2021,1317739
11,"Textiles",1153,"Vegetable textile fibers, paper yarn & fabrics",115306,"Flax Yarn",2021,53821
11,"Textiles",1153,"Vegetable textile fibers, paper yarn & fabrics",115307,"Jute Yarn",2021,55759
11,"Textiles",1153,"Vegetable textile fibers, paper yarn & fabrics",115308,"Other Vegetable Fibers Yarn",2021,1264078
11,"Textiles",1153,"Vegetable textile fibers, paper yarn & fabrics",115309,"Flax Woven Fabric",2021,2492264
11,"Textiles",1153,"Vegetable textile fibers, paper yarn & fabrics",115310,"Jute Woven Fabric",2021,64832
11,"Textiles",1153,"Vegetable textile fibers, paper yarn & fabrics",115311,"Other Vegetable Fibers Fabric",2021,84003
11,"Textiles",1154,"Man-made filaments",115401,"Artificial Filament Sewing Thread",2021,1542274
11,"Textiles",1154,"Man-made filaments",115402,"Non-Retail Synthetic Filament Yarn",2021,33753200
11,"Textiles",1154,"Man-made filaments",115403,"Non-Retail Artificial Filament Yarn",2021,83015
11,"Textiles",1154,"Man-made filaments",115404,"Synthetic Monofilament",2021,7771311
11,"Textiles",1154,"Man-made filaments",115405,"Artificial Monofilament",2021,3333
11,"Textiles",1154,"Man-made filaments",115406,"Retail Artificial Filament Yarn",2021,147728
11,"Textiles",1154,"Man-made filaments",115407,"Synthetic Filament Yarn Woven Fabric",2021,28852697
11,"Textiles",1154,"Man-made filaments",115408,"Artificial Filament Yarn Woven Fabric",2021,1944782
11,"Textiles",1155,"Man-made staple fibres",115501,"Synthetic Filament Tow",2021,6759184.000000001
11,"Textiles",1155,"Man-made staple fibres",115502,"Artificial Filament Tow",2021,2743.0000000000005
11,"Textiles",1155,"Man-made staple fibres",115503,"Unprocessed Synthetic Staple Fibers",2021,180193721
11,"Textiles",1155,"Man-made staple fibres",115504,"Unprocessed Artificial Staple Fibers",2021,858208
11,"Textiles",1155,"Man-made staple fibres",115505,"Artificial Fibers Waste",2021,376529
11,"Textiles",1155,"Man-made staple fibres",115506,"Processed Synthetic Staple Fibers",2021,100557
11,"Textiles",1155,"Man-made staple fibres",115507,"Processed Artificial Staple Fibers",2021,19088
11,"Textiles",1155,"Man-made staple fibres",115508,"Non-Retail Artificial Staple Fibers Sewing Thread",2021,416081
11,"Textiles",1155,"Man-made staple fibres",115509,"Non-Retail Synthetic Staple Fibers Yarn",2021,4505421
11,"Textiles",1155,"Man-made staple fibres",115510,"Non-Retail Artificial Staple Fibers Yarn",2021,143444
11,"Textiles",1155,"Man-made staple fibres",115511,"Retail Artificial Staple Fibers Yarn",2021,1582485
11,"Textiles",1155,"Man-made staple fibres",115512,"Synthetic Fabrics",2021,6106015
11,"Textiles",1155,"Man-made staple fibres",115513,"Light Synthetic Cotton Fabrics",2021,1051649
11,"Textiles",1155,"Man-made staple fibres",115514,"Heavy Synthetic Cotton Fabrics",2021,5299608
11,"Textiles",1155,"Man-made staple fibres",115515,"Other Synthetic Fabrics",2021,3872919
11,"Textiles",1155,"Man-made staple fibres",115516,"Woven Fabric of Synthetic Staple Fibers",2021,2534244
11,"Textiles",1156,"Wadding, felt, nonwovens, twin, ropes, & articles thereof",115601,"Wadding",2021,5196850
11,"Textiles",1156,"Wadding, felt, nonwovens, twin, ropes, & articles thereof",115602,"Felt",2021,33027898
11,"Textiles",1156,"Wadding, felt, nonwovens, twin, ropes, & articles thereof",115603,"Non-woven Textiles",2021,188463178
11,"Textiles",1156,"Wadding, felt, nonwovens, twin, ropes, & articles thereof",115604,"Rubber Textiles",2021,648806
11,"Textiles",1156,"Wadding, felt, nonwovens, twin, ropes, & articles thereof",115605,"Metallic Yarn",2021,91862
11,"Textiles",1156,"Wadding, felt, nonwovens, twin, ropes, & articles thereof",115606,"Gimp Yarn",2021,88918
11,"Textiles",1156,"Wadding, felt, nonwovens, twin, ropes, & articles thereof",115607,"Twine and Rope",2021,14303300
11,"Textiles",1156,"Wadding, felt, nonwovens, twin, ropes, & articles thereof",115608,"Twine, cordage or rope; knotted netting, made up fishing nets and other made up nets, of textile materials",2021,16517752
11,"Textiles",1156,"Wadding, felt, nonwovens, twin, ropes, & articles thereof",115609,"Other Articles of Twine and Rope",2021,4694632
11,"Textiles",1157,"Carpets & textile floor covers",115701,"Knotted Carpets",2021,5768924
11,"Textiles",1157,"Carpets & textile floor covers",115702,"Hand-Woven Rugs",2021,37360875
11,"Textiles",1157,"Carpets & textile floor covers",115703,"Tufted Carpets",2021,123971777
11,"Textiles",1157,"Carpets & textile floor covers",115704,"Felt Carpets",2021,998151
11,"Textiles",1157,"Carpets & textile floor covers",115705,"Other Carpets",2021,7871429
11,"Textiles",1158,"Special woven fabrics and tapestries",115801,"Woven Fabrics",2021,6428516
11,"Textiles",1158,"Special woven fabrics and tapestries",115802,"Terry Fabric",2021,73667
11,"Textiles",1158,"Special woven fabrics and tapestries",115803,"Gauze",2021,98380
11,"Textiles",1158,"Special woven fabrics and tapestries",115804,"Tulles and Net Fabric",2021,509848
11,"Textiles",1158,"Special woven fabrics and tapestries",115805,"Hand-Woven Tapestries",2021,69248
11,"Textiles",1158,"Special woven fabrics and tapestries",115806,"Narrow Woven Fabric",2021,7940409
11,"Textiles",1158,"Special woven fabrics and tapestries",115807,"Labels",2021,5275704
11,"Textiles",1158,"Special woven fabrics and tapestries",115808,"Ornamental Trimmings",2021,1605391
11,"Textiles",1158,"Special woven fabrics and tapestries",115809,"Metallic Fabric",2021,111041
11,"Textiles",1158,"Special woven fabrics and tapestries",115810,"Embroidery",2021,492028
11,"Textiles",1158,"Special woven fabrics and tapestries",115811,"Quilted Textiles",2021,1159509
11,"Textiles",1159,"Coated, covered, & laminated fabrics for industrial use",115901,"Gum Coated Textile Fabric",2021,1648715
11,"Textiles",1159,"Coated, covered, & laminated fabrics for industrial use",115902,"Polyamide Fabric",2021,504171
11,"Textiles",1159,"Coated, covered, & laminated fabrics for industrial use",115903,"Plastic Coated Textile Fabric",2021,14976934
11,"Textiles",1159,"Coated, covered, & laminated fabrics for industrial use",115904,"Linoleum",2021,877827
11,"Textiles",1159,"Coated, covered, & laminated fabrics for industrial use",115905,"Textile Wall Coverings",2021,1983760
11,"Textiles",1159,"Coated, covered, & laminated fabrics for industrial use",115906,"Rubber Textile Fabric",2021,3813137
11,"Textiles",1159,"Coated, covered, & laminated fabrics for industrial use",115907,"Coated Textile Fabric",2021,1079924
11,"Textiles",1159,"Coated, covered, & laminated fabrics for industrial use",115908,"Textile Wicks",2021,1506317
11,"Textiles",1159,"Coated, covered, & laminated fabrics for industrial use",115909,"Hose Piping Textiles",2021,2523982
11,"Textiles",1159,"Coated, covered, & laminated fabrics for industrial use",115910,"Conveyor Belt Textiles",2021,9862391
11,"Textiles",1159,"Coated, covered, & laminated fabrics for industrial use",115911,"Textiles for technical uses",2021,26705387
11,"Textiles",1160,"Knitted fabrics",116001,"Pile Fabric",2021,4489396
11,"Textiles",1160,"Knitted fabrics",116002,"Light Rubberized Knitted Fabric",2021,60145860
11,"Textiles",1161,"Knitted clothing accesories",116101,"Knit Men's Coats",2021,11075353
11,"Textiles",1161,"Knitted clothing accesories",116102,"Knit Women's Coats",2021,25184752
11,"Textiles",1161,"Knitted clothing accesories",116103,"Knit Men's Suits",2021,53111538
11,"Textiles",1161,"Knitted clothing accesories",116104,"Knit Women's Suits",2021,155676347
11,"Textiles",1161,"Knitted clothing accesories",116105,"Knit Men's Shirts",2021,29517923
11,"Textiles",1161,"Knitted clothing accesories",116106,"Knit Women's Shirts",2021,21382719
11,"Textiles",1161,"Knitted clothing accesories",116107,"Knit Men's Undergarments",2021,48137619
11,"Textiles",1161,"Knitted clothing accesories",116108,"Knit Women's Undergarments",2021,26276296
11,"Textiles",1161,"Knitted clothing accesories",116109,"Knit T-shirts",2021,232135951
11,"Textiles",1161,"Knitted clothing accesories",116110,"Knit Sweaters",2021,380253832
11,"Textiles",1161,"Knitted clothing accesories",116111,"Knit Babies' Garments",2021,32696494
11,"Textiles",1161,"Knitted clothing accesories",116112,"Knit Active Wear",2021,11178066
11,"Textiles",1161,"Knitted clothing accesories",116113,"Garments of Impregnated Fabric",2021,23930330
11,"Textiles",1161,"Knitted clothing accesories",116114,"Other Knit Garments",2021,71994732
11,"Textiles",1161,"Knitted clothing accesories",116115,"Knit Socks and Hosiery",2021,40752523
11,"Textiles",1161,"Knitted clothing accesories",116116,"Knit Gloves",2021,15573602
11,"Textiles",1161,"Knitted clothing accesories",116117,"Other Knit Clothing Accessories",2021,11233919
11,"Textiles",1162,"Non-knitted clothing accesories",116201,"Non-Knit Men's Coats",2021,96167414
11,"Textiles",1162,"Non-knitted clothing accesories",116202,"Non-Knit Women's Coats",2021,149429744
11,"Textiles",1162,"Non-knitted clothing accesories",116203,"Non-Knit Men's Suits",2021,324473046
11,"Textiles",1162,"Non-knitted clothing accesories",116204,"Non-Knit Women's Suits",2021,375647779
11,"Textiles",1162,"Non-knitted clothing accesories",116205,"Non-Knit Men's Shirts",2021,57551228
11,"Textiles",1162,"Non-knitted clothing accesories",116206,"Non-Knit Women's Shirts",2021,106483975
11,"Textiles",1162,"Non-knitted clothing accesories",116207,"Non-Knit Men's Undergarments",2021,3818249
11,"Textiles",1162,"Non-knitted clothing accesories",116208,"Non-Knit Women's Undergarments",2021,5458786
11,"Textiles",1162,"Non-knitted clothing accesories",116209,"Non-Knit Babies' Garments",2021,6329651
11,"Textiles",1162,"Non-knitted clothing accesories",116210,"Felt or Coated Fabric Garments",2021,69433863
11,"Textiles",1162,"Non-knitted clothing accesories",116211,"Non-Knit Active Wear",2021,59154494
11,"Textiles",1162,"Non-knitted clothing accesories",116212,"Other Women's Undergarments",2021,11050427
11,"Textiles",1162,"Non-knitted clothing accesories",116213,"Handkerchiefs",2021,242896
11,"Textiles",1162,"Non-knitted clothing accesories",116214,"Scarves",2021,7615088
11,"Textiles",1162,"Non-knitted clothing accesories",116215,"Neck Ties",2021,810085
11,"Textiles",1162,"Non-knitted clothing accesories",116216,"Non-Knit Gloves",2021,3263108
11,"Textiles",1162,"Non-knitted clothing accesories",116217,"Other Non-Knit Clothing Accessories",2021,9112948
11,"Textiles",1163,"Used clothes & textile articles",116301,"Blankets",2021,8344503
11,"Textiles",1163,"Used clothes & textile articles",116302,"House Linens",2021,59191488
11,"Textiles",1163,"Used clothes & textile articles",116303,"Window Dressings",2021,50616149
11,"Textiles",1163,"Used clothes & textile articles",116304,"Bedspreads",2021,23290347
11,"Textiles",1163,"Used clothes & textile articles",116305,"Packing Bags",2021,7110693
11,"Textiles",1163,"Used clothes & textile articles",116306,"Awnings, Tents, and Sails",2021,66435196
11,"Textiles",1163,"Used clothes & textile articles",116307,"Other Cloth Articles",2021,77780330
11,"Textiles",1163,"Used clothes & textile articles",116308,"Packaged Sewing Sets",2021,1515005
11,"Textiles",1163,"Used clothes & textile articles",116309,"Used Clothing",2021,10887309
11,"Textiles",1163,"Used clothes & textile articles",116310,"Textile Scraps",2021,1467374
12,"Footwear and Headwear",1264,"Footwear",126401,"Waterproof Footwear",2021,8927131
12,"Footwear and Headwear",1264,"Footwear",126402,"Rubber Footwear",2021,35063039
12,"Footwear and Headwear",1264,"Footwear",126403,"Leather Footwear",2021,244641869
12,"Footwear and Headwear",1264,"Footwear",126404,"Textile Footwear",2021,118583005
12,"Footwear and Headwear",1264,"Footwear",126405,"Other Footwear",2021,7040758
12,"Footwear and Headwear",1264,"Footwear",126406,"Footwear Parts",2021,6342719
12,"Footwear and Headwear",1265,"Headgear",126501,"Hat Forms",2021,83004
12,"Footwear and Headwear",1265,"Headgear",126502,"Hat Shapes",2021,10490
12,"Footwear and Headwear",1265,"Headgear",126504,"Hats",2021,1600639
12,"Footwear and Headwear",1265,"Headgear",126505,"Knitted Hats",2021,22335362
12,"Footwear and Headwear",1265,"Headgear",126506,"Other Headwear",2021,5316719
12,"Footwear and Headwear",1265,"Headgear",126507,"Headbands and Linings",2021,155312
12,"Footwear and Headwear",1266,"Umbrellas, walking sticks, & whips",126601,"Umbrellas",2021,3095956
12,"Footwear and Headwear",1266,"Umbrellas, walking sticks, & whips",126602,"Walking Sticks",2021,163022
12,"Footwear and Headwear",1266,"Umbrellas, walking sticks, & whips",126603,"Umbrella and Walking Stick Accessories",2021,1812793
12,"Footwear and Headwear",1267,"Feather articles, feathers, artificial flowers, & articles of human hair",126701,"Bird Skins and Feathers",2021,115946
12,"Footwear and Headwear",1267,"Feather articles, feathers, artificial flowers, & articles of human hair",126702,"Artificial Vegetation",2021,3506404
12,"Footwear and Headwear",1267,"Feather articles, feathers, artificial flowers, & articles of human hair",126703,"Processed Hair",2021,19039
12,"Footwear and Headwear",1267,"Feather articles, feathers, artificial flowers, & articles of human hair",126704,"Fake Hair",2021,979710
13,"Stone And Glass",1368,"Stone, plaster, cement, asbestos, mica.",136801,"Curbstones",2021,3295116
13,"Stone And Glass",1368,"Stone, plaster, cement, asbestos, mica.",136802,"Building Stone",2021,5269622
13,"Stone And Glass",1368,"Stone, plaster, cement, asbestos, mica.",136803,"Worked Slate",2021,373187
13,"Stone And Glass",1368,"Stone, plaster, cement, asbestos, mica.",136804,"Milling Stones",2021,8441214
13,"Stone And Glass",1368,"Stone, plaster, cement, asbestos, mica.",136805,"Abrasive Powder",2021,20831596
13,"Stone And Glass",1368,"Stone, plaster, cement, asbestos, mica.",136806,"Rock Wool",2021,134700483
13,"Stone And Glass",1368,"Stone, plaster, cement, asbestos, mica.",136807,"Asphalt",2021,3528581
13,"Stone And Glass",1368,"Stone, plaster, cement, asbestos, mica.",136808,"Vegetable Fiber",2021,16331790
13,"Stone And Glass",1368,"Stone, plaster, cement, asbestos, mica.",136809,"Plaster Articles",2021,36300530
13,"Stone And Glass",1368,"Stone, plaster, cement, asbestos, mica.",136810,"Cement Articles",2021,72457004
13,"Stone And Glass",1368,"Stone, plaster, cement, asbestos, mica.",136811,"Asbestos Cement Articles",2021,11353434
13,"Stone And Glass",1368,"Stone, plaster, cement, asbestos, mica.",136812,"Asbestos Fibres",2021,751045
13,"Stone And Glass",1368,"Stone, plaster, cement, asbestos, mica.",136813,"Friction Material",2021,16481706
13,"Stone And Glass",1368,"Stone, plaster, cement, asbestos, mica.",136814,"Processed Mica",2021,55377
13,"Stone And Glass",1368,"Stone, plaster, cement, asbestos, mica.",136815,"Other Stone Articles",2021,85383338
13,"Stone And Glass",1369,"Ceramic products",136901,"Bricks",2021,8878652
13,"Stone And Glass",1369,"Ceramic products",136902,"Refractory Bricks",2021,6677581
13,"Stone And Glass",1369,"Ceramic products",136903,"Refractory Ceramics",2021,2128684
13,"Stone And Glass",1369,"Ceramic products",136904,"Ceramic Bricks",2021,65771076
13,"Stone And Glass",1369,"Ceramic products",136905,"Roofing Tiles",2021,4148296
13,"Stone And Glass",1369,"Ceramic products",136906,"Ceramic Pipes",2021,4178122.0000000005
13,"Stone And Glass",1369,"Ceramic products",136907,"Unglazed Ceramics",2021,4065753
13,"Stone And Glass",1369,"Ceramic products",136909,"Laboratory Ceramic Ware",2021,8068945
13,"Stone And Glass",1369,"Ceramic products",136910,"Bathroom Ceramics",2021,16767043
13,"Stone And Glass",1369,"Ceramic products",136911,"Porcelain Tableware",2021,54195434.00000001
13,"Stone And Glass",1369,"Ceramic products",136912,"Ceramic Tableware",2021,27231642
13,"Stone And Glass",1369,"Ceramic products",136913,"Ornamental Ceramics",2021,17229414
13,"Stone And Glass",1369,"Ceramic products",136914,"Other Ceramic Articles",2021,9919466
13,"Stone And Glass",1370,"Glass & glassware",137001,"Glass Scraps",2021,2549067
13,"Stone And Glass",1370,"Glass & glassware",137002,"Glass Balls",2021,1115338
13,"Stone And Glass",1370,"Glass & glassware",137003,"Cast or Rolled Glass",2021,337899
13,"Stone And Glass",1370,"Glass & glassware",137004,"Blown Glass",2021,274355
13,"Stone And Glass",1370,"Glass & glassware",137005,"Float Glass",2021,5753781
13,"Stone And Glass",1370,"Glass & glassware",137006,"Glass with Edge Workings",2021,1570720
13,"Stone And Glass",1370,"Glass & glassware",137007,"Safety Glass",2021,44069319
13,"Stone And Glass",1370,"Glass & glassware",137008,"Insulating Glass",2021,18033121
13,"Stone And Glass",1370,"Glass & glassware",137009,"Glass Mirrors",2021,14133157
13,"Stone And Glass",1370,"Glass & glassware",137010,"Glass Bottles",2021,49649856
13,"Stone And Glass",1370,"Glass & glassware",137011,"Glass Bulbs",2021,777404
13,"Stone And Glass",1370,"Glass & glassware",137013,"Interior Decorative Glassware",2021,31643487
13,"Stone And Glass",1370,"Glass & glassware",137014,"Signaling Glassware",2021,110432
13,"Stone And Glass",1370,"Glass & glassware",137015,"Eyewear and Clock Glass",2021,417280.00000000006
13,"Stone And Glass",1370,"Glass & glassware",137016,"Glass Bricks",2021,549130
13,"Stone And Glass",1370,"Glass & glassware",137017,"Laboratory Glassware",2021,13270494
13,"Stone And Glass",1370,"Glass & glassware",137018,"Glass Beads",2021,5936102
13,"Stone And Glass",1370,"Glass & glassware",137019,"Glass Fibers",2021,98944935
13,"Stone And Glass",1370,"Glass & glassware",137020,"Other Glass Articles",2021,6733094
14,"Precious Metals",1471,"Precious stones, metals, & pearls",147101,"Pearls",2021,206494
14,"Precious Metals",1471,"Precious stones, metals, & pearls",147102,"Diamonds",2021,5080099
14,"Precious Metals",1471,"Precious stones, metals, & pearls",147103,"Precious Stones",2021,1957179
14,"Precious Metals",1471,"Precious stones, metals, & pearls",147104,"Synthetic Reconstructed Jewellery Stones",2021,486679
14,"Precious Metals",1471,"Precious stones, metals, & pearls",147105,"Precious Stone Dust",2021,79678
14,"Precious Metals",1471,"Precious stones, metals, & pearls",147106,"Silver",2021,4995864
14,"Precious Metals",1471,"Precious stones, metals, & pearls",147107,"Silver Clad Metals",2021,7819
14,"Precious Metals",1471,"Precious stones, metals, & pearls",147108,"Gold",2021,22866517
14,"Precious Metals",1471,"Precious stones, metals, & pearls",147109,"Gold Clad Metals",2021,221740
14,"Precious Metals",1471,"Precious stones, metals, & pearls",147110,"Platinum",2021,1314394
14,"Precious Metals",1471,"Precious stones, metals, & pearls",147111,"Platinum Clad Metals",2021,48150
14,"Precious Metals",1471,"Precious stones, metals, & pearls",147112,"Precious Metal Scraps",2021,33713553
14,"Precious Metals",1471,"Precious stones, metals, & pearls",147113,"Jewellery",2021,108836946
14,"Precious Metals",1471,"Precious stones, metals, & pearls",147114,"Metal-Clad Products",2021,4691229
14,"Precious Metals",1471,"Precious stones, metals, & pearls",147115,"Other Precious Metal Products",2021,22354577
14,"Precious Metals",1471,"Precious stones, metals, & pearls",147116,"Pearl Products",2021,1975075
14,"Precious Metals",1471,"Precious stones, metals, & pearls",147117,"Imitation Jewellery",2021,13753977
14,"Precious Metals",1471,"Precious stones, metals, & pearls",147118,"Coin",2021,134120
15,"Metals",1572,"Iron & steel",157201,"Pig Iron",2021,967317
15,"Metals",1572,"Iron & steel",157202,"Ferroalloys",2021,14323412
15,"Metals",1572,"Iron & steel",157203,"Iron Reductions",2021,731424
15,"Metals",1572,"Iron & steel",157204,"Scrap Iron",2021,741154218
15,"Metals",1572,"Iron & steel",157205,"Iron Powder",2021,1940752
15,"Metals",1572,"Iron & steel",157206,"Iron Ingots",2021,3673863
15,"Metals",1572,"Iron & steel",157207,"Semi-Finished Iron",2021,24957433
15,"Metals",1572,"Iron & steel",157208,"Hot-Rolled Iron",2021,468708553
15,"Metals",1572,"Iron & steel",157209,"Cold-Rolled Iron",2021,14040877
15,"Metals",1572,"Iron & steel",157210,"Coated Flat-Rolled Iron",2021,31377427
15,"Metals",1572,"Iron & steel",157211,"Large Flat-Rolled Iron",2021,6575203
15,"Metals",1572,"Iron & steel",157212,"Large Coated Flat-Rolled Iron",2021,29863523
15,"Metals",1572,"Iron & steel",157213,"Hot-Rolled Iron Bars",2021,2726913
15,"Metals",1572,"Iron & steel",157214,"Raw Iron Bars",2021,74548310
15,"Metals",1572,"Iron & steel",157215,"Other Iron Bars",2021,22364868
15,"Metals",1572,"Iron & steel",157216,"Iron Blocks",2021,51015110
15,"Metals",1572,"Iron & steel",157217,"Iron Wire",2021,5837610
15,"Metals",1572,"Iron & steel",157218,"Stainless Steel Ingots",2021,6190185
15,"Metals",1572,"Iron & steel",157219,"Large Flat-Rolled Stainless Steel",2021,80619175
15,"Metals",1572,"Iron & steel",157220,"Flat-Rolled Stainless Steel",2021,14080768
15,"Metals",1572,"Iron & steel",157221,"Hot-Rolled Stainless Steel Bars",2021,4154419
15,"Metals",1572,"Iron & steel",157222,"Other Stainless Steel Bars",2021,43624670
15,"Metals",1572,"Iron & steel",157223,"Stainless Steel Wire",2021,3607737
15,"Metals",1572,"Iron & steel",157224,"Steel Ingots",2021,1752716
15,"Metals",1572,"Iron & steel",157225,"Flat Flat-Rolled Steel",2021,27858271
15,"Metals",1572,"Iron & steel",157226,"Flat-Rolled Iron",2021,3368473
15,"Metals",1572,"Iron & steel",157227,"Steel Bars",2021,10674
15,"Metals",1572,"Iron & steel",157228,"Other Steel Bars",2021,14939213
15,"Metals",1572,"Iron & steel",157229,"Steel Wire",2021,788708
15,"Metals",1573,"Iron/Steel Articles",157301,"Iron Sheet Piling",2021,10044590
15,"Metals",1573,"Iron/Steel Articles",157302,"Iron Railway Products",2021,1977088
15,"Metals",1573,"Iron/Steel Articles",157303,"Cast Iron Pipes",2021,1415607
15,"Metals",1573,"Iron/Steel Articles",157304,"Iron Pipes",2021,41951549
15,"Metals",1573,"Iron/Steel Articles",157305,"Other Large Iron Pipes",2021,3541722
15,"Metals",1573,"Iron/Steel Articles",157306,"Other Small Iron Pipes",2021,109413673
15,"Metals",1573,"Iron/Steel Articles",157307,"Iron Pipe Fittings",2021,172053367
15,"Metals",1573,"Iron/Steel Articles",157308,"Iron Structures",2021,845385196
15,"Metals",1573,"Iron/Steel Articles",157309,"Large Iron Containers",2021,25722550
15,"Metals",1573,"Iron/Steel Articles",157310,"Small Iron Containers",2021,75311860
15,"Metals",1573,"Iron/Steel Articles",157311,"Iron Gas Containers",2021,11593756
15,"Metals",1573,"Iron/Steel Articles",157312,"Stranded Iron Wire",2021,30145346
15,"Metals",1573,"Iron/Steel Articles",157313,"Barbed Wire",2021,895595
15,"Metals",1573,"Iron/Steel Articles",157314,"Iron Cloth",2021,12883169
15,"Metals",1573,"Iron/Steel Articles",157315,"Iron Chains",2021,15085239
15,"Metals",1573,"Iron/Steel Articles",157316,"Iron Anchors",2021,493707
15,"Metals",1573,"Iron/Steel Articles",157317,"Iron Nails",2021,52497709
15,"Metals",1573,"Iron/Steel Articles",157318,"Iron Fasteners",2021,240118675
15,"Metals",1573,"Iron/Steel Articles",157319,"Iron Sewing Needles",2021,1348607
15,"Metals",1573,"Iron/Steel Articles",157320,"Iron Springs",2021,32675689
15,"Metals",1573,"Iron/Steel Articles",157321,"Iron Stovetops",2021,130927185
15,"Metals",1573,"Iron/Steel Articles",157322,"Iron Radiators",2021,8758179
15,"Metals",1573,"Iron/Steel Articles",157323,"Iron Housewares",2021,42046574
15,"Metals",1573,"Iron/Steel Articles",157324,"Iron Toiletry",2021,41796231
15,"Metals",1573,"Iron/Steel Articles",157325,"Other Cast Iron Products",2021,60776593
15,"Metals",1573,"Iron/Steel Articles",157326,"Other Iron Products",2021,506694015
15,"Metals",1574,"Copper articles",157401,"Precipitated Copper",2021,307521
15,"Metals",1574,"Copper articles",157402,"Raw Copper",2021,107495
15,"Metals",1574,"Copper articles",157403,"Refined Copper",2021,9582636
15,"Metals",1574,"Copper articles",157404,"Scrap Copper",2021,252905755
15,"Metals",1574,"Copper articles",157405,"Copper Alloys",2021,270339
15,"Metals",1574,"Copper articles",157406,"Copper Powder",2021,203774
15,"Metals",1574,"Copper articles",157407,"Copper Bars",2021,23368702
15,"Metals",1574,"Copper articles",157408,"Copper Wire",2021,6055627
15,"Metals",1574,"Copper articles",157409,"Copper Plating",2021,18708230
15,"Metals",1574,"Copper articles",157410,"Copper Foil",2021,1046415.0000000001
15,"Metals",1574,"Copper articles",157411,"Copper Pipes",2021,5649144
15,"Metals",1574,"Copper articles",157412,"Copper Pipe Fittings",2021,15199858
15,"Metals",1574,"Copper articles",157413,"Stranded Copper Wire",2021,1703842
15,"Metals",1574,"Copper articles",157415,"Copper Fasteners",2021,8128407
15,"Metals",1574,"Copper articles",157418,"Copper Housewares",2021,4538884
15,"Metals",1574,"Copper articles",157419,"Other Copper Products",2021,24811685
15,"Metals",1575,"Nickel articles",157501,"Nickel Mattes",2021,329083
15,"Metals",1575,"Nickel articles",157502,"Raw Nickel",2021,392893
15,"Metals",1575,"Nickel articles",157503,"Scrap Nickel",2021,908956
15,"Metals",1575,"Nickel articles",157504,"Nickel Powder",2021,6350776
15,"Metals",1575,"Nickel articles",157505,"Nickel Bars",2021,969744
15,"Metals",1575,"Nickel articles",157506,"Nickel Sheets",2021,308159
15,"Metals",1575,"Nickel articles",157507,"Nickel Pipes",2021,376747
15,"Metals",1575,"Nickel articles",157508,"Other Nickel Products",2021,833044
15,"Metals",1576,"Aluminum articles",157601,"Raw Aluminium",2021,5345509
15,"Metals",1576,"Aluminum articles",157602,"Scrap Aluminium",2021,233715255
15,"Metals",1576,"Aluminum articles",157603,"Aluminium Powder",2021,24956
15,"Metals",1576,"Aluminum articles",157604,"Aluminium Bars",2021,167362635
15,"Metals",1576,"Aluminum articles",157605,"Aluminium Wire",2021,4144854
15,"Metals",1576,"Aluminum articles",157606,"Aluminium Plating",2021,122555826
15,"Metals",1576,"Aluminum articles",157607,"Aluminium Foil",2021,50634284
15,"Metals",1576,"Aluminum articles",157608,"Aluminium Pipes",2021,87666699
15,"Metals",1576,"Aluminum articles",157609,"Aluminium Pipe Fittings",2021,2558297
15,"Metals",1576,"Aluminum articles",157610,"Aluminium Structures",2021,243060055.99999997
15,"Metals",1576,"Aluminum articles",157611,"Large Aluminium Containers",2021,1794562
15,"Metals",1576,"Aluminum articles",157612,"Aluminium Cans",2021,123794818
15,"Metals",1576,"Aluminum articles",157613,"Aluminium Gas Containers",2021,8803970
15,"Metals",1576,"Aluminum articles",157614,"Stranded Aluminium Wire",2021,210988
15,"Metals",1576,"Aluminum articles",157615,"Aluminium Housewares",2021,41260290
15,"Metals",1576,"Aluminum articles",157616,"Other Aluminium Products",2021,120908673
15,"Metals",1578,"Lead articles",157801,"Raw Lead",2021,257165
15,"Metals",1578,"Lead articles",157802,"Scrap Lead",2021,4809215
15,"Metals",1578,"Lead articles",157804,"Lead Sheets",2021,185897
15,"Metals",1578,"Lead articles",157806,"Other Lead Products",2021,400228
15,"Metals",1579,"Zinc articles",157901,"Raw Zinc",2021,1869767
15,"Metals",1579,"Zinc articles",157902,"Scrap Waste",2021,7547797
15,"Metals",1579,"Zinc articles",157903,"Zinc Powder",2021,2431539
15,"Metals",1579,"Zinc articles",157904,"Zinc Bars",2021,414136
15,"Metals",1579,"Zinc articles",157905,"Zinc Sheets",2021,1129255
15,"Metals",1579,"Zinc articles",157907,"Other Zinc Products",2021,7426410
15,"Metals",1580,"Tin articles",158001,"Raw Tin",2021,4411707
15,"Metals",1580,"Tin articles",158002,"Scrap Tin",2021,853715
15,"Metals",1580,"Tin articles",158003,"Tin Bars",2021,1184935
15,"Metals",1580,"Tin articles",158007,"Other Tin Products",2021,288176
15,"Metals",1581,"Cermet articles",158101,"Tungsten",2021,2042274
15,"Metals",1581,"Cermet articles",158102,"Molybdenum",2021,248154
15,"Metals",1581,"Cermet articles",158103,"Tantalum",2021,398501.00000000006
15,"Metals",1581,"Cermet articles",158104,"Magnesium",2021,1252379
15,"Metals",1581,"Cermet articles",158105,"Cobalt",2021,176374
15,"Metals",1581,"Cermet articles",158106,"Bismuth",2021,42222
15,"Metals",1581,"Cermet articles",158108,"Titanium",2021,3798999
15,"Metals",1581,"Cermet articles",158109,"Zirconium",2021,8108
15,"Metals",1581,"Cermet articles",158110,"Antimony",2021,126459
15,"Metals",1581,"Cermet articles",158111,"Manganese",2021,35046
15,"Metals",1581,"Cermet articles",158112,"Other Metals",2021,380029
15,"Metals",1581,"Cermet articles",158113,"Cermets",2021,1250500
15,"Metals",1582,"Tools & cutlery",158201,"Garden Tools",2021,4876614
15,"Metals",1582,"Tools & cutlery",158202,"Hand Saws",2021,21243284
15,"Metals",1582,"Tools & cutlery",158203,"Hand Tools",2021,7128400
15,"Metals",1582,"Tools & cutlery",158204,"Wrenches",2021,8933195
15,"Metals",1582,"Tools & cutlery",158205,"Other Hand Tools",2021,34350566
15,"Metals",1582,"Tools & cutlery",158206,"Tool Sets",2021,1927808
15,"Metals",1582,"Tools & cutlery",158207,"Interchangeable Tool Parts",2021,50938010
15,"Metals",1582,"Tools & cutlery",158208,"Cutting Blades",2021,17375118
15,"Metals",1582,"Tools & cutlery",158209,"Tool Plates",2021,2563144
15,"Metals",1582,"Tools & cutlery",158210,"Cooking Hand Tools",2021,3048668
15,"Metals",1582,"Tools & cutlery",158211,"Knives",2021,5361593
15,"Metals",1582,"Tools & cutlery",158212,"Razor Blades",2021,7343787
15,"Metals",1582,"Tools & cutlery",158213,"Scissors",2021,1158581
15,"Metals",1582,"Tools & cutlery",158214,"Other Cutlery",2021,2035291
15,"Metals",1582,"Tools & cutlery",158215,"Cutlery Sets",2021,6760606
15,"Metals",1583,"Miscellaneous metal products",158301,"Padlocks",2021,25988518
15,"Metals",1583,"Miscellaneous metal products",158302,"Metal Mountings",2021,167111021
15,"Metals",1583,"Miscellaneous metal products",158303,"Safes",2021,1926950
15,"Metals",1583,"Miscellaneous metal products",158304,"Filing Cabinets",2021,4748156
15,"Metals",1583,"Miscellaneous metal products",158305,"Metal Office Supplies",2021,1222300
15,"Metals",1583,"Miscellaneous metal products",158306,"Bells and Other Metal Ornaments",2021,9480291
15,"Metals",1583,"Miscellaneous metal products",158307,"Flexible Metal Tubing",2021,132946156
15,"Metals",1583,"Miscellaneous metal products",158308,"Other Metal Fasteners",2021,3646661
15,"Metals",1583,"Miscellaneous metal products",158309,"Metal Stoppers",2021,101096425
15,"Metals",1583,"Miscellaneous metal products",158310,"Metal Signs",2021,10411853
15,"Metals",1583,"Miscellaneous metal products",158311,"Coated Metal Soldering Products",2021,3140823
16,"Machines",1684,"Machinery, mechanical appliances, & parts",168401,"Nuclear Reactors",2021,1118538
16,"Machines",1684,"Machinery, mechanical appliances, & parts",168402,"Steam Boilers",2021,50724304
16,"Machines",1684,"Machinery, mechanical appliances, & parts",168403,"Central Heating Boilers",2021,35570434
16,"Machines",1684,"Machinery, mechanical appliances, & parts",168404,"Boiler Plants",2021,6009734
16,"Machines",1684,"Machinery, mechanical appliances, & parts",168405,"Water and Gas Generators",2021,15707262
16,"Machines",1684,"Machinery, mechanical appliances, & parts",168406,"Steam Turbines",2021,2525178
16,"Machines",1684,"Machinery, mechanical appliances, & parts",168407,"Spark-Ignition Engines",2021,12054669
16,"Machines",1684,"Machinery, mechanical appliances, & parts",168408,"Combustion Engines",2021,33494465
16,"Machines",1684,"Machinery, mechanical appliances, & parts",168409,"Engine Parts",2021,181838178
16,"Machines",1684,"Machinery, mechanical appliances, & parts",168410,"Hydraulic Turbines",2021,1984077
16,"Machines",1684,"Machinery, mechanical appliances, & parts",168411,"Gas Turbines",2021,45388825
16,"Machines",1684,"Machinery, mechanical appliances, & parts",168412,"Other Engines",2021,1055721938
16,"Machines",1684,"Machinery, mechanical appliances, & parts",168413,"Liquid Pumps",2021,1150645019
16,"Machines",1684,"Machinery, mechanical appliances, & parts",168414,"Air Pumps",2021,343090467
16,"Machines",1684,"Machinery, mechanical appliances, & parts",168415,"Air Conditioners",2021,163190452
16,"Machines",1684,"Machinery, mechanical appliances, & parts",168416,"Liquid Fuel Furnaces",2021,45543846
16,"Machines",1684,"Machinery, mechanical appliances, & parts",168417,"Industrial Furnaces",2021,40288616
16,"Machines",1684,"Machinery, mechanical appliances, & parts",168418,"Refrigerators",2021,526668945
16,"Machines",1684,"Machinery, mechanical appliances, & parts",168419,"Other Heating Machinery",2021,655531366
16,"Machines",1684,"Machinery, mechanical appliances, & parts",168420,"Rolling Machines",2021,3652574
16,"Machines",1684,"Machinery, mechanical appliances, & parts",168421,"Centrifuges",2021,552733110
16,"Machines",1684,"Machinery, mechanical appliances, & parts",168422,"Washing and Bottling Machines",2021,312180819
16,"Machines",1684,"Machinery, mechanical appliances, & parts",168423,"Scales",2021,95456003
16,"Machines",1684,"Machinery, mechanical appliances, & parts",168424,"Liquid Dispersing Machines",2021,273553162
16,"Machines",1684,"Machinery, mechanical appliances, & parts",168425,"Pulley Systems",2021,80929969
16,"Machines",1684,"Machinery, mechanical appliances, & parts",168426,"Cranes",2021,164725740
16,"Machines",1684,"Machinery, mechanical appliances, & parts",168427,"Fork-Lifts",2021,66690440
16,"Machines",1684,"Machinery, mechanical appliances, & parts",168428,"Lifting Machinery",2021,442211131
16,"Machines",1684,"Machinery, mechanical appliances, & parts",168429,"Large Construction Vehicles",2021,77544927
16,"Machines",1684,"Machinery, mechanical appliances, & parts",168430,"Other Construction Vehicles",2021,35447371
16,"Machines",1684,"Machinery, mechanical appliances, & parts",168431,"Excavation Machinery",2021,564424951
16,"Machines",1684,"Machinery, mechanical appliances, & parts",168432,"Soil Preparation Machinery",2021,182559934
16,"Machines",1684,"Machinery, mechanical appliances, & parts",168433,"Harvesting Machinery",2021,256912322
16,"Machines",1684,"Machinery, mechanical appliances, & parts",168434,"Dairy Machinery",2021,126627148
16,"Machines",1684,"Machinery, mechanical appliances, & parts",168435,"Fruit Pressing Machinery",2021,2393873
16,"Machines",1684,"Machinery, mechanical appliances, & parts",168436,"Other Agricultural Machinery",2021,237854119
16,"Machines",1684,"Machinery, mechanical appliances, & parts",168437,"Mill Machinery",2021,78308474
16,"Machines",1684,"Machinery, mechanical appliances, & parts",168438,"Industrial Food Preperation Machinery",2021,624966704
16,"Machines",1684,"Machinery, mechanical appliances, & parts",168439,"Papermaking Machines",2021,24253956
16,"Machines",1684,"Machinery, mechanical appliances, & parts",168440,"Book-binding Machines",2021,2659937
16,"Machines",1684,"Machinery, mechanical appliances, & parts",168441,"Other Paper Machinery",2021,97259411
16,"Machines",1684,"Machinery, mechanical appliances, & parts",168442,"Print Production Machinery",2021,33681536
16,"Machines",1684,"Machinery, mechanical appliances, & parts",168443,"Industrial Printers",2021,204410284
16,"Machines",1684,"Machinery, mechanical appliances, & parts",168444,"Artificial Textile Machinery",2021,33385
16,"Machines",1684,"Machinery, mechanical appliances, & parts",168445,"Textile Fiber Machinery",2021,16229540
16,"Machines",1684,"Machinery, mechanical appliances, & parts",168446,"Looms",2021,21353
16,"Machines",1684,"Machinery, mechanical appliances, & parts",168447,"Knitting Machines",2021,1575957
16,"Machines",1684,"Machinery, mechanical appliances, & parts",168448,"Knitting Machine Accessories",2021,5122670
16,"Machines",1684,"Machinery, mechanical appliances, & parts",168449,"Felt Machinery",2021,5251728
16,"Machines",1684,"Machinery, mechanical appliances, & parts",168450,"Household Washing Machines",2021,23094024
16,"Machines",1684,"Machinery, mechanical appliances, & parts",168451,"Textile Processing Machines",2021,84325017
16,"Machines",1684,"Machinery, mechanical appliances, & parts",168452,"Sewing Machines",2021,6399522
16,"Machines",1684,"Machinery, mechanical appliances, & parts",168453,"Leather Machinery",2021,2641092
16,"Machines",1684,"Machinery, mechanical appliances, & parts",168454,"Casting Machines",2021,1395172
16,"Machines",1684,"Machinery, mechanical appliances, & parts",168455,"Metal-Rolling Mills",2021,1853187
16,"Machines",1684,"Machinery, mechanical appliances, & parts",168456,"Non-Mechanical Removal Machinery",2021,7170255
16,"Machines",1684,"Machinery, mechanical appliances, & parts",168457,"Metalworking Transfer Machines",2021,6693955
16,"Machines",1684,"Machinery, mechanical appliances, & parts",168458,"Metal Lathes",2021,6867969
16,"Machines",1684,"Machinery, mechanical appliances, & parts",168459,"Drilling Machines",2021,7993244
16,"Machines",1684,"Machinery, mechanical appliances, & parts",168460,"Metal Finishing Machines",2021,17286962
16,"Machines",1684,"Machinery, mechanical appliances, & parts",168461,"Metalworking Machines",2021,10757043
16,"Machines",1684,"Machinery, mechanical appliances, & parts",168462,"Forging Machines",2021,17212836
16,"Machines",1684,"Machinery, mechanical appliances, & parts",168463,"Other Non-Metal Removal Machinery",2021,22077562
16,"Machines",1684,"Machinery, mechanical appliances, & parts",168464,"Stone Working Machines",2021,8026240
16,"Machines",1684,"Machinery, mechanical appliances, & parts",168465,"Woodworking machines",2021,70241486
16,"Machines",1684,"Machinery, mechanical appliances, & parts",168466,"Metalworking Machine Parts",2021,72166914
16,"Machines",1684,"Machinery, mechanical appliances, & parts",168467,"Motor-working Tools",2021,28877213
16,"Machines",1684,"Machinery, mechanical appliances, & parts",168468,"Soldering and Welding Machinery",2021,2130074
16,"Machines",1684,"Machinery, mechanical appliances, & parts",168470,"Calculators",2021,8235974.000000001
16,"Machines",1684,"Machinery, mechanical appliances, & parts",168471,"Computers",2021,760863081
16,"Machines",1684,"Machinery, mechanical appliances, & parts",168472,"Other Office Machines",2021,7525909
16,"Machines",1684,"Machinery, mechanical appliances, & parts",168473,"Office Machine Parts",2021,591389808
16,"Machines",1684,"Machinery, mechanical appliances, & parts",168474,"Stone Processing Machines",2021,191980497
16,"Machines",1684,"Machinery, mechanical appliances, & parts",168475,"Glass Working Machines",2021,2512023
16,"Machines",1684,"Machinery, mechanical appliances, & parts",168476,"Vending Machines",2021,33828651
16,"Machines",1684,"Machinery, mechanical appliances, & parts",168477,"Rubberworking Machinery",2021,138348378
16,"Machines",1684,"Machinery, mechanical appliances, & parts",168478,"Tobacco Processing Machines",2021,8865378
16,"Machines",1684,"Machinery, mechanical appliances, & parts",168479,"Machinery Having Individual Functions",2021,977878880
16,"Machines",1684,"Machinery, mechanical appliances, & parts",168480,"Metal Molds",2021,81972824
16,"Machines",1684,"Machinery, mechanical appliances, & parts",168481,"Valves",2021,1410638313
16,"Machines",1684,"Machinery, mechanical appliances, & parts",168482,"Ball Bearings",2021,41020826
16,"Machines",1684,"Machinery, mechanical appliances, & parts",168483,"Transmissions",2021,545841325
16,"Machines",1684,"Machinery, mechanical appliances, & parts",168484,"Gaskets",2021,26040307
16,"Machines",1684,"Machinery, mechanical appliances, & parts",168485,"Boat Propellers",2021,99254424
16,"Machines",1685,"Electrical machinery and electronics",168501,"Electric Motors",2021,382429731
16,"Machines",1685,"Electrical machinery and electronics",168502,"Electric Generating Sets",2021,2256776259
16,"Machines",1685,"Electrical machinery and electronics",168503,"Electric Motor Parts",2021,678107309
16,"Machines",1685,"Electrical machinery and electronics",168504,"Electrical Transformers",2021,763227803
16,"Machines",1685,"Electrical machinery and electronics",168505,"Electromagnets",2021,29788531
16,"Machines",1685,"Electrical machinery and electronics",168506,"Batteries",2021,19674108
16,"Machines",1685,"Electrical machinery and electronics",168507,"Electric Batteries",2021,86345612
16,"Machines",1685,"Electrical machinery and electronics",168508,"Vacuum Cleaners",2021,28033475
16,"Machines",1685,"Electrical machinery and electronics",168509,"Other Domestic Electric Housewares",2021,107364610
16,"Machines",1685,"Electrical machinery and electronics",168510,"Hair Trimmers",2021,5679088
16,"Machines",1685,"Electrical machinery and electronics",168511,"Electrical Ignitions",2021,85479695
16,"Machines",1685,"Electrical machinery and electronics",168512,"Electrical Lighting and Signalling Equipment",2021,23835043
16,"Machines",1685,"Electrical machinery and electronics",168513,"Portable Lighting",2021,15412051
16,"Machines",1685,"Electrical machinery and electronics",168514,"Electric Furnaces",2021,23415252
16,"Machines",1685,"Electrical machinery and electronics",168515,"Electric Soldering Equipment",2021,46775279
16,"Machines",1685,"Electrical machinery and electronics",168516,"Electric Heaters",2021,168037181
16,"Machines",1685,"Electrical machinery and electronics",168517,"Telephones",2021,105233547
16,"Machines",1685,"Electrical machinery and electronics",168518,"Microphones and Headphones",2021,602257265
16,"Machines",1685,"Electrical machinery and electronics",168519,"Sound Recording Equipment",2021,23934962
16,"Machines",1685,"Electrical machinery and electronics",168520,"Dictation Machines",2021,3507642
16,"Machines",1685,"Electrical machinery and electronics",168521,"Video Recording Equipment",2021,143565296
16,"Machines",1685,"Electrical machinery and electronics",168522,"Audio and Video Recording Accessories",2021,27328539
16,"Machines",1685,"Electrical machinery and electronics",168523,"Blank Audio Media",2021,113331702
16,"Machines",1685,"Electrical machinery and electronics",168524,"Sound Recordings",2021,5288754
16,"Machines",1685,"Electrical machinery and electronics",168525,"Broadcasting Equipment",2021,666767598
16,"Machines",1685,"Electrical machinery and electronics",168526,"Navigation Equipment",2021,255727972
16,"Machines",1685,"Electrical machinery and electronics",168527,"Radio Receivers",2021,14410108
16,"Machines",1685,"Electrical machinery and electronics",168528,"Video Displays",2021,101338668
16,"Machines",1685,"Electrical machinery and electronics",168529,"Broadcasting Accessories",2021,109564798
16,"Machines",1685,"Electrical machinery and electronics",168530,"Traffic Signals",2021,21521711
16,"Machines",1685,"Electrical machinery and electronics",168531,"Audio Alarms",2021,56597173
16,"Machines",1685,"Electrical machinery and electronics",168532,"Electrical Capacitors",2021,9832873
16,"Machines",1685,"Electrical machinery and electronics",168533,"Electrical Resistors",2021,26500200
16,"Machines",1685,"Electrical machinery and electronics",168534,"Printed Circuit Boards",2021,28968488
16,"Machines",1685,"Electrical machinery and electronics",168535,"High-voltage Protection Equipment",2021,61589159
16,"Machines",1685,"Electrical machinery and electronics",168536,"Low-voltage Protection Equipment",2021,286675407
16,"Machines",1685,"Electrical machinery and electronics",168537,"Electrical Control Boards",2021,342238094
16,"Machines",1685,"Electrical machinery and electronics",168538,"Electrical Power Accessories",2021,207518599
16,"Machines",1685,"Electrical machinery and electronics",168539,"Electric Filament",2021,14256182
16,"Machines",1685,"Electrical machinery and electronics",168540,"Cathode Tubes",2021,2648409
16,"Machines",1685,"Electrical machinery and electronics",168541,"Semiconductor Devices",2021,229853262
16,"Machines",1685,"Electrical machinery and electronics",168542,"Integrated Circuits",2021,234057165
16,"Machines",1685,"Electrical machinery and electronics",168543,"Other Electrical Machinery",2021,192372105
16,"Machines",1685,"Electrical machinery and electronics",168544,"Insulated Wire",2021,351165553
16,"Machines",1685,"Electrical machinery and electronics",168545,"Carbon-based Electronics",2021,5110408
16,"Machines",1685,"Electrical machinery and electronics",168546,"Electrical Insulators",2021,2555170
16,"Machines",1685,"Electrical machinery and electronics",168547,"Metal Insulating Fittings",2021,17583486
16,"Machines",1685,"Electrical machinery and electronics",168548,"Electrical Parts",2021,34015644
17,"Transportation",1786,"Railway and trams",178601,"Electric Locomotives",2021,82241
17,"Transportation",1786,"Railway and trams",178602,"Other Locomotives",2021,4821253
17,"Transportation",1786,"Railway and trams",178603,"Self-Propelled Rail Transport",2021,519891
17,"Transportation",1786,"Railway and trams",178604,"Railway Maintenance Vehicles",2021,448608
17,"Transportation",1786,"Railway and trams",178605,"Railway Passenger Cars",2021,2573231
17,"Transportation",1786,"Railway and trams",178606,"Railway Freight Cars",2021,196445
17,"Transportation",1786,"Railway and trams",178607,"Locomotive Parts",2021,29617789
17,"Transportation",1786,"Railway and trams",178608,"Railway Track Fixtures",2021,3075313
17,"Transportation",1786,"Railway and trams",178609,"Railway Cargo Containers",2021,33674124
17,"Transportation",1787,"Cars, tractors, trucks & parts thereof.",178701,"Tractors",2021,93542416
17,"Transportation",1787,"Cars, tractors, trucks & parts thereof.",178702,"Buses",2021,27002925
17,"Transportation",1787,"Cars, tractors, trucks & parts thereof.",178703,"Cars",2021,1194267126
17,"Transportation",1787,"Cars, tractors, trucks & parts thereof.",178704,"Delivery Trucks",2021,148584229
17,"Transportation",1787,"Cars, tractors, trucks & parts thereof.",178705,"Special purpose motor vehicles",2021,157566623
17,"Transportation",1787,"Cars, tractors, trucks & parts thereof.",178706,"Motor vehicle (8701 to 8705) chassis fitted with engine",2021,2260958
17,"Transportation",1787,"Cars, tractors, trucks & parts thereof.",178707,"Vehicle Bodies (including cabs) for the motor vehicles (8701 to 8705)",2021,21498678
17,"Transportation",1787,"Cars, tractors, trucks & parts thereof.",178708,"Motor vehicles; parts and accessories (8701 to 8705)",2021,958472993
17,"Transportation",1787,"Cars, tractors, trucks & parts thereof.",178709,"Work Trucks",2021,10322291
17,"Transportation",1787,"Cars, tractors, trucks & parts thereof.",178710,"Tanks and Armored vehicles",2021,39429268
17,"Transportation",1787,"Cars, tractors, trucks & parts thereof.",178711,"Motorcycles and cycles",2021,51148332
17,"Transportation",1787,"Cars, tractors, trucks & parts thereof.",178712,"Bicycles, delivery tricycles, other cycles",2021,12019062
17,"Transportation",1787,"Cars, tractors, trucks & parts thereof.",178713,"Wheelchairs",2021,29085131
17,"Transportation",1787,"Cars, tractors, trucks & parts thereof.",178714,"Bi-Wheel Vehicle Parts",2021,94955039
17,"Transportation",1787,"Cars, tractors, trucks & parts thereof.",178715,"Baby Carriages",2021,9445907
17,"Transportation",1787,"Cars, tractors, trucks & parts thereof.",178716,"Trailers and semi-trailers, not mechanically propelled vehicles",2021,242211642
17,"Transportation",1788,"Aircraft and Spacecraft",178801,"Non-powered Aircraft",2021,48546.99999999999
17,"Transportation",1788,"Aircraft and Spacecraft",178802,"Planes, Helicopters, and/or Spacecraft",2021,96741082
17,"Transportation",1788,"Aircraft and Spacecraft",178803,"Aircraft parts (gliders, balloons, and powered aircraft)",2021,211862814
17,"Transportation",1788,"Aircraft and Spacecraft",178804,"Parachutes",2021,869716
17,"Transportation",1788,"Aircraft and Spacecraft",178805,"Aircraft Launch Gear",2021,2034074
17,"Transportation",1789,"Ships, boats, & floating structures",178901,"Passenger and Cargo Ships",2021,560765141
17,"Transportation",1789,"Ships, boats, & floating structures",178902,"Fishing Ships",2021,221498539
17,"Transportation",1789,"Ships, boats, & floating structures",178903,"Recreational Boats",2021,57198363
17,"Transportation",1789,"Ships, boats, & floating structures",178904,"Tug Boats",2021,4067436
17,"Transportation",1789,"Ships, boats, & floating structures",178905,"Special Purpose Ships",2021,43243862
17,"Transportation",1789,"Ships, boats, & floating structures",178906,"Other Sea Vessels",2021,26766821
17,"Transportation",1789,"Ships, boats, & floating structures",178907,"Other Floating Structures",2021,24791926
17,"Transportation",1789,"Ships, boats, & floating structures",178908,"Scrap Vessels",2021,27260566
18,"Instruments",1890,"Optical, photo, & film equipment; medical instruments",189001,"Optical Fibers and optical fibre bundles",2021,103985927
18,"Instruments",1890,"Optical, photo, & film equipment; medical instruments",189002,"Mirrors and Lenses",2021,20912504
18,"Instruments",1890,"Optical, photo, & film equipment; medical instruments",189003,"Eyewear Frames",2021,91431360
18,"Instruments",1890,"Optical, photo, & film equipment; medical instruments",189004,"Eyewear",2021,15048931
18,"Instruments",1890,"Optical, photo, & film equipment; medical instruments",189005,"Binoculars and Telescopes",2021,4077306
18,"Instruments",1890,"Optical, photo, & film equipment; medical instruments",189006,"Cameras",2021,10832166
18,"Instruments",1890,"Optical, photo, & film equipment; medical instruments",189007,"Video Cameras",2021,4586526
18,"Instruments",1890,"Optical, photo, & film equipment; medical instruments",189008,"Image Projectors",2021,3051732
18,"Instruments",1890,"Optical, photo, & film equipment; medical instruments",189009,"Photocopiers",2021,2057159
18,"Instruments",1890,"Optical, photo, & film equipment; medical instruments",189010,"Photo Lab Equipment",2021,23700523
18,"Instruments",1890,"Optical, photo, & film equipment; medical instruments",189011,"Microscopes",2021,5718615
18,"Instruments",1890,"Optical, photo, & film equipment; medical instruments",189012,"Non-optical Microscopes",2021,1695268
18,"Instruments",1890,"Optical, photo, & film equipment; medical instruments",189013,"LCDs",2021,65326216
18,"Instruments",1890,"Optical, photo, & film equipment; medical instruments",189014,"Compasses",2021,44455074
18,"Instruments",1890,"Optical, photo, & film equipment; medical instruments",189015,"Surveying Equipment",2021,107223567
18,"Instruments",1890,"Optical, photo, & film equipment; medical instruments",189016,"Balances",2021,592986
18,"Instruments",1890,"Optical, photo, & film equipment; medical instruments",189017,"Drafting Tools",2021,8601500
18,"Instruments",1890,"Optical, photo, & film equipment; medical instruments",189018,"Medical Instruments",2021,1075316792
18,"Instruments",1890,"Optical, photo, & film equipment; medical instruments",189019,"Therapeutic Appliances",2021,31883485
18,"Instruments",1890,"Optical, photo, & film equipment; medical instruments",189020,"Breathing Appliances",2021,16187901
18,"Instruments",1890,"Optical, photo, & film equipment; medical instruments",189021,"Orthopedic Appliances",2021,987404471
18,"Instruments",1890,"Optical, photo, & film equipment; medical instruments",189022,"X-Ray Equipment",2021,100231293
18,"Instruments",1890,"Optical, photo, & film equipment; medical instruments",189023,"Instructional Models",2021,14893363
18,"Instruments",1890,"Optical, photo, & film equipment; medical instruments",189024,"Tensile Testing Machines",2021,18220714
18,"Instruments",1890,"Optical, photo, & film equipment; medical instruments",189025,"Hydrometers",2021,67135963
18,"Instruments",1890,"Optical, photo, & film equipment; medical instruments",189026,"Gas and Liquid Flow Measuring Instruments",2021,242816034
18,"Instruments",1890,"Optical, photo, & film equipment; medical instruments",189027,"Chemical Analysis Instruments",2021,723194023
18,"Instruments",1890,"Optical, photo, & film equipment; medical instruments",189028,"Utility Meters",2021,146673939
18,"Instruments",1890,"Optical, photo, & film equipment; medical instruments",189029,"Revolution Counters",2021,9591065
18,"Instruments",1890,"Optical, photo, & film equipment; medical instruments",189030,"Oscilloscopes",2021,89213774
18,"Instruments",1890,"Optical, photo, & film equipment; medical instruments",189031,"Other Measuring Instruments",2021,251568744
18,"Instruments",1890,"Optical, photo, & film equipment; medical instruments",189032,"Thermostats",2021,345007350
18,"Instruments",1890,"Optical, photo, & film equipment; medical instruments",189033,"Opto-Electric Instrument Parts",2021,43911584
18,"Instruments",1891,"Clocks, watches, & parts",189101,"Precious Metal Watches",2021,11192663
18,"Instruments",1891,"Clocks, watches, & parts",189102,"Base Metal Watches",2021,22063575
18,"Instruments",1891,"Clocks, watches, & parts",189103,"Clocks with Watch Movements",2021,1562006
18,"Instruments",1891,"Clocks, watches, & parts",189104,"Dashboard Clocks",2021,100937
18,"Instruments",1891,"Clocks, watches, & parts",189105,"Other Clocks",2021,2891585
18,"Instruments",1891,"Clocks, watches, & parts",189106,"Time Recording Instruments",2021,7979541
18,"Instruments",1891,"Clocks, watches, & parts",189107,"Time Switches",2021,301615
18,"Instruments",1891,"Clocks, watches, & parts",189108,"Watch Movements",2021,218242
18,"Instruments",1891,"Clocks, watches, & parts",189109,"Clock Movements",2021,173132
18,"Instruments",1891,"Clocks, watches, & parts",189110,"Incomplete Movement Sets",2021,54290
18,"Instruments",1891,"Clocks, watches, & parts",189111,"Watch Cases and Parts",2021,183488
18,"Instruments",1891,"Clocks, watches, & parts",189112,"Clock Cases and Parts",2021,95864
18,"Instruments",1891,"Clocks, watches, & parts",189113,"Watch Straps",2021,1040743
18,"Instruments",1891,"Clocks, watches, & parts",189114,"Other Clocks and Watches",2021,138274
18,"Instruments",1892,"Musical instruments",189201,"Pianos",2021,839581
18,"Instruments",1892,"Musical instruments",189202,"String Instruments",2021,1257982
18,"Instruments",1892,"Musical instruments",189205,"Wind Instruments",2021,729526
18,"Instruments",1892,"Musical instruments",189206,"Percussion",2021,4526304
18,"Instruments",1892,"Musical instruments",189207,"Electric Musical Instruments",2021,7664002
18,"Instruments",1892,"Musical instruments",189208,"Other Musical Instruments",2021,191512
18,"Instruments",1892,"Musical instruments",189209,"Musical Instrument Parts",2021,14012764
19,"Weapons",1993,"Weapons",199301,"Military Weapons",2021,23191
19,"Weapons",1993,"Weapons",199302,"Handguns",2021,58395
19,"Weapons",1993,"Weapons",199303,"Other Firearms",2021,1111330
19,"Weapons",1993,"Weapons",199304,"Spring, Air, and Gas Guns",2021,6753474
19,"Weapons",1993,"Weapons",199305,"Weapons Parts and Accessories",2021,14634952
19,"Weapons",1993,"Weapons",199306,"Explosive Ammunition",2021,19006430
19,"Weapons",1993,"Weapons",199307,"Bladed Weapons and Accessories",2021,1508.0000000000002
20,"Miscellaneous",2094,"Furniture, bedding, lamps, & prefab buildings",209401,"Seats",2021,668304064
20,"Miscellaneous",2094,"Furniture, bedding, lamps, & prefab buildings",209402,"Medical Furniture",2021,51925204
20,"Miscellaneous",2094,"Furniture, bedding, lamps, & prefab buildings",209403,"Other Furniture",2021,1397590547
20,"Miscellaneous",2094,"Furniture, bedding, lamps, & prefab buildings",209404,"Mattresses",2021,396641938
20,"Miscellaneous",2094,"Furniture, bedding, lamps, & prefab buildings",209405,"Light Fixtures",2021,329128156
20,"Miscellaneous",2094,"Furniture, bedding, lamps, & prefab buildings",209406,"Prefabricated Buildings",2021,69334543
20,"Miscellaneous",2095,"Toys, games, & sports",209503,"Other toys",2021,598441433
20,"Miscellaneous",2095,"Toys, games, & sports",209504,"Video and Card Games",2021,112859303
20,"Miscellaneous",2095,"Toys, games, & sports",209505,"Party Decorations",2021,15653406
20,"Miscellaneous",2095,"Toys, games, & sports",209506,"Sports Equipment",2021,132143417
20,"Miscellaneous",2095,"Toys, games, & sports",209507,"Fishing and Hunting Equipment",2021,16087733
20,"Miscellaneous",2095,"Toys, games, & sports",209508,"Fairground Amusements",2021,3246557
20,"Miscellaneous",2096,"Misc. manufactures",209601,"Worked Ivory and Bone",2021,120598
20,"Miscellaneous",2096,"Misc. manufactures",209602,"Vegetable and Mineral Carvings",2021,2101542
20,"Miscellaneous",2096,"Misc. manufactures",209603,"Brooms",2021,70917468
20,"Miscellaneous",2096,"Misc. manufactures",209604,"Hand Sifters",2021,238511
20,"Miscellaneous",2096,"Misc. manufactures",209605,"Travel Kits",2021,737307
20,"Miscellaneous",2096,"Misc. manufactures",209606,"Buttons",2021,2453718
20,"Miscellaneous",2096,"Misc. manufactures",209607,"Zippers",2021,5535535
20,"Miscellaneous",2096,"Misc. manufactures",209608,"Pens",2021,9307052
20,"Miscellaneous",2096,"Misc. manufactures",209609,"Pencils and Crayons",2021,5851869
20,"Miscellaneous",2096,"Misc. manufactures",209610,"Chalkboards",2021,2196602
20,"Miscellaneous",2096,"Misc. manufactures",209611,"Rubber Stamps",2021,621677
20,"Miscellaneous",2096,"Misc. manufactures",209612,"Ink Ribbons",2021,3889083
20,"Miscellaneous",2096,"Misc. manufactures",209613,"Lighters",2021,3023242
20,"Miscellaneous",2096,"Misc. manufactures",209614,"Smoking Pipes",2021,1706725
20,"Miscellaneous",2096,"Misc. manufactures",209615,"Combs",2021,5012046
20,"Miscellaneous",2096,"Misc. manufactures",209616,"Scent Sprays",2021,2540413
20,"Miscellaneous",2096,"Misc. manufactures",209617,"Vacuum Flask",2021,8546348
20,"Miscellaneous",2096,"Misc. manufactures",209618,"Mannequins",2021,3103680
21,"Arts and Antiques",2197,"Art & antiques",219701,"Paintings",2021,47893717
21,"Arts and Antiques",2197,"Art & antiques",219702,"Prints",2021,3953857
21,"Arts and Antiques",2197,"Art & antiques",219703,"Sculptures",2021,10531138
21,"Arts and Antiques",2197,"Art & antiques",219704,"Revenue Stamps",2021,3611401
21,"Arts and Antiques",2197,"Art & antiques",219705,"Collector's Items",2021,6509436
21,"Arts and Antiques",2197,"Art & antiques",219706,"Antiques",2021,8064855