Section ID,Section,HS2 ID,HS2,HS4 ID,HS4,Year,Trade Value
1,"Animal Products",101,"Live animals",10101,"Horses",2021,35041096
1,"Animal Products",101,"Live animals",10102,"Bovine",2021,288061473
1,"Animal Products",101,"Live animals",10103,"Pigs",2021,151222982
1,"Animal Products",101,"Live animals",10104,"Sheep and Goats",2021,166802151
1,"Animal Products",101,"Live animals",10105,"Poultry",2021,91558129
1,"Animal Products",101,"Live animals",10106,"Other Animals",2021,69983608
1,"Animal Products",102,"Meat & edible offal",10201,"Bovine Meat",2021,857923729
1,"Animal Products",102,"Meat & edible offal",10202,"Frozen Bovine Meat",2021,219920253
1,"Animal Products",102,"Meat & edible offal",10203,"Pig Meat",2021,6505667773
1,"Animal Products",102,"Meat & edible offal",10204,"Sheep and Goat Meat",2021,267535694
1,"Animal Products",102,"Meat & edible offal",10205,"Horse Meat",2021,27975220
1,"Animal Products",102,"Meat & edible offal",10206,"Edible Offal",2021,1003302175.9999999
1,"Animal Products",102,"Meat & edible offal",10207,"Poultry Meat",2021,427588963
1,"Animal Products",102,"Meat & edible offal",10208,"Other Meat",2021,70284580
1,"Animal Products",102,"Meat & edible offal",10209,"Animal Fat",2021,212089242
1,"Animal Products",102,"Meat & edible offal",10210,"Preserved Meat",2021,652776405
1,"Animal Products",103,"Fish, Crustaceans & Molluscs",10301,"Live Fish",2021,51754063
1,"Animal Products",103,"Fish, Crustaceans & Molluscs",10302,"Non-fillet Fresh Fish",2021,699858216
1,"Animal Products",103,"Fish, Crustaceans & Molluscs",10303,"Non-fillet Frozen Fish",2021,844053221
1,"Animal Products",103,"Fish, Crustaceans & Molluscs",10304,"Fish Fillets",2021,560910667
1,"Animal Products",103,"Fish, Crustaceans & Molluscs",10305,"Dried/Salted/Smoked/Brined Fish",2021,145357295
1,"Animal Products",103,"Fish, Crustaceans & Molluscs",10306,"Crustaceans",2021,449655031
1,"Animal Products",103,"Fish, Crustaceans & Molluscs",10307,"Molluscs",2021,832662818
1,"Animal Products",104,"Edible products of animal origin, n.e.s.",10401,"Milk",2021,309558992
1,"Animal Products",104,"Edible products of animal origin, n.e.s.",10402,"Concentrated Milk",2021,193919346
1,"Animal Products",104,"Edible products of animal origin, n.e.s.",10403,"Fermented Milk Products",2021,273667924
1,"Animal Products",104,"Edible products of animal origin, n.e.s.",10404,"Whey and other milk products",2021,106585923
1,"Animal Products",104,"Edible products of animal origin, n.e.s.",10405,"Butter",2021,121353143
1,"Animal Products",104,"Edible products of animal origin, n.e.s.",10406,"Cheese",2021,680194346
1,"Animal Products",104,"Edible products of animal origin, n.e.s.",10407,"Eggs",2021,208864662
1,"Animal Products",104,"Edible products of animal origin, n.e.s.",10408,"Processed Egg Products",2021,57718532
1,"Animal Products",104,"Edible products of animal origin, n.e.s.",10409,"Honey",2021,120027587
1,"Animal Products",104,"Edible products of animal origin, n.e.s.",10410,"Other Edible Animal Products",2021,8448989
1,"Animal Products",105,"Animal originated products, n.e.s.",10501,"Human Hair",2021,81012
1,"Animal Products",105,"Animal originated products, n.e.s.",10502,"Pig Hair",2021,1655779
1,"Animal Products",105,"Animal originated products, n.e.s.",10504,"Animal Organs",2021,266780080
1,"Animal Products",105,"Animal originated products, n.e.s.",10505,"Bird Feathers and Skins",2021,37900858
1,"Animal Products",105,"Animal originated products, n.e.s.",10506,"Processed Bones",2021,17071503
1,"Animal Products",105,"Animal originated products, n.e.s.",10507,"Raw Bones",2021,6258852
1,"Animal Products",105,"Animal originated products, n.e.s.",10508,"Coral and Shells",2021,609647
1,"Animal Products",105,"Animal originated products, n.e.s.",10510,"Pharmaceutical Animal Products",2021,37977433
1,"Animal Products",105,"Animal originated products, n.e.s.",10511,"Other Inedible Animal Products",2021,135127559
2,"Vegetable Products",206,"Live trees, plants, bulbs, cut flowers, & ornamental foliage",20601,"Bulbs and Roots",2021,11728411
2,"Vegetable Products",206,"Live trees, plants, bulbs, cut flowers, & ornamental foliage",20602,"Other live plants, cuttings and slips;
mushroom spawn",2021,488277377
2,"Vegetable Products",206,"Live trees, plants, bulbs, cut flowers, & ornamental foliage",20603,"Cut Flowers",2021,83648317
2,"Vegetable Products",206,"Live trees, plants, bulbs, cut flowers, & ornamental foliage",20604,"Plant foliage",2021,45498488
2,"Vegetable Products",207,"Edible vegetables, roots, & tubers",20701,"Potatoes",2021,161953772
2,"Vegetable Products",207,"Edible vegetables, roots, & tubers",20702,"Tomatoes",2021,1227439970
2,"Vegetable Products",207,"Edible vegetables, roots, & tubers",20703,"Onions",2021,717041923
2,"Vegetable Products",207,"Edible vegetables, roots, & tubers",20704,"Cabbages",2021,656073269
2,"Vegetable Products",207,"Edible vegetables, roots, & tubers",20705,"Lettuce",2021,838720799
2,"Vegetable Products",207,"Edible vegetables, roots, & tubers",20706,"Root Vegetables",2021,140661195
2,"Vegetable Products",207,"Edible vegetables, roots, & tubers",20707,"Cucumbers",2021,855594769
2,"Vegetable Products",207,"Edible vegetables, roots, & tubers",20708,"Legumes",2021,105131456
2,"Vegetable Products",207,"Edible vegetables, roots, & tubers",20709,"Other Vegetables",2021,3226238604
2,"Vegetable Products",207,"Edible vegetables, roots, & tubers",20710,"Frozen Vegetables",2021,686611109
2,"Vegetable Products",207,"Edible vegetables, roots, & tubers",20711,"Preserved Vegetables",2021,68352155
2,"Vegetable Products",207,"Edible vegetables, roots, & tubers",20712,"Dried Vegetables",2021,103825618
2,"Vegetable Products",207,"Edible vegetables, roots, & tubers",20713,"Dried Legumes",2021,40540450
2,"Vegetable Products",207,"Edible vegetables, roots, & tubers",20714,"Cassava",2021,66439293
2,"Vegetable Products",208,"Edible fruits, nuts & fruit peels",20801,"Coconuts, Brazil Nuts, and Cashews",2021,27647119
2,"Vegetable Products",208,"Edible fruits, nuts & fruit peels",20802,"Other Nuts",2021,735879376
2,"Vegetable Products",208,"Edible fruits, nuts & fruit peels",20803,"Bananas",2021,173789486
2,"Vegetable Products",208,"Edible fruits, nuts & fruit peels",20804,"Tropical Fruits",2021,661595255
2,"Vegetable Products",208,"Edible fruits, nuts & fruit peels",20805,"Citrus",2021,3876833676
2,"Vegetable Products",208,"Edible fruits, nuts & fruit peels",20806,"Grapes",2021,501662906
2,"Vegetable Products",208,"Edible fruits, nuts & fruit peels",20807,"Melons",2021,818216629
2,"Vegetable Products",208,"Edible fruits, nuts & fruit peels",20808,"Apples and Pears",2021,235563015
2,"Vegetable Products",208,"Edible fruits, nuts & fruit peels",20809,"Pitted Fruits",2021,1625251244
2,"Vegetable Products",208,"Edible fruits, nuts & fruit peels",20810,"Other Fruits",2021,2384414740
2,"Vegetable Products",208,"Edible fruits, nuts & fruit peels",20811,"Frozen Fruits and Nuts",2021,147918542
2,"Vegetable Products",208,"Edible fruits, nuts & fruit peels",20812,"Preserved Fruits and Nuts",2021,18036579
2,"Vegetable Products",208,"Edible fruits, nuts & fruit peels",20813,"Dried Fruits",2021,121479404
2,"Vegetable Products",208,"Edible fruits, nuts & fruit peels",20814,"Citrus and Melon Peels",2021,19415544
2,"Vegetable Products",209,"Coffee, tea, mate & spices",20901,"Coffee",2021,373020708
2,"Vegetable Products",209,"Coffee, tea, mate & spices",20902,"Tea",2021,54046073
2,"Vegetable Products",209,"Coffee, tea, mate & spices",20903,"Mate",2021,354457
2,"Vegetable Products",209,"Coffee, tea, mate & spices",20904,"Pepper",2021,253972317
2,"Vegetable Products",209,"Coffee, tea, mate & spices",20905,"Vanilla",2021,858791
2,"Vegetable Products",209,"Coffee, tea, mate & spices",20906,"Cinnamon",2021,4767114
2,"Vegetable Products",209,"Coffee, tea, mate & spices",20907,"Cloves",2021,2337545
2,"Vegetable Products",209,"Coffee, tea, mate & spices",20908,"Nutmeg, mace and cardamons",2021,3917140
2,"Vegetable Products",209,"Coffee, tea, mate & spices",20909,"Spice Seeds",2021,20786416
2,"Vegetable Products",209,"Coffee, tea, mate & spices",20910,"Spices",2021,146232226
2,"Vegetable Products",210,"Cereals",21001,"Wheat",2021,140422956
2,"Vegetable Products",210,"Cereals",21002,"Rye",2021,5206829
2,"Vegetable Products",210,"Cereals",21003,"Barley",2021,88433834
2,"Vegetable Products",210,"Cereals",21004,"Oats",2021,15851391
2,"Vegetable Products",210,"Cereals",21005,"Corn",2021,80091809
2,"Vegetable Products",210,"Cereals",21006,"Rice",2021,205145489
2,"Vegetable Products",210,"Cereals",21007,"Sorghum",2021,5415608
2,"Vegetable Products",210,"Cereals",21008,"Buckwheat",2021,21456314
2,"Vegetable Products",211,"Products of the milling industry",21101,"Wheat Flours",2021,49624363
2,"Vegetable Products",211,"Products of the milling industry",21102,"Cereal Flours",2021,16988588
2,"Vegetable Products",211,"Products of the milling industry",21103,"Cereal Meal and Pellets",2021,79686813
2,"Vegetable Products",211,"Products of the milling industry",21104,"Processed Cereals",2021,26346893
2,"Vegetable Products",211,"Products of the milling industry",21105,"Potato Flours",2021,11035186
2,"Vegetable Products",211,"Products of the milling industry",21106,"Legume Flours",2021,78817840
2,"Vegetable Products",211,"Products of the milling industry",21107,"Malt",2021,27635199
2,"Vegetable Products",211,"Products of the milling industry",21108,"Starches",2021,84855373.99999999
2,"Vegetable Products",211,"Products of the milling industry",21109,"Wheat Gluten",2021,4396254
2,"Vegetable Products",212,"Oils seeds, oleaginous fruits, grains, straw & fodder",21201,"Soybeans",2021,7940126
2,"Vegetable Products",212,"Oils seeds, oleaginous fruits, grains, straw & fodder",21202,"Ground Nuts",2021,10401326
2,"Vegetable Products",212,"Oils seeds, oleaginous fruits, grains, straw & fodder",21203,"Copra",2021,817.0000000000001
2,"Vegetable Products",212,"Oils seeds, oleaginous fruits, grains, straw & fodder",21204,"Linseed",2021,947309
2,"Vegetable Products",212,"Oils seeds, oleaginous fruits, grains, straw & fodder",21205,"Rapeseed",2021,83914157
2,"Vegetable Products",212,"Oils seeds, oleaginous fruits, grains, straw & fodder",21206,"Sunflower Seeds",2021,108852328
2,"Vegetable Products",212,"Oils seeds, oleaginous fruits, grains, straw & fodder",21207,"Other Oily Seeds",2021,56151522
2,"Vegetable Products",212,"Oils seeds, oleaginous fruits, grains, straw & fodder",21208,"Oil Seed Flower",2021,17787653
2,"Vegetable Products",212,"Oils seeds, oleaginous fruits, grains, straw & fodder",21209,"Sowing Seeds",2021,174413606
2,"Vegetable Products",212,"Oils seeds, oleaginous fruits, grains, straw & fodder",21210,"Hops",2021,1682048
2,"Vegetable Products",212,"Oils seeds, oleaginous fruits, grains, straw & fodder",21211,"Perfume Plants",2021,74278948
2,"Vegetable Products",212,"Oils seeds, oleaginous fruits, grains, straw & fodder",21212,"Locust beans, seaweed, sugar beet, cane, for food",2021,75933655
2,"Vegetable Products",212,"Oils seeds, oleaginous fruits, grains, straw & fodder",21213,"Cereal Straws",2021,94896818
2,"Vegetable Products",212,"Oils seeds, oleaginous fruits, grains, straw & fodder",21214,"Forage Crops",2021,423231603
2,"Vegetable Products",213,"Natural gums, resins & other vegetable extracts",21301,"Insect Resins",2021,7729509
2,"Vegetable Products",213,"Natural gums, resins & other vegetable extracts",21302,"Vegetable Saps",2021,694218549
2,"Vegetable Products",214,"Vegetable plaiting materials & products, n.e.s.",21401,"Vegetable Plaiting Materials",2021,6628078
2,"Vegetable Products",214,"Vegetable plaiting materials & products, n.e.s.",21404,"Other Vegetable Products",2021,19244213
3,"Animal and Vegetable Bi-Products",315,"Animal or vegetable fats, oils, & waxes",31501,"Pig and Poultry Fat",2021,22032422
3,"Animal and Vegetable Bi-Products",315,"Animal or vegetable fats, oils, & waxes",31502,"Bovine, Sheep, and Goat Fat",2021,7374214
3,"Animal and Vegetable Bi-Products",315,"Animal or vegetable fats, oils, & waxes",31503,"Lard stearin and oils",2021,436244
3,"Animal and Vegetable Bi-Products",315,"Animal or vegetable fats, oils, & waxes",31504,"Fish Oil",2021,39043721
3,"Animal and Vegetable Bi-Products",315,"Animal or vegetable fats, oils, & waxes",31505,"Wool Grease",2021,90367
3,"Animal and Vegetable Bi-Products",315,"Animal or vegetable fats, oils, & waxes",31506,"Other Animal Fats",2021,67587417
3,"Animal and Vegetable Bi-Products",315,"Animal or vegetable fats, oils, & waxes",31507,"Soybean Oil",2021,573970076
3,"Animal and Vegetable Bi-Products",315,"Animal or vegetable fats, oils, & waxes",31508,"Ground Nut Oil",2021,1545589
3,"Animal and Vegetable Bi-Products",315,"Animal or vegetable fats, oils, & waxes",31509,"Pure Olive Oil",2021,3939977774
3,"Animal and Vegetable Bi-Products",315,"Animal or vegetable fats, oils, & waxes",31510,"Olive Oil",2021,205535853
3,"Animal and Vegetable Bi-Products",315,"Animal or vegetable fats, oils, & waxes",31511,"Palm Oil",2021,88649990
3,"Animal and Vegetable Bi-Products",315,"Animal or vegetable fats, oils, & waxes",31512,"Seed Oils",2021,283105492
3,"Animal and Vegetable Bi-Products",315,"Animal or vegetable fats, oils, & waxes",31513,"Coconut Oil",2021,39940000
3,"Animal and Vegetable Bi-Products",315,"Animal or vegetable fats, oils, & waxes",31514,"Rapeseed Oil",2021,45287480
3,"Animal and Vegetable Bi-Products",315,"Animal or vegetable fats, oils, & waxes",31515,"Other Pure Vegetable Oils",2021,259892931
3,"Animal and Vegetable Bi-Products",315,"Animal or vegetable fats, oils, & waxes",31516,"Other Vegetable Oils",2021,107388883
3,"Animal and Vegetable Bi-Products",315,"Animal or vegetable fats, oils, & waxes",31517,"Margarine",2021,183369201
3,"Animal and Vegetable Bi-Products",315,"Animal or vegetable fats, oils, & waxes",31518,"Inedible Fats and Oils",2021,337456581
3,"Animal and Vegetable Bi-Products",315,"Animal or vegetable fats, oils, & waxes",31519,"Stearic Acid",2021,145953078
3,"Animal and Vegetable Bi-Products",315,"Animal or vegetable fats, oils, & waxes",31520,"Glycerol",2021,72050304
3,"Animal and Vegetable Bi-Products",315,"Animal or vegetable fats, oils, & waxes",31521,"Vegetable waxes and beeswax",2021,6712201
3,"Animal and Vegetable Bi-Products",315,"Animal or vegetable fats, oils, & waxes",31522,"Fat and Oil Residues",2021,14077728
4,"Foodstuffs",416,"Preparations of fish, crustacenas, & molluscs",41601,"Sausages",2021,570625904
4,"Foodstuffs",416,"Preparations of fish, crustacenas, & molluscs",41602,"Other Prepared Meat",2021,333445938
4,"Foodstuffs",416,"Preparations of fish, crustacenas, & molluscs",41603,"Animal Extracts",2021,11904418
4,"Foodstuffs",416,"Preparations of fish, crustacenas, & molluscs",41604,"Processed Fish",2021,1094392297
4,"Foodstuffs",416,"Preparations of fish, crustacenas, & molluscs",41605,"Processed Crustaceans",2021,752045701
4,"Foodstuffs",417,"Sugars & confectioneries",41701,"Raw Sugar",2021,66155611
4,"Foodstuffs",417,"Sugars & confectioneries",41702,"Other Sugars",2021,90041015
4,"Foodstuffs",417,"Sugars & confectioneries",41703,"Molasses",2021,9349570
4,"Foodstuffs",417,"Sugars & confectioneries",41704,"Confectionery Sugar",2021,702754377
4,"Foodstuffs",418,"Cocoa & cocoa preparations",41801,"Cocoa Beans",2021,1638858
4,"Foodstuffs",418,"Cocoa & cocoa preparations",41802,"Cocoa Shells",2021,133572
4,"Foodstuffs",418,"Cocoa & cocoa preparations",41803,"Cocoa Paste",2021,30267636
4,"Foodstuffs",418,"Cocoa & cocoa preparations",41804,"Cocoa Butter",2021,42227004
4,"Foodstuffs",418,"Cocoa & cocoa preparations",41805,"Cocoa Powder",2021,218231558
4,"Foodstuffs",418,"Cocoa & cocoa preparations",41806,"Chocolate",2021,589749959
4,"Foodstuffs",419,"Preparations of cereals, flour, starch or milk",41901,"Malt Extract",2021,363144547
4,"Foodstuffs",419,"Preparations of cereals, flour, starch or milk",41902,"Pasta",2021,193970355
4,"Foodstuffs",419,"Preparations of cereals, flour, starch or milk",41903,"Tapioca",2021,615642
4,"Foodstuffs",419,"Preparations of cereals, flour, starch or milk",41904,"Prepared Cereals",2021,409105901
4,"Foodstuffs",419,"Preparations of cereals, flour, starch or milk",41905,"Baked Goods",2021,1505007700
4,"Foodstuffs",420,"Preparations of vegetables, fruit, nuts or other plant parts",42001,"Pickled Foods",2021,89860475
4,"Foodstuffs",420,"Preparations of vegetables, fruit, nuts or other plant parts",42002,"Processed Tomatoes",2021,411447587
4,"Foodstuffs",420,"Preparations of vegetables, fruit, nuts or other plant parts",42003,"Processed Mushrooms",2021,77841855
4,"Foodstuffs",420,"Preparations of vegetables, fruit, nuts or other plant parts",42004,"Other Frozen Vegetables",2021,145792767
4,"Foodstuffs",420,"Preparations of vegetables, fruit, nuts or other plant parts",42005,"Other Processed Vegetables",2021,1233767740
4,"Foodstuffs",420,"Preparations of vegetables, fruit, nuts or other plant parts",42006,"Sugar Preserved Foods",2021,11616739
4,"Foodstuffs",420,"Preparations of vegetables, fruit, nuts or other plant parts",42007,"Jams",2021,243392462
4,"Foodstuffs",420,"Preparations of vegetables, fruit, nuts or other plant parts",42008,"Other Processed Fruits and Nuts",2021,589131821
4,"Foodstuffs",420,"Preparations of vegetables, fruit, nuts or other plant parts",42009,"Fruit Juice",2021,987845259
4,"Foodstuffs",421,"Miscellaneous edible preparations",42101,"Coffee and Tea Extracts",2021,463027547
4,"Foodstuffs",421,"Miscellaneous edible preparations",42102,"Yeast",2021,49811643
4,"Foodstuffs",421,"Miscellaneous edible preparations",42103,"Sauces and Seasonings",2021,469173110
4,"Foodstuffs",421,"Miscellaneous edible preparations",42104,"Soups and Broths",2021,189474774
4,"Foodstuffs",421,"Miscellaneous edible preparations",42105,"Ice Cream",2021,227830464
4,"Foodstuffs",421,"Miscellaneous edible preparations",42106,"Other Edible Preparations",2021,1098447719
4,"Foodstuffs",422,"Beverages, spirits, & vinegar",42201,"Water",2021,50002913
4,"Foodstuffs",422,"Beverages, spirits, & vinegar",42202,"Flavored Water",2021,516185907
4,"Foodstuffs",422,"Beverages, spirits, & vinegar",42203,"Beer",2021,331786785
4,"Foodstuffs",422,"Beverages, spirits, & vinegar",42204,"Wine",2021,3677021391
4,"Foodstuffs",422,"Beverages, spirits, & vinegar",42205,"Vermouth",2021,72299987
4,"Foodstuffs",422,"Beverages, spirits, & vinegar",42206,"Other Fermented Beverages",2021,63077710
4,"Foodstuffs",422,"Beverages, spirits, & vinegar",42207,"Alcohol > 80% ABV",2021,261648555
4,"Foodstuffs",422,"Beverages, spirits, & vinegar",42208,"Hard Liquor",2021,903995199
4,"Foodstuffs",422,"Beverages, spirits, & vinegar",42209,"Vinegar",2021,63267023
4,"Foodstuffs",423,"Food residues & wastes; animal fodder",42301,"Animal Meal and Pellets",2021,223013775
4,"Foodstuffs",423,"Food residues & wastes; animal fodder",42302,"Bran",2021,24600451
4,"Foodstuffs",423,"Food residues & wastes; animal fodder",42303,"Starch Residue",2021,27404647.999999996
4,"Foodstuffs",423,"Food residues & wastes; animal fodder",42304,"Soybean Meal",2021,110071839
4,"Foodstuffs",423,"Food residues & wastes; animal fodder",42305,"Ground Nut Meal",2021,2845314
4,"Foodstuffs",423,"Food residues & wastes; animal fodder",42306,"Other Vegetable Residues",2021,74506736
4,"Foodstuffs",423,"Food residues & wastes; animal fodder",42307,"Wine Lees",2021,383029.99999999994
4,"Foodstuffs",423,"Food residues & wastes; animal fodder",42308,"Other Vegetable Residues and Waste",2021,14825729
4,"Foodstuffs",423,"Food residues & wastes; animal fodder",42309,"Animal Food",2021,1065738429
4,"Foodstuffs",424,"Tobacco & substitutes",42401,"Raw Tobacco",2021,102959913
4,"Foodstuffs",424,"Tobacco & substitutes",42402,"Rolled Tobacco",2021,113821930
4,"Foodstuffs",424,"Tobacco & substitutes",42403,"Processed Tobacco",2021,7403582
5,"Mineral Products",525,"Salt, sulphur, cement, lime, stone, & plaster",52501,"Salt",2021,182434223
5,"Mineral Products",525,"Salt, sulphur, cement, lime, stone, & plaster",52502,"Iron Pyrites",2021,392674
5,"Mineral Products",525,"Salt, sulphur, cement, lime, stone, & plaster",52503,"Sulphur",2021,48211582
5,"Mineral Products",525,"Salt, sulphur, cement, lime, stone, & plaster",52504,"Graphite",2021,2087006
5,"Mineral Products",525,"Salt, sulphur, cement, lime, stone, & plaster",52505,"Sand",2021,25072159
5,"Mineral Products",525,"Salt, sulphur, cement, lime, stone, & plaster",52506,"Quartz",2021,50022679
5,"Mineral Products",525,"Salt, sulphur, cement, lime, stone, & plaster",52507,"Kaolin",2021,30875172
5,"Mineral Products",525,"Salt, sulphur, cement, lime, stone, & plaster",52508,"Clays",2021,103115119
5,"Mineral Products",525,"Salt, sulphur, cement, lime, stone, & plaster",52509,"Chalk",2021,7860116
5,"Mineral Products",525,"Salt, sulphur, cement, lime, stone, & plaster",52510,"Calcium Phosphates",2021,1216507
5,"Mineral Products",525,"Salt, sulphur, cement, lime, stone, & plaster",52511,"Barium Sulphate",2021,25621578
5,"Mineral Products",525,"Salt, sulphur, cement, lime, stone, & plaster",52512,"Siliceous Fossil Meals",2021,4975770
5,"Mineral Products",525,"Salt, sulphur, cement, lime, stone, & plaster",52513,"Pumice",2021,1334069
5,"Mineral Products",525,"Salt, sulphur, cement, lime, stone, & plaster",52514,"Slate",2021,8724868
5,"Mineral Products",525,"Salt, sulphur, cement, lime, stone, & plaster",52515,"Marble, Travertine and Alabaster",2021,76704736
5,"Mineral Products",525,"Salt, sulphur, cement, lime, stone, & plaster",52516,"Granite",2021,68764050
5,"Mineral Products",525,"Salt, sulphur, cement, lime, stone, & plaster",52517,"Gravel and Crushed Stone",2021,46973236
5,"Mineral Products",525,"Salt, sulphur, cement, lime, stone, & plaster",52518,"Dolomite",2021,44092161
5,"Mineral Products",525,"Salt, sulphur, cement, lime, stone, & plaster",52519,"Magnesium Carbonate",2021,76350616
5,"Mineral Products",525,"Salt, sulphur, cement, lime, stone, & plaster",52520,"Gypsum",2021,213586396
5,"Mineral Products",525,"Salt, sulphur, cement, lime, stone, & plaster",52521,"Limestone",2021,43348045
5,"Mineral Products",525,"Salt, sulphur, cement, lime, stone, & plaster",52522,"Quicklime",2021,38919581
5,"Mineral Products",525,"Salt, sulphur, cement, lime, stone, & plaster",52523,"Cement",2021,457647588
5,"Mineral Products",525,"Salt, sulphur, cement, lime, stone, & plaster",52525,"Mica",2021,5226600
5,"Mineral Products",525,"Salt, sulphur, cement, lime, stone, & plaster",52526,"Soapstone",2021,12387939
5,"Mineral Products",525,"Salt, sulphur, cement, lime, stone, & plaster",52528,"Borax",2021,5281746.000000001
5,"Mineral Products",525,"Salt, sulphur, cement, lime, stone, & plaster",52529,"Feldspar",2021,37501452
5,"Mineral Products",525,"Salt, sulphur, cement, lime, stone, & plaster",52530,"Other Mineral",2021,134617734
5,"Mineral Products",526,"Ores, slag and ash",52601,"Iron Ore",2021,21735841
5,"Mineral Products",526,"Ores, slag and ash",52602,"Manganese Ore",2021,799829
5,"Mineral Products",526,"Ores, slag and ash",52603,"Copper Ore",2021,1022566530
5,"Mineral Products",526,"Ores, slag and ash",52604,"Nickel Ore",2021,324170
5,"Mineral Products",526,"Ores, slag and ash",52605,"Cobalt Ore",2021,208.00000000000003
5,"Mineral Products",526,"Ores, slag and ash",52606,"Aluminium Ore",2021,11198318
5,"Mineral Products",526,"Ores, slag and ash",52607,"Lead Ore",2021,204532294
5,"Mineral Products",526,"Ores, slag and ash",52608,"Zinc Ore",2021,250450181
5,"Mineral Products",526,"Ores, slag and ash",52609,"Tin Ores",2021,8047857
5,"Mineral Products",526,"Ores, slag and ash",52610,"Chromium Ore",2021,1399699
5,"Mineral Products",526,"Ores, slag and ash",52611,"Tungsten Ore",2021,15390220
5,"Mineral Products",526,"Ores, slag and ash",52613,"Molybdenum Ore",2021,904353
5,"Mineral Products",526,"Ores, slag and ash",52614,"Titanium Ore",2021,3468753
5,"Mineral Products",526,"Ores, slag and ash",52615,"Niobium, Tantalum, Vanadium and Zirconium Ore",2021,23507993
5,"Mineral Products",526,"Ores, slag and ash",52616,"Precious Metal Ore",2021,299617929
5,"Mineral Products",526,"Ores, slag and ash",52617,"Other Ores",2021,125782
5,"Mineral Products",526,"Ores, slag and ash",52618,"Granulated Slag",2021,35644453
5,"Mineral Products",526,"Ores, slag and ash",52619,"Slag Dross",2021,9386866
5,"Mineral Products",526,"Ores, slag and ash",52620,"Non-Iron and Steel Slag, Ash and Residues",2021,280812241
5,"Mineral Products",526,"Ores, slag and ash",52621,"Other Slag and Ash",2021,14533116
5,"Mineral Products",527,"Mineral fuels, mineral oils and products of their distillation",52701,"Coal Briquettes",2021,95479060
5,"Mineral Products",527,"Mineral fuels, mineral oils and products of their distillation",52702,"Lignite",2021,142112
5,"Mineral Products",527,"Mineral fuels, mineral oils and products of their distillation",52703,"Peat",2021,16173136
5,"Mineral Products",527,"Mineral fuels, mineral oils and products of their distillation",52704,"Coke",2021,44547453
5,"Mineral Products",527,"Mineral fuels, mineral oils and products of their distillation",52705,"Non-Petroleum Gas",2021,8526
5,"Mineral Products",527,"Mineral fuels, mineral oils and products of their distillation",52706,"Tar",2021,2460445
5,"Mineral Products",527,"Mineral fuels, mineral oils and products of their distillation",52707,"Coal Tar Oil",2021,957885525
5,"Mineral Products",527,"Mineral fuels, mineral oils and products of their distillation",52708,"Pitch Coke",2021,101363409
5,"Mineral Products",527,"Mineral fuels, mineral oils and products of their distillation",52709,"Crude Petroleum",2021,72340778
5,"Mineral Products",527,"Mineral fuels, mineral oils and products of their distillation",52710,"Refined Petroleum",2021,12159492950
5,"Mineral Products",527,"Mineral fuels, mineral oils and products of their distillation",52711,"Petroleum Gas",2021,1276017446
5,"Mineral Products",527,"Mineral fuels, mineral oils and products of their distillation",52712,"Petroleum Jelly",2021,175238609
5,"Mineral Products",527,"Mineral fuels, mineral oils and products of their distillation",52713,"Petroleum Coke",2021,938802645
5,"Mineral Products",527,"Mineral fuels, mineral oils and products of their distillation",52714,"Bitumen and asphalt",2021,116220710
5,"Mineral Products",527,"Mineral fuels, mineral oils and products of their distillation",52715,"Asphalt Mixtures",2021,68679427
5,"Mineral Products",527,"Mineral fuels, mineral oils and products of their distillation",52716,"Electricity",2021,2418296593
6,"Chemical Products",628,"Inorganic chemicals",62801,"Halogens",2021,5061784
6,"Chemical Products",628,"Inorganic chemicals",62802,"Sulfur",2021,2870659
6,"Chemical Products",628,"Inorganic chemicals",62803,"Carbon",2021,37652104
6,"Chemical Products",628,"Inorganic chemicals",62804,"Hydrogen",2021,104772287
6,"Chemical Products",628,"Inorganic chemicals",62805,"Alkali, alkaline-earth, rare-earth metals, scandium, yttrium, and mercury",2021,2406884
6,"Chemical Products",628,"Inorganic chemicals",62806,"Hydrochloric Acid",2021,6620108
6,"Chemical Products",628,"Inorganic chemicals",62807,"Sulfuric Acid",2021,102128347
6,"Chemical Products",628,"Inorganic chemicals",62808,"Nitric Acids",2021,2713473
6,"Chemical Products",628,"Inorganic chemicals",62809,"Phosphoric Acid",2021,5492843
6,"Chemical Products",628,"Inorganic chemicals",62810,"Boron",2021,2345390
6,"Chemical Products",628,"Inorganic chemicals",62811,"Other Inorganic Acids",2021,128299718
6,"Chemical Products",628,"Inorganic chemicals",62812,"Halides",2021,405668
6,"Chemical Products",628,"Inorganic chemicals",62813,"Nonmetal Sulfides",2021,189029
6,"Chemical Products",628,"Inorganic chemicals",62814,"Ammonia",2021,29817832.000000004
6,"Chemical Products",628,"Inorganic chemicals",62815,"Sodium or Potassium Peroxides",2021,44244434
6,"Chemical Products",628,"Inorganic chemicals",62816,"Magnesium Hydroxide and Peroxide",2021,1339425
6,"Chemical Products",628,"Inorganic chemicals",62817,"Zinc Oxide and Peroxide",2021,26902858
6,"Chemical Products",628,"Inorganic chemicals",62818,"Aluminium Oxide",2021,367117338
6,"Chemical Products",628,"Inorganic chemicals",62819,"Chromium Oxides and Hydroxides",2021,9369030
6,"Chemical Products",628,"Inorganic chemicals",62820,"Manganese Oxides",2021,21189145
6,"Chemical Products",628,"Inorganic chemicals",62821,"Iron Oxides and Hydroxides",2021,16410622
6,"Chemical Products",628,"Inorganic chemicals",62822,"Cobalt Oxides and Hydroxides",2021,6050076
6,"Chemical Products",628,"Inorganic chemicals",62823,"Titanium Oxides",2021,7410668
6,"Chemical Products",628,"Inorganic chemicals",62824,"Lead Oxides",2021,9228965
6,"Chemical Products",628,"Inorganic chemicals",62825,"Inorganic Salts",2021,32613677
6,"Chemical Products",628,"Inorganic chemicals",62826,"Fluorides",2021,21929164
6,"Chemical Products",628,"Inorganic chemicals",62827,"Chlorides",2021,45867973
6,"Chemical Products",628,"Inorganic chemicals",62828,"Hypochlorites",2021,33498620
6,"Chemical Products",628,"Inorganic chemicals",62829,"Chlorates and Perchlorates",2021,6467667
6,"Chemical Products",628,"Inorganic chemicals",62830,"Sulfides",2021,3930603
6,"Chemical Products",628,"Inorganic chemicals",62831,"Dithionites and Sulfoxylates",2021,1973821
6,"Chemical Products",628,"Inorganic chemicals",62832,"Sulfites",2021,6244133
6,"Chemical Products",628,"Inorganic chemicals",62833,"Sulfates",2021,229045077
6,"Chemical Products",628,"Inorganic chemicals",62834,"Nitrites and Nitrates",2021,44408966
6,"Chemical Products",628,"Inorganic chemicals",62835,"Phosphinates (hypophosphites) and phosphonates (phosphites)",2021,110841215
6,"Chemical Products",628,"Inorganic chemicals",62836,"Carbonates",2021,236752150
6,"Chemical Products",628,"Inorganic chemicals",62837,"Cyanides",2021,506119
6,"Chemical Products",628,"Inorganic chemicals",62839,"Silicates",2021,28848623
6,"Chemical Products",628,"Inorganic chemicals",62840,"Borates",2021,2777189
6,"Chemical Products",628,"Inorganic chemicals",62841,"Oxometallic or Peroxometallic Acid Salts",2021,12737245
6,"Chemical Products",628,"Inorganic chemicals",62842,"Other Inorganic Acids Salts",2021,16799091
6,"Chemical Products",628,"Inorganic chemicals",62843,"Precious Metal Compounds",2021,24338833
6,"Chemical Products",628,"Inorganic chemicals",62844,"Radioactive Chemicals",2021,32344632
6,"Chemical Products",628,"Inorganic chemicals",62845,"Other Isotopes",2021,121203
6,"Chemical Products",628,"Inorganic chemicals",62846,"Rare-Earth Metal Compounds",2021,1225633
6,"Chemical Products",628,"Inorganic chemicals",62847,"Hydrogen peroxide",2021,23897461
6,"Chemical Products",628,"Inorganic chemicals",62848,"Phosphides",2021,48
6,"Chemical Products",628,"Inorganic chemicals",62849,"Carbides",2021,23097682
6,"Chemical Products",628,"Inorganic chemicals",62850,"Hydrides and other anions",2021,1405011
6,"Chemical Products",628,"Inorganic chemicals",62851,"Inorganic Compounds",2021,4756517
6,"Chemical Products",629,"Organic chemicals",62901,"Acyclic Hydrocarbons",2021,440197956
6,"Chemical Products",629,"Organic chemicals",62902,"Cyclic Hydrocarbons",2021,715953104
6,"Chemical Products",629,"Organic chemicals",62903,"Halogenated Hydrocarbons",2021,41556209
6,"Chemical Products",629,"Organic chemicals",62904,"Sulfonated, Nitrated or Nitrosated Hydrocarbons",2021,37626860
6,"Chemical Products",629,"Organic chemicals",62905,"Acyclic alcohol derivatives (halogenated, sulphonated, nitrated)",2021,325846085
6,"Chemical Products",629,"Organic chemicals",62906,"Cyclic Alcohols",2021,54288287
6,"Chemical Products",629,"Organic chemicals",62907,"Phenols",2021,262907938
6,"Chemical Products",629,"Organic chemicals",62908,"Phenol Derivatives",2021,1282641
6,"Chemical Products",629,"Organic chemicals",62909,"Ethers",2021,180317251
6,"Chemical Products",629,"Organic chemicals",62910,"Epoxides",2021,21367323
6,"Chemical Products",629,"Organic chemicals",62911,"Acetals and Hemiacetals",2021,6222686
6,"Chemical Products",629,"Organic chemicals",62912,"Aldehydes, cyclic polymers, and paraformaldehyde",2021,143899788
6,"Chemical Products",629,"Organic chemicals",62913,"Halogenated aldehyde derivatives (heading 2912)",2021,147218
6,"Chemical Products",629,"Organic chemicals",62914,"Ketones and Quinones",2021,398634409
6,"Chemical Products",629,"Organic chemicals",62915,"Saturated Acyclic Monocarboxylic Acids",2021,225574545
6,"Chemical Products",629,"Organic chemicals",62916,"Unsaturated Acyclic Monocarboxylic Acids",2021,58641943
6,"Chemical Products",629,"Organic chemicals",62917,"Polycarboxylic Acids",2021,404105134
6,"Chemical Products",629,"Organic chemicals",62918,"Carboxylic Acids",2021,222779836
6,"Chemical Products",629,"Organic chemicals",62919,"Phosphoric Esters and Salts",2021,31171942
6,"Chemical Products",629,"Organic chemicals",62920,"Other Esters",2021,11538059
6,"Chemical Products",629,"Organic chemicals",62921,"Amine Compounds",2021,82557606
6,"Chemical Products",629,"Organic chemicals",62922,"Oxygen Amino Compounds",2021,238103826
6,"Chemical Products",629,"Organic chemicals",62923,"Quaternary Ammonium Salts and Hydroxides",2021,78897500
6,"Chemical Products",629,"Organic chemicals",62924,"Carboxyamide Compounds",2021,109751267
6,"Chemical Products",629,"Organic chemicals",62925,"Carboxyimide Compounds",2021,75488712
6,"Chemical Products",629,"Organic chemicals",62926,"Nitrile Compounds",2021,18686291
6,"Chemical Products",629,"Organic chemicals",62927,"Diazo, Azo or Aoxy Compounds",2021,9007520
6,"Chemical Products",629,"Organic chemicals",62928,"Hydrazine or Hydroxylamine Derivatives",2021,45942167
6,"Chemical Products",629,"Organic chemicals",62929,"Other Nitrogen Compounds",2021,74511816
6,"Chemical Products",629,"Organic chemicals",62930,"Organo-Sulfur Compounds",2021,288900740
6,"Chemical Products",629,"Organic chemicals",62931,"Other Organo-Inorganic Compounds",2021,24479795
6,"Chemical Products",629,"Organic chemicals",62932,"Oxygen Heterocyclic Compounds",2021,143207983
6,"Chemical Products",629,"Organic chemicals",62933,"Nitrogen Heterocyclic Compounds",2021,1163808775
6,"Chemical Products",629,"Organic chemicals",62934,"Nucleic Acids",2021,425290962
6,"Chemical Products",629,"Organic chemicals",62935,"Sulfonamides",2021,96074635
6,"Chemical Products",629,"Organic chemicals",62936,"Vitamins",2021,128926353
6,"Chemical Products",629,"Organic chemicals",62937,"Hormones",2021,155404280
6,"Chemical Products",629,"Organic chemicals",62938,"Glycosides",2021,85238021
6,"Chemical Products",629,"Organic chemicals",62939,"Vegetable Alkaloids",2021,53069282
6,"Chemical Products",629,"Organic chemicals",62940,"Chemically Pure Sugars",2021,18298913
6,"Chemical Products",629,"Organic chemicals",62941,"Antibiotics",2021,396770778
6,"Chemical Products",629,"Organic chemicals",62942,"Other Organic Compounds",2021,20904511
6,"Chemical Products",630,"Pharmaceutical products",63001,"Glands and Other Organs",2021,433702788.99999994
6,"Chemical Products",630,"Pharmaceutical products",63002,"Vaccines, blood, antisera, toxins and cultures",2021,6703318209
6,"Chemical Products",630,"Pharmaceutical products",63003,"Unpackaged Medicaments",2021,243791960
6,"Chemical Products",630,"Pharmaceutical products",63004,"Packaged Medicaments",2021,14885339921
6,"Chemical Products",630,"Pharmaceutical products",63005,"Bandages",2021,168174666
6,"Chemical Products",630,"Pharmaceutical products",63006,"Special Pharmaceuticals",2021,386859022
6,"Chemical Products",631,"Fertilizers",63101,"Animal or Vegetable Fertilizers",2021,107490971
6,"Chemical Products",631,"Fertilizers",63102,"Nitrogenous Fertilizers",2021,311847930
6,"Chemical Products",631,"Fertilizers",63103,"Phosphatic Fertilizers",2021,49456572
6,"Chemical Products",631,"Fertilizers",63104,"Potassic Fertilizers",2021,142528359
6,"Chemical Products",631,"Fertilizers",63105,"Mixed Mineral or Chemical Fertilizers",2021,625607774
6,"Chemical Products",632,"Paints, dyes, & varnishes",63201,"Vegetable Tanning Extracts",2021,4930215
6,"Chemical Products",632,"Paints, dyes, & varnishes",63202,"Synthetic Tanning Extracts",2021,70237067
6,"Chemical Products",632,"Paints, dyes, & varnishes",63203,"Vegetable or Animal Dyes",2021,92128911
6,"Chemical Products",632,"Paints, dyes, & varnishes",63204,"Synthetic Coloring Matter",2021,398421358
6,"Chemical Products",632,"Paints, dyes, & varnishes",63205,"Lake Pigments",2021,6522776
6,"Chemical Products",632,"Paints, dyes, & varnishes",63206,"Other Coloring Matter",2021,362254128
6,"Chemical Products",632,"Paints, dyes, & varnishes",63207,"Prepared Pigments",2021,1216250069
6,"Chemical Products",632,"Paints, dyes, & varnishes",63208,"Nonaqueous Paints",2021,536507619
6,"Chemical Products",632,"Paints, dyes, & varnishes",63209,"Aqueous Paints",2021,232982314
6,"Chemical Products",632,"Paints, dyes, & varnishes",63210,"Other Paints",2021,23151747
6,"Chemical Products",632,"Paints, dyes, & varnishes",63211,"Prepared Paint Driers",2021,18959512
6,"Chemical Products",632,"Paints, dyes, & varnishes",63212,"Nonaqueous Pigments",2021,52799560
6,"Chemical Products",632,"Paints, dyes, & varnishes",63213,"Artistry Paints",2021,28153959
6,"Chemical Products",632,"Paints, dyes, & varnishes",63214,"Glaziers Putty",2021,161744120
6,"Chemical Products",632,"Paints, dyes, & varnishes",63215,"Ink",2021,327944269
6,"Chemical Products",633,"Perfumery & cosmetics",63301,"Essential Oils",2021,190848759
6,"Chemical Products",633,"Perfumery & cosmetics",63302,"Scented Mixtures",2021,743801102
6,"Chemical Products",633,"Perfumery & cosmetics",63303,"Perfumes",2021,2256353028
6,"Chemical Products",633,"Perfumery & cosmetics",63304,"Beauty Products",2021,1397888289
6,"Chemical Products",633,"Perfumery & cosmetics",63305,"Hair Products",2021,801182780
6,"Chemical Products",633,"Perfumery & cosmetics",63306,"Dental Products",2021,128970681
6,"Chemical Products",633,"Perfumery & cosmetics",63307,"Shaving Products",2021,499588983
6,"Chemical Products",634,"Soap, cleaners, candles, dental, modelling pastes",63401,"Soap",2021,176004390
6,"Chemical Products",634,"Soap, cleaners, candles, dental, modelling pastes",63402,"Cleaning Products",2021,1373635934
6,"Chemical Products",634,"Soap, cleaners, candles, dental, modelling pastes",63403,"Lubricating Products",2021,265281349
6,"Chemical Products",634,"Soap, cleaners, candles, dental, modelling pastes",63404,"Waxes",2021,74997000
6,"Chemical Products",634,"Soap, cleaners, candles, dental, modelling pastes",63405,"Polishes and Creams",2021,44655741
6,"Chemical Products",634,"Soap, cleaners, candles, dental, modelling pastes",63406,"Candles",2021,50836628
6,"Chemical Products",634,"Soap, cleaners, candles, dental, modelling pastes",63407,"Pastes and Waxes",2021,12483252
6,"Chemical Products",635,"Glues, starches, & albuminoid products",63501,"Casein",2021,21385952
6,"Chemical Products",635,"Glues, starches, & albuminoid products",63502,"Water Soluble Proteins",2021,17751468
6,"Chemical Products",635,"Glues, starches, & albuminoid products",63503,"Gelatin",2021,55792661
6,"Chemical Products",635,"Glues, starches, & albuminoid products",63504,"Peptones",2021,106081926
6,"Chemical Products",635,"Glues, starches, & albuminoid products",63505,"Dextrins",2021,15450670
6,"Chemical Products",635,"Glues, starches, & albuminoid products",63506,"Glues",2021,182598557
6,"Chemical Products",635,"Glues, starches, & albuminoid products",63507,"Enzymes",2021,56418061
6,"Chemical Products",636,"Explosives, matches, & fireworks",63601,"Propellant Powders",2021,7776456
6,"Chemical Products",636,"Explosives, matches, & fireworks",63602,"Prepared Explosives",2021,29312136
6,"Chemical Products",636,"Explosives, matches, & fireworks",63603,"Detonating Fuses",2021,55321852
6,"Chemical Products",636,"Explosives, matches, & fireworks",63604,"Fireworks",2021,24252966
6,"Chemical Products",636,"Explosives, matches, & fireworks",63605,"Matches",2021,547503
6,"Chemical Products",636,"Explosives, matches, & fireworks",63606,"Pyrophoric Alloys",2021,7835149
6,"Chemical Products",637,"Photo & movie goods",63701,"Photographic Plates",2021,39494499
6,"Chemical Products",637,"Photo & movie goods",63702,"Photographic Film",2021,2416723
6,"Chemical Products",637,"Photo & movie goods",63703,"Photographic Paper",2021,2848956
6,"Chemical Products",637,"Photo & movie goods",63704,"Undeveloped Exposed Photographic Material",2021,3729432
6,"Chemical Products",637,"Photo & movie goods",63705,"Developed Exposed Photographic Material",2021,349411
6,"Chemical Products",637,"Photo & movie goods",63706,"Motion-picture film, exposed and developed",2021,29418
6,"Chemical Products",637,"Photo & movie goods",63707,"Photographic Chemicals",2021,41873149
6,"Chemical Products",638,"Chemical products n.e.s.",63801,"Artificial Graphite",2021,115702761
6,"Chemical Products",638,"Chemical products n.e.s.",63802,"Activated Carbon",2021,50075756
6,"Chemical Products",638,"Chemical products n.e.s.",63803,"Tall Oil",2021,3911754
6,"Chemical Products",638,"Chemical products n.e.s.",63804,"Wood Pulp Lyes",2021,2651871
6,"Chemical Products",638,"Chemical products n.e.s.",63805,"Turpentine",2021,9962694
6,"Chemical Products",638,"Chemical products n.e.s.",63806,"Rosin",2021,40610269
6,"Chemical Products",638,"Chemical products n.e.s.",63807,"Wood Tar, Oils and Pitch",2021,7786314
6,"Chemical Products",638,"Chemical products n.e.s.",63808,"Pesticides",2021,1590072371
6,"Chemical Products",638,"Chemical products n.e.s.",63809,"Dyeing Finishing Agents",2021,192018923
6,"Chemical Products",638,"Chemical products n.e.s.",63810,"Metal Pickling Preparations",2021,14079031
6,"Chemical Products",638,"Chemical products n.e.s.",63811,"Antiknock",2021,53759813
6,"Chemical Products",638,"Chemical products n.e.s.",63812,"Prepared Rubber Accelerators",2021,95221726
6,"Chemical Products",638,"Chemical products n.e.s.",63813,"Fire Extinguishers Preparations",2021,16320939
6,"Chemical Products",638,"Chemical products n.e.s.",63814,"Organic Composite Solvents",2021,49718888
6,"Chemical Products",638,"Chemical products n.e.s.",63815,"Reaction and Catalytic Products",2021,132535974
6,"Chemical Products",638,"Chemical products n.e.s.",63816,"Refractory Cements",2021,152589737
6,"Chemical Products",638,"Chemical products n.e.s.",63817,"Alkylbenzenes and Alkylnaphthalenes",2021,345561821
6,"Chemical Products",638,"Chemical products n.e.s.",63818,"Disc Chemicals for Electronics",2021,2004016
6,"Chemical Products",638,"Chemical products n.e.s.",63819,"Hydraulic Brake Fluid",2021,25067435
6,"Chemical Products",638,"Chemical products n.e.s.",63820,"Antifreeze",2021,14552653
6,"Chemical Products",638,"Chemical products n.e.s.",63821,"Micro-Organism Culture Preparations",2021,67520893
6,"Chemical Products",638,"Chemical products n.e.s.",63822,"Laboratory Reagents",2021,819491801
6,"Chemical Products",638,"Chemical products n.e.s.",63823,"Industrial Fatty Acids, Oils and Alcohols",2021,3515057861
7,"Plastics and Rubbers",739,"Plastics & articles thereof",73901,"Ethylene Polymers",2021,2054207959
7,"Plastics and Rubbers",739,"Plastics & articles thereof",73902,"Propylene Polymers",2021,1327919065
7,"Plastics and Rubbers",739,"Plastics & articles thereof",73903,"Styrene Polymers",2021,435993679
7,"Plastics and Rubbers",739,"Plastics & articles thereof",73904,"Vinyl Chloride Polymers",2021,492281925
7,"Plastics and Rubbers",739,"Plastics & articles thereof",73905,"Other Vinyl Polymers",2021,129489246
7,"Plastics and Rubbers",739,"Plastics & articles thereof",73906,"Acrylic Polymers",2021,304988202
7,"Plastics and Rubbers",739,"Plastics & articles thereof",73907,"Polyacetals",2021,2380794909
7,"Plastics and Rubbers",739,"Plastics & articles thereof",73908,"Polyamides",2021,465717705
7,"Plastics and Rubbers",739,"Plastics & articles thereof",73909,"Amino-resins",2021,647490863
7,"Plastics and Rubbers",739,"Plastics & articles thereof",73910,"Silicone",2021,89581128
7,"Plastics and Rubbers",739,"Plastics & articles thereof",73911,"Petroleum Resins",2021,106974601
7,"Plastics and Rubbers",739,"Plastics & articles thereof",73912,"Cellulose",2021,25746571
7,"Plastics and Rubbers",739,"Plastics & articles thereof",73913,"Natural Polymers",2021,47058503
7,"Plastics and Rubbers",739,"Plastics & articles thereof",73914,"Polymer Ion-Exchangers",2021,9447424
7,"Plastics and Rubbers",739,"Plastics & articles thereof",73915,"Scrap Plastic",2021,75338321
7,"Plastics and Rubbers",739,"Plastics & articles thereof",73916,"Monofilament",2021,117777855
7,"Plastics and Rubbers",739,"Plastics & articles thereof",73917,"Plastic Pipes",2021,1036111352
7,"Plastics and Rubbers",739,"Plastics & articles thereof",73918,"Plastic Floor Coverings",2021,50746689
7,"Plastics and Rubbers",739,"Plastics & articles thereof",73919,"Self-adhesive Plastics",2021,306914441
7,"Plastics and Rubbers",739,"Plastics & articles thereof",73920,"Raw Plastic Sheeting",2021,1281376041
7,"Plastics and Rubbers",739,"Plastics & articles thereof",73921,"Other Plastic Sheetings",2021,728706308
7,"Plastics and Rubbers",739,"Plastics & articles thereof",73922,"Plastic Wash Basins",2021,217579271
7,"Plastics and Rubbers",739,"Plastics & articles thereof",73923,"Plastic Lids",2021,1592982594
7,"Plastics and Rubbers",739,"Plastics & articles thereof",73924,"Plastic Housewares",2021,254350043
7,"Plastics and Rubbers",739,"Plastics & articles thereof",73925,"Plastic Building Materials",2021,244818047
7,"Plastics and Rubbers",739,"Plastics & articles thereof",73926,"Other Plastic Products",2021,1318246715
7,"Plastics and Rubbers",740,"Rubber & articles thereof",74001,"Rubber",2021,28334217
7,"Plastics and Rubbers",740,"Rubber & articles thereof",74002,"Synthetic Rubber",2021,304413058
7,"Plastics and Rubbers",740,"Rubber & articles thereof",74003,"Reclaimed Rubber",2021,2277131
7,"Plastics and Rubbers",740,"Rubber & articles thereof",74004,"Scrap Rubber",2021,5094570
7,"Plastics and Rubbers",740,"Rubber & articles thereof",74005,"Compounded Unvulcanised Rubber",2021,198063969
7,"Plastics and Rubbers",740,"Rubber & articles thereof",74006,"Unvulcanised Rubber Products",2021,7083591
7,"Plastics and Rubbers",740,"Rubber & articles thereof",74007,"Rubber Thread",2021,2495491
7,"Plastics and Rubbers",740,"Rubber & articles thereof",74008,"Rubber Sheets",2021,148840145
7,"Plastics and Rubbers",740,"Rubber & articles thereof",74009,"Rubber Pipes",2021,223782999
7,"Plastics and Rubbers",740,"Rubber & articles thereof",74010,"Rubber Belting",2021,151378850
7,"Plastics and Rubbers",740,"Rubber & articles thereof",74011,"Rubber Tires",2021,2991754962
7,"Plastics and Rubbers",740,"Rubber & articles thereof",74012,"Used Rubber Tires",2021,101167282
7,"Plastics and Rubbers",740,"Rubber & articles thereof",74013,"Rubber Inner Tubes",2021,12098440
7,"Plastics and Rubbers",740,"Rubber & articles thereof",74014,"Pharmaceutical Rubber Products",2021,19359624
7,"Plastics and Rubbers",740,"Rubber & articles thereof",74015,"Rubber Apparel",2021,124688925
7,"Plastics and Rubbers",740,"Rubber & articles thereof",74016,"Other Rubber Products",2021,623482088
7,"Plastics and Rubbers",740,"Rubber & articles thereof",74017,"Hard Rubber",2021,6722795
8,"Animal Hides",841,"Raw hides & skin (non-fur)",84101,"Equine and Bovine Hides",2021,6401291
8,"Animal Hides",841,"Raw hides & skin (non-fur)",84102,"Sheep Hides",2021,37525107
8,"Animal Hides",841,"Raw hides & skin (non-fur)",84103,"Other Hides and Skins",2021,8857156
8,"Animal Hides",841,"Raw hides & skin (non-fur)",84104,"Tanned Equine and Bovine Hides",2021,391193854
8,"Animal Hides",841,"Raw hides & skin (non-fur)",84105,"Tanned Sheep Hides",2021,134376007
8,"Animal Hides",841,"Raw hides & skin (non-fur)",84106,"Tanned Goat Hides",2021,14367608
8,"Animal Hides",841,"Raw hides & skin (non-fur)",84107,"Leather of Other Animals",2021,17600775
8,"Animal Hides",841,"Raw hides & skin (non-fur)",84108,"Chamois Leather",2021,23082944
8,"Animal Hides",841,"Raw hides & skin (non-fur)",84109,"Patent Leather",2021,9074102
8,"Animal Hides",841,"Raw hides & skin (non-fur)",84110,"Leather Waste",2021,2672689
8,"Animal Hides",841,"Raw hides & skin (non-fur)",84111,"Leather Sheets",2021,5191137
8,"Animal Hides",842,"Leather articles",84201,"Saddlery",2021,25509263
8,"Animal Hides",842,"Leather articles",84202,"Trunks and Cases",2021,1898811737
8,"Animal Hides",842,"Leather articles",84203,"Leather Apparel",2021,300541627
8,"Animal Hides",842,"Leather articles",84205,"Other Leather Articles",2021,52585669
8,"Animal Hides",842,"Leather articles",84206,"Articles of Gut",2021,1347961
8,"Animal Hides",843,"Furskins, articifial fur, & articles",84301,"Raw Furskins",2021,15596910
8,"Animal Hides",843,"Furskins, articifial fur, & articles",84302,"Tanned Furskins",2021,42322162
8,"Animal Hides",843,"Furskins, articifial fur, & articles",84303,"Furskin Apparel",2021,19853991
8,"Animal Hides",843,"Furskins, articifial fur, & articles",84304,"Artificial Fur",2021,249370
9,"Wood Products",944,"Wood, wood articles, & charcoal",94401,"Fuel Wood",2021,81650937
9,"Wood Products",944,"Wood, wood articles, & charcoal",94402,"Wood Charcoal",2021,34772392
9,"Wood Products",944,"Wood, wood articles, & charcoal",94403,"Rough Wood",2021,161630945
9,"Wood Products",944,"Wood, wood articles, & charcoal",94404,"Wood Stakes",2021,3769023
9,"Wood Products",944,"Wood, wood articles, & charcoal",94405,"Wood Wool",2021,1585280
9,"Wood Products",944,"Wood, wood articles, & charcoal",94406,"Railroad Ties",2021,4448391
9,"Wood Products",944,"Wood, wood articles, & charcoal",94407,"Sawn Wood",2021,112324547
9,"Wood Products",944,"Wood, wood articles, & charcoal",94408,"Veneer Sheets",2021,105003824
9,"Wood Products",944,"Wood, wood articles, & charcoal",94409,"Shaped Wood",2021,44165222
9,"Wood Products",944,"Wood, wood articles, & charcoal",94410,"Particle Board",2021,270816834
9,"Wood Products",944,"Wood, wood articles, & charcoal",94411,"Wood Fiberboard",2021,408861393
9,"Wood Products",944,"Wood, wood articles, & charcoal",94412,"Plywood",2021,363277132
9,"Wood Products",944,"Wood, wood articles, & charcoal",94413,"Densified Wood",2021,15715866
9,"Wood Products",944,"Wood, wood articles, & charcoal",94414,"Wood Frames",2021,9604830
9,"Wood Products",944,"Wood, wood articles, & charcoal",94415,"Wood Crates",2021,109869396
9,"Wood Products",944,"Wood, wood articles, & charcoal",94416,"Wood Barrels",2021,115661864
9,"Wood Products",944,"Wood, wood articles, & charcoal",94417,"Wooden Tool Handles",2021,4545777
9,"Wood Products",944,"Wood, wood articles, & charcoal",94418,"Wood Carpentry",2021,183791533
9,"Wood Products",944,"Wood, wood articles, & charcoal",94419,"Wood Kitchenware",2021,19917415
9,"Wood Products",944,"Wood, wood articles, & charcoal",94420,"Wood Ornaments",2021,13358435
9,"Wood Products",944,"Wood, wood articles, & charcoal",94421,"Other Wood Articles",2021,82450143
9,"Wood Products",945,"Cork & cork articles",94501,"Raw Cork",2021,164146029
9,"Wood Products",945,"Cork & cork articles",94502,"Debacked Cork",2021,11186084
9,"Wood Products",945,"Cork & cork articles",94503,"Natural Cork Articles",2021,29460653
9,"Wood Products",945,"Cork & cork articles",94504,"Agglomerated Cork",2021,176600520
9,"Wood Products",946,"Straw & esparto manufactures",94601,"Plaiting Products",2021,13107245
9,"Wood Products",946,"Straw & esparto manufactures",94602,"Basketwork",2021,32777908
10,"Paper Goods",1047,"Wood pulp & paper scrap",104701,"Mechanical Wood Pulp",2021,12779038
10,"Paper Goods",1047,"Wood pulp & paper scrap",104702,"Dissolving Grades Chemical Woodpulp",2021,1411154
10,"Paper Goods",1047,"Wood pulp & paper scrap",104703,"Sulfate Chemical Woodpulp",2021,590713265
10,"Paper Goods",1047,"Wood pulp & paper scrap",104704,"Sulfite Chemical Woodpulp",2021,794785
10,"Paper Goods",1047,"Wood pulp & paper scrap",104705,"Semi chemical Woodpulp",2021,8180224
10,"Paper Goods",1047,"Wood pulp & paper scrap",104706,"Recovered Paper Pulp",2021,67183780
10,"Paper Goods",1047,"Wood pulp & paper scrap",104707,"Recovered Paper",2021,171304750
10,"Paper Goods",1048,"Paper articles",104801,"Newsprint",2021,56749977
10,"Paper Goods",1048,"Paper articles",104802,"Uncoated Paper",2021,216437371
10,"Paper Goods",1048,"Paper articles",104803,"Tissue",2021,115891312
10,"Paper Goods",1048,"Paper articles",104804,"Kraft Paper",2021,341303060
10,"Paper Goods",1048,"Paper articles",104805,"Other Uncoated Paper",2021,933545018
10,"Paper Goods",1048,"Paper articles",104806,"Vegetable Parchment",2021,23615243
10,"Paper Goods",1048,"Paper articles",104807,"Composite Paper",2021,26508065
10,"Paper Goods",1048,"Paper articles",104808,"Corrugated Paper",2021,47870018
10,"Paper Goods",1048,"Paper articles",104809,"Carbon Paper",2021,45349832
10,"Paper Goods",1048,"Paper articles",104810,"Kaolin Coated Paper",2021,496418584
10,"Paper Goods",1048,"Paper articles",104811,"Cellulose Fibers Paper",2021,867405252
10,"Paper Goods",1048,"Paper articles",104812,"Paper Pulp Filter Blocks",2021,3345001
10,"Paper Goods",1048,"Paper articles",104813,"Cigarette Paper",2021,237748647
10,"Paper Goods",1048,"Paper articles",104814,"Wallpaper",2021,6727232
10,"Paper Goods",1048,"Paper articles",104816,"Other Carbon Paper",2021,2956438
10,"Paper Goods",1048,"Paper articles",104817,"Letter Stock",2021,33843868
10,"Paper Goods",1048,"Paper articles",104818,"Toilet Paper",2021,555812963
10,"Paper Goods",1048,"Paper articles",104819,"Paper Containers",2021,752570614
10,"Paper Goods",1048,"Paper articles",104820,"Paper Notebooks",2021,50402373
10,"Paper Goods",1048,"Paper articles",104821,"Paper Labels",2021,95543741
10,"Paper Goods",1048,"Paper articles",104822,"Paper Spools",2021,26161208
10,"Paper Goods",1048,"Paper articles",104823,"Shaped Paper",2021,247306051
10,"Paper Goods",1049,"Books, newspapers, & other prints",104901,"Brochures",2021,520469693
10,"Paper Goods",1049,"Books, newspapers, & other prints",104902,"Newspapers",2021,116907992
10,"Paper Goods",1049,"Books, newspapers, & other prints",104903,"Children's Picture Books",2021,15978116
10,"Paper Goods",1049,"Books, newspapers, & other prints",104904,"Sheet Music",2021,274227
10,"Paper Goods",1049,"Books, newspapers, & other prints",104905,"Maps",2021,2703995
10,"Paper Goods",1049,"Books, newspapers, & other prints",104906,"Architectural Plans",2021,498888
10,"Paper Goods",1049,"Books, newspapers, & other prints",104907,"Documents of title (bonds etc) and unused stamps",2021,2776476
10,"Paper Goods",1049,"Books, newspapers, & other prints",104908,"Decals",2021,8074121
10,"Paper Goods",1049,"Books, newspapers, & other prints",104909,"Postcards",2021,4619166
10,"Paper Goods",1049,"Books, newspapers, & other prints",104910,"Calendars",2021,4251852
10,"Paper Goods",1049,"Books, newspapers, & other prints",104911,"Other Printed Material",2021,164660488
11,"Textiles",1150,"Silk",115001,"Silk-worm Cocoons",2021,2184.0000000000005
11,"Textiles",1150,"Silk",115002,"Raw Silk",2021,224255
11,"Textiles",1150,"Silk",115003,"Silk Waste",2021,100024
11,"Textiles",1150,"Silk",115004,"Non-Retail Silk Yarn",2021,661430
11,"Textiles",1150,"Silk",115005,"Silk Waste Yarn",2021,255642
11,"Textiles",1150,"Silk",115006,"Retail Silk Yarn",2021,188756
11,"Textiles",1150,"Silk",115007,"Silk Fabrics",2021,2763226
11,"Textiles",1151,"Wool & animal hair",115101,"Wool",2021,24355786
11,"Textiles",1151,"Wool & animal hair",115102,"Animal Hair",2021,2159332
11,"Textiles",1151,"Wool & animal hair",115103,"Wool or Animal Hair Waste",2021,1021458.0000000001
11,"Textiles",1151,"Wool & animal hair",115104,"Garnetted Wool or Animal Hair",2021,7048
11,"Textiles",1151,"Wool & animal hair",115105,"Prepared Wool or Animal Hair",2021,5298587
11,"Textiles",1151,"Wool & animal hair",115106,"Non-Retail Carded Wool Yarn",2021,13491876
11,"Textiles",1151,"Wool & animal hair",115107,"Non-Retail Combed Wool Yarn",2021,7102060
11,"Textiles",1151,"Wool & animal hair",115108,"Non-Retail Animal Hair Yarn",2021,118810
11,"Textiles",1151,"Wool & animal hair",115109,"Retail Wool or Animal Hair Yarn",2021,5534412
11,"Textiles",1151,"Wool & animal hair",115110,"Horsehair Yarn",2021,3632
11,"Textiles",1151,"Wool & animal hair",115111,"Carded Wool or Animal Hair Fabric",2021,13485435
11,"Textiles",1151,"Wool & animal hair",115112,"Combed Wool or Animal Hair Fabric",2021,7315793
11,"Textiles",1151,"Wool & animal hair",115113,"Horsehair Fabric",2021,57355
11,"Textiles",1152,"Cotton",115201,"Raw Cotton",2021,119523443
11,"Textiles",1152,"Cotton",115202,"Cotton Waste",2021,10113733
11,"Textiles",1152,"Cotton",115203,"Prepared Cotton",2021,6050062
11,"Textiles",1152,"Cotton",115204,"Cotton Sewing Thread",2021,3940458
11,"Textiles",1152,"Cotton",115205,"Non-Retail Pure Cotton Yarn",2021,35879765
11,"Textiles",1152,"Cotton",115206,"Non-Retail Mixed Cotton Yarn",2021,51393753
11,"Textiles",1152,"Cotton",115207,"Retail Cotton Yarn",2021,4811079
11,"Textiles",1152,"Cotton",115208,"Light Pure Woven Cotton",2021,109782181
11,"Textiles",1152,"Cotton",115209,"Heavy Pure Woven Cotton",2021,109373042
11,"Textiles",1152,"Cotton",115210,"Light Mixed Woven Cotton",2021,45722253
11,"Textiles",1152,"Cotton",115211,"Heavy Mixed Woven Cotton",2021,72740296
11,"Textiles",1152,"Cotton",115212,"Other Cotton Fabrics",2021,18645402
11,"Textiles",1153,"Vegetable textile fibers, paper yarn & fabrics",115301,"Flax Fibers",2021,2950716
11,"Textiles",1153,"Vegetable textile fibers, paper yarn & fabrics",115302,"Hemp Fibers",2021,3663556
11,"Textiles",1153,"Vegetable textile fibers, paper yarn & fabrics",115303,"Jute and Other Textile Fibers",2021,622103
11,"Textiles",1153,"Vegetable textile fibers, paper yarn & fabrics",115305,"Coconut and Other Vegetable Fibers",2021,8473214
11,"Textiles",1153,"Vegetable textile fibers, paper yarn & fabrics",115306,"Flax Yarn",2021,4572793
11,"Textiles",1153,"Vegetable textile fibers, paper yarn & fabrics",115307,"Jute Yarn",2021,47874
11,"Textiles",1153,"Vegetable textile fibers, paper yarn & fabrics",115308,"Other Vegetable Fibers Yarn",2021,6957139
11,"Textiles",1153,"Vegetable textile fibers, paper yarn & fabrics",115309,"Flax Woven Fabric",2021,35579728
11,"Textiles",1153,"Vegetable textile fibers, paper yarn & fabrics",115310,"Jute Woven Fabric",2021,1904486
11,"Textiles",1153,"Vegetable textile fibers, paper yarn & fabrics",115311,"Other Vegetable Fibers Fabric",2021,2481175
11,"Textiles",1154,"Man-made filaments",115401,"Artificial Filament Sewing Thread",2021,21268019
11,"Textiles",1154,"Man-made filaments",115402,"Non-Retail Synthetic Filament Yarn",2021,269685723
11,"Textiles",1154,"Man-made filaments",115403,"Non-Retail Artificial Filament Yarn",2021,15605250
11,"Textiles",1154,"Man-made filaments",115404,"Synthetic Monofilament",2021,13966898
11,"Textiles",1154,"Man-made filaments",115405,"Artificial Monofilament",2021,11702
11,"Textiles",1154,"Man-made filaments",115406,"Retail Artificial Filament Yarn",2021,567857
11,"Textiles",1154,"Man-made filaments",115407,"Synthetic Filament Yarn Woven Fabric",2021,298869127
11,"Textiles",1154,"Man-made filaments",115408,"Artificial Filament Yarn Woven Fabric",2021,33341220
11,"Textiles",1155,"Man-made staple fibres",115501,"Synthetic Filament Tow",2021,7571874
11,"Textiles",1155,"Man-made staple fibres",115502,"Artificial Filament Tow",2021,863142
11,"Textiles",1155,"Man-made staple fibres",115503,"Unprocessed Synthetic Staple Fibers",2021,90980864
11,"Textiles",1155,"Man-made staple fibres",115504,"Unprocessed Artificial Staple Fibers",2021,3585889
11,"Textiles",1155,"Man-made staple fibres",115505,"Artificial Fibers Waste",2021,6183335
11,"Textiles",1155,"Man-made staple fibres",115506,"Processed Synthetic Staple Fibers",2021,9162629
11,"Textiles",1155,"Man-made staple fibres",115507,"Processed Artificial Staple Fibers",2021,1360250
11,"Textiles",1155,"Man-made staple fibres",115508,"Non-Retail Artificial Staple Fibers Sewing Thread",2021,2790217
11,"Textiles",1155,"Man-made staple fibres",115509,"Non-Retail Synthetic Staple Fibers Yarn",2021,122012490
11,"Textiles",1155,"Man-made staple fibres",115510,"Non-Retail Artificial Staple Fibers Yarn",2021,7172335
11,"Textiles",1155,"Man-made staple fibres",115511,"Retail Artificial Staple Fibers Yarn",2021,1855779
11,"Textiles",1155,"Man-made staple fibres",115512,"Synthetic Fabrics",2021,174473801
11,"Textiles",1155,"Man-made staple fibres",115513,"Light Synthetic Cotton Fabrics",2021,11621008
11,"Textiles",1155,"Man-made staple fibres",115514,"Heavy Synthetic Cotton Fabrics",2021,52733107
11,"Textiles",1155,"Man-made staple fibres",115515,"Other Synthetic Fabrics",2021,57911135
11,"Textiles",1155,"Man-made staple fibres",115516,"Woven Fabric of Synthetic Staple Fibers",2021,137991804
11,"Textiles",1156,"Wadding, felt, nonwovens, twin, ropes, & articles thereof",115601,"Wadding",2021,40085832
11,"Textiles",1156,"Wadding, felt, nonwovens, twin, ropes, & articles thereof",115602,"Felt",2021,27221627
11,"Textiles",1156,"Wadding, felt, nonwovens, twin, ropes, & articles thereof",115603,"Non-woven Textiles",2021,434205006
11,"Textiles",1156,"Wadding, felt, nonwovens, twin, ropes, & articles thereof",115604,"Rubber Textiles",2021,3517508
11,"Textiles",1156,"Wadding, felt, nonwovens, twin, ropes, & articles thereof",115605,"Metallic Yarn",2021,918404.0000000001
11,"Textiles",1156,"Wadding, felt, nonwovens, twin, ropes, & articles thereof",115606,"Gimp Yarn",2021,6249204
11,"Textiles",1156,"Wadding, felt, nonwovens, twin, ropes, & articles thereof",115607,"Twine and Rope",2021,44057990
11,"Textiles",1156,"Wadding, felt, nonwovens, twin, ropes, & articles thereof",115608,"Twine, cordage or rope; knotted netting, made up fishing nets and other made up nets, of textile materials",2021,80492848
11,"Textiles",1156,"Wadding, felt, nonwovens, twin, ropes, & articles thereof",115609,"Other Articles of Twine and Rope",2021,11600038
11,"Textiles",1157,"Carpets & textile floor covers",115701,"Knotted Carpets",2021,8163771
11,"Textiles",1157,"Carpets & textile floor covers",115702,"Hand-Woven Rugs",2021,46696321
11,"Textiles",1157,"Carpets & textile floor covers",115703,"Tufted Carpets",2021,53914742
11,"Textiles",1157,"Carpets & textile floor covers",115704,"Felt Carpets",2021,2981887
11,"Textiles",1157,"Carpets & textile floor covers",115705,"Other Carpets",2021,11458258
11,"Textiles",1158,"Special woven fabrics and tapestries",115801,"Woven Fabrics",2021,59590110
11,"Textiles",1158,"Special woven fabrics and tapestries",115802,"Terry Fabric",2021,875889
11,"Textiles",1158,"Special woven fabrics and tapestries",115803,"Gauze",2021,3695128
11,"Textiles",1158,"Special woven fabrics and tapestries",115804,"Tulles and Net Fabric",2021,6658290
11,"Textiles",1158,"Special woven fabrics and tapestries",115805,"Hand-Woven Tapestries",2021,538205
11,"Textiles",1158,"Special woven fabrics and tapestries",115806,"Narrow Woven Fabric",2021,65645534
11,"Textiles",1158,"Special woven fabrics and tapestries",115807,"Labels",2021,16366337
11,"Textiles",1158,"Special woven fabrics and tapestries",115808,"Ornamental Trimmings",2021,5373171
11,"Textiles",1158,"Special woven fabrics and tapestries",115809,"Metallic Fabric",2021,230479
11,"Textiles",1158,"Special woven fabrics and tapestries",115810,"Embroidery",2021,7758089
11,"Textiles",1158,"Special woven fabrics and tapestries",115811,"Quilted Textiles",2021,9819419
11,"Textiles",1159,"Coated, covered, & laminated fabrics for industrial use",115901,"Gum Coated Textile Fabric",2021,2998658
11,"Textiles",1159,"Coated, covered, & laminated fabrics for industrial use",115902,"Polyamide Fabric",2021,11302060
11,"Textiles",1159,"Coated, covered, & laminated fabrics for industrial use",115903,"Plastic Coated Textile Fabric",2021,175359602
11,"Textiles",1159,"Coated, covered, & laminated fabrics for industrial use",115904,"Linoleum",2021,442610
11,"Textiles",1159,"Coated, covered, & laminated fabrics for industrial use",115905,"Textile Wall Coverings",2021,874486
11,"Textiles",1159,"Coated, covered, & laminated fabrics for industrial use",115906,"Rubber Textile Fabric",2021,31198162
11,"Textiles",1159,"Coated, covered, & laminated fabrics for industrial use",115907,"Coated Textile Fabric",2021,26761115
11,"Textiles",1159,"Coated, covered, & laminated fabrics for industrial use",115908,"Textile Wicks",2021,1312556
11,"Textiles",1159,"Coated, covered, & laminated fabrics for industrial use",115909,"Hose Piping Textiles",2021,11174384
11,"Textiles",1159,"Coated, covered, & laminated fabrics for industrial use",115910,"Conveyor Belt Textiles",2021,23679113
11,"Textiles",1159,"Coated, covered, & laminated fabrics for industrial use",115911,"Textiles for technical uses",2021,81995244
11,"Textiles",1160,"Knitted fabrics",116001,"Pile Fabric",2021,43284996
11,"Textiles",1160,"Knitted fabrics",116002,"Light Rubberized Knitted Fabric",2021,254590359
11,"Textiles",1161,"Knitted clothing accesories",116101,"Knit Men's Coats",2021,78486341
11,"Textiles",1161,"Knitted clothing accesories",116102,"Knit Women's Coats",2021,138024116
11,"Textiles",1161,"Knitted clothing accesories",116103,"Knit Men's Suits",2021,223402605
11,"Textiles",1161,"Knitted clothing accesories",116104,"Knit Women's Suits",2021,838156708
11,"Textiles",1161,"Knitted clothing accesories",116105,"Knit Men's Shirts",2021,76139249
11,"Textiles",1161,"Knitted clothing accesories",116106,"Knit Women's Shirts",2021,59454282
11,"Textiles",1161,"Knitted clothing accesories",116107,"Knit Men's Undergarments",2021,62286266
11,"Textiles",1161,"Knitted clothing accesories",116108,"Knit Women's Undergarments",2021,100645085
11,"Textiles",1161,"Knitted clothing accesories",116109,"Knit T-shirts",2021,1000309005
11,"Textiles",1161,"Knitted clothing accesories",116110,"Knit Sweaters",2021,1389311496
11,"Textiles",1161,"Knitted clothing accesories",116111,"Knit Babies' Garments",2021,263521788
11,"Textiles",1161,"Knitted clothing accesories",116112,"Knit Active Wear",2021,76362410
11,"Textiles",1161,"Knitted clothing accesories",116113,"Garments of Impregnated Fabric",2021,58160887
11,"Textiles",1161,"Knitted clothing accesories",116114,"Other Knit Garments",2021,484623743
11,"Textiles",1161,"Knitted clothing accesories",116115,"Knit Socks and Hosiery",2021,103820113
11,"Textiles",1161,"Knitted clothing accesories",116116,"Knit Gloves",2021,28501014
11,"Textiles",1161,"Knitted clothing accesories",116117,"Other Knit Clothing Accessories",2021,64872284
11,"Textiles",1162,"Non-knitted clothing accesories",116201,"Non-Knit Men's Coats",2021,286064357
11,"Textiles",1162,"Non-knitted clothing accesories",116202,"Non-Knit Women's Coats",2021,624792405
11,"Textiles",1162,"Non-knitted clothing accesories",116203,"Non-Knit Men's Suits",2021,791071731
11,"Textiles",1162,"Non-knitted clothing accesories",116204,"Non-Knit Women's Suits",2021,2719326957
11,"Textiles",1162,"Non-knitted clothing accesories",116205,"Non-Knit Men's Shirts",2021,232990311
11,"Textiles",1162,"Non-knitted clothing accesories",116206,"Non-Knit Women's Shirts",2021,549682580
11,"Textiles",1162,"Non-knitted clothing accesories",116207,"Non-Knit Men's Undergarments",2021,23071201
11,"Textiles",1162,"Non-knitted clothing accesories",116208,"Non-Knit Women's Undergarments",2021,35331498
11,"Textiles",1162,"Non-knitted clothing accesories",116209,"Non-Knit Babies' Garments",2021,166523778
11,"Textiles",1162,"Non-knitted clothing accesories",116210,"Felt or Coated Fabric Garments",2021,234329120
11,"Textiles",1162,"Non-knitted clothing accesories",116211,"Non-Knit Active Wear",2021,348040023
11,"Textiles",1162,"Non-knitted clothing accesories",116212,"Other Women's Undergarments",2021,94863323
11,"Textiles",1162,"Non-knitted clothing accesories",116213,"Handkerchiefs",2021,1367261
11,"Textiles",1162,"Non-knitted clothing accesories",116214,"Scarves",2021,42895728
11,"Textiles",1162,"Non-knitted clothing accesories",116215,"Neck Ties",2021,2608307
11,"Textiles",1162,"Non-knitted clothing accesories",116216,"Non-Knit Gloves",2021,6991851
11,"Textiles",1162,"Non-knitted clothing accesories",116217,"Other Non-Knit Clothing Accessories",2021,96667549
11,"Textiles",1163,"Used clothes & textile articles",116301,"Blankets",2021,43603240
11,"Textiles",1163,"Used clothes & textile articles",116302,"House Linens",2021,227067496
11,"Textiles",1163,"Used clothes & textile articles",116303,"Window Dressings",2021,55796873
11,"Textiles",1163,"Used clothes & textile articles",116304,"Bedspreads",2021,50464237
11,"Textiles",1163,"Used clothes & textile articles",116305,"Packing Bags",2021,40730424
11,"Textiles",1163,"Used clothes & textile articles",116306,"Awnings, Tents, and Sails",2021,94591181
11,"Textiles",1163,"Used clothes & textile articles",116307,"Other Cloth Articles",2021,188433434
11,"Textiles",1163,"Used clothes & textile articles",116308,"Packaged Sewing Sets",2021,4440635
11,"Textiles",1163,"Used clothes & textile articles",116309,"Used Clothing",2021,100303997
11,"Textiles",1163,"Used clothes & textile articles",116310,"Textile Scraps",2021,9016836
12,"Footwear and Headwear",1264,"Footwear",126401,"Waterproof Footwear",2021,33276551
12,"Footwear and Headwear",1264,"Footwear",126402,"Rubber Footwear",2021,539243939
12,"Footwear and Headwear",1264,"Footwear",126403,"Leather Footwear",2021,1401553626
12,"Footwear and Headwear",1264,"Footwear",126404,"Textile Footwear",2021,700912864
12,"Footwear and Headwear",1264,"Footwear",126405,"Other Footwear",2021,74192119
12,"Footwear and Headwear",1264,"Footwear",126406,"Footwear Parts",2021,188688404
12,"Footwear and Headwear",1265,"Headgear",126501,"Hat Forms",2021,369203
12,"Footwear and Headwear",1265,"Headgear",126502,"Hat Shapes",2021,52865
12,"Footwear and Headwear",1265,"Headgear",126504,"Hats",2021,5549946
12,"Footwear and Headwear",1265,"Headgear",126505,"Knitted Hats",2021,83461768
12,"Footwear and Headwear",1265,"Headgear",126506,"Other Headwear",2021,66885603
12,"Footwear and Headwear",1265,"Headgear",126507,"Headbands and Linings",2021,1883499
12,"Footwear and Headwear",1266,"Umbrellas, walking sticks, & whips",126601,"Umbrellas",2021,20301989
12,"Footwear and Headwear",1266,"Umbrellas, walking sticks, & whips",126602,"Walking Sticks",2021,6074758
12,"Footwear and Headwear",1266,"Umbrellas, walking sticks, & whips",126603,"Umbrella and Walking Stick Accessories",2021,15069696
12,"Footwear and Headwear",1267,"Feather articles, feathers, artificial flowers, & articles of human hair",126701,"Bird Skins and Feathers",2021,1306031
12,"Footwear and Headwear",1267,"Feather articles, feathers, artificial flowers, & articles of human hair",126702,"Artificial Vegetation",2021,10189213
12,"Footwear and Headwear",1267,"Feather articles, feathers, artificial flowers, & articles of human hair",126703,"Processed Hair",2021,3647306
12,"Footwear and Headwear",1267,"Feather articles, feathers, artificial flowers, & articles of human hair",126704,"Fake Hair",2021,5287052
13,"Stone And Glass",1368,"Stone, plaster, cement, asbestos, mica.",136801,"Curbstones",2021,43525977
13,"Stone And Glass",1368,"Stone, plaster, cement, asbestos, mica.",136802,"Building Stone",2021,378904260
13,"Stone And Glass",1368,"Stone, plaster, cement, asbestos, mica.",136803,"Worked Slate",2021,377602639
13,"Stone And Glass",1368,"Stone, plaster, cement, asbestos, mica.",136804,"Milling Stones",2021,108572062
13,"Stone And Glass",1368,"Stone, plaster, cement, asbestos, mica.",136805,"Abrasive Powder",2021,79746055
13,"Stone And Glass",1368,"Stone, plaster, cement, asbestos, mica.",136806,"Rock Wool",2021,110896990
13,"Stone And Glass",1368,"Stone, plaster, cement, asbestos, mica.",136807,"Asphalt",2021,41625234
13,"Stone And Glass",1368,"Stone, plaster, cement, asbestos, mica.",136808,"Vegetable Fiber",2021,5417705
13,"Stone And Glass",1368,"Stone, plaster, cement, asbestos, mica.",136809,"Plaster Articles",2021,205212664
13,"Stone And Glass",1368,"Stone, plaster, cement, asbestos, mica.",136810,"Cement Articles",2021,907501087
13,"Stone And Glass",1368,"Stone, plaster, cement, asbestos, mica.",136811,"Asbestos Cement Articles",2021,8126797
13,"Stone And Glass",1368,"Stone, plaster, cement, asbestos, mica.",136812,"Asbestos Fibres",2021,7006606.000000001
13,"Stone And Glass",1368,"Stone, plaster, cement, asbestos, mica.",136813,"Friction Material",2021,37346581
13,"Stone And Glass",1368,"Stone, plaster, cement, asbestos, mica.",136814,"Processed Mica",2021,2420933
13,"Stone And Glass",1368,"Stone, plaster, cement, asbestos, mica.",136815,"Other Stone Articles",2021,195535136
13,"Stone And Glass",1369,"Ceramic products",136901,"Bricks",2021,31017915
13,"Stone And Glass",1369,"Ceramic products",136902,"Refractory Bricks",2021,166306656
13,"Stone And Glass",1369,"Ceramic products",136903,"Refractory Ceramics",2021,41905053
13,"Stone And Glass",1369,"Ceramic products",136904,"Ceramic Bricks",2021,56483096
13,"Stone And Glass",1369,"Ceramic products",136905,"Roofing Tiles",2021,80895792
13,"Stone And Glass",1369,"Ceramic products",136906,"Ceramic Pipes",2021,2274853
13,"Stone And Glass",1369,"Ceramic products",136907,"Unglazed Ceramics",2021,3937054174
13,"Stone And Glass",1369,"Ceramic products",136908,"Glazed Ceramics",2021,7970724
13,"Stone And Glass",1369,"Ceramic products",136909,"Laboratory Ceramic Ware",2021,21151052
13,"Stone And Glass",1369,"Ceramic products",136910,"Bathroom Ceramics",2021,121704500
13,"Stone And Glass",1369,"Ceramic products",136911,"Porcelain Tableware",2021,25602659
13,"Stone And Glass",1369,"Ceramic products",136912,"Ceramic Tableware",2021,49217993
13,"Stone And Glass",1369,"Ceramic products",136913,"Ornamental Ceramics",2021,44762408
13,"Stone And Glass",1369,"Ceramic products",136914,"Other Ceramic Articles",2021,225908316
13,"Stone And Glass",1370,"Glass & glassware",137001,"Glass Scraps",2021,9863597
13,"Stone And Glass",1370,"Glass & glassware",137002,"Glass Balls",2021,5231023
13,"Stone And Glass",1370,"Glass & glassware",137003,"Cast or Rolled Glass",2021,13964944
13,"Stone And Glass",1370,"Glass & glassware",137004,"Blown Glass",2021,310475
13,"Stone And Glass",1370,"Glass & glassware",137005,"Float Glass",2021,104944344
13,"Stone And Glass",1370,"Glass & glassware",137006,"Glass with Edge Workings",2021,29884794
13,"Stone And Glass",1370,"Glass & glassware",137007,"Safety Glass",2021,248666159
13,"Stone And Glass",1370,"Glass & glassware",137008,"Insulating Glass",2021,84585253
13,"Stone And Glass",1370,"Glass & glassware",137009,"Glass Mirrors",2021,195672075
13,"Stone And Glass",1370,"Glass & glassware",137010,"Glass Bottles",2021,525120359
13,"Stone And Glass",1370,"Glass & glassware",137011,"Glass Bulbs",2021,1174803
13,"Stone And Glass",1370,"Glass & glassware",137013,"Interior Decorative Glassware",2021,164469415
13,"Stone And Glass",1370,"Glass & glassware",137014,"Signaling Glassware",2021,1271744
13,"Stone And Glass",1370,"Glass & glassware",137015,"Eyewear and Clock Glass",2021,155561
13,"Stone And Glass",1370,"Glass & glassware",137016,"Glass Bricks",2021,77507609
13,"Stone And Glass",1370,"Glass & glassware",137017,"Laboratory Glassware",2021,11944763
13,"Stone And Glass",1370,"Glass & glassware",137018,"Glass Beads",2021,10671416
13,"Stone And Glass",1370,"Glass & glassware",137019,"Glass Fibers",2021,262607869
13,"Stone And Glass",1370,"Glass & glassware",137020,"Other Glass Articles",2021,25332457
14,"Precious Metals",1471,"Precious stones, metals, & pearls",147101,"Pearls",2021,735829
14,"Precious Metals",1471,"Precious stones, metals, & pearls",147102,"Diamonds",2021,23490480
14,"Precious Metals",1471,"Precious stones, metals, & pearls",147103,"Precious Stones",2021,4417347
14,"Precious Metals",1471,"Precious stones, metals, & pearls",147104,"Synthetic Reconstructed Jewellery Stones",2021,181044
14,"Precious Metals",1471,"Precious stones, metals, & pearls",147105,"Precious Stone Dust",2021,1407110
14,"Precious Metals",1471,"Precious stones, metals, & pearls",147106,"Silver",2021,364006315
14,"Precious Metals",1471,"Precious stones, metals, & pearls",147107,"Silver Clad Metals",2021,257176
14,"Precious Metals",1471,"Precious stones, metals, & pearls",147108,"Gold",2021,2429420274
14,"Precious Metals",1471,"Precious stones, metals, & pearls",147109,"Gold Clad Metals",2021,284479
14,"Precious Metals",1471,"Precious stones, metals, & pearls",147110,"Platinum",2021,94690405
14,"Precious Metals",1471,"Precious stones, metals, & pearls",147111,"Platinum Clad Metals",2021,166053
14,"Precious Metals",1471,"Precious stones, metals, & pearls",147112,"Precious Metal Scraps",2021,618299620
14,"Precious Metals",1471,"Precious stones, metals, & pearls",147113,"Jewellery",2021,762196967
14,"Precious Metals",1471,"Precious stones, metals, & pearls",147114,"Metal-Clad Products",2021,3165609
14,"Precious Metals",1471,"Precious stones, metals, & pearls",147115,"Other Precious Metal Products",2021,9089177
14,"Precious Metals",1471,"Precious stones, metals, & pearls",147116,"Pearl Products",2021,8918899
14,"Precious Metals",1471,"Precious stones, metals, & pearls",147117,"Imitation Jewellery",2021,136780674
14,"Precious Metals",1471,"Precious stones, metals, & pearls",147118,"Coin",2021,25671897.999999996
15,"Metals",1572,"Iron & steel",157201,"Pig Iron",2021,9875549
15,"Metals",1572,"Iron & steel",157202,"Ferroalloys",2021,228009030
15,"Metals",1572,"Iron & steel",157203,"Iron Reductions",2021,3610672
15,"Metals",1572,"Iron & steel",157204,"Scrap Iron",2021,556555544
15,"Metals",1572,"Iron & steel",157205,"Iron Powder",2021,30736350
15,"Metals",1572,"Iron & steel",157206,"Iron Ingots",2021,5710696
15,"Metals",1572,"Iron & steel",157207,"Semi-Finished Iron",2021,276406021
15,"Metals",1572,"Iron & steel",157208,"Hot-Rolled Iron",2021,722942024
15,"Metals",1572,"Iron & steel",157209,"Cold-Rolled Iron",2021,138847028
15,"Metals",1572,"Iron & steel",157210,"Coated Flat-Rolled Iron",2021,984811770
15,"Metals",1572,"Iron & steel",157211,"Large Flat-Rolled Iron",2021,184786027
15,"Metals",1572,"Iron & steel",157212,"Large Coated Flat-Rolled Iron",2021,199806979
15,"Metals",1572,"Iron & steel",157213,"Hot-Rolled Iron Bars",2021,752578285
15,"Metals",1572,"Iron & steel",157214,"Raw Iron Bars",2021,800595340
15,"Metals",1572,"Iron & steel",157215,"Other Iron Bars",2021,180179628
15,"Metals",1572,"Iron & steel",157216,"Iron Blocks",2021,1939177799
15,"Metals",1572,"Iron & steel",157217,"Iron Wire",2021,347184649
15,"Metals",1572,"Iron & steel",157218,"Stainless Steel Ingots",2021,37721691
15,"Metals",1572,"Iron & steel",157219,"Large Flat-Rolled Stainless Steel",2021,1339994931
15,"Metals",1572,"Iron & steel",157220,"Flat-Rolled Stainless Steel",2021,176060668
15,"Metals",1572,"Iron & steel",157221,"Hot-Rolled Stainless Steel Bars",2021,193298394
15,"Metals",1572,"Iron & steel",157222,"Other Stainless Steel Bars",2021,476111908
15,"Metals",1572,"Iron & steel",157223,"Stainless Steel Wire",2021,51072581
15,"Metals",1572,"Iron & steel",157224,"Steel Ingots",2021,30535406
15,"Metals",1572,"Iron & steel",157225,"Flat Flat-Rolled Steel",2021,325310954
15,"Metals",1572,"Iron & steel",157226,"Flat-Rolled Iron",2021,13914516
15,"Metals",1572,"Iron & steel",157227,"Steel Bars",2021,206041288
15,"Metals",1572,"Iron & steel",157228,"Other Steel Bars",2021,406294508
15,"Metals",1572,"Iron & steel",157229,"Steel Wire",2021,24512463
15,"Metals",1573,"Iron/Steel Articles",157301,"Iron Sheet Piling",2021,59940369
15,"Metals",1573,"Iron/Steel Articles",157302,"Iron Railway Products",2021,223515453
15,"Metals",1573,"Iron/Steel Articles",157303,"Cast Iron Pipes",2021,85158911
15,"Metals",1573,"Iron/Steel Articles",157304,"Iron Pipes",2021,587421117
15,"Metals",1573,"Iron/Steel Articles",157305,"Other Large Iron Pipes",2021,38439230
15,"Metals",1573,"Iron/Steel Articles",157306,"Other Small Iron Pipes",2021,646708153
15,"Metals",1573,"Iron/Steel Articles",157307,"Iron Pipe Fittings",2021,357149304
15,"Metals",1573,"Iron/Steel Articles",157308,"Iron Structures",2021,2038894286
15,"Metals",1573,"Iron/Steel Articles",157309,"Large Iron Containers",2021,177395849
15,"Metals",1573,"Iron/Steel Articles",157310,"Small Iron Containers",2021,373731307
15,"Metals",1573,"Iron/Steel Articles",157311,"Iron Gas Containers",2021,54232263
15,"Metals",1573,"Iron/Steel Articles",157312,"Stranded Iron Wire",2021,226729630
15,"Metals",1573,"Iron/Steel Articles",157313,"Barbed Wire",2021,12452275
15,"Metals",1573,"Iron/Steel Articles",157314,"Iron Cloth",2021,336072929
15,"Metals",1573,"Iron/Steel Articles",157315,"Iron Chains",2021,92049929
15,"Metals",1573,"Iron/Steel Articles",157316,"Iron Anchors",2021,3823285
15,"Metals",1573,"Iron/Steel Articles",157317,"Iron Nails",2021,36646833
15,"Metals",1573,"Iron/Steel Articles",157318,"Iron Fasteners",2021,639603346
15,"Metals",1573,"Iron/Steel Articles",157319,"Iron Sewing Needles",2021,1640214
15,"Metals",1573,"Iron/Steel Articles",157320,"Iron Springs",2021,182618204
15,"Metals",1573,"Iron/Steel Articles",157321,"Iron Stovetops",2021,243259497
15,"Metals",1573,"Iron/Steel Articles",157322,"Iron Radiators",2021,12863181
15,"Metals",1573,"Iron/Steel Articles",157323,"Iron Housewares",2021,190347689
15,"Metals",1573,"Iron/Steel Articles",157324,"Iron Toiletry",2021,87784829
15,"Metals",1573,"Iron/Steel Articles",157325,"Other Cast Iron Products",2021,279224307
15,"Metals",1573,"Iron/Steel Articles",157326,"Other Iron Products",2021,1323484365
15,"Metals",1574,"Copper articles",157401,"Precipitated Copper",2021,588746
15,"Metals",1574,"Copper articles",157402,"Raw Copper",2021,284424976
15,"Metals",1574,"Copper articles",157403,"Refined Copper",2021,1187784819
15,"Metals",1574,"Copper articles",157404,"Scrap Copper",2021,901973738
15,"Metals",1574,"Copper articles",157405,"Copper Alloys",2021,2885513
15,"Metals",1574,"Copper articles",157406,"Copper Powder",2021,24566076
15,"Metals",1574,"Copper articles",157407,"Copper Bars",2021,149804928
15,"Metals",1574,"Copper articles",157408,"Copper Wire",2021,1336686521
15,"Metals",1574,"Copper articles",157409,"Copper Plating",2021,55742987
15,"Metals",1574,"Copper articles",157410,"Copper Foil",2021,4308054
15,"Metals",1574,"Copper articles",157411,"Copper Pipes",2021,132114057
15,"Metals",1574,"Copper articles",157412,"Copper Pipe Fittings",2021,208300651
15,"Metals",1574,"Copper articles",157413,"Stranded Copper Wire",2021,218855205
15,"Metals",1574,"Copper articles",157415,"Copper Fasteners",2021,17076196
15,"Metals",1574,"Copper articles",157418,"Copper Housewares",2021,10736801
15,"Metals",1574,"Copper articles",157419,"Other Copper Products",2021,33796120
15,"Metals",1575,"Nickel articles",157501,"Nickel Mattes",2021,2658679
15,"Metals",1575,"Nickel articles",157502,"Raw Nickel",2021,7393671
15,"Metals",1575,"Nickel articles",157503,"Scrap Nickel",2021,7855213
15,"Metals",1575,"Nickel articles",157504,"Nickel Powder",2021,1591596
15,"Metals",1575,"Nickel articles",157505,"Nickel Bars",2021,4674613
15,"Metals",1575,"Nickel articles",157506,"Nickel Sheets",2021,2363281
15,"Metals",1575,"Nickel articles",157507,"Nickel Pipes",2021,30757070
15,"Metals",1575,"Nickel articles",157508,"Other Nickel Products",2021,3283432
15,"Metals",1576,"Aluminum articles",157601,"Raw Aluminium",2021,1007888773
15,"Metals",1576,"Aluminum articles",157602,"Scrap Aluminium",2021,399348706
15,"Metals",1576,"Aluminum articles",157603,"Aluminium Powder",2021,992559
15,"Metals",1576,"Aluminum articles",157604,"Aluminium Bars",2021,1476450681
15,"Metals",1576,"Aluminum articles",157605,"Aluminium Wire",2021,170044184
15,"Metals",1576,"Aluminum articles",157606,"Aluminium Plating",2021,980260592
15,"Metals",1576,"Aluminum articles",157607,"Aluminium Foil",2021,211699235
15,"Metals",1576,"Aluminum articles",157608,"Aluminium Pipes",2021,40065476
15,"Metals",1576,"Aluminum articles",157609,"Aluminium Pipe Fittings",2021,20347759
15,"Metals",1576,"Aluminum articles",157610,"Aluminium Structures",2021,426990840
15,"Metals",1576,"Aluminum articles",157611,"Large Aluminium Containers",2021,10109905
15,"Metals",1576,"Aluminum articles",157612,"Aluminium Cans",2021,199334339
15,"Metals",1576,"Aluminum articles",157613,"Aluminium Gas Containers",2021,4829194
15,"Metals",1576,"Aluminum articles",157614,"Stranded Aluminium Wire",2021,12075353
15,"Metals",1576,"Aluminum articles",157615,"Aluminium Housewares",2021,50148035
15,"Metals",1576,"Aluminum articles",157616,"Other Aluminium Products",2021,373270580
15,"Metals",1578,"Lead articles",157801,"Raw Lead",2021,41920975
15,"Metals",1578,"Lead articles",157802,"Scrap Lead",2021,11394202
15,"Metals",1578,"Lead articles",157804,"Lead Sheets",2021,8388575
15,"Metals",1578,"Lead articles",157806,"Other Lead Products",2021,11363759
15,"Metals",1579,"Zinc articles",157901,"Raw Zinc",2021,1446559913
15,"Metals",1579,"Zinc articles",157902,"Scrap Waste",2021,36811576
15,"Metals",1579,"Zinc articles",157903,"Zinc Powder",2021,467767
15,"Metals",1579,"Zinc articles",157904,"Zinc Bars",2021,2272486
15,"Metals",1579,"Zinc articles",157905,"Zinc Sheets",2021,119974225
15,"Metals",1579,"Zinc articles",157907,"Other Zinc Products",2021,41594790
15,"Metals",1580,"Tin articles",158001,"Raw Tin",2021,116196308
15,"Metals",1580,"Tin articles",158002,"Scrap Tin",2021,3383468
15,"Metals",1580,"Tin articles",158003,"Tin Bars",2021,8865635
15,"Metals",1580,"Tin articles",158007,"Other Tin Products",2021,8010637
15,"Metals",1581,"Cermet articles",158101,"Tungsten",2021,5335688
15,"Metals",1581,"Cermet articles",158102,"Molybdenum",2021,623755
15,"Metals",1581,"Cermet articles",158103,"Tantalum",2021,135864
15,"Metals",1581,"Cermet articles",158104,"Magnesium",2021,12473380
15,"Metals",1581,"Cermet articles",158105,"Cobalt",2021,5017236
15,"Metals",1581,"Cermet articles",158106,"Bismuth",2021,45624
15,"Metals",1581,"Cermet articles",158107,"Cadmium",2021,403083
15,"Metals",1581,"Cermet articles",158108,"Titanium",2021,34336097
15,"Metals",1581,"Cermet articles",158109,"Zirconium",2021,1728370
15,"Metals",1581,"Cermet articles",158110,"Antimony",2021,1950729
15,"Metals",1581,"Cermet articles",158111,"Manganese",2021,16589310
15,"Metals",1581,"Cermet articles",158112,"Other Metals",2021,8492683
15,"Metals",1581,"Cermet articles",158113,"Cermets",2021,7542316.999999999
15,"Metals",1582,"Tools & cutlery",158201,"Garden Tools",2021,41180547
15,"Metals",1582,"Tools & cutlery",158202,"Hand Saws",2021,42535197
15,"Metals",1582,"Tools & cutlery",158203,"Hand Tools",2021,62183598
15,"Metals",1582,"Tools & cutlery",158204,"Wrenches",2021,73089951
15,"Metals",1582,"Tools & cutlery",158205,"Other Hand Tools",2021,141565814
15,"Metals",1582,"Tools & cutlery",158206,"Tool Sets",2021,27533930
15,"Metals",1582,"Tools & cutlery",158207,"Interchangeable Tool Parts",2021,350578845
15,"Metals",1582,"Tools & cutlery",158208,"Cutting Blades",2021,41852918
15,"Metals",1582,"Tools & cutlery",158209,"Tool Plates",2021,25811020
15,"Metals",1582,"Tools & cutlery",158210,"Cooking Hand Tools",2021,6570705
15,"Metals",1582,"Tools & cutlery",158211,"Knives",2021,49646569
15,"Metals",1582,"Tools & cutlery",158212,"Razor Blades",2021,35340627
15,"Metals",1582,"Tools & cutlery",158213,"Scissors",2021,7096281
15,"Metals",1582,"Tools & cutlery",158214,"Other Cutlery",2021,10720928
15,"Metals",1582,"Tools & cutlery",158215,"Cutlery Sets",2021,27801604
15,"Metals",1583,"Miscellaneous metal products",158301,"Padlocks",2021,396073616
15,"Metals",1583,"Miscellaneous metal products",158302,"Metal Mountings",2021,682957788
15,"Metals",1583,"Miscellaneous metal products",158303,"Safes",2021,22433812
15,"Metals",1583,"Miscellaneous metal products",158304,"Filing Cabinets",2021,3238035
15,"Metals",1583,"Miscellaneous metal products",158305,"Metal Office Supplies",2021,9223102
15,"Metals",1583,"Miscellaneous metal products",158306,"Bells and Other Metal Ornaments",2021,18146995
15,"Metals",1583,"Miscellaneous metal products",158307,"Flexible Metal Tubing",2021,62844841
15,"Metals",1583,"Miscellaneous metal products",158308,"Other Metal Fasteners",2021,56063601
15,"Metals",1583,"Miscellaneous metal products",158309,"Metal Stoppers",2021,579046449
15,"Metals",1583,"Miscellaneous metal products",158310,"Metal Signs",2021,24162241
15,"Metals",1583,"Miscellaneous metal products",158311,"Coated Metal Soldering Products",2021,22941671
16,"Machines",1684,"Machinery, mechanical appliances, & parts",168401,"Nuclear Reactors",2021,165538466
16,"Machines",1684,"Machinery, mechanical appliances, & parts",168402,"Steam Boilers",2021,34398229
16,"Machines",1684,"Machinery, mechanical appliances, & parts",168403,"Central Heating Boilers",2021,70605083
16,"Machines",1684,"Machinery, mechanical appliances, & parts",168404,"Boiler Plants",2021,37144299
16,"Machines",1684,"Machinery, mechanical appliances, & parts",168405,"Water and Gas Generators",2021,11344586
16,"Machines",1684,"Machinery, mechanical appliances, & parts",168406,"Steam Turbines",2021,27329985
16,"Machines",1684,"Machinery, mechanical appliances, & parts",168407,"Spark-Ignition Engines",2021,1235576889
16,"Machines",1684,"Machinery, mechanical appliances, & parts",168408,"Combustion Engines",2021,957807967
16,"Machines",1684,"Machinery, mechanical appliances, & parts",168409,"Engine Parts",2021,925819443
16,"Machines",1684,"Machinery, mechanical appliances, & parts",168410,"Hydraulic Turbines",2021,27845163
16,"Machines",1684,"Machinery, mechanical appliances, & parts",168411,"Gas Turbines",2021,1068495576
16,"Machines",1684,"Machinery, mechanical appliances, & parts",168412,"Other Engines",2021,963291750
16,"Machines",1684,"Machinery, mechanical appliances, & parts",168413,"Liquid Pumps",2021,965779016
16,"Machines",1684,"Machinery, mechanical appliances, & parts",168414,"Air Pumps",2021,690153178
16,"Machines",1684,"Machinery, mechanical appliances, & parts",168415,"Air Conditioners",2021,791938065
16,"Machines",1684,"Machinery, mechanical appliances, & parts",168416,"Liquid Fuel Furnaces",2021,23816030
16,"Machines",1684,"Machinery, mechanical appliances, & parts",168417,"Industrial Furnaces",2021,197331653
16,"Machines",1684,"Machinery, mechanical appliances, & parts",168418,"Refrigerators",2021,701666824
16,"Machines",1684,"Machinery, mechanical appliances, & parts",168419,"Other Heating Machinery",2021,799962557
16,"Machines",1684,"Machinery, mechanical appliances, & parts",168420,"Rolling Machines",2021,33792084
16,"Machines",1684,"Machinery, mechanical appliances, & parts",168421,"Centrifuges",2021,1039268894
16,"Machines",1684,"Machinery, mechanical appliances, & parts",168422,"Washing and Bottling Machines",2021,865890777
16,"Machines",1684,"Machinery, mechanical appliances, & parts",168423,"Scales",2021,82088445
16,"Machines",1684,"Machinery, mechanical appliances, & parts",168424,"Liquid Dispersing Machines",2021,417936506
16,"Machines",1684,"Machinery, mechanical appliances, & parts",168425,"Pulley Systems",2021,138692171
16,"Machines",1684,"Machinery, mechanical appliances, & parts",168426,"Cranes",2021,421593293
16,"Machines",1684,"Machinery, mechanical appliances, & parts",168427,"Fork-Lifts",2021,280239727
16,"Machines",1684,"Machinery, mechanical appliances, & parts",168428,"Lifting Machinery",2021,966555192
16,"Machines",1684,"Machinery, mechanical appliances, & parts",168429,"Large Construction Vehicles",2021,107170769
16,"Machines",1684,"Machinery, mechanical appliances, & parts",168430,"Other Construction Vehicles",2021,54066889
16,"Machines",1684,"Machinery, mechanical appliances, & parts",168431,"Excavation Machinery",2021,1110437386
16,"Machines",1684,"Machinery, mechanical appliances, & parts",168432,"Soil Preparation Machinery",2021,216405146
16,"Machines",1684,"Machinery, mechanical appliances, & parts",168433,"Harvesting Machinery",2021,232594721
16,"Machines",1684,"Machinery, mechanical appliances, & parts",168434,"Dairy Machinery",2021,34768629
16,"Machines",1684,"Machinery, mechanical appliances, & parts",168435,"Fruit Pressing Machinery",2021,35576602
16,"Machines",1684,"Machinery, mechanical appliances, & parts",168436,"Other Agricultural Machinery",2021,180483566
16,"Machines",1684,"Machinery, mechanical appliances, & parts",168437,"Mill Machinery",2021,53998684
16,"Machines",1684,"Machinery, mechanical appliances, & parts",168438,"Industrial Food Preperation Machinery",2021,394691882
16,"Machines",1684,"Machinery, mechanical appliances, & parts",168439,"Papermaking Machines",2021,84327884
16,"Machines",1684,"Machinery, mechanical appliances, & parts",168440,"Book-binding Machines",2021,6887621
16,"Machines",1684,"Machinery, mechanical appliances, & parts",168441,"Other Paper Machinery",2021,237616087
16,"Machines",1684,"Machinery, mechanical appliances, & parts",168442,"Print Production Machinery",2021,21819716
16,"Machines",1684,"Machinery, mechanical appliances, & parts",168443,"Industrial Printers",2021,418875804
16,"Machines",1684,"Machinery, mechanical appliances, & parts",168444,"Artificial Textile Machinery",2021,1882437
16,"Machines",1684,"Machinery, mechanical appliances, & parts",168445,"Textile Fiber Machinery",2021,37653800
16,"Machines",1684,"Machinery, mechanical appliances, & parts",168446,"Looms",2021,3872927
16,"Machines",1684,"Machinery, mechanical appliances, & parts",168447,"Knitting Machines",2021,13320869
16,"Machines",1684,"Machinery, mechanical appliances, & parts",168448,"Knitting Machine Accessories",2021,55893345
16,"Machines",1684,"Machinery, mechanical appliances, & parts",168449,"Felt Machinery",2021,2064451
16,"Machines",1684,"Machinery, mechanical appliances, & parts",168450,"Household Washing Machines",2021,187779107
16,"Machines",1684,"Machinery, mechanical appliances, & parts",168451,"Textile Processing Machines",2021,116996990
16,"Machines",1684,"Machinery, mechanical appliances, & parts",168452,"Sewing Machines",2021,27793476
16,"Machines",1684,"Machinery, mechanical appliances, & parts",168453,"Leather Machinery",2021,13237742
16,"Machines",1684,"Machinery, mechanical appliances, & parts",168454,"Casting Machines",2021,51999526
16,"Machines",1684,"Machinery, mechanical appliances, & parts",168455,"Metal-Rolling Mills",2021,77687965
16,"Machines",1684,"Machinery, mechanical appliances, & parts",168456,"Non-Mechanical Removal Machinery",2021,116155630
16,"Machines",1684,"Machinery, mechanical appliances, & parts",168457,"Metalworking Transfer Machines",2021,144212537
16,"Machines",1684,"Machinery, mechanical appliances, & parts",168458,"Metal Lathes",2021,160862700
16,"Machines",1684,"Machinery, mechanical appliances, & parts",168459,"Drilling Machines",2021,249618260
16,"Machines",1684,"Machinery, mechanical appliances, & parts",168460,"Metal Finishing Machines",2021,83090843
16,"Machines",1684,"Machinery, mechanical appliances, & parts",168461,"Metalworking Machines",2021,24238259
16,"Machines",1684,"Machinery, mechanical appliances, & parts",168462,"Forging Machines",2021,224467359
16,"Machines",1684,"Machinery, mechanical appliances, & parts",168463,"Other Non-Metal Removal Machinery",2021,40709168
16,"Machines",1684,"Machinery, mechanical appliances, & parts",168464,"Stone Working Machines",2021,83517429
16,"Machines",1684,"Machinery, mechanical appliances, & parts",168465,"Woodworking machines",2021,108024107
16,"Machines",1684,"Machinery, mechanical appliances, & parts",168466,"Metalworking Machine Parts",2021,366159793
16,"Machines",1684,"Machinery, mechanical appliances, & parts",168467,"Motor-working Tools",2021,62600140
16,"Machines",1684,"Machinery, mechanical appliances, & parts",168468,"Soldering and Welding Machinery",2021,16512314
16,"Machines",1684,"Machinery, mechanical appliances, & parts",168470,"Calculators",2021,17870533
16,"Machines",1684,"Machinery, mechanical appliances, & parts",168471,"Computers",2021,561305731
16,"Machines",1684,"Machinery, mechanical appliances, & parts",168472,"Other Office Machines",2021,31229361.000000004
16,"Machines",1684,"Machinery, mechanical appliances, & parts",168473,"Office Machine Parts",2021,764265048
16,"Machines",1684,"Machinery, mechanical appliances, & parts",168474,"Stone Processing Machines",2021,361733490
16,"Machines",1684,"Machinery, mechanical appliances, & parts",168475,"Glass Working Machines",2021,19629518
16,"Machines",1684,"Machinery, mechanical appliances, & parts",168476,"Vending Machines",2021,76099205
16,"Machines",1684,"Machinery, mechanical appliances, & parts",168477,"Rubberworking Machinery",2021,175694520
16,"Machines",1684,"Machinery, mechanical appliances, & parts",168478,"Tobacco Processing Machines",2021,4855183
16,"Machines",1684,"Machinery, mechanical appliances, & parts",168479,"Machinery Having Individual Functions",2021,1137590762
16,"Machines",1684,"Machinery, mechanical appliances, & parts",168480,"Metal Molds",2021,204086907
16,"Machines",1684,"Machinery, mechanical appliances, & parts",168481,"Valves",2021,1637847873
16,"Machines",1684,"Machinery, mechanical appliances, & parts",168482,"Ball Bearings",2021,388027917
16,"Machines",1684,"Machinery, mechanical appliances, & parts",168483,"Transmissions",2021,1365927698
16,"Machines",1684,"Machinery, mechanical appliances, & parts",168484,"Gaskets",2021,102010952
16,"Machines",1684,"Machinery, mechanical appliances, & parts",168485,"Boat Propellers",2021,145337437
16,"Machines",1685,"Electrical machinery and electronics",168501,"Electric Motors",2021,778279265
16,"Machines",1685,"Electrical machinery and electronics",168502,"Electric Generating Sets",2021,1255284222
16,"Machines",1685,"Electrical machinery and electronics",168503,"Electric Motor Parts",2021,711283059
16,"Machines",1685,"Electrical machinery and electronics",168504,"Electrical Transformers",2021,1415101935
16,"Machines",1685,"Electrical machinery and electronics",168505,"Electromagnets",2021,68813046
16,"Machines",1685,"Electrical machinery and electronics",168506,"Batteries",2021,62662859
16,"Machines",1685,"Electrical machinery and electronics",168507,"Electric Batteries",2021,1284565418
16,"Machines",1685,"Electrical machinery and electronics",168508,"Vacuum Cleaners",2021,183838493
16,"Machines",1685,"Electrical machinery and electronics",168509,"Other Domestic Electric Housewares",2021,347156297
16,"Machines",1685,"Electrical machinery and electronics",168510,"Hair Trimmers",2021,61965132
16,"Machines",1685,"Electrical machinery and electronics",168511,"Electrical Ignitions",2021,522104234
16,"Machines",1685,"Electrical machinery and electronics",168512,"Electrical Lighting and Signalling Equipment",2021,1229689962
16,"Machines",1685,"Electrical machinery and electronics",168513,"Portable Lighting",2021,34419646
16,"Machines",1685,"Electrical machinery and electronics",168514,"Electric Furnaces",2021,109853599
16,"Machines",1685,"Electrical machinery and electronics",168515,"Electric Soldering Equipment",2021,191649944
16,"Machines",1685,"Electrical machinery and electronics",168516,"Electric Heaters",2021,1415082768
16,"Machines",1685,"Electrical machinery and electronics",168517,"Telephones",2021,97346356
16,"Machines",1685,"Electrical machinery and electronics",168518,"Microphones and Headphones",2021,263141300
16,"Machines",1685,"Electrical machinery and electronics",168519,"Sound Recording Equipment",2021,7139207
16,"Machines",1685,"Electrical machinery and electronics",168520,"Dictation Machines",2021,7040511
16,"Machines",1685,"Electrical machinery and electronics",168521,"Video Recording Equipment",2021,185913119
16,"Machines",1685,"Electrical machinery and electronics",168522,"Audio and Video Recording Accessories",2021,8917515
16,"Machines",1685,"Electrical machinery and electronics",168523,"Blank Audio Media",2021,181885252
16,"Machines",1685,"Electrical machinery and electronics",168524,"Sound Recordings",2021,29766987
16,"Machines",1685,"Electrical machinery and electronics",168525,"Broadcasting Equipment",2021,1247941190
16,"Machines",1685,"Electrical machinery and electronics",168526,"Navigation Equipment",2021,276027878
16,"Machines",1685,"Electrical machinery and electronics",168527,"Radio Receivers",2021,80527421
16,"Machines",1685,"Electrical machinery and electronics",168528,"Video Displays",2021,272981998
16,"Machines",1685,"Electrical machinery and electronics",168529,"Broadcasting Accessories",2021,209052153
16,"Machines",1685,"Electrical machinery and electronics",168530,"Traffic Signals",2021,122950599
16,"Machines",1685,"Electrical machinery and electronics",168531,"Audio Alarms",2021,331975561
16,"Machines",1685,"Electrical machinery and electronics",168532,"Electrical Capacitors",2021,72684066
16,"Machines",1685,"Electrical machinery and electronics",168533,"Electrical Resistors",2021,66879667
16,"Machines",1685,"Electrical machinery and electronics",168534,"Printed Circuit Boards",2021,162401678
16,"Machines",1685,"Electrical machinery and electronics",168535,"High-voltage Protection Equipment",2021,112003879
16,"Machines",1685,"Electrical machinery and electronics",168536,"Low-voltage Protection Equipment",2021,1434089249
16,"Machines",1685,"Electrical machinery and electronics",168537,"Electrical Control Boards",2021,920050999
16,"Machines",1685,"Electrical machinery and electronics",168538,"Electrical Power Accessories",2021,549827617
16,"Machines",1685,"Electrical machinery and electronics",168539,"Electric Filament",2021,39604229
16,"Machines",1685,"Electrical machinery and electronics",168540,"Cathode Tubes",2021,4312466
16,"Machines",1685,"Electrical machinery and electronics",168541,"Semiconductor Devices",2021,253904453
16,"Machines",1685,"Electrical machinery and electronics",168542,"Integrated Circuits",2021,441428755
16,"Machines",1685,"Electrical machinery and electronics",168543,"Other Electrical Machinery",2021,364293081
16,"Machines",1685,"Electrical machinery and electronics",168544,"Insulated Wire",2021,2646299363
16,"Machines",1685,"Electrical machinery and electronics",168545,"Carbon-based Electronics",2021,514396733
16,"Machines",1685,"Electrical machinery and electronics",168546,"Electrical Insulators",2021,48238524
16,"Machines",1685,"Electrical machinery and electronics",168547,"Metal Insulating Fittings",2021,76360702
16,"Machines",1685,"Electrical machinery and electronics",168548,"Electrical Parts",2021,49418988
17,"Transportation",1786,"Railway and trams",178601,"Electric Locomotives",2021,154639781
17,"Transportation",1786,"Railway and trams",178602,"Other Locomotives",2021,152978498
17,"Transportation",1786,"Railway and trams",178603,"Self-Propelled Rail Transport",2021,496667467
17,"Transportation",1786,"Railway and trams",178604,"Railway Maintenance Vehicles",2021,74641948
17,"Transportation",1786,"Railway and trams",178605,"Railway Passenger Cars",2021,87428668
17,"Transportation",1786,"Railway and trams",178606,"Railway Freight Cars",2021,5822868.999999999
17,"Transportation",1786,"Railway and trams",178607,"Locomotive Parts",2021,690053851
17,"Transportation",1786,"Railway and trams",178608,"Railway Track Fixtures",2021,45652600
17,"Transportation",1786,"Railway and trams",178609,"Railway Cargo Containers",2021,96441476
17,"Transportation",1787,"Cars, tractors, trucks & parts thereof.",178701,"Tractors",2021,1372963104
17,"Transportation",1787,"Cars, tractors, trucks & parts thereof.",178702,"Buses",2021,281662400
17,"Transportation",1787,"Cars, tractors, trucks & parts thereof.",178703,"Cars",2021,33596668567
17,"Transportation",1787,"Cars, tractors, trucks & parts thereof.",178704,"Delivery Trucks",2021,5271006699
17,"Transportation",1787,"Cars, tractors, trucks & parts thereof.",178705,"Special purpose motor vehicles",2021,142184077
17,"Transportation",1787,"Cars, tractors, trucks & parts thereof.",178706,"Motor vehicle (8701 to 8705) chassis fitted with engine",2021,107014103
17,"Transportation",1787,"Cars, tractors, trucks & parts thereof.",178707,"Vehicle Bodies (including cabs) for the motor vehicles (8701 to 8705)",2021,115827575
17,"Transportation",1787,"Cars, tractors, trucks & parts thereof.",178708,"Motor vehicles; parts and accessories (8701 to 8705)",2021,10885996359
17,"Transportation",1787,"Cars, tractors, trucks & parts thereof.",178709,"Work Trucks",2021,16436009
17,"Transportation",1787,"Cars, tractors, trucks & parts thereof.",178710,"Tanks and Armored vehicles",2021,436890469.99999994
17,"Transportation",1787,"Cars, tractors, trucks & parts thereof.",178711,"Motorcycles and cycles",2021,393098182
17,"Transportation",1787,"Cars, tractors, trucks & parts thereof.",178712,"Bicycles, delivery tricycles, other cycles",2021,172454936
17,"Transportation",1787,"Cars, tractors, trucks & parts thereof.",178713,"Wheelchairs",2021,10808852
17,"Transportation",1787,"Cars, tractors, trucks & parts thereof.",178714,"Bi-Wheel Vehicle Parts",2021,362879732
17,"Transportation",1787,"Cars, tractors, trucks & parts thereof.",178715,"Baby Carriages",2021,27042384
17,"Transportation",1787,"Cars, tractors, trucks & parts thereof.",178716,"Trailers and semi-trailers, not mechanically propelled vehicles",2021,476027567
17,"Transportation",1788,"Aircraft and Spacecraft",178801,"Non-powered Aircraft",2021,4066312
17,"Transportation",1788,"Aircraft and Spacecraft",178802,"Planes, Helicopters, and/or Spacecraft",2021,2521819510
17,"Transportation",1788,"Aircraft and Spacecraft",178803,"Aircraft parts (gliders, balloons, and powered aircraft)",2021,1593400351
17,"Transportation",1788,"Aircraft and Spacecraft",178804,"Parachutes",2021,8710052
17,"Transportation",1788,"Aircraft and Spacecraft",178805,"Aircraft Launch Gear",2021,19727581
17,"Transportation",1789,"Ships, boats, & floating structures",178901,"Passenger and Cargo Ships",2021,554854504
17,"Transportation",1789,"Ships, boats, & floating structures",178902,"Fishing Ships",2021,363937374
17,"Transportation",1789,"Ships, boats, & floating structures",178903,"Recreational Boats",2021,198370316
17,"Transportation",1789,"Ships, boats, & floating structures",178904,"Tug Boats",2021,13228161
17,"Transportation",1789,"Ships, boats, & floating structures",178905,"Special Purpose Ships",2021,119509003
17,"Transportation",1789,"Ships, boats, & floating structures",178906,"Other Sea Vessels",2021,427472329.99999994
17,"Transportation",1789,"Ships, boats, & floating structures",178907,"Other Floating Structures",2021,35670872
17,"Transportation",1789,"Ships, boats, & floating structures",178908,"Scrap Vessels",2021,18030437
18,"Instruments",1890,"Optical, photo, & film equipment; medical instruments",189001,"Optical Fibers and optical fibre bundles",2021,54309803
18,"Instruments",1890,"Optical, photo, & film equipment; medical instruments",189002,"Mirrors and Lenses",2021,66739518
18,"Instruments",1890,"Optical, photo, & film equipment; medical instruments",189003,"Eyewear Frames",2021,52913824
18,"Instruments",1890,"Optical, photo, & film equipment; medical instruments",189004,"Eyewear",2021,87655435
18,"Instruments",1890,"Optical, photo, & film equipment; medical instruments",189005,"Binoculars and Telescopes",2021,12896405
18,"Instruments",1890,"Optical, photo, & film equipment; medical instruments",189006,"Cameras",2021,30126631
18,"Instruments",1890,"Optical, photo, & film equipment; medical instruments",189007,"Video Cameras",2021,10461517
18,"Instruments",1890,"Optical, photo, & film equipment; medical instruments",189008,"Image Projectors",2021,1705447
18,"Instruments",1890,"Optical, photo, & film equipment; medical instruments",189009,"Photocopiers",2021,25789547
18,"Instruments",1890,"Optical, photo, & film equipment; medical instruments",189010,"Photo Lab Equipment",2021,13062186
18,"Instruments",1890,"Optical, photo, & film equipment; medical instruments",189011,"Microscopes",2021,16010462
18,"Instruments",1890,"Optical, photo, & film equipment; medical instruments",189012,"Non-optical Microscopes",2021,2300434
18,"Instruments",1890,"Optical, photo, & film equipment; medical instruments",189013,"LCDs",2021,30156428
18,"Instruments",1890,"Optical, photo, & film equipment; medical instruments",189014,"Compasses",2021,41417182
18,"Instruments",1890,"Optical, photo, & film equipment; medical instruments",189015,"Surveying Equipment",2021,79086798
18,"Instruments",1890,"Optical, photo, & film equipment; medical instruments",189016,"Balances",2021,1171517
18,"Instruments",1890,"Optical, photo, & film equipment; medical instruments",189017,"Drafting Tools",2021,24469478
18,"Instruments",1890,"Optical, photo, & film equipment; medical instruments",189018,"Medical Instruments",2021,908467272
18,"Instruments",1890,"Optical, photo, & film equipment; medical instruments",189019,"Therapeutic Appliances",2021,112825554
18,"Instruments",1890,"Optical, photo, & film equipment; medical instruments",189020,"Breathing Appliances",2021,15277943
18,"Instruments",1890,"Optical, photo, & film equipment; medical instruments",189021,"Orthopedic Appliances",2021,441352274
18,"Instruments",1890,"Optical, photo, & film equipment; medical instruments",189022,"X-Ray Equipment",2021,328330602
18,"Instruments",1890,"Optical, photo, & film equipment; medical instruments",189023,"Instructional Models",2021,47991292
18,"Instruments",1890,"Optical, photo, & film equipment; medical instruments",189024,"Tensile Testing Machines",2021,20379965
18,"Instruments",1890,"Optical, photo, & film equipment; medical instruments",189025,"Hydrometers",2021,53208029
18,"Instruments",1890,"Optical, photo, & film equipment; medical instruments",189026,"Gas and Liquid Flow Measuring Instruments",2021,169722938
18,"Instruments",1890,"Optical, photo, & film equipment; medical instruments",189027,"Chemical Analysis Instruments",2021,211879630
18,"Instruments",1890,"Optical, photo, & film equipment; medical instruments",189028,"Utility Meters",2021,59851719
18,"Instruments",1890,"Optical, photo, & film equipment; medical instruments",189029,"Revolution Counters",2021,185133065
18,"Instruments",1890,"Optical, photo, & film equipment; medical instruments",189030,"Oscilloscopes",2021,80932388
18,"Instruments",1890,"Optical, photo, & film equipment; medical instruments",189031,"Other Measuring Instruments",2021,399264819
18,"Instruments",1890,"Optical, photo, & film equipment; medical instruments",189032,"Thermostats",2021,612647718
18,"Instruments",1890,"Optical, photo, & film equipment; medical instruments",189033,"Opto-Electric Instrument Parts",2021,27666512
18,"Instruments",1891,"Clocks, watches, & parts",189101,"Precious Metal Watches",2021,107122972
18,"Instruments",1891,"Clocks, watches, & parts",189102,"Base Metal Watches",2021,224861586
18,"Instruments",1891,"Clocks, watches, & parts",189103,"Clocks with Watch Movements",2021,1090127
18,"Instruments",1891,"Clocks, watches, & parts",189104,"Dashboard Clocks",2021,1706946
18,"Instruments",1891,"Clocks, watches, & parts",189105,"Other Clocks",2021,7852852
18,"Instruments",1891,"Clocks, watches, & parts",189106,"Time Recording Instruments",2021,2989177
18,"Instruments",1891,"Clocks, watches, & parts",189107,"Time Switches",2021,8052949
18,"Instruments",1891,"Clocks, watches, & parts",189108,"Watch Movements",2021,4042310
18,"Instruments",1891,"Clocks, watches, & parts",189109,"Clock Movements",2021,202468
18,"Instruments",1891,"Clocks, watches, & parts",189110,"Incomplete Movement Sets",2021,641835
18,"Instruments",1891,"Clocks, watches, & parts",189111,"Watch Cases and Parts",2021,455393
18,"Instruments",1891,"Clocks, watches, & parts",189112,"Clock Cases and Parts",2021,149212
18,"Instruments",1891,"Clocks, watches, & parts",189113,"Watch Straps",2021,6789145
18,"Instruments",1891,"Clocks, watches, & parts",189114,"Other Clocks and Watches",2021,2884004
18,"Instruments",1892,"Musical instruments",189201,"Pianos",2021,7428081
18,"Instruments",1892,"Musical instruments",189202,"String Instruments",2021,20911017
18,"Instruments",1892,"Musical instruments",189205,"Wind Instruments",2021,9864761
18,"Instruments",1892,"Musical instruments",189206,"Percussion",2021,3428781
18,"Instruments",1892,"Musical instruments",189207,"Electric Musical Instruments",2021,19334333
18,"Instruments",1892,"Musical instruments",189208,"Other Musical Instruments",2021,987274
18,"Instruments",1892,"Musical instruments",189209,"Musical Instrument Parts",2021,23149064
19,"Weapons",1993,"Weapons",199301,"Military Weapons",2021,11383476
19,"Weapons",1993,"Weapons",199302,"Handguns",2021,1215783
19,"Weapons",1993,"Weapons",199303,"Other Firearms",2021,69054096
19,"Weapons",1993,"Weapons",199304,"Spring, Air, and Gas Guns",2021,58250228
19,"Weapons",1993,"Weapons",199305,"Weapons Parts and Accessories",2021,76670396
19,"Weapons",1993,"Weapons",199306,"Explosive Ammunition",2021,373777763
19,"Weapons",1993,"Weapons",199307,"Bladed Weapons and Accessories",2021,2991622
20,"Miscellaneous",2094,"Furniture, bedding, lamps, & prefab buildings",209401,"Seats",2021,997259593
20,"Miscellaneous",2094,"Furniture, bedding, lamps, & prefab buildings",209402,"Medical Furniture",2021,84034085
20,"Miscellaneous",2094,"Furniture, bedding, lamps, & prefab buildings",209403,"Other Furniture",2021,1680748347
20,"Miscellaneous",2094,"Furniture, bedding, lamps, & prefab buildings",209404,"Mattresses",2021,363957074
20,"Miscellaneous",2094,"Furniture, bedding, lamps, & prefab buildings",209405,"Light Fixtures",2021,868507821
20,"Miscellaneous",2094,"Furniture, bedding, lamps, & prefab buildings",209406,"Prefabricated Buildings",2021,217771965
20,"Miscellaneous",2095,"Toys, games, & sports",209503,"Other toys",2021,650721747
20,"Miscellaneous",2095,"Toys, games, & sports",209504,"Video and Card Games",2021,840409843
20,"Miscellaneous",2095,"Toys, games, & sports",209505,"Party Decorations",2021,42442474
20,"Miscellaneous",2095,"Toys, games, & sports",209506,"Sports Equipment",2021,680002311
20,"Miscellaneous",2095,"Toys, games, & sports",209507,"Fishing and Hunting Equipment",2021,32065811
20,"Miscellaneous",2095,"Toys, games, & sports",209508,"Fairground Amusements",2021,7037013
20,"Miscellaneous",2096,"Misc. manufactures",209601,"Worked Ivory and Bone",2021,1164642
20,"Miscellaneous",2096,"Misc. manufactures",209602,"Vegetable and Mineral Carvings",2021,24573889
20,"Miscellaneous",2096,"Misc. manufactures",209603,"Brooms",2021,153682428
20,"Miscellaneous",2096,"Misc. manufactures",209604,"Hand Sifters",2021,2000604
20,"Miscellaneous",2096,"Misc. manufactures",209605,"Travel Kits",2021,3499309
20,"Miscellaneous",2096,"Misc. manufactures",209606,"Buttons",2021,91379093
20,"Miscellaneous",2096,"Misc. manufactures",209607,"Zippers",2021,15709585
20,"Miscellaneous",2096,"Misc. manufactures",209608,"Pens",2021,55024373
20,"Miscellaneous",2096,"Misc. manufactures",209609,"Pencils and Crayons",2021,11601478
20,"Miscellaneous",2096,"Misc. manufactures",209610,"Chalkboards",2021,12047977
20,"Miscellaneous",2096,"Misc. manufactures",209611,"Rubber Stamps",2021,2643953
20,"Miscellaneous",2096,"Misc. manufactures",209612,"Ink Ribbons",2021,23832371
20,"Miscellaneous",2096,"Misc. manufactures",209613,"Lighters",2021,146606439
20,"Miscellaneous",2096,"Misc. manufactures",209614,"Smoking Pipes",2021,2503821
20,"Miscellaneous",2096,"Misc. manufactures",209615,"Combs",2021,13799520
20,"Miscellaneous",2096,"Misc. manufactures",209616,"Scent Sprays",2021,65951335
20,"Miscellaneous",2096,"Misc. manufactures",209617,"Vacuum Flask",2021,15893926
20,"Miscellaneous",2096,"Misc. manufactures",209618,"Mannequins",2021,20254069
21,"Arts and Antiques",2197,"Art & antiques",219701,"Paintings",2021,382767612
21,"Arts and Antiques",2197,"Art & antiques",219702,"Prints",2021,4728280
21,"Arts and Antiques",2197,"Art & antiques",219703,"Sculptures",2021,57396488
21,"Arts and Antiques",2197,"Art & antiques",219704,"Revenue Stamps",2021,791800
21,"Arts and Antiques",2197,"Art & antiques",219705,"Collector's Items",2021,9827476
21,"Arts and Antiques",2197,"Art & antiques",219706,"Antiques",2021,8849518