Section ID,Section,HS2 ID,HS2,HS4 ID,HS4,Year,Trade Value
1,"Animal Products",101,"Live animals",10101,"Horses",2021,244317
1,"Animal Products",101,"Live animals",10102,"Bovine",2021,301366
1,"Animal Products",101,"Live animals",10103,"Pigs",2021,63481
1,"Animal Products",101,"Live animals",10104,"Sheep and Goats",2021,9346
1,"Animal Products",101,"Live animals",10105,"Poultry",2021,6353769
1,"Animal Products",101,"Live animals",10106,"Other Animals",2021,688335
1,"Animal Products",102,"Meat & edible offal",10201,"Bovine Meat",2021,23044443
1,"Animal Products",102,"Meat & edible offal",10202,"Frozen Bovine Meat",2021,2194847
1,"Animal Products",102,"Meat & edible offal",10203,"Pig Meat",2021,111395957
1,"Animal Products",102,"Meat & edible offal",10204,"Sheep and Goat Meat",2021,330125
1,"Animal Products",102,"Meat & edible offal",10205,"Horse Meat",2021,40221
1,"Animal Products",102,"Meat & edible offal",10206,"Edible Offal",2021,26399587
1,"Animal Products",102,"Meat & edible offal",10207,"Poultry Meat",2021,16389705
1,"Animal Products",102,"Meat & edible offal",10208,"Other Meat",2021,2896177
1,"Animal Products",102,"Meat & edible offal",10209,"Animal Fat",2021,3560184
1,"Animal Products",102,"Meat & edible offal",10210,"Preserved Meat",2021,7715117
1,"Animal Products",103,"Fish, Crustaceans & Molluscs",10301,"Live Fish",2021,2350769
1,"Animal Products",103,"Fish, Crustaceans & Molluscs",10302,"Non-fillet Fresh Fish",2021,105513402
1,"Animal Products",103,"Fish, Crustaceans & Molluscs",10303,"Non-fillet Frozen Fish",2021,20267010
1,"Animal Products",103,"Fish, Crustaceans & Molluscs",10304,"Fish Fillets",2021,7776800
1,"Animal Products",103,"Fish, Crustaceans & Molluscs",10305,"Dried/Salted/Smoked/Brined Fish",2021,8421543
1,"Animal Products",103,"Fish, Crustaceans & Molluscs",10306,"Crustaceans",2021,201716
1,"Animal Products",103,"Fish, Crustaceans & Molluscs",10307,"Molluscs",2021,65456
1,"Animal Products",104,"Edible products of animal origin, n.e.s.",10401,"Milk",2021,30851813.000000004
1,"Animal Products",104,"Edible products of animal origin, n.e.s.",10402,"Concentrated Milk",2021,149158448
1,"Animal Products",104,"Edible products of animal origin, n.e.s.",10403,"Fermented Milk Products",2021,49085188
1,"Animal Products",104,"Edible products of animal origin, n.e.s.",10404,"Whey and other milk products",2021,70724448
1,"Animal Products",104,"Edible products of animal origin, n.e.s.",10405,"Butter",2021,135779527
1,"Animal Products",104,"Edible products of animal origin, n.e.s.",10406,"Cheese",2021,60257992
1,"Animal Products",104,"Edible products of animal origin, n.e.s.",10407,"Eggs",2021,13592380
1,"Animal Products",104,"Edible products of animal origin, n.e.s.",10408,"Processed Egg Products",2021,4488362
1,"Animal Products",104,"Edible products of animal origin, n.e.s.",10409,"Honey",2021,140062
1,"Animal Products",104,"Edible products of animal origin, n.e.s.",10410,"Other Edible Animal Products",2021,35665
1,"Animal Products",105,"Animal originated products, n.e.s.",10501,"Human Hair",2021,146
1,"Animal Products",105,"Animal originated products, n.e.s.",10502,"Pig Hair",2021,174
1,"Animal Products",105,"Animal originated products, n.e.s.",10504,"Animal Organs",2021,1434347
1,"Animal Products",105,"Animal originated products, n.e.s.",10505,"Bird Feathers and Skins",2021,211991
1,"Animal Products",105,"Animal originated products, n.e.s.",10506,"Processed Bones",2021,841947
1,"Animal Products",105,"Animal originated products, n.e.s.",10507,"Raw Bones",2021,21167
1,"Animal Products",105,"Animal originated products, n.e.s.",10508,"Coral and Shells",2021,76
1,"Animal Products",105,"Animal originated products, n.e.s.",10510,"Pharmaceutical Animal Products",2021,4749
1,"Animal Products",105,"Animal originated products, n.e.s.",10511,"Other Inedible Animal Products",2021,7837051
2,"Vegetable Products",206,"Live trees, plants, bulbs, cut flowers, & ornamental foliage",20601,"Bulbs and Roots",2021,517382
2,"Vegetable Products",206,"Live trees, plants, bulbs, cut flowers, & ornamental foliage",20602,"Other live plants, cuttings and slips;
mushroom spawn",2021,10199756
2,"Vegetable Products",206,"Live trees, plants, bulbs, cut flowers, & ornamental foliage",20603,"Cut Flowers",2021,1543780
2,"Vegetable Products",206,"Live trees, plants, bulbs, cut flowers, & ornamental foliage",20604,"Plant foliage",2021,2588170
2,"Vegetable Products",207,"Edible vegetables, roots, & tubers",20701,"Potatoes",2021,5473167
2,"Vegetable Products",207,"Edible vegetables, roots, & tubers",20702,"Tomatoes",2021,858903
2,"Vegetable Products",207,"Edible vegetables, roots, & tubers",20703,"Onions",2021,252752
2,"Vegetable Products",207,"Edible vegetables, roots, & tubers",20704,"Cabbages",2021,99108
2,"Vegetable Products",207,"Edible vegetables, roots, & tubers",20705,"Lettuce",2021,1223568
2,"Vegetable Products",207,"Edible vegetables, roots, & tubers",20706,"Root Vegetables",2021,192046
2,"Vegetable Products",207,"Edible vegetables, roots, & tubers",20707,"Cucumbers",2021,1929757
2,"Vegetable Products",207,"Edible vegetables, roots, & tubers",20708,"Legumes",2021,19633
2,"Vegetable Products",207,"Edible vegetables, roots, & tubers",20709,"Other Vegetables",2021,1708500
2,"Vegetable Products",207,"Edible vegetables, roots, & tubers",20710,"Frozen Vegetables",2021,7458746
2,"Vegetable Products",207,"Edible vegetables, roots, & tubers",20711,"Preserved Vegetables",2021,43987
2,"Vegetable Products",207,"Edible vegetables, roots, & tubers",20712,"Dried Vegetables",2021,494727
2,"Vegetable Products",207,"Edible vegetables, roots, & tubers",20713,"Dried Legumes",2021,846935
2,"Vegetable Products",207,"Edible vegetables, roots, & tubers",20714,"Cassava",2021,44204
2,"Vegetable Products",208,"Edible fruits, nuts & fruit peels",20801,"Coconuts, Brazil Nuts, and Cashews",2021,100590
2,"Vegetable Products",208,"Edible fruits, nuts & fruit peels",20802,"Other Nuts",2021,767011
2,"Vegetable Products",208,"Edible fruits, nuts & fruit peels",20803,"Bananas",2021,2710247
2,"Vegetable Products",208,"Edible fruits, nuts & fruit peels",20804,"Tropical Fruits",2021,1482206
2,"Vegetable Products",208,"Edible fruits, nuts & fruit peels",20805,"Citrus",2021,1295392
2,"Vegetable Products",208,"Edible fruits, nuts & fruit peels",20806,"Grapes",2021,925075
2,"Vegetable Products",208,"Edible fruits, nuts & fruit peels",20807,"Melons",2021,176735
2,"Vegetable Products",208,"Edible fruits, nuts & fruit peels",20808,"Apples and Pears",2021,301361
2,"Vegetable Products",208,"Edible fruits, nuts & fruit peels",20809,"Pitted Fruits",2021,53286
2,"Vegetable Products",208,"Edible fruits, nuts & fruit peels",20810,"Other Fruits",2021,2697143
2,"Vegetable Products",208,"Edible fruits, nuts & fruit peels",20811,"Frozen Fruits and Nuts",2021,25456908
2,"Vegetable Products",208,"Edible fruits, nuts & fruit peels",20812,"Preserved Fruits and Nuts",2021,15035
2,"Vegetable Products",208,"Edible fruits, nuts & fruit peels",20813,"Dried Fruits",2021,1177433
2,"Vegetable Products",208,"Edible fruits, nuts & fruit peels",20814,"Citrus and Melon Peels",2021,265470
2,"Vegetable Products",209,"Coffee, tea, mate & spices",20901,"Coffee",2021,31665982
2,"Vegetable Products",209,"Coffee, tea, mate & spices",20902,"Tea",2021,1568271
2,"Vegetable Products",209,"Coffee, tea, mate & spices",20903,"Mate",2021,6373
2,"Vegetable Products",209,"Coffee, tea, mate & spices",20904,"Pepper",2021,238867
2,"Vegetable Products",209,"Coffee, tea, mate & spices",20905,"Vanilla",2021,27069
2,"Vegetable Products",209,"Coffee, tea, mate & spices",20906,"Cinnamon",2021,279694
2,"Vegetable Products",209,"Coffee, tea, mate & spices",20907,"Cloves",2021,5984
2,"Vegetable Products",209,"Coffee, tea, mate & spices",20908,"Nutmeg, mace and cardamons",2021,787875
2,"Vegetable Products",209,"Coffee, tea, mate & spices",20909,"Spice Seeds",2021,8813249
2,"Vegetable Products",209,"Coffee, tea, mate & spices",20910,"Spices",2021,526930.0000000001
2,"Vegetable Products",210,"Cereals",21001,"Wheat",2021,14536080
2,"Vegetable Products",210,"Cereals",21002,"Rye",2021,1935475
2,"Vegetable Products",210,"Cereals",21003,"Barley",2021,19147521
2,"Vegetable Products",210,"Cereals",21004,"Oats",2021,81446188
2,"Vegetable Products",210,"Cereals",21005,"Corn",2021,518475.00000000006
2,"Vegetable Products",210,"Cereals",21006,"Rice",2021,971953
2,"Vegetable Products",210,"Cereals",21007,"Sorghum",2021,40071
2,"Vegetable Products",210,"Cereals",21008,"Buckwheat",2021,121477
2,"Vegetable Products",211,"Products of the milling industry",21101,"Wheat Flours",2021,3794058
2,"Vegetable Products",211,"Products of the milling industry",21102,"Cereal Flours",2021,7505980
2,"Vegetable Products",211,"Products of the milling industry",21103,"Cereal Meal and Pellets",2021,4865807
2,"Vegetable Products",211,"Products of the milling industry",21104,"Processed Cereals",2021,28928264
2,"Vegetable Products",211,"Products of the milling industry",21105,"Potato Flours",2021,486921
2,"Vegetable Products",211,"Products of the milling industry",21106,"Legume Flours",2021,1367402
2,"Vegetable Products",211,"Products of the milling industry",21107,"Malt",2021,15493314
2,"Vegetable Products",211,"Products of the milling industry",21108,"Starches",2021,8639349
2,"Vegetable Products",211,"Products of the milling industry",21109,"Wheat Gluten",2021,101158.00000000001
2,"Vegetable Products",212,"Oils seeds, oleaginous fruits, grains, straw & fodder",21201,"Soybeans",2021,2900
2,"Vegetable Products",212,"Oils seeds, oleaginous fruits, grains, straw & fodder",21202,"Ground Nuts",2021,70059
2,"Vegetable Products",212,"Oils seeds, oleaginous fruits, grains, straw & fodder",21204,"Linseed",2021,113358
2,"Vegetable Products",212,"Oils seeds, oleaginous fruits, grains, straw & fodder",21205,"Rapeseed",2021,623093
2,"Vegetable Products",212,"Oils seeds, oleaginous fruits, grains, straw & fodder",21206,"Sunflower Seeds",2021,644915
2,"Vegetable Products",212,"Oils seeds, oleaginous fruits, grains, straw & fodder",21207,"Other Oily Seeds",2021,871822
2,"Vegetable Products",212,"Oils seeds, oleaginous fruits, grains, straw & fodder",21208,"Oil Seed Flower",2021,15365
2,"Vegetable Products",212,"Oils seeds, oleaginous fruits, grains, straw & fodder",21209,"Sowing Seeds",2021,2838726
2,"Vegetable Products",212,"Oils seeds, oleaginous fruits, grains, straw & fodder",21210,"Hops",2021,42226
2,"Vegetable Products",212,"Oils seeds, oleaginous fruits, grains, straw & fodder",21211,"Perfume Plants",2021,502829
2,"Vegetable Products",212,"Oils seeds, oleaginous fruits, grains, straw & fodder",21212,"Locust beans, seaweed, sugar beet, cane, for food",2021,56195
2,"Vegetable Products",212,"Oils seeds, oleaginous fruits, grains, straw & fodder",21213,"Cereal Straws",2021,193234
2,"Vegetable Products",212,"Oils seeds, oleaginous fruits, grains, straw & fodder",21214,"Forage Crops",2021,296689
2,"Vegetable Products",213,"Natural gums, resins & other vegetable extracts",21301,"Insect Resins",2021,422843
2,"Vegetable Products",213,"Natural gums, resins & other vegetable extracts",21302,"Vegetable Saps",2021,4215677
2,"Vegetable Products",214,"Vegetable plaiting materials & products, n.e.s.",21401,"Vegetable Plaiting Materials",2021,8034
2,"Vegetable Products",214,"Vegetable plaiting materials & products, n.e.s.",21404,"Other Vegetable Products",2021,50653
3,"Animal and Vegetable Bi-Products",315,"Animal or vegetable fats, oils, & waxes",31501,"Pig and Poultry Fat",2021,208620
3,"Animal and Vegetable Bi-Products",315,"Animal or vegetable fats, oils, & waxes",31502,"Bovine, Sheep, and Goat Fat",2021,1365712
3,"Animal and Vegetable Bi-Products",315,"Animal or vegetable fats, oils, & waxes",31503,"Lard stearin and oils",2021,22.000000000000004
3,"Animal and Vegetable Bi-Products",315,"Animal or vegetable fats, oils, & waxes",31504,"Fish Oil",2021,3865877
3,"Animal and Vegetable Bi-Products",315,"Animal or vegetable fats, oils, & waxes",31505,"Wool Grease",2021,4385
3,"Animal and Vegetable Bi-Products",315,"Animal or vegetable fats, oils, & waxes",31506,"Other Animal Fats",2021,514068.99999999994
3,"Animal and Vegetable Bi-Products",315,"Animal or vegetable fats, oils, & waxes",31507,"Soybean Oil",2021,1708589
3,"Animal and Vegetable Bi-Products",315,"Animal or vegetable fats, oils, & waxes",31508,"Ground Nut Oil",2021,25544.000000000004
3,"Animal and Vegetable Bi-Products",315,"Animal or vegetable fats, oils, & waxes",31509,"Pure Olive Oil",2021,624176
3,"Animal and Vegetable Bi-Products",315,"Animal or vegetable fats, oils, & waxes",31510,"Olive Oil",2021,48517
3,"Animal and Vegetable Bi-Products",315,"Animal or vegetable fats, oils, & waxes",31511,"Palm Oil",2021,22826.999999999996
3,"Animal and Vegetable Bi-Products",315,"Animal or vegetable fats, oils, & waxes",31512,"Seed Oils",2021,170393
3,"Animal and Vegetable Bi-Products",315,"Animal or vegetable fats, oils, & waxes",31513,"Coconut Oil",2021,301550
3,"Animal and Vegetable Bi-Products",315,"Animal or vegetable fats, oils, & waxes",31514,"Rapeseed Oil",2021,15029658
3,"Animal and Vegetable Bi-Products",315,"Animal or vegetable fats, oils, & waxes",31515,"Other Pure Vegetable Oils",2021,4151934
3,"Animal and Vegetable Bi-Products",315,"Animal or vegetable fats, oils, & waxes",31516,"Other Vegetable Oils",2021,4739005
3,"Animal and Vegetable Bi-Products",315,"Animal or vegetable fats, oils, & waxes",31517,"Margarine",2021,14923611
3,"Animal and Vegetable Bi-Products",315,"Animal or vegetable fats, oils, & waxes",31518,"Inedible Fats and Oils",2021,13734730
3,"Animal and Vegetable Bi-Products",315,"Animal or vegetable fats, oils, & waxes",31519,"Stearic Acid",2021,81698368
3,"Animal and Vegetable Bi-Products",315,"Animal or vegetable fats, oils, & waxes",31520,"Glycerol",2021,742551
3,"Animal and Vegetable Bi-Products",315,"Animal or vegetable fats, oils, & waxes",31521,"Vegetable waxes and beeswax",2021,44997
3,"Animal and Vegetable Bi-Products",315,"Animal or vegetable fats, oils, & waxes",31522,"Fat and Oil Residues",2021,832388
4,"Foodstuffs",416,"Preparations of fish, crustacenas, & molluscs",41601,"Sausages",2021,11404092
4,"Foodstuffs",416,"Preparations of fish, crustacenas, & molluscs",41602,"Other Prepared Meat",2021,11835304
4,"Foodstuffs",416,"Preparations of fish, crustacenas, & molluscs",41603,"Animal Extracts",2021,3395
4,"Foodstuffs",416,"Preparations of fish, crustacenas, & molluscs",41604,"Processed Fish",2021,6729656
4,"Foodstuffs",416,"Preparations of fish, crustacenas, & molluscs",41605,"Processed Crustaceans",2021,488544
4,"Foodstuffs",417,"Sugars & confectioneries",41701,"Raw Sugar",2021,9253909
4,"Foodstuffs",417,"Sugars & confectioneries",41702,"Other Sugars",2021,27935419
4,"Foodstuffs",417,"Sugars & confectioneries",41703,"Molasses",2021,1698990
4,"Foodstuffs",417,"Sugars & confectioneries",41704,"Confectionery Sugar",2021,51779338
4,"Foodstuffs",418,"Cocoa & cocoa preparations",41801,"Cocoa Beans",2021,13029
4,"Foodstuffs",418,"Cocoa & cocoa preparations",41802,"Cocoa Shells",2021,1157
4,"Foodstuffs",418,"Cocoa & cocoa preparations",41803,"Cocoa Paste",2021,398642
4,"Foodstuffs",418,"Cocoa & cocoa preparations",41804,"Cocoa Butter",2021,59072
4,"Foodstuffs",418,"Cocoa & cocoa preparations",41805,"Cocoa Powder",2021,148703
4,"Foodstuffs",418,"Cocoa & cocoa preparations",41806,"Chocolate",2021,88772273
4,"Foodstuffs",419,"Preparations of cereals, flour, starch or milk",41901,"Malt Extract",2021,36057063
4,"Foodstuffs",419,"Preparations of cereals, flour, starch or milk",41902,"Pasta",2021,4267657
4,"Foodstuffs",419,"Preparations of cereals, flour, starch or milk",41903,"Tapioca",2021,4552
4,"Foodstuffs",419,"Preparations of cereals, flour, starch or milk",41904,"Prepared Cereals",2021,9010312
4,"Foodstuffs",419,"Preparations of cereals, flour, starch or milk",41905,"Baked Goods",2021,83872109
4,"Foodstuffs",420,"Preparations of vegetables, fruit, nuts or other plant parts",42001,"Pickled Foods",2021,2455794
4,"Foodstuffs",420,"Preparations of vegetables, fruit, nuts or other plant parts",42002,"Processed Tomatoes",2021,448345
4,"Foodstuffs",420,"Preparations of vegetables, fruit, nuts or other plant parts",42003,"Processed Mushrooms",2021,81774
4,"Foodstuffs",420,"Preparations of vegetables, fruit, nuts or other plant parts",42004,"Other Frozen Vegetables",2021,2711269
4,"Foodstuffs",420,"Preparations of vegetables, fruit, nuts or other plant parts",42005,"Other Processed Vegetables",2021,4602964
4,"Foodstuffs",420,"Preparations of vegetables, fruit, nuts or other plant parts",42006,"Sugar Preserved Foods",2021,125802.99999999997
4,"Foodstuffs",420,"Preparations of vegetables, fruit, nuts or other plant parts",42007,"Jams",2021,1857743
4,"Foodstuffs",420,"Preparations of vegetables, fruit, nuts or other plant parts",42008,"Other Processed Fruits and Nuts",2021,5423729
4,"Foodstuffs",420,"Preparations of vegetables, fruit, nuts or other plant parts",42009,"Fruit Juice",2021,5016099
4,"Foodstuffs",421,"Miscellaneous edible preparations",42101,"Coffee and Tea Extracts",2021,7612635
4,"Foodstuffs",421,"Miscellaneous edible preparations",42102,"Yeast",2021,5511693
4,"Foodstuffs",421,"Miscellaneous edible preparations",42103,"Sauces and Seasonings",2021,31033529
4,"Foodstuffs",421,"Miscellaneous edible preparations",42104,"Soups and Broths",2021,7670431
4,"Foodstuffs",421,"Miscellaneous edible preparations",42105,"Ice Cream",2021,9988964
4,"Foodstuffs",421,"Miscellaneous edible preparations",42106,"Other Edible Preparations",2021,92061643
4,"Foodstuffs",422,"Beverages, spirits, & vinegar",42201,"Water",2021,2517357
4,"Foodstuffs",422,"Beverages, spirits, & vinegar",42202,"Flavored Water",2021,39344133
4,"Foodstuffs",422,"Beverages, spirits, & vinegar",42203,"Beer",2021,13748295
4,"Foodstuffs",422,"Beverages, spirits, & vinegar",42204,"Wine",2021,18079692
4,"Foodstuffs",422,"Beverages, spirits, & vinegar",42205,"Vermouth",2021,8041729.000000001
4,"Foodstuffs",422,"Beverages, spirits, & vinegar",42206,"Other Fermented Beverages",2021,4513343
4,"Foodstuffs",422,"Beverages, spirits, & vinegar",42207,"Alcohol > 80% ABV",2021,5534282
4,"Foodstuffs",422,"Beverages, spirits, & vinegar",42208,"Hard Liquor",2021,133083802
4,"Foodstuffs",422,"Beverages, spirits, & vinegar",42209,"Vinegar",2021,59730
4,"Foodstuffs",423,"Food residues & wastes; animal fodder",42301,"Animal Meal and Pellets",2021,10717344
4,"Foodstuffs",423,"Food residues & wastes; animal fodder",42302,"Bran",2021,2684803
4,"Foodstuffs",423,"Food residues & wastes; animal fodder",42303,"Starch Residue",2021,1154601
4,"Foodstuffs",423,"Food residues & wastes; animal fodder",42304,"Soybean Meal",2021,3167993
4,"Foodstuffs",423,"Food residues & wastes; animal fodder",42305,"Ground Nut Meal",2021,1462
4,"Foodstuffs",423,"Food residues & wastes; animal fodder",42306,"Other Vegetable Residues",2021,18114850
4,"Foodstuffs",423,"Food residues & wastes; animal fodder",42308,"Other Vegetable Residues and Waste",2021,3765004
4,"Foodstuffs",423,"Food residues & wastes; animal fodder",42309,"Animal Food",2021,119875300
4,"Foodstuffs",424,"Tobacco & substitutes",42401,"Raw Tobacco",2021,48
4,"Foodstuffs",424,"Tobacco & substitutes",42402,"Rolled Tobacco",2021,3340120
4,"Foodstuffs",424,"Tobacco & substitutes",42403,"Processed Tobacco",2021,97754
5,"Mineral Products",525,"Salt, sulphur, cement, lime, stone, & plaster",52501,"Salt",2021,1666149
5,"Mineral Products",525,"Salt, sulphur, cement, lime, stone, & plaster",52502,"Iron Pyrites",2021,1439555
5,"Mineral Products",525,"Salt, sulphur, cement, lime, stone, & plaster",52503,"Sulphur",2021,189190
5,"Mineral Products",525,"Salt, sulphur, cement, lime, stone, & plaster",52504,"Graphite",2021,119211
5,"Mineral Products",525,"Salt, sulphur, cement, lime, stone, & plaster",52505,"Sand",2021,1895008
5,"Mineral Products",525,"Salt, sulphur, cement, lime, stone, & plaster",52506,"Quartz",2021,682823
5,"Mineral Products",525,"Salt, sulphur, cement, lime, stone, & plaster",52507,"Kaolin",2021,12811045
5,"Mineral Products",525,"Salt, sulphur, cement, lime, stone, & plaster",52508,"Clays",2021,432053
5,"Mineral Products",525,"Salt, sulphur, cement, lime, stone, & plaster",52509,"Chalk",2021,15976
5,"Mineral Products",525,"Salt, sulphur, cement, lime, stone, & plaster",52510,"Calcium Phosphates",2021,11103125
5,"Mineral Products",525,"Salt, sulphur, cement, lime, stone, & plaster",52511,"Barium Sulphate",2021,45319
5,"Mineral Products",525,"Salt, sulphur, cement, lime, stone, & plaster",52512,"Siliceous Fossil Meals",2021,19036
5,"Mineral Products",525,"Salt, sulphur, cement, lime, stone, & plaster",52513,"Pumice",2021,34689
5,"Mineral Products",525,"Salt, sulphur, cement, lime, stone, & plaster",52514,"Slate",2021,91055
5,"Mineral Products",525,"Salt, sulphur, cement, lime, stone, & plaster",52515,"Marble, Travertine and Alabaster",2021,132092
5,"Mineral Products",525,"Salt, sulphur, cement, lime, stone, & plaster",52516,"Granite",2021,9156125
5,"Mineral Products",525,"Salt, sulphur, cement, lime, stone, & plaster",52517,"Gravel and Crushed Stone",2021,24387971
5,"Mineral Products",525,"Salt, sulphur, cement, lime, stone, & plaster",52518,"Dolomite",2021,197711
5,"Mineral Products",525,"Salt, sulphur, cement, lime, stone, & plaster",52519,"Magnesium Carbonate",2021,962453
5,"Mineral Products",525,"Salt, sulphur, cement, lime, stone, & plaster",52520,"Gypsum",2021,41706
5,"Mineral Products",525,"Salt, sulphur, cement, lime, stone, & plaster",52521,"Limestone",2021,495308
5,"Mineral Products",525,"Salt, sulphur, cement, lime, stone, & plaster",52522,"Quicklime",2021,13878804
5,"Mineral Products",525,"Salt, sulphur, cement, lime, stone, & plaster",52523,"Cement",2021,3039686
5,"Mineral Products",525,"Salt, sulphur, cement, lime, stone, & plaster",52525,"Mica",2021,3934438
5,"Mineral Products",525,"Salt, sulphur, cement, lime, stone, & plaster",52526,"Soapstone",2021,76401339
5,"Mineral Products",525,"Salt, sulphur, cement, lime, stone, & plaster",52528,"Borax",2021,504796.99999999994
5,"Mineral Products",525,"Salt, sulphur, cement, lime, stone, & plaster",52529,"Feldspar",2021,9382897
5,"Mineral Products",525,"Salt, sulphur, cement, lime, stone, & plaster",52530,"Other Mineral",2021,8257261
5,"Mineral Products",526,"Ores, slag and ash",52601,"Iron Ore",2021,208624886
5,"Mineral Products",526,"Ores, slag and ash",52602,"Manganese Ore",2021,12
5,"Mineral Products",526,"Ores, slag and ash",52603,"Copper Ore",2021,189831864
5,"Mineral Products",526,"Ores, slag and ash",52604,"Nickel Ore",2021,48677830
5,"Mineral Products",526,"Ores, slag and ash",52605,"Cobalt Ore",2021,1081
5,"Mineral Products",526,"Ores, slag and ash",52606,"Aluminium Ore",2021,77751
5,"Mineral Products",526,"Ores, slag and ash",52607,"Lead Ore",2021,47755813.00000001
5,"Mineral Products",526,"Ores, slag and ash",52608,"Zinc Ore",2021,47379210.99999999
5,"Mineral Products",526,"Ores, slag and ash",52610,"Chromium Ore",2021,107955
5,"Mineral Products",526,"Ores, slag and ash",52612,"Uranium and Thorium Ore",2021,7
5,"Mineral Products",526,"Ores, slag and ash",52614,"Titanium Ore",2021,139459
5,"Mineral Products",526,"Ores, slag and ash",52615,"Niobium, Tantalum, Vanadium and Zirconium Ore",2021,1434
5,"Mineral Products",526,"Ores, slag and ash",52616,"Precious Metal Ore",2021,240864423.99999997
5,"Mineral Products",526,"Ores, slag and ash",52617,"Other Ores",2021,14368
5,"Mineral Products",526,"Ores, slag and ash",52618,"Granulated Slag",2021,3086677
5,"Mineral Products",526,"Ores, slag and ash",52619,"Slag Dross",2021,433598
5,"Mineral Products",526,"Ores, slag and ash",52620,"Non-Iron and Steel Slag, Ash and Residues",2021,56760394
5,"Mineral Products",526,"Ores, slag and ash",52621,"Other Slag and Ash",2021,3305083.0000000005
5,"Mineral Products",527,"Mineral fuels, mineral oils and products of their distillation",52701,"Coal Briquettes",2021,26379586
5,"Mineral Products",527,"Mineral fuels, mineral oils and products of their distillation",52702,"Lignite",2021,103
5,"Mineral Products",527,"Mineral fuels, mineral oils and products of their distillation",52703,"Peat",2021,29199196
5,"Mineral Products",527,"Mineral fuels, mineral oils and products of their distillation",52704,"Coke",2021,24421009
5,"Mineral Products",527,"Mineral fuels, mineral oils and products of their distillation",52705,"Non-Petroleum Gas",2021,37.00000000000001
5,"Mineral Products",527,"Mineral fuels, mineral oils and products of their distillation",52706,"Tar",2021,13456008
5,"Mineral Products",527,"Mineral fuels, mineral oils and products of their distillation",52707,"Coal Tar Oil",2021,297684692
5,"Mineral Products",527,"Mineral fuels, mineral oils and products of their distillation",52708,"Pitch Coke",2021,109774
5,"Mineral Products",527,"Mineral fuels, mineral oils and products of their distillation",52709,"Crude Petroleum",2021,9568
5,"Mineral Products",527,"Mineral fuels, mineral oils and products of their distillation",52710,"Refined Petroleum",2021,4794732313
5,"Mineral Products",527,"Mineral fuels, mineral oils and products of their distillation",52711,"Petroleum Gas",2021,47242739
5,"Mineral Products",527,"Mineral fuels, mineral oils and products of their distillation",52712,"Petroleum Jelly",2021,503624
5,"Mineral Products",527,"Mineral fuels, mineral oils and products of their distillation",52713,"Petroleum Coke",2021,7490539
5,"Mineral Products",527,"Mineral fuels, mineral oils and products of their distillation",52714,"Bitumen and asphalt",2021,77769
5,"Mineral Products",527,"Mineral fuels, mineral oils and products of their distillation",52715,"Asphalt Mixtures",2021,1768990
5,"Mineral Products",527,"Mineral fuels, mineral oils and products of their distillation",52716,"Electricity",2021,672538965
6,"Chemical Products",628,"Inorganic chemicals",62801,"Halogens",2021,5593
6,"Chemical Products",628,"Inorganic chemicals",62802,"Sulfur",2021,13.000000000000002
6,"Chemical Products",628,"Inorganic chemicals",62803,"Carbon",2021,302038
6,"Chemical Products",628,"Inorganic chemicals",62804,"Hydrogen",2021,13169088
6,"Chemical Products",628,"Inorganic chemicals",62805,"Alkali, alkaline-earth, rare-earth metals, scandium, yttrium, and mercury",2021,565490
6,"Chemical Products",628,"Inorganic chemicals",62806,"Hydrochloric Acid",2021,1006070
6,"Chemical Products",628,"Inorganic chemicals",62807,"Sulfuric Acid",2021,27514630
6,"Chemical Products",628,"Inorganic chemicals",62808,"Nitric Acids",2021,1128315
6,"Chemical Products",628,"Inorganic chemicals",62809,"Phosphoric Acid",2021,10805946
6,"Chemical Products",628,"Inorganic chemicals",62810,"Boron",2021,4084055
6,"Chemical Products",628,"Inorganic chemicals",62811,"Other Inorganic Acids",2021,56447295
6,"Chemical Products",628,"Inorganic chemicals",62812,"Halides",2021,1932815
6,"Chemical Products",628,"Inorganic chemicals",62813,"Nonmetal Sulfides",2021,38
6,"Chemical Products",628,"Inorganic chemicals",62814,"Ammonia",2021,580174
6,"Chemical Products",628,"Inorganic chemicals",62815,"Sodium or Potassium Peroxides",2021,6896991.999999999
6,"Chemical Products",628,"Inorganic chemicals",62816,"Magnesium Hydroxide and Peroxide",2021,2138966
6,"Chemical Products",628,"Inorganic chemicals",62817,"Zinc Oxide and Peroxide",2021,989871.0000000001
6,"Chemical Products",628,"Inorganic chemicals",62818,"Aluminium Oxide",2021,777443
6,"Chemical Products",628,"Inorganic chemicals",62819,"Chromium Oxides and Hydroxides",2021,212432
6,"Chemical Products",628,"Inorganic chemicals",62820,"Manganese Oxides",2021,57324
6,"Chemical Products",628,"Inorganic chemicals",62821,"Iron Oxides and Hydroxides",2021,714497
6,"Chemical Products",628,"Inorganic chemicals",62822,"Cobalt Oxides and Hydroxides",2021,227207235
6,"Chemical Products",628,"Inorganic chemicals",62823,"Titanium Oxides",2021,1750897
6,"Chemical Products",628,"Inorganic chemicals",62824,"Lead Oxides",2021,8
6,"Chemical Products",628,"Inorganic chemicals",62825,"Inorganic Salts",2021,57174979.99999999
6,"Chemical Products",628,"Inorganic chemicals",62826,"Fluorides",2021,27891
6,"Chemical Products",628,"Inorganic chemicals",62827,"Chlorides",2021,37883142
6,"Chemical Products",628,"Inorganic chemicals",62828,"Hypochlorites",2021,6223856
6,"Chemical Products",628,"Inorganic chemicals",62829,"Chlorates and Perchlorates",2021,54123235
6,"Chemical Products",628,"Inorganic chemicals",62830,"Sulfides",2021,637952
6,"Chemical Products",628,"Inorganic chemicals",62831,"Dithionites and Sulfoxylates",2021,53906
6,"Chemical Products",628,"Inorganic chemicals",62832,"Sulfites",2021,2023714
6,"Chemical Products",628,"Inorganic chemicals",62833,"Sulfates",2021,304774603
6,"Chemical Products",628,"Inorganic chemicals",62834,"Nitrites and Nitrates",2021,289908
6,"Chemical Products",628,"Inorganic chemicals",62835,"Phosphinates (hypophosphites) and phosphonates (phosphites)",2021,119810297
6,"Chemical Products",628,"Inorganic chemicals",62836,"Carbonates",2021,49087074
6,"Chemical Products",628,"Inorganic chemicals",62837,"Cyanides",2021,97268
6,"Chemical Products",628,"Inorganic chemicals",62839,"Silicates",2021,1651806
6,"Chemical Products",628,"Inorganic chemicals",62840,"Borates",2021,4770410
6,"Chemical Products",628,"Inorganic chemicals",62841,"Oxometallic or Peroxometallic Acid Salts",2021,13569672
6,"Chemical Products",628,"Inorganic chemicals",62842,"Other Inorganic Acids Salts",2021,5427283
6,"Chemical Products",628,"Inorganic chemicals",62843,"Precious Metal Compounds",2021,5153504
6,"Chemical Products",628,"Inorganic chemicals",62844,"Radioactive Chemicals",2021,3205458
6,"Chemical Products",628,"Inorganic chemicals",62845,"Other Isotopes",2021,322472
6,"Chemical Products",628,"Inorganic chemicals",62846,"Rare-Earth Metal Compounds",2021,1903433
6,"Chemical Products",628,"Inorganic chemicals",62847,"Hydrogen peroxide",2021,67590205
6,"Chemical Products",628,"Inorganic chemicals",62849,"Carbides",2021,9517882
6,"Chemical Products",628,"Inorganic chemicals",62850,"Hydrides and other anions",2021,12106381
6,"Chemical Products",628,"Inorganic chemicals",62851,"Inorganic Compounds",2021,5203727
6,"Chemical Products",629,"Organic chemicals",62901,"Acyclic Hydrocarbons",2021,150542524
6,"Chemical Products",629,"Organic chemicals",62902,"Cyclic Hydrocarbons",2021,7194284
6,"Chemical Products",629,"Organic chemicals",62903,"Halogenated Hydrocarbons",2021,373403
6,"Chemical Products",629,"Organic chemicals",62904,"Sulfonated, Nitrated or Nitrosated Hydrocarbons",2021,216203
6,"Chemical Products",629,"Organic chemicals",62905,"Acyclic alcohol derivatives (halogenated, sulphonated, nitrated)",2021,175304986
6,"Chemical Products",629,"Organic chemicals",62906,"Cyclic Alcohols",2021,4180694
6,"Chemical Products",629,"Organic chemicals",62907,"Phenols",2021,167216536
6,"Chemical Products",629,"Organic chemicals",62908,"Phenol Derivatives",2021,226
6,"Chemical Products",629,"Organic chemicals",62909,"Ethers",2021,22971740
6,"Chemical Products",629,"Organic chemicals",62910,"Epoxides",2021,322885
6,"Chemical Products",629,"Organic chemicals",62911,"Acetals and Hemiacetals",2021,60904
6,"Chemical Products",629,"Organic chemicals",62912,"Aldehydes, cyclic polymers, and paraformaldehyde",2021,22020206
6,"Chemical Products",629,"Organic chemicals",62913,"Halogenated aldehyde derivatives (heading 2912)",2021,291
6,"Chemical Products",629,"Organic chemicals",62914,"Ketones and Quinones",2021,105777645
6,"Chemical Products",629,"Organic chemicals",62915,"Saturated Acyclic Monocarboxylic Acids",2021,52710363
6,"Chemical Products",629,"Organic chemicals",62916,"Unsaturated Acyclic Monocarboxylic Acids",2021,7395093
6,"Chemical Products",629,"Organic chemicals",62917,"Polycarboxylic Acids",2021,773986
6,"Chemical Products",629,"Organic chemicals",62918,"Carboxylic Acids",2021,1694507
6,"Chemical Products",629,"Organic chemicals",62919,"Phosphoric Esters and Salts",2021,160584
6,"Chemical Products",629,"Organic chemicals",62920,"Other Esters",2021,1893120
6,"Chemical Products",629,"Organic chemicals",62921,"Amine Compounds",2021,2146067
6,"Chemical Products",629,"Organic chemicals",62922,"Oxygen Amino Compounds",2021,14482212
6,"Chemical Products",629,"Organic chemicals",62923,"Quaternary Ammonium Salts and Hydroxides",2021,87951616
6,"Chemical Products",629,"Organic chemicals",62924,"Carboxyamide Compounds",2021,14465327
6,"Chemical Products",629,"Organic chemicals",62925,"Carboxyimide Compounds",2021,414627.00000000006
6,"Chemical Products",629,"Organic chemicals",62926,"Nitrile Compounds",2021,286716
6,"Chemical Products",629,"Organic chemicals",62927,"Diazo, Azo or Aoxy Compounds",2021,3341
6,"Chemical Products",629,"Organic chemicals",62928,"Hydrazine or Hydroxylamine Derivatives",2021,883834
6,"Chemical Products",629,"Organic chemicals",62929,"Other Nitrogen Compounds",2021,178242
6,"Chemical Products",629,"Organic chemicals",62930,"Organo-Sulfur Compounds",2021,50510955
6,"Chemical Products",629,"Organic chemicals",62931,"Other Organo-Inorganic Compounds",2021,1100729
6,"Chemical Products",629,"Organic chemicals",62932,"Oxygen Heterocyclic Compounds",2021,6704265
6,"Chemical Products",629,"Organic chemicals",62933,"Nitrogen Heterocyclic Compounds",2021,308867257
6,"Chemical Products",629,"Organic chemicals",62934,"Nucleic Acids",2021,93061573
6,"Chemical Products",629,"Organic chemicals",62935,"Sulfonamides",2021,1383828
6,"Chemical Products",629,"Organic chemicals",62936,"Vitamins",2021,6562639
6,"Chemical Products",629,"Organic chemicals",62937,"Hormones",2021,822273
6,"Chemical Products",629,"Organic chemicals",62938,"Glycosides",2021,240909
6,"Chemical Products",629,"Organic chemicals",62939,"Vegetable Alkaloids",2021,2205985
6,"Chemical Products",629,"Organic chemicals",62940,"Chemically Pure Sugars",2021,4876475
6,"Chemical Products",629,"Organic chemicals",62941,"Antibiotics",2021,182221
6,"Chemical Products",629,"Organic chemicals",62942,"Other Organic Compounds",2021,2561728
6,"Chemical Products",630,"Pharmaceutical products",63001,"Glands and Other Organs",2021,870404
6,"Chemical Products",630,"Pharmaceutical products",63002,"Vaccines, blood, antisera, toxins and cultures",2021,136042229
6,"Chemical Products",630,"Pharmaceutical products",63003,"Unpackaged Medicaments",2021,976141
6,"Chemical Products",630,"Pharmaceutical products",63004,"Packaged Medicaments",2021,905254182
6,"Chemical Products",630,"Pharmaceutical products",63005,"Bandages",2021,320905591
6,"Chemical Products",630,"Pharmaceutical products",63006,"Special Pharmaceuticals",2021,689947258
6,"Chemical Products",631,"Fertilizers",63101,"Animal or Vegetable Fertilizers",2021,5960843
6,"Chemical Products",631,"Fertilizers",63102,"Nitrogenous Fertilizers",2021,116035193
6,"Chemical Products",631,"Fertilizers",63103,"Phosphatic Fertilizers",2021,17
6,"Chemical Products",631,"Fertilizers",63104,"Potassic Fertilizers",2021,302690
6,"Chemical Products",631,"Fertilizers",63105,"Mixed Mineral or Chemical Fertilizers",2021,787379148
6,"Chemical Products",632,"Paints, dyes, & varnishes",63201,"Vegetable Tanning Extracts",2021,44045
6,"Chemical Products",632,"Paints, dyes, & varnishes",63202,"Synthetic Tanning Extracts",2021,121145
6,"Chemical Products",632,"Paints, dyes, & varnishes",63203,"Vegetable or Animal Dyes",2021,259391
6,"Chemical Products",632,"Paints, dyes, & varnishes",63204,"Synthetic Coloring Matter",2021,33785963
6,"Chemical Products",632,"Paints, dyes, & varnishes",63205,"Lake Pigments",2021,45984
6,"Chemical Products",632,"Paints, dyes, & varnishes",63206,"Other Coloring Matter",2021,56039280
6,"Chemical Products",632,"Paints, dyes, & varnishes",63207,"Prepared Pigments",2021,383442
6,"Chemical Products",632,"Paints, dyes, & varnishes",63208,"Nonaqueous Paints",2021,138546511
6,"Chemical Products",632,"Paints, dyes, & varnishes",63209,"Aqueous Paints",2021,103225611
6,"Chemical Products",632,"Paints, dyes, & varnishes",63210,"Other Paints",2021,6968458
6,"Chemical Products",632,"Paints, dyes, & varnishes",63211,"Prepared Paint Driers",2021,454831
6,"Chemical Products",632,"Paints, dyes, & varnishes",63212,"Nonaqueous Pigments",2021,8203080
6,"Chemical Products",632,"Paints, dyes, & varnishes",63213,"Artistry Paints",2021,302440
6,"Chemical Products",632,"Paints, dyes, & varnishes",63214,"Glaziers Putty",2021,15162425
6,"Chemical Products",632,"Paints, dyes, & varnishes",63215,"Ink",2021,26489779
6,"Chemical Products",633,"Perfumery & cosmetics",63301,"Essential Oils",2021,1980949
6,"Chemical Products",633,"Perfumery & cosmetics",63302,"Scented Mixtures",2021,7351841
6,"Chemical Products",633,"Perfumery & cosmetics",63303,"Perfumes",2021,2311987
6,"Chemical Products",633,"Perfumery & cosmetics",63304,"Beauty Products",2021,40322532
6,"Chemical Products",633,"Perfumery & cosmetics",63305,"Hair Products",2021,21210138
6,"Chemical Products",633,"Perfumery & cosmetics",63306,"Dental Products",2021,2408880
6,"Chemical Products",633,"Perfumery & cosmetics",63307,"Shaving Products",2021,16934865
6,"Chemical Products",634,"Soap, cleaners, candles, dental, modelling pastes",63401,"Soap",2021,5532561
6,"Chemical Products",634,"Soap, cleaners, candles, dental, modelling pastes",63402,"Cleaning Products",2021,33003105
6,"Chemical Products",634,"Soap, cleaners, candles, dental, modelling pastes",63403,"Lubricating Products",2021,75918522
6,"Chemical Products",634,"Soap, cleaners, candles, dental, modelling pastes",63404,"Waxes",2021,4712346
6,"Chemical Products",634,"Soap, cleaners, candles, dental, modelling pastes",63405,"Polishes and Creams",2021,6480336
6,"Chemical Products",634,"Soap, cleaners, candles, dental, modelling pastes",63406,"Candles",2021,2495810
6,"Chemical Products",634,"Soap, cleaners, candles, dental, modelling pastes",63407,"Pastes and Waxes",2021,4237671
6,"Chemical Products",635,"Glues, starches, & albuminoid products",63501,"Casein",2021,114888
6,"Chemical Products",635,"Glues, starches, & albuminoid products",63502,"Water Soluble Proteins",2021,172233
6,"Chemical Products",635,"Glues, starches, & albuminoid products",63503,"Gelatin",2021,91512
6,"Chemical Products",635,"Glues, starches, & albuminoid products",63504,"Peptones",2021,458079
6,"Chemical Products",635,"Glues, starches, & albuminoid products",63505,"Dextrins",2021,16733245
6,"Chemical Products",635,"Glues, starches, & albuminoid products",63506,"Glues",2021,30663610
6,"Chemical Products",635,"Glues, starches, & albuminoid products",63507,"Enzymes",2021,522084145
6,"Chemical Products",636,"Explosives, matches, & fireworks",63601,"Propellant Powders",2021,20983753
6,"Chemical Products",636,"Explosives, matches, & fireworks",63602,"Prepared Explosives",2021,12324916
6,"Chemical Products",636,"Explosives, matches, & fireworks",63603,"Detonating Fuses",2021,3199692
6,"Chemical Products",636,"Explosives, matches, & fireworks",63604,"Fireworks",2021,162712
6,"Chemical Products",636,"Explosives, matches, & fireworks",63605,"Matches",2021,22958
6,"Chemical Products",636,"Explosives, matches, & fireworks",63606,"Pyrophoric Alloys",2021,387058
6,"Chemical Products",637,"Photo & movie goods",63701,"Photographic Plates",2021,13117620
6,"Chemical Products",637,"Photo & movie goods",63702,"Photographic Film",2021,384168
6,"Chemical Products",637,"Photo & movie goods",63703,"Photographic Paper",2021,2440067
6,"Chemical Products",637,"Photo & movie goods",63704,"Undeveloped Exposed Photographic Material",2021,5049
6,"Chemical Products",637,"Photo & movie goods",63705,"Developed Exposed Photographic Material",2021,32705
6,"Chemical Products",637,"Photo & movie goods",63706,"Motion-picture film, exposed and developed",2021,3114
6,"Chemical Products",637,"Photo & movie goods",63707,"Photographic Chemicals",2021,1333716
6,"Chemical Products",638,"Chemical products n.e.s.",63801,"Artificial Graphite",2021,79622
6,"Chemical Products",638,"Chemical products n.e.s.",63802,"Activated Carbon",2021,1312436
6,"Chemical Products",638,"Chemical products n.e.s.",63803,"Tall Oil",2021,19374401
6,"Chemical Products",638,"Chemical products n.e.s.",63804,"Wood Pulp Lyes",2021,4390827
6,"Chemical Products",638,"Chemical products n.e.s.",63805,"Turpentine",2021,22167927.999999996
6,"Chemical Products",638,"Chemical products n.e.s.",63806,"Rosin",2021,60763934
6,"Chemical Products",638,"Chemical products n.e.s.",63807,"Wood Tar, Oils and Pitch",2021,16829780
6,"Chemical Products",638,"Chemical products n.e.s.",63808,"Pesticides",2021,26270237
6,"Chemical Products",638,"Chemical products n.e.s.",63809,"Dyeing Finishing Agents",2021,54926232
6,"Chemical Products",638,"Chemical products n.e.s.",63810,"Metal Pickling Preparations",2021,2052452
6,"Chemical Products",638,"Chemical products n.e.s.",63811,"Antiknock",2021,6022257
6,"Chemical Products",638,"Chemical products n.e.s.",63812,"Prepared Rubber Accelerators",2021,1899028
6,"Chemical Products",638,"Chemical products n.e.s.",63813,"Fire Extinguishers Preparations",2021,97985
6,"Chemical Products",638,"Chemical products n.e.s.",63814,"Organic Composite Solvents",2021,3183009
6,"Chemical Products",638,"Chemical products n.e.s.",63815,"Reaction and Catalytic Products",2021,83903915
6,"Chemical Products",638,"Chemical products n.e.s.",63816,"Refractory Cements",2021,6246600
6,"Chemical Products",638,"Chemical products n.e.s.",63817,"Alkylbenzenes and Alkylnaphthalenes",2021,4346307
6,"Chemical Products",638,"Chemical products n.e.s.",63818,"Disc Chemicals for Electronics",2021,114124803
6,"Chemical Products",638,"Chemical products n.e.s.",63819,"Hydraulic Brake Fluid",2021,1288197
6,"Chemical Products",638,"Chemical products n.e.s.",63820,"Antifreeze",2021,2967677
6,"Chemical Products",638,"Chemical products n.e.s.",63821,"Micro-Organism Culture Preparations",2021,6339667
6,"Chemical Products",638,"Chemical products n.e.s.",63822,"Laboratory Reagents",2021,548761770
6,"Chemical Products",638,"Chemical products n.e.s.",63823,"Industrial Fatty Acids, Oils and Alcohols",2021,184716683
7,"Plastics and Rubbers",739,"Plastics & articles thereof",73901,"Ethylene Polymers",2021,442524505
7,"Plastics and Rubbers",739,"Plastics & articles thereof",73902,"Propylene Polymers",2021,396428022
7,"Plastics and Rubbers",739,"Plastics & articles thereof",73903,"Styrene Polymers",2021,205715127
7,"Plastics and Rubbers",739,"Plastics & articles thereof",73904,"Vinyl Chloride Polymers",2021,22066619
7,"Plastics and Rubbers",739,"Plastics & articles thereof",73905,"Other Vinyl Polymers",2021,15398733
7,"Plastics and Rubbers",739,"Plastics & articles thereof",73906,"Acrylic Polymers",2021,74827288
7,"Plastics and Rubbers",739,"Plastics & articles thereof",73907,"Polyacetals",2021,112301736
7,"Plastics and Rubbers",739,"Plastics & articles thereof",73908,"Polyamides",2021,14662184
7,"Plastics and Rubbers",739,"Plastics & articles thereof",73909,"Amino-resins",2021,65959627
7,"Plastics and Rubbers",739,"Plastics & articles thereof",73910,"Silicone",2021,5461024
7,"Plastics and Rubbers",739,"Plastics & articles thereof",73911,"Petroleum Resins",2021,11104804
7,"Plastics and Rubbers",739,"Plastics & articles thereof",73912,"Cellulose",2021,157108746
7,"Plastics and Rubbers",739,"Plastics & articles thereof",73913,"Natural Polymers",2021,2234377
7,"Plastics and Rubbers",739,"Plastics & articles thereof",73914,"Polymer Ion-Exchangers",2021,13756301
7,"Plastics and Rubbers",739,"Plastics & articles thereof",73915,"Scrap Plastic",2021,9250047
7,"Plastics and Rubbers",739,"Plastics & articles thereof",73916,"Monofilament",2021,30641049
7,"Plastics and Rubbers",739,"Plastics & articles thereof",73917,"Plastic Pipes",2021,126571349
7,"Plastics and Rubbers",739,"Plastics & articles thereof",73918,"Plastic Floor Coverings",2021,34672169
7,"Plastics and Rubbers",739,"Plastics & articles thereof",73919,"Self-adhesive Plastics",2021,173572041
7,"Plastics and Rubbers",739,"Plastics & articles thereof",73920,"Raw Plastic Sheeting",2021,371874911
7,"Plastics and Rubbers",739,"Plastics & articles thereof",73921,"Other Plastic Sheetings",2021,250623866
7,"Plastics and Rubbers",739,"Plastics & articles thereof",73922,"Plastic Wash Basins",2021,24198345
7,"Plastics and Rubbers",739,"Plastics & articles thereof",73923,"Plastic Lids",2021,106349058
7,"Plastics and Rubbers",739,"Plastics & articles thereof",73924,"Plastic Housewares",2021,30826469
7,"Plastics and Rubbers",739,"Plastics & articles thereof",73925,"Plastic Building Materials",2021,60519436
7,"Plastics and Rubbers",739,"Plastics & articles thereof",73926,"Other Plastic Products",2021,242032854
7,"Plastics and Rubbers",740,"Rubber & articles thereof",74001,"Rubber",2021,740568
7,"Plastics and Rubbers",740,"Rubber & articles thereof",74002,"Synthetic Rubber",2021,49297276
7,"Plastics and Rubbers",740,"Rubber & articles thereof",74003,"Reclaimed Rubber",2021,168259
7,"Plastics and Rubbers",740,"Rubber & articles thereof",74004,"Scrap Rubber",2021,470499.99999999994
7,"Plastics and Rubbers",740,"Rubber & articles thereof",74005,"Compounded Unvulcanised Rubber",2021,6045278
7,"Plastics and Rubbers",740,"Rubber & articles thereof",74006,"Unvulcanised Rubber Products",2021,689071
7,"Plastics and Rubbers",740,"Rubber & articles thereof",74007,"Rubber Thread",2021,30134
7,"Plastics and Rubbers",740,"Rubber & articles thereof",74008,"Rubber Sheets",2021,8510585
7,"Plastics and Rubbers",740,"Rubber & articles thereof",74009,"Rubber Pipes",2021,36778022
7,"Plastics and Rubbers",740,"Rubber & articles thereof",74010,"Rubber Belting",2021,9222789
7,"Plastics and Rubbers",740,"Rubber & articles thereof",74011,"Rubber Tires",2021,378585143
7,"Plastics and Rubbers",740,"Rubber & articles thereof",74012,"Used Rubber Tires",2021,10764602
7,"Plastics and Rubbers",740,"Rubber & articles thereof",74013,"Rubber Inner Tubes",2021,3724044
7,"Plastics and Rubbers",740,"Rubber & articles thereof",74014,"Pharmaceutical Rubber Products",2021,1035765
7,"Plastics and Rubbers",740,"Rubber & articles thereof",74015,"Rubber Apparel",2021,7218704
7,"Plastics and Rubbers",740,"Rubber & articles thereof",74016,"Other Rubber Products",2021,83820887
7,"Plastics and Rubbers",740,"Rubber & articles thereof",74017,"Hard Rubber",2021,199334
8,"Animal Hides",841,"Raw hides & skin (non-fur)",84101,"Equine and Bovine Hides",2021,63057
8,"Animal Hides",841,"Raw hides & skin (non-fur)",84102,"Sheep Hides",2021,39945
8,"Animal Hides",841,"Raw hides & skin (non-fur)",84103,"Other Hides and Skins",2021,10245131
8,"Animal Hides",841,"Raw hides & skin (non-fur)",84104,"Tanned Equine and Bovine Hides",2021,21604626
8,"Animal Hides",841,"Raw hides & skin (non-fur)",84105,"Tanned Sheep Hides",2021,136189
8,"Animal Hides",841,"Raw hides & skin (non-fur)",84106,"Tanned Goat Hides",2021,19640
8,"Animal Hides",841,"Raw hides & skin (non-fur)",84107,"Leather of Other Animals",2021,3701598
8,"Animal Hides",841,"Raw hides & skin (non-fur)",84108,"Chamois Leather",2021,1273972
8,"Animal Hides",841,"Raw hides & skin (non-fur)",84109,"Patent Leather",2021,254232
8,"Animal Hides",841,"Raw hides & skin (non-fur)",84110,"Leather Waste",2021,2609
8,"Animal Hides",841,"Raw hides & skin (non-fur)",84111,"Leather Sheets",2021,81788
8,"Animal Hides",842,"Leather articles",84201,"Saddlery",2021,8543988
8,"Animal Hides",842,"Leather articles",84202,"Trunks and Cases",2021,20954619
8,"Animal Hides",842,"Leather articles",84203,"Leather Apparel",2021,4531810
8,"Animal Hides",842,"Leather articles",84205,"Other Leather Articles",2021,1145180
8,"Animal Hides",842,"Leather articles",84206,"Articles of Gut",2021,1625
8,"Animal Hides",843,"Furskins, articifial fur, & articles",84301,"Raw Furskins",2021,438211236
8,"Animal Hides",843,"Furskins, articifial fur, & articles",84302,"Tanned Furskins",2021,7813412
8,"Animal Hides",843,"Furskins, articifial fur, & articles",84303,"Furskin Apparel",2021,1767495
8,"Animal Hides",843,"Furskins, articifial fur, & articles",84304,"Artificial Fur",2021,58525
9,"Wood Products",944,"Wood, wood articles, & charcoal",94401,"Fuel Wood",2021,16082573
9,"Wood Products",944,"Wood, wood articles, & charcoal",94402,"Wood Charcoal",2021,908545
9,"Wood Products",944,"Wood, wood articles, & charcoal",94403,"Rough Wood",2021,153452606
9,"Wood Products",944,"Wood, wood articles, & charcoal",94404,"Wood Stakes",2021,5913518
9,"Wood Products",944,"Wood, wood articles, & charcoal",94405,"Wood Wool",2021,100789
9,"Wood Products",944,"Wood, wood articles, & charcoal",94406,"Railroad Ties",2021,2899449
9,"Wood Products",944,"Wood, wood articles, & charcoal",94407,"Sawn Wood",2021,2967755680
9,"Wood Products",944,"Wood, wood articles, & charcoal",94408,"Veneer Sheets",2021,74349743
9,"Wood Products",944,"Wood, wood articles, & charcoal",94409,"Shaped Wood",2021,124064613
9,"Wood Products",944,"Wood, wood articles, & charcoal",94410,"Particle Board",2021,12366395
9,"Wood Products",944,"Wood, wood articles, & charcoal",94411,"Wood Fiberboard",2021,28939780
9,"Wood Products",944,"Wood, wood articles, & charcoal",94412,"Plywood",2021,654367308
9,"Wood Products",944,"Wood, wood articles, & charcoal",94413,"Densified Wood",2021,4728588
9,"Wood Products",944,"Wood, wood articles, & charcoal",94414,"Wood Frames",2021,1146163
9,"Wood Products",944,"Wood, wood articles, & charcoal",94415,"Wood Crates",2021,41561976
9,"Wood Products",944,"Wood, wood articles, & charcoal",94416,"Wood Barrels",2021,2836912
9,"Wood Products",944,"Wood, wood articles, & charcoal",94417,"Wooden Tool Handles",2021,655346
9,"Wood Products",944,"Wood, wood articles, & charcoal",94418,"Wood Carpentry",2021,341461469
9,"Wood Products",944,"Wood, wood articles, & charcoal",94419,"Wood Kitchenware",2021,2112925
9,"Wood Products",944,"Wood, wood articles, & charcoal",94420,"Wood Ornaments",2021,1179292
9,"Wood Products",944,"Wood, wood articles, & charcoal",94421,"Other Wood Articles",2021,11373620
9,"Wood Products",945,"Cork & cork articles",94501,"Raw Cork",2021,124740
9,"Wood Products",945,"Cork & cork articles",94502,"Debacked Cork",2021,1505.9999999999998
9,"Wood Products",945,"Cork & cork articles",94503,"Natural Cork Articles",2021,41371
9,"Wood Products",945,"Cork & cork articles",94504,"Agglomerated Cork",2021,105205
9,"Wood Products",946,"Straw & esparto manufactures",94601,"Plaiting Products",2021,108511
9,"Wood Products",946,"Straw & esparto manufactures",94602,"Basketwork",2021,401651
10,"Paper Goods",1047,"Wood pulp & paper scrap",104701,"Mechanical Wood Pulp",2021,4401758
10,"Paper Goods",1047,"Wood pulp & paper scrap",104702,"Dissolving Grades Chemical Woodpulp",2021,284813402
10,"Paper Goods",1047,"Wood pulp & paper scrap",104703,"Sulfate Chemical Woodpulp",2021,2929530737
10,"Paper Goods",1047,"Wood pulp & paper scrap",104704,"Sulfite Chemical Woodpulp",2021,3233019
10,"Paper Goods",1047,"Wood pulp & paper scrap",104705,"Semi chemical Woodpulp",2021,227144644
10,"Paper Goods",1047,"Wood pulp & paper scrap",104706,"Recovered Paper Pulp",2021,1828555
10,"Paper Goods",1047,"Wood pulp & paper scrap",104707,"Recovered Paper",2021,27488759
10,"Paper Goods",1048,"Paper articles",104801,"Newsprint",2021,333902316
10,"Paper Goods",1048,"Paper articles",104802,"Uncoated Paper",2021,641131774
10,"Paper Goods",1048,"Paper articles",104803,"Tissue",2021,25987504
10,"Paper Goods",1048,"Paper articles",104804,"Kraft Paper",2021,855854265
10,"Paper Goods",1048,"Paper articles",104805,"Other Uncoated Paper",2021,500442178
10,"Paper Goods",1048,"Paper articles",104806,"Vegetable Parchment",2021,519508862
10,"Paper Goods",1048,"Paper articles",104807,"Composite Paper",2021,24789610
10,"Paper Goods",1048,"Paper articles",104808,"Corrugated Paper",2021,4096786
10,"Paper Goods",1048,"Paper articles",104809,"Carbon Paper",2021,1119198
10,"Paper Goods",1048,"Paper articles",104810,"Kaolin Coated Paper",2021,4381325079
10,"Paper Goods",1048,"Paper articles",104811,"Cellulose Fibers Paper",2021,948361205
10,"Paper Goods",1048,"Paper articles",104812,"Paper Pulp Filter Blocks",2021,287728
10,"Paper Goods",1048,"Paper articles",104813,"Cigarette Paper",2021,28848709
10,"Paper Goods",1048,"Paper articles",104814,"Wallpaper",2021,966044
10,"Paper Goods",1048,"Paper articles",104816,"Other Carbon Paper",2021,957130
10,"Paper Goods",1048,"Paper articles",104817,"Letter Stock",2021,1191954
10,"Paper Goods",1048,"Paper articles",104818,"Toilet Paper",2021,133679690
10,"Paper Goods",1048,"Paper articles",104819,"Paper Containers",2021,58679475
10,"Paper Goods",1048,"Paper articles",104820,"Paper Notebooks",2021,5993291
10,"Paper Goods",1048,"Paper articles",104821,"Paper Labels",2021,11385981
10,"Paper Goods",1048,"Paper articles",104822,"Paper Spools",2021,4098912
10,"Paper Goods",1048,"Paper articles",104823,"Shaped Paper",2021,222043872
10,"Paper Goods",1049,"Books, newspapers, & other prints",104901,"Brochures",2021,10990381
10,"Paper Goods",1049,"Books, newspapers, & other prints",104902,"Newspapers",2021,6353725
10,"Paper Goods",1049,"Books, newspapers, & other prints",104903,"Children's Picture Books",2021,712041
10,"Paper Goods",1049,"Books, newspapers, & other prints",104904,"Sheet Music",2021,114235.00000000001
10,"Paper Goods",1049,"Books, newspapers, & other prints",104905,"Maps",2021,33956
10,"Paper Goods",1049,"Books, newspapers, & other prints",104906,"Architectural Plans",2021,121302
10,"Paper Goods",1049,"Books, newspapers, & other prints",104907,"Documents of title (bonds etc) and unused stamps",2021,58862079.99999999
10,"Paper Goods",1049,"Books, newspapers, & other prints",104908,"Decals",2021,1441331
10,"Paper Goods",1049,"Books, newspapers, & other prints",104909,"Postcards",2021,76817
10,"Paper Goods",1049,"Books, newspapers, & other prints",104910,"Calendars",2021,212123
10,"Paper Goods",1049,"Books, newspapers, & other prints",104911,"Other Printed Material",2021,27501177
11,"Textiles",1150,"Silk",115001,"Silk-worm Cocoons",2021,11.000000000000002
11,"Textiles",1150,"Silk",115003,"Silk Waste",2021,13.000000000000002
11,"Textiles",1150,"Silk",115004,"Non-Retail Silk Yarn",2021,2956.0000000000005
11,"Textiles",1150,"Silk",115006,"Retail Silk Yarn",2021,462
11,"Textiles",1150,"Silk",115007,"Silk Fabrics",2021,89274.00000000001
11,"Textiles",1151,"Wool & animal hair",115101,"Wool",2021,92581
11,"Textiles",1151,"Wool & animal hair",115102,"Animal Hair",2021,413
11,"Textiles",1151,"Wool & animal hair",115103,"Wool or Animal Hair Waste",2021,128323.00000000001
11,"Textiles",1151,"Wool & animal hair",115104,"Garnetted Wool or Animal Hair",2021,129
11,"Textiles",1151,"Wool & animal hair",115105,"Prepared Wool or Animal Hair",2021,107813
11,"Textiles",1151,"Wool & animal hair",115106,"Non-Retail Carded Wool Yarn",2021,89386
11,"Textiles",1151,"Wool & animal hair",115107,"Non-Retail Combed Wool Yarn",2021,209292
11,"Textiles",1151,"Wool & animal hair",115108,"Non-Retail Animal Hair Yarn",2021,512332
11,"Textiles",1151,"Wool & animal hair",115109,"Retail Wool or Animal Hair Yarn",2021,913762
11,"Textiles",1151,"Wool & animal hair",115110,"Horsehair Yarn",2021,1153
11,"Textiles",1151,"Wool & animal hair",115111,"Carded Wool or Animal Hair Fabric",2021,270088
11,"Textiles",1151,"Wool & animal hair",115112,"Combed Wool or Animal Hair Fabric",2021,231387
11,"Textiles",1151,"Wool & animal hair",115113,"Horsehair Fabric",2021,2617
11,"Textiles",1152,"Cotton",115201,"Raw Cotton",2021,4551
11,"Textiles",1152,"Cotton",115202,"Cotton Waste",2021,2007
11,"Textiles",1152,"Cotton",115203,"Prepared Cotton",2021,30612
11,"Textiles",1152,"Cotton",115204,"Cotton Sewing Thread",2021,115273.00000000001
11,"Textiles",1152,"Cotton",115205,"Non-Retail Pure Cotton Yarn",2021,11497
11,"Textiles",1152,"Cotton",115206,"Non-Retail Mixed Cotton Yarn",2021,13220.999999999998
11,"Textiles",1152,"Cotton",115207,"Retail Cotton Yarn",2021,100954
11,"Textiles",1152,"Cotton",115208,"Light Pure Woven Cotton",2021,3105188
11,"Textiles",1152,"Cotton",115209,"Heavy Pure Woven Cotton",2021,1213001
11,"Textiles",1152,"Cotton",115210,"Light Mixed Woven Cotton",2021,313584
11,"Textiles",1152,"Cotton",115211,"Heavy Mixed Woven Cotton",2021,1716869
11,"Textiles",1152,"Cotton",115212,"Other Cotton Fabrics",2021,759247
11,"Textiles",1153,"Vegetable textile fibers, paper yarn & fabrics",115301,"Flax Fibers",2021,59166
11,"Textiles",1153,"Vegetable textile fibers, paper yarn & fabrics",115302,"Hemp Fibers",2021,402
11,"Textiles",1153,"Vegetable textile fibers, paper yarn & fabrics",115303,"Jute and Other Textile Fibers",2021,198518
11,"Textiles",1153,"Vegetable textile fibers, paper yarn & fabrics",115305,"Coconut and Other Vegetable Fibers",2021,77664
11,"Textiles",1153,"Vegetable textile fibers, paper yarn & fabrics",115306,"Flax Yarn",2021,6869
11,"Textiles",1153,"Vegetable textile fibers, paper yarn & fabrics",115307,"Jute Yarn",2021,2930
11,"Textiles",1153,"Vegetable textile fibers, paper yarn & fabrics",115308,"Other Vegetable Fibers Yarn",2021,15072
11,"Textiles",1153,"Vegetable textile fibers, paper yarn & fabrics",115309,"Flax Woven Fabric",2021,1776291
11,"Textiles",1153,"Vegetable textile fibers, paper yarn & fabrics",115310,"Jute Woven Fabric",2021,2272
11,"Textiles",1153,"Vegetable textile fibers, paper yarn & fabrics",115311,"Other Vegetable Fibers Fabric",2021,37420
11,"Textiles",1154,"Man-made filaments",115401,"Artificial Filament Sewing Thread",2021,287960
11,"Textiles",1154,"Man-made filaments",115402,"Non-Retail Synthetic Filament Yarn",2021,670244
11,"Textiles",1154,"Man-made filaments",115403,"Non-Retail Artificial Filament Yarn",2021,4775
11,"Textiles",1154,"Man-made filaments",115404,"Synthetic Monofilament",2021,1465987
11,"Textiles",1154,"Man-made filaments",115405,"Artificial Monofilament",2021,1373
11,"Textiles",1154,"Man-made filaments",115406,"Retail Artificial Filament Yarn",2021,9889
11,"Textiles",1154,"Man-made filaments",115407,"Synthetic Filament Yarn Woven Fabric",2021,4637425
11,"Textiles",1154,"Man-made filaments",115408,"Artificial Filament Yarn Woven Fabric",2021,57316
11,"Textiles",1155,"Man-made staple fibres",115501,"Synthetic Filament Tow",2021,45921
11,"Textiles",1155,"Man-made staple fibres",115502,"Artificial Filament Tow",2021,612
11,"Textiles",1155,"Man-made staple fibres",115503,"Unprocessed Synthetic Staple Fibers",2021,728549
11,"Textiles",1155,"Man-made staple fibres",115504,"Unprocessed Artificial Staple Fibers",2021,397213
11,"Textiles",1155,"Man-made staple fibres",115505,"Artificial Fibers Waste",2021,20934
11,"Textiles",1155,"Man-made staple fibres",115506,"Processed Synthetic Staple Fibers",2021,4433
11,"Textiles",1155,"Man-made staple fibres",115507,"Processed Artificial Staple Fibers",2021,5531
11,"Textiles",1155,"Man-made staple fibres",115508,"Non-Retail Artificial Staple Fibers Sewing Thread",2021,187597
11,"Textiles",1155,"Man-made staple fibres",115509,"Non-Retail Synthetic Staple Fibers Yarn",2021,51692
11,"Textiles",1155,"Man-made staple fibres",115510,"Non-Retail Artificial Staple Fibers Yarn",2021,261733
11,"Textiles",1155,"Man-made staple fibres",115511,"Retail Artificial Staple Fibers Yarn",2021,206518
11,"Textiles",1155,"Man-made staple fibres",115512,"Synthetic Fabrics",2021,438907
11,"Textiles",1155,"Man-made staple fibres",115513,"Light Synthetic Cotton Fabrics",2021,208678
11,"Textiles",1155,"Man-made staple fibres",115514,"Heavy Synthetic Cotton Fabrics",2021,1808296
11,"Textiles",1155,"Man-made staple fibres",115515,"Other Synthetic Fabrics",2021,717982
11,"Textiles",1155,"Man-made staple fibres",115516,"Woven Fabric of Synthetic Staple Fibers",2021,219440
11,"Textiles",1156,"Wadding, felt, nonwovens, twin, ropes, & articles thereof",115601,"Wadding",2021,1749820
11,"Textiles",1156,"Wadding, felt, nonwovens, twin, ropes, & articles thereof",115602,"Felt",2021,1037619
11,"Textiles",1156,"Wadding, felt, nonwovens, twin, ropes, & articles thereof",115603,"Non-woven Textiles",2021,108726694
11,"Textiles",1156,"Wadding, felt, nonwovens, twin, ropes, & articles thereof",115604,"Rubber Textiles",2021,508295
11,"Textiles",1156,"Wadding, felt, nonwovens, twin, ropes, & articles thereof",115605,"Metallic Yarn",2021,2231
11,"Textiles",1156,"Wadding, felt, nonwovens, twin, ropes, & articles thereof",115606,"Gimp Yarn",2021,265186
11,"Textiles",1156,"Wadding, felt, nonwovens, twin, ropes, & articles thereof",115607,"Twine and Rope",2021,7754180
11,"Textiles",1156,"Wadding, felt, nonwovens, twin, ropes, & articles thereof",115608,"Twine, cordage or rope; knotted netting, made up fishing nets and other made up nets, of textile materials",2021,1785207
11,"Textiles",1156,"Wadding, felt, nonwovens, twin, ropes, & articles thereof",115609,"Other Articles of Twine and Rope",2021,669574
11,"Textiles",1157,"Carpets & textile floor covers",115701,"Knotted Carpets",2021,236791
11,"Textiles",1157,"Carpets & textile floor covers",115702,"Hand-Woven Rugs",2021,4967767
11,"Textiles",1157,"Carpets & textile floor covers",115703,"Tufted Carpets",2021,2689622
11,"Textiles",1157,"Carpets & textile floor covers",115704,"Felt Carpets",2021,88996
11,"Textiles",1157,"Carpets & textile floor covers",115705,"Other Carpets",2021,672707
11,"Textiles",1158,"Special woven fabrics and tapestries",115801,"Woven Fabrics",2021,1367423
11,"Textiles",1158,"Special woven fabrics and tapestries",115802,"Terry Fabric",2021,15354
11,"Textiles",1158,"Special woven fabrics and tapestries",115803,"Gauze",2021,93
11,"Textiles",1158,"Special woven fabrics and tapestries",115804,"Tulles and Net Fabric",2021,118403
11,"Textiles",1158,"Special woven fabrics and tapestries",115805,"Hand-Woven Tapestries",2021,14276.000000000002
11,"Textiles",1158,"Special woven fabrics and tapestries",115806,"Narrow Woven Fabric",2021,6212378
11,"Textiles",1158,"Special woven fabrics and tapestries",115807,"Labels",2021,481494
11,"Textiles",1158,"Special woven fabrics and tapestries",115808,"Ornamental Trimmings",2021,945768
11,"Textiles",1158,"Special woven fabrics and tapestries",115809,"Metallic Fabric",2021,4868
11,"Textiles",1158,"Special woven fabrics and tapestries",115810,"Embroidery",2021,85238
11,"Textiles",1158,"Special woven fabrics and tapestries",115811,"Quilted Textiles",2021,345142
11,"Textiles",1159,"Coated, covered, & laminated fabrics for industrial use",115901,"Gum Coated Textile Fabric",2021,15487
11,"Textiles",1159,"Coated, covered, & laminated fabrics for industrial use",115902,"Polyamide Fabric",2021,988762
11,"Textiles",1159,"Coated, covered, & laminated fabrics for industrial use",115903,"Plastic Coated Textile Fabric",2021,5847428
11,"Textiles",1159,"Coated, covered, & laminated fabrics for industrial use",115904,"Linoleum",2021,79473
11,"Textiles",1159,"Coated, covered, & laminated fabrics for industrial use",115905,"Textile Wall Coverings",2021,233635
11,"Textiles",1159,"Coated, covered, & laminated fabrics for industrial use",115906,"Rubber Textile Fabric",2021,353909
11,"Textiles",1159,"Coated, covered, & laminated fabrics for industrial use",115907,"Coated Textile Fabric",2021,210525
11,"Textiles",1159,"Coated, covered, & laminated fabrics for industrial use",115908,"Textile Wicks",2021,24943
11,"Textiles",1159,"Coated, covered, & laminated fabrics for industrial use",115909,"Hose Piping Textiles",2021,240612
11,"Textiles",1159,"Coated, covered, & laminated fabrics for industrial use",115910,"Conveyor Belt Textiles",2021,3463357
11,"Textiles",1159,"Coated, covered, & laminated fabrics for industrial use",115911,"Textiles for technical uses",2021,107594473
11,"Textiles",1160,"Knitted fabrics",116001,"Pile Fabric",2021,1566822
11,"Textiles",1160,"Knitted fabrics",116002,"Light Rubberized Knitted Fabric",2021,14104335
11,"Textiles",1161,"Knitted clothing accesories",116101,"Knit Men's Coats",2021,3255682
11,"Textiles",1161,"Knitted clothing accesories",116102,"Knit Women's Coats",2021,4768175
11,"Textiles",1161,"Knitted clothing accesories",116103,"Knit Men's Suits",2021,2393415
11,"Textiles",1161,"Knitted clothing accesories",116104,"Knit Women's Suits",2021,11716702
11,"Textiles",1161,"Knitted clothing accesories",116105,"Knit Men's Shirts",2021,1788607
11,"Textiles",1161,"Knitted clothing accesories",116106,"Knit Women's Shirts",2021,1896815
11,"Textiles",1161,"Knitted clothing accesories",116107,"Knit Men's Undergarments",2021,1483352
11,"Textiles",1161,"Knitted clothing accesories",116108,"Knit Women's Undergarments",2021,1812078
11,"Textiles",1161,"Knitted clothing accesories",116109,"Knit T-shirts",2021,10509852
11,"Textiles",1161,"Knitted clothing accesories",116110,"Knit Sweaters",2021,14170114
11,"Textiles",1161,"Knitted clothing accesories",116111,"Knit Babies' Garments",2021,2004309
11,"Textiles",1161,"Knitted clothing accesories",116112,"Knit Active Wear",2021,2209335
11,"Textiles",1161,"Knitted clothing accesories",116113,"Garments of Impregnated Fabric",2021,2767506
11,"Textiles",1161,"Knitted clothing accesories",116114,"Other Knit Garments",2021,7999541.000000001
11,"Textiles",1161,"Knitted clothing accesories",116115,"Knit Socks and Hosiery",2021,4832611
11,"Textiles",1161,"Knitted clothing accesories",116116,"Knit Gloves",2021,2463847
11,"Textiles",1161,"Knitted clothing accesories",116117,"Other Knit Clothing Accessories",2021,611959
11,"Textiles",1162,"Non-knitted clothing accesories",116201,"Non-Knit Men's Coats",2021,9196483
11,"Textiles",1162,"Non-knitted clothing accesories",116202,"Non-Knit Women's Coats",2021,13972827
11,"Textiles",1162,"Non-knitted clothing accesories",116203,"Non-Knit Men's Suits",2021,18203959
11,"Textiles",1162,"Non-knitted clothing accesories",116204,"Non-Knit Women's Suits",2021,23260996
11,"Textiles",1162,"Non-knitted clothing accesories",116205,"Non-Knit Men's Shirts",2021,3085594
11,"Textiles",1162,"Non-knitted clothing accesories",116206,"Non-Knit Women's Shirts",2021,4259251
11,"Textiles",1162,"Non-knitted clothing accesories",116207,"Non-Knit Men's Undergarments",2021,451033
11,"Textiles",1162,"Non-knitted clothing accesories",116208,"Non-Knit Women's Undergarments",2021,1006239
11,"Textiles",1162,"Non-knitted clothing accesories",116209,"Non-Knit Babies' Garments",2021,2048727
11,"Textiles",1162,"Non-knitted clothing accesories",116210,"Felt or Coated Fabric Garments",2021,41323443
11,"Textiles",1162,"Non-knitted clothing accesories",116211,"Non-Knit Active Wear",2021,11165292
11,"Textiles",1162,"Non-knitted clothing accesories",116212,"Other Women's Undergarments",2021,1797067
11,"Textiles",1162,"Non-knitted clothing accesories",116213,"Handkerchiefs",2021,57041
11,"Textiles",1162,"Non-knitted clothing accesories",116214,"Scarves",2021,1597016
11,"Textiles",1162,"Non-knitted clothing accesories",116215,"Neck Ties",2021,68398
11,"Textiles",1162,"Non-knitted clothing accesories",116216,"Non-Knit Gloves",2021,2310965
11,"Textiles",1162,"Non-knitted clothing accesories",116217,"Other Non-Knit Clothing Accessories",2021,3000349
11,"Textiles",1163,"Used clothes & textile articles",116301,"Blankets",2021,1616354
11,"Textiles",1163,"Used clothes & textile articles",116302,"House Linens",2021,9417274
11,"Textiles",1163,"Used clothes & textile articles",116303,"Window Dressings",2021,2821496
11,"Textiles",1163,"Used clothes & textile articles",116304,"Bedspreads",2021,1788309
11,"Textiles",1163,"Used clothes & textile articles",116305,"Packing Bags",2021,9264817
11,"Textiles",1163,"Used clothes & textile articles",116306,"Awnings, Tents, and Sails",2021,10100051
11,"Textiles",1163,"Used clothes & textile articles",116307,"Other Cloth Articles",2021,22431944
11,"Textiles",1163,"Used clothes & textile articles",116308,"Packaged Sewing Sets",2021,31229
11,"Textiles",1163,"Used clothes & textile articles",116309,"Used Clothing",2021,7948392
11,"Textiles",1163,"Used clothes & textile articles",116310,"Textile Scraps",2021,587050
12,"Footwear and Headwear",1264,"Footwear",126401,"Waterproof Footwear",2021,3521597
12,"Footwear and Headwear",1264,"Footwear",126402,"Rubber Footwear",2021,4434966
12,"Footwear and Headwear",1264,"Footwear",126403,"Leather Footwear",2021,54818674
12,"Footwear and Headwear",1264,"Footwear",126404,"Textile Footwear",2021,59619449
12,"Footwear and Headwear",1264,"Footwear",126405,"Other Footwear",2021,1152685
12,"Footwear and Headwear",1264,"Footwear",126406,"Footwear Parts",2021,3834872
12,"Footwear and Headwear",1265,"Headgear",126501,"Hat Forms",2021,3599
12,"Footwear and Headwear",1265,"Headgear",126502,"Hat Shapes",2021,2100
12,"Footwear and Headwear",1265,"Headgear",126504,"Hats",2021,131167
12,"Footwear and Headwear",1265,"Headgear",126505,"Knitted Hats",2021,5023974
12,"Footwear and Headwear",1265,"Headgear",126506,"Other Headwear",2021,3507806
12,"Footwear and Headwear",1265,"Headgear",126507,"Headbands and Linings",2021,105989
12,"Footwear and Headwear",1266,"Umbrellas, walking sticks, & whips",126601,"Umbrellas",2021,895929
12,"Footwear and Headwear",1266,"Umbrellas, walking sticks, & whips",126602,"Walking Sticks",2021,94096
12,"Footwear and Headwear",1266,"Umbrellas, walking sticks, & whips",126603,"Umbrella and Walking Stick Accessories",2021,96255
12,"Footwear and Headwear",1267,"Feather articles, feathers, artificial flowers, & articles of human hair",126701,"Bird Skins and Feathers",2021,15028
12,"Footwear and Headwear",1267,"Feather articles, feathers, artificial flowers, & articles of human hair",126702,"Artificial Vegetation",2021,317942
12,"Footwear and Headwear",1267,"Feather articles, feathers, artificial flowers, & articles of human hair",126703,"Processed Hair",2021,3307
12,"Footwear and Headwear",1267,"Feather articles, feathers, artificial flowers, & articles of human hair",126704,"Fake Hair",2021,727521
13,"Stone And Glass",1368,"Stone, plaster, cement, asbestos, mica.",136801,"Curbstones",2021,469071
13,"Stone And Glass",1368,"Stone, plaster, cement, asbestos, mica.",136802,"Building Stone",2021,14864853
13,"Stone And Glass",1368,"Stone, plaster, cement, asbestos, mica.",136803,"Worked Slate",2021,35594
13,"Stone And Glass",1368,"Stone, plaster, cement, asbestos, mica.",136804,"Milling Stones",2021,7258711
13,"Stone And Glass",1368,"Stone, plaster, cement, asbestos, mica.",136805,"Abrasive Powder",2021,172047736
13,"Stone And Glass",1368,"Stone, plaster, cement, asbestos, mica.",136806,"Rock Wool",2021,11941900
13,"Stone And Glass",1368,"Stone, plaster, cement, asbestos, mica.",136807,"Asphalt",2021,42596118
13,"Stone And Glass",1368,"Stone, plaster, cement, asbestos, mica.",136808,"Vegetable Fiber",2021,280029
13,"Stone And Glass",1368,"Stone, plaster, cement, asbestos, mica.",136809,"Plaster Articles",2021,12008146
13,"Stone And Glass",1368,"Stone, plaster, cement, asbestos, mica.",136810,"Cement Articles",2021,11141086
13,"Stone And Glass",1368,"Stone, plaster, cement, asbestos, mica.",136811,"Asbestos Cement Articles",2021,39706216
13,"Stone And Glass",1368,"Stone, plaster, cement, asbestos, mica.",136812,"Asbestos Fibres",2021,352356
13,"Stone And Glass",1368,"Stone, plaster, cement, asbestos, mica.",136813,"Friction Material",2021,575342
13,"Stone And Glass",1368,"Stone, plaster, cement, asbestos, mica.",136814,"Processed Mica",2021,706772
13,"Stone And Glass",1368,"Stone, plaster, cement, asbestos, mica.",136815,"Other Stone Articles",2021,22267845
13,"Stone And Glass",1369,"Ceramic products",136901,"Bricks",2021,52861
13,"Stone And Glass",1369,"Ceramic products",136902,"Refractory Bricks",2021,1465368
13,"Stone And Glass",1369,"Ceramic products",136903,"Refractory Ceramics",2021,947724
13,"Stone And Glass",1369,"Ceramic products",136904,"Ceramic Bricks",2021,3267783
13,"Stone And Glass",1369,"Ceramic products",136905,"Roofing Tiles",2021,190701
13,"Stone And Glass",1369,"Ceramic products",136906,"Ceramic Pipes",2021,1735626
13,"Stone And Glass",1369,"Ceramic products",136907,"Unglazed Ceramics",2021,973761
13,"Stone And Glass",1369,"Ceramic products",136909,"Laboratory Ceramic Ware",2021,7903699
13,"Stone And Glass",1369,"Ceramic products",136910,"Bathroom Ceramics",2021,26531362
13,"Stone And Glass",1369,"Ceramic products",136911,"Porcelain Tableware",2021,16050812
13,"Stone And Glass",1369,"Ceramic products",136912,"Ceramic Tableware",2021,14967012
13,"Stone And Glass",1369,"Ceramic products",136913,"Ornamental Ceramics",2021,1045617
13,"Stone And Glass",1369,"Ceramic products",136914,"Other Ceramic Articles",2021,2126704
13,"Stone And Glass",1370,"Glass & glassware",137001,"Glass Scraps",2021,4576817
13,"Stone And Glass",1370,"Glass & glassware",137002,"Glass Balls",2021,321047
13,"Stone And Glass",1370,"Glass & glassware",137003,"Cast or Rolled Glass",2021,105060
13,"Stone And Glass",1370,"Glass & glassware",137004,"Blown Glass",2021,5712
13,"Stone And Glass",1370,"Glass & glassware",137005,"Float Glass",2021,5722167
13,"Stone And Glass",1370,"Glass & glassware",137006,"Glass with Edge Workings",2021,229314
13,"Stone And Glass",1370,"Glass & glassware",137007,"Safety Glass",2021,89412194
13,"Stone And Glass",1370,"Glass & glassware",137008,"Insulating Glass",2021,5416619
13,"Stone And Glass",1370,"Glass & glassware",137009,"Glass Mirrors",2021,1217788
13,"Stone And Glass",1370,"Glass & glassware",137010,"Glass Bottles",2021,1523668
13,"Stone And Glass",1370,"Glass & glassware",137011,"Glass Bulbs",2021,72517
13,"Stone And Glass",1370,"Glass & glassware",137013,"Interior Decorative Glassware",2021,25200925
13,"Stone And Glass",1370,"Glass & glassware",137014,"Signaling Glassware",2021,308934
13,"Stone And Glass",1370,"Glass & glassware",137015,"Eyewear and Clock Glass",2021,24246
13,"Stone And Glass",1370,"Glass & glassware",137016,"Glass Bricks",2021,3203839
13,"Stone And Glass",1370,"Glass & glassware",137017,"Laboratory Glassware",2021,749840
13,"Stone And Glass",1370,"Glass & glassware",137018,"Glass Beads",2021,290674
13,"Stone And Glass",1370,"Glass & glassware",137019,"Glass Fibers",2021,115955406
13,"Stone And Glass",1370,"Glass & glassware",137020,"Other Glass Articles",2021,3205411
14,"Precious Metals",1471,"Precious stones, metals, & pearls",147101,"Pearls",2021,1694
14,"Precious Metals",1471,"Precious stones, metals, & pearls",147102,"Diamonds",2021,404054
14,"Precious Metals",1471,"Precious stones, metals, & pearls",147103,"Precious Stones",2021,38512
14,"Precious Metals",1471,"Precious stones, metals, & pearls",147104,"Synthetic Reconstructed Jewellery Stones",2021,4370
14,"Precious Metals",1471,"Precious stones, metals, & pearls",147105,"Precious Stone Dust",2021,59645
14,"Precious Metals",1471,"Precious stones, metals, & pearls",147106,"Silver",2021,64872090
14,"Precious Metals",1471,"Precious stones, metals, & pearls",147107,"Silver Clad Metals",2021,20009
14,"Precious Metals",1471,"Precious stones, metals, & pearls",147108,"Gold",2021,907857728
14,"Precious Metals",1471,"Precious stones, metals, & pearls",147109,"Gold Clad Metals",2021,330
14,"Precious Metals",1471,"Precious stones, metals, & pearls",147110,"Platinum",2021,164927382
14,"Precious Metals",1471,"Precious stones, metals, & pearls",147111,"Platinum Clad Metals",2021,12934
14,"Precious Metals",1471,"Precious stones, metals, & pearls",147112,"Precious Metal Scraps",2021,96987842
14,"Precious Metals",1471,"Precious stones, metals, & pearls",147113,"Jewellery",2021,3732471
14,"Precious Metals",1471,"Precious stones, metals, & pearls",147114,"Metal-Clad Products",2021,460889
14,"Precious Metals",1471,"Precious stones, metals, & pearls",147115,"Other Precious Metal Products",2021,11559001
14,"Precious Metals",1471,"Precious stones, metals, & pearls",147116,"Pearl Products",2021,47412
14,"Precious Metals",1471,"Precious stones, metals, & pearls",147117,"Imitation Jewellery",2021,678273
14,"Precious Metals",1471,"Precious stones, metals, & pearls",147118,"Coin",2021,51683290
15,"Metals",1572,"Iron & steel",157201,"Pig Iron",2021,325402
15,"Metals",1572,"Iron & steel",157202,"Ferroalloys",2021,468738285
15,"Metals",1572,"Iron & steel",157203,"Iron Reductions",2021,45581.00000000001
15,"Metals",1572,"Iron & steel",157204,"Scrap Iron",2021,376119713
15,"Metals",1572,"Iron & steel",157205,"Iron Powder",2021,3574661
15,"Metals",1572,"Iron & steel",157206,"Iron Ingots",2021,2769299
15,"Metals",1572,"Iron & steel",157207,"Semi-Finished Iron",2021,7807692
15,"Metals",1572,"Iron & steel",157208,"Hot-Rolled Iron",2021,378554037
15,"Metals",1572,"Iron & steel",157209,"Cold-Rolled Iron",2021,45206701
15,"Metals",1572,"Iron & steel",157210,"Coated Flat-Rolled Iron",2021,679586808
15,"Metals",1572,"Iron & steel",157211,"Large Flat-Rolled Iron",2021,34890967
15,"Metals",1572,"Iron & steel",157212,"Large Coated Flat-Rolled Iron",2021,13283109
15,"Metals",1572,"Iron & steel",157213,"Hot-Rolled Iron Bars",2021,3553008
15,"Metals",1572,"Iron & steel",157214,"Raw Iron Bars",2021,52933758
15,"Metals",1572,"Iron & steel",157215,"Other Iron Bars",2021,4338462
15,"Metals",1572,"Iron & steel",157216,"Iron Blocks",2021,50816398
15,"Metals",1572,"Iron & steel",157217,"Iron Wire",2021,3235718
15,"Metals",1572,"Iron & steel",157218,"Stainless Steel Ingots",2021,79497777
15,"Metals",1572,"Iron & steel",157219,"Large Flat-Rolled Stainless Steel",2021,3920058049
15,"Metals",1572,"Iron & steel",157220,"Flat-Rolled Stainless Steel",2021,223431766
15,"Metals",1572,"Iron & steel",157221,"Hot-Rolled Stainless Steel Bars",2021,1365743
15,"Metals",1572,"Iron & steel",157222,"Other Stainless Steel Bars",2021,16993866
15,"Metals",1572,"Iron & steel",157223,"Stainless Steel Wire",2021,1147269
15,"Metals",1572,"Iron & steel",157224,"Steel Ingots",2021,19569721
15,"Metals",1572,"Iron & steel",157225,"Flat Flat-Rolled Steel",2021,722014687
15,"Metals",1572,"Iron & steel",157226,"Flat-Rolled Iron",2021,16220154
15,"Metals",1572,"Iron & steel",157227,"Steel Bars",2021,374765
15,"Metals",1572,"Iron & steel",157228,"Other Steel Bars",2021,176611519
15,"Metals",1572,"Iron & steel",157229,"Steel Wire",2021,2956737
15,"Metals",1573,"Iron/Steel Articles",157301,"Iron Sheet Piling",2021,4709006
15,"Metals",1573,"Iron/Steel Articles",157302,"Iron Railway Products",2021,1224001
15,"Metals",1573,"Iron/Steel Articles",157303,"Cast Iron Pipes",2021,987436
15,"Metals",1573,"Iron/Steel Articles",157304,"Iron Pipes",2021,19337109
15,"Metals",1573,"Iron/Steel Articles",157305,"Other Large Iron Pipes",2021,30691229
15,"Metals",1573,"Iron/Steel Articles",157306,"Other Small Iron Pipes",2021,338077638
15,"Metals",1573,"Iron/Steel Articles",157307,"Iron Pipe Fittings",2021,80758558
15,"Metals",1573,"Iron/Steel Articles",157308,"Iron Structures",2021,305518284
15,"Metals",1573,"Iron/Steel Articles",157309,"Large Iron Containers",2021,19409660
15,"Metals",1573,"Iron/Steel Articles",157310,"Small Iron Containers",2021,8292935
15,"Metals",1573,"Iron/Steel Articles",157311,"Iron Gas Containers",2021,2507345
15,"Metals",1573,"Iron/Steel Articles",157312,"Stranded Iron Wire",2021,15120432
15,"Metals",1573,"Iron/Steel Articles",157313,"Barbed Wire",2021,437897.00000000006
15,"Metals",1573,"Iron/Steel Articles",157314,"Iron Cloth",2021,18460509
15,"Metals",1573,"Iron/Steel Articles",157315,"Iron Chains",2021,38055616
15,"Metals",1573,"Iron/Steel Articles",157316,"Iron Anchors",2021,598566
15,"Metals",1573,"Iron/Steel Articles",157317,"Iron Nails",2021,19779033
15,"Metals",1573,"Iron/Steel Articles",157318,"Iron Fasteners",2021,95420465
15,"Metals",1573,"Iron/Steel Articles",157319,"Iron Sewing Needles",2021,725471
15,"Metals",1573,"Iron/Steel Articles",157320,"Iron Springs",2021,15391396
15,"Metals",1573,"Iron/Steel Articles",157321,"Iron Stovetops",2021,23820990
15,"Metals",1573,"Iron/Steel Articles",157322,"Iron Radiators",2021,36285857
15,"Metals",1573,"Iron/Steel Articles",157323,"Iron Housewares",2021,16578039
15,"Metals",1573,"Iron/Steel Articles",157324,"Iron Toiletry",2021,14271053
15,"Metals",1573,"Iron/Steel Articles",157325,"Other Cast Iron Products",2021,20249878
15,"Metals",1573,"Iron/Steel Articles",157326,"Other Iron Products",2021,203203816
15,"Metals",1574,"Copper articles",157401,"Precipitated Copper",2021,549297850
15,"Metals",1574,"Copper articles",157402,"Raw Copper",2021,22635201
15,"Metals",1574,"Copper articles",157403,"Refined Copper",2021,909934694.0000001
15,"Metals",1574,"Copper articles",157404,"Scrap Copper",2021,163026464
15,"Metals",1574,"Copper articles",157405,"Copper Alloys",2021,14363
15,"Metals",1574,"Copper articles",157406,"Copper Powder",2021,776243
15,"Metals",1574,"Copper articles",157407,"Copper Bars",2021,60963213
15,"Metals",1574,"Copper articles",157408,"Copper Wire",2021,54131643
15,"Metals",1574,"Copper articles",157409,"Copper Plating",2021,340471666
15,"Metals",1574,"Copper articles",157410,"Copper Foil",2021,7471654.999999999
15,"Metals",1574,"Copper articles",157411,"Copper Pipes",2021,104585465
15,"Metals",1574,"Copper articles",157412,"Copper Pipe Fittings",2021,7733738
15,"Metals",1574,"Copper articles",157413,"Stranded Copper Wire",2021,2218477
15,"Metals",1574,"Copper articles",157415,"Copper Fasteners",2021,4738933
15,"Metals",1574,"Copper articles",157418,"Copper Housewares",2021,562906
15,"Metals",1574,"Copper articles",157419,"Other Copper Products",2021,54047596
15,"Metals",1575,"Nickel articles",157501,"Nickel Mattes",2021,611589354
15,"Metals",1575,"Nickel articles",157502,"Raw Nickel",2021,640296845
15,"Metals",1575,"Nickel articles",157503,"Scrap Nickel",2021,2144400
15,"Metals",1575,"Nickel articles",157504,"Nickel Powder",2021,92432249
15,"Metals",1575,"Nickel articles",157505,"Nickel Bars",2021,1271202
15,"Metals",1575,"Nickel articles",157506,"Nickel Sheets",2021,1474793.0000000002
15,"Metals",1575,"Nickel articles",157507,"Nickel Pipes",2021,180285
15,"Metals",1575,"Nickel articles",157508,"Other Nickel Products",2021,999550
15,"Metals",1576,"Aluminum articles",157601,"Raw Aluminium",2021,55251978
15,"Metals",1576,"Aluminum articles",157602,"Scrap Aluminium",2021,108702686
15,"Metals",1576,"Aluminum articles",157603,"Aluminium Powder",2021,770918
15,"Metals",1576,"Aluminum articles",157604,"Aluminium Bars",2021,68152757
15,"Metals",1576,"Aluminum articles",157605,"Aluminium Wire",2021,542199
15,"Metals",1576,"Aluminum articles",157606,"Aluminium Plating",2021,37058704
15,"Metals",1576,"Aluminum articles",157607,"Aluminium Foil",2021,49601057
15,"Metals",1576,"Aluminum articles",157608,"Aluminium Pipes",2021,1721286
15,"Metals",1576,"Aluminum articles",157609,"Aluminium Pipe Fittings",2021,5046957
15,"Metals",1576,"Aluminum articles",157610,"Aluminium Structures",2021,78460758
15,"Metals",1576,"Aluminum articles",157611,"Large Aluminium Containers",2021,2357592
15,"Metals",1576,"Aluminum articles",157612,"Aluminium Cans",2021,59456637
15,"Metals",1576,"Aluminum articles",157613,"Aluminium Gas Containers",2021,3532495
15,"Metals",1576,"Aluminum articles",157614,"Stranded Aluminium Wire",2021,1074071
15,"Metals",1576,"Aluminum articles",157615,"Aluminium Housewares",2021,8264789
15,"Metals",1576,"Aluminum articles",157616,"Other Aluminium Products",2021,82750212
15,"Metals",1578,"Lead articles",157801,"Raw Lead",2021,89537
15,"Metals",1578,"Lead articles",157802,"Scrap Lead",2021,7818234
15,"Metals",1578,"Lead articles",157804,"Lead Sheets",2021,22498
15,"Metals",1578,"Lead articles",157806,"Other Lead Products",2021,744647
15,"Metals",1579,"Zinc articles",157901,"Raw Zinc",2021,807112224
15,"Metals",1579,"Zinc articles",157902,"Scrap Waste",2021,1231214
15,"Metals",1579,"Zinc articles",157903,"Zinc Powder",2021,337805
15,"Metals",1579,"Zinc articles",157904,"Zinc Bars",2021,20063266
15,"Metals",1579,"Zinc articles",157905,"Zinc Sheets",2021,532931
15,"Metals",1579,"Zinc articles",157907,"Other Zinc Products",2021,1897536
15,"Metals",1580,"Tin articles",158001,"Raw Tin",2021,192496
15,"Metals",1580,"Tin articles",158002,"Scrap Tin",2021,1039441
15,"Metals",1580,"Tin articles",158003,"Tin Bars",2021,777761
15,"Metals",1580,"Tin articles",158007,"Other Tin Products",2021,146241
15,"Metals",1581,"Cermet articles",158101,"Tungsten",2021,2634461
15,"Metals",1581,"Cermet articles",158102,"Molybdenum",2021,716789
15,"Metals",1581,"Cermet articles",158103,"Tantalum",2021,71830
15,"Metals",1581,"Cermet articles",158104,"Magnesium",2021,30046
15,"Metals",1581,"Cermet articles",158105,"Cobalt",2021,301183418
15,"Metals",1581,"Cermet articles",158106,"Bismuth",2021,301
15,"Metals",1581,"Cermet articles",158108,"Titanium",2021,12415517
15,"Metals",1581,"Cermet articles",158109,"Zirconium",2021,654
15,"Metals",1581,"Cermet articles",158110,"Antimony",2021,40041
15,"Metals",1581,"Cermet articles",158111,"Manganese",2021,1361219
15,"Metals",1581,"Cermet articles",158112,"Other Metals",2021,719533.9999999999
15,"Metals",1581,"Cermet articles",158113,"Cermets",2021,1512622
15,"Metals",1582,"Tools & cutlery",158201,"Garden Tools",2021,48309048
15,"Metals",1582,"Tools & cutlery",158202,"Hand Saws",2021,8769658
15,"Metals",1582,"Tools & cutlery",158203,"Hand Tools",2021,2141013
15,"Metals",1582,"Tools & cutlery",158204,"Wrenches",2021,1812543
15,"Metals",1582,"Tools & cutlery",158205,"Other Hand Tools",2021,22086537
15,"Metals",1582,"Tools & cutlery",158206,"Tool Sets",2021,1303390
15,"Metals",1582,"Tools & cutlery",158207,"Interchangeable Tool Parts",2021,87496288
15,"Metals",1582,"Tools & cutlery",158208,"Cutting Blades",2021,20113834
15,"Metals",1582,"Tools & cutlery",158209,"Tool Plates",2021,2464166
15,"Metals",1582,"Tools & cutlery",158210,"Cooking Hand Tools",2021,572030
15,"Metals",1582,"Tools & cutlery",158211,"Knives",2021,15118569
15,"Metals",1582,"Tools & cutlery",158212,"Razor Blades",2021,504295
15,"Metals",1582,"Tools & cutlery",158213,"Scissors",2021,8764008
15,"Metals",1582,"Tools & cutlery",158214,"Other Cutlery",2021,291063
15,"Metals",1582,"Tools & cutlery",158215,"Cutlery Sets",2021,3134169
15,"Metals",1583,"Miscellaneous metal products",158301,"Padlocks",2021,122176486
15,"Metals",1583,"Miscellaneous metal products",158302,"Metal Mountings",2021,62134359
15,"Metals",1583,"Miscellaneous metal products",158303,"Safes",2021,995949
15,"Metals",1583,"Miscellaneous metal products",158304,"Filing Cabinets",2021,350568
15,"Metals",1583,"Miscellaneous metal products",158305,"Metal Office Supplies",2021,191681
15,"Metals",1583,"Miscellaneous metal products",158306,"Bells and Other Metal Ornaments",2021,630944
15,"Metals",1583,"Miscellaneous metal products",158307,"Flexible Metal Tubing",2021,5888971
15,"Metals",1583,"Miscellaneous metal products",158308,"Other Metal Fasteners",2021,1550319
15,"Metals",1583,"Miscellaneous metal products",158309,"Metal Stoppers",2021,11005409
15,"Metals",1583,"Miscellaneous metal products",158310,"Metal Signs",2021,1050121
15,"Metals",1583,"Miscellaneous metal products",158311,"Coated Metal Soldering Products",2021,3906316
16,"Machines",1684,"Machinery, mechanical appliances, & parts",168401,"Nuclear Reactors",2021,80789
16,"Machines",1684,"Machinery, mechanical appliances, & parts",168402,"Steam Boilers",2021,92222730
16,"Machines",1684,"Machinery, mechanical appliances, & parts",168403,"Central Heating Boilers",2021,14961450
16,"Machines",1684,"Machinery, mechanical appliances, & parts",168404,"Boiler Plants",2021,37380593
16,"Machines",1684,"Machinery, mechanical appliances, & parts",168405,"Water and Gas Generators",2021,1238591
16,"Machines",1684,"Machinery, mechanical appliances, & parts",168406,"Steam Turbines",2021,3141528
16,"Machines",1684,"Machinery, mechanical appliances, & parts",168407,"Spark-Ignition Engines",2021,64099827
16,"Machines",1684,"Machinery, mechanical appliances, & parts",168408,"Combustion Engines",2021,324065517
16,"Machines",1684,"Machinery, mechanical appliances, & parts",168409,"Engine Parts",2021,223151974
16,"Machines",1684,"Machinery, mechanical appliances, & parts",168410,"Hydraulic Turbines",2021,2050823
16,"Machines",1684,"Machinery, mechanical appliances, & parts",168411,"Gas Turbines",2021,139195015
16,"Machines",1684,"Machinery, mechanical appliances, & parts",168412,"Other Engines",2021,236184314
16,"Machines",1684,"Machinery, mechanical appliances, & parts",168413,"Liquid Pumps",2021,217588123
16,"Machines",1684,"Machinery, mechanical appliances, & parts",168414,"Air Pumps",2021,135265671
16,"Machines",1684,"Machinery, mechanical appliances, & parts",168415,"Air Conditioners",2021,57859771
16,"Machines",1684,"Machinery, mechanical appliances, & parts",168416,"Liquid Fuel Furnaces",2021,31397951
16,"Machines",1684,"Machinery, mechanical appliances, & parts",168417,"Industrial Furnaces",2021,19889085
16,"Machines",1684,"Machinery, mechanical appliances, & parts",168418,"Refrigerators",2021,104883711
16,"Machines",1684,"Machinery, mechanical appliances, & parts",168419,"Other Heating Machinery",2021,401832316
16,"Machines",1684,"Machinery, mechanical appliances, & parts",168420,"Rolling Machines",2021,19414577
16,"Machines",1684,"Machinery, mechanical appliances, & parts",168421,"Centrifuges",2021,318981957
16,"Machines",1684,"Machinery, mechanical appliances, & parts",168422,"Washing and Bottling Machines",2021,92728961
16,"Machines",1684,"Machinery, mechanical appliances, & parts",168423,"Scales",2021,4428920
16,"Machines",1684,"Machinery, mechanical appliances, & parts",168424,"Liquid Dispersing Machines",2021,78467141
16,"Machines",1684,"Machinery, mechanical appliances, & parts",168425,"Pulley Systems",2021,138454365
16,"Machines",1684,"Machinery, mechanical appliances, & parts",168426,"Cranes",2021,330990050
16,"Machines",1684,"Machinery, mechanical appliances, & parts",168427,"Fork-Lifts",2021,250430654
16,"Machines",1684,"Machinery, mechanical appliances, & parts",168428,"Lifting Machinery",2021,512467665
16,"Machines",1684,"Machinery, mechanical appliances, & parts",168429,"Large Construction Vehicles",2021,501083770
16,"Machines",1684,"Machinery, mechanical appliances, & parts",168430,"Other Construction Vehicles",2021,890151307
16,"Machines",1684,"Machinery, mechanical appliances, & parts",168431,"Excavation Machinery",2021,936094520
16,"Machines",1684,"Machinery, mechanical appliances, & parts",168432,"Soil Preparation Machinery",2021,68371229
16,"Machines",1684,"Machinery, mechanical appliances, & parts",168433,"Harvesting Machinery",2021,65404842
16,"Machines",1684,"Machinery, mechanical appliances, & parts",168434,"Dairy Machinery",2021,9928704
16,"Machines",1684,"Machinery, mechanical appliances, & parts",168435,"Fruit Pressing Machinery",2021,1255773
16,"Machines",1684,"Machinery, mechanical appliances, & parts",168436,"Other Agricultural Machinery",2021,636577056
16,"Machines",1684,"Machinery, mechanical appliances, & parts",168437,"Mill Machinery",2021,3403843
16,"Machines",1684,"Machinery, mechanical appliances, & parts",168438,"Industrial Food Preperation Machinery",2021,27754200
16,"Machines",1684,"Machinery, mechanical appliances, & parts",168439,"Papermaking Machines",2021,1015530971
16,"Machines",1684,"Machinery, mechanical appliances, & parts",168440,"Book-binding Machines",2021,1601624
16,"Machines",1684,"Machinery, mechanical appliances, & parts",168441,"Other Paper Machinery",2021,41840638
16,"Machines",1684,"Machinery, mechanical appliances, & parts",168442,"Print Production Machinery",2021,4574108
16,"Machines",1684,"Machinery, mechanical appliances, & parts",168443,"Industrial Printers",2021,13570581
16,"Machines",1684,"Machinery, mechanical appliances, & parts",168444,"Artificial Textile Machinery",2021,10410
16,"Machines",1684,"Machinery, mechanical appliances, & parts",168445,"Textile Fiber Machinery",2021,595370
16,"Machines",1684,"Machinery, mechanical appliances, & parts",168446,"Looms",2021,1636043
16,"Machines",1684,"Machinery, mechanical appliances, & parts",168447,"Knitting Machines",2021,43464
16,"Machines",1684,"Machinery, mechanical appliances, & parts",168448,"Knitting Machine Accessories",2021,5417164
16,"Machines",1684,"Machinery, mechanical appliances, & parts",168449,"Felt Machinery",2021,256014
16,"Machines",1684,"Machinery, mechanical appliances, & parts",168450,"Household Washing Machines",2021,7117465
16,"Machines",1684,"Machinery, mechanical appliances, & parts",168451,"Textile Processing Machines",2021,8380055
16,"Machines",1684,"Machinery, mechanical appliances, & parts",168452,"Sewing Machines",2021,349382
16,"Machines",1684,"Machinery, mechanical appliances, & parts",168453,"Leather Machinery",2021,155315
16,"Machines",1684,"Machinery, mechanical appliances, & parts",168454,"Casting Machines",2021,21134503
16,"Machines",1684,"Machinery, mechanical appliances, & parts",168455,"Metal-Rolling Mills",2021,4643333
16,"Machines",1684,"Machinery, mechanical appliances, & parts",168456,"Non-Mechanical Removal Machinery",2021,27078607
16,"Machines",1684,"Machinery, mechanical appliances, & parts",168457,"Metalworking Transfer Machines",2021,6572164
16,"Machines",1684,"Machinery, mechanical appliances, & parts",168458,"Metal Lathes",2021,2053109
16,"Machines",1684,"Machinery, mechanical appliances, & parts",168459,"Drilling Machines",2021,8515783
16,"Machines",1684,"Machinery, mechanical appliances, & parts",168460,"Metal Finishing Machines",2021,3372032
16,"Machines",1684,"Machinery, mechanical appliances, & parts",168461,"Metalworking Machines",2021,2435907
16,"Machines",1684,"Machinery, mechanical appliances, & parts",168462,"Forging Machines",2021,98039120
16,"Machines",1684,"Machinery, mechanical appliances, & parts",168463,"Other Non-Metal Removal Machinery",2021,3889993
16,"Machines",1684,"Machinery, mechanical appliances, & parts",168464,"Stone Working Machines",2021,8558118
16,"Machines",1684,"Machinery, mechanical appliances, & parts",168465,"Woodworking machines",2021,110769016
16,"Machines",1684,"Machinery, mechanical appliances, & parts",168466,"Metalworking Machine Parts",2021,78215843
16,"Machines",1684,"Machinery, mechanical appliances, & parts",168467,"Motor-working Tools",2021,14761733
16,"Machines",1684,"Machinery, mechanical appliances, & parts",168468,"Soldering and Welding Machinery",2021,1326207
16,"Machines",1684,"Machinery, mechanical appliances, & parts",168470,"Calculators",2021,2041296
16,"Machines",1684,"Machinery, mechanical appliances, & parts",168471,"Computers",2021,399883110
16,"Machines",1684,"Machinery, mechanical appliances, & parts",168472,"Other Office Machines",2021,4188891
16,"Machines",1684,"Machinery, mechanical appliances, & parts",168473,"Office Machine Parts",2021,239412748
16,"Machines",1684,"Machinery, mechanical appliances, & parts",168474,"Stone Processing Machines",2021,506912997
16,"Machines",1684,"Machinery, mechanical appliances, & parts",168475,"Glass Working Machines",2021,79423939
16,"Machines",1684,"Machinery, mechanical appliances, & parts",168476,"Vending Machines",2021,1889352
16,"Machines",1684,"Machinery, mechanical appliances, & parts",168477,"Rubberworking Machinery",2021,39409991
16,"Machines",1684,"Machinery, mechanical appliances, & parts",168478,"Tobacco Processing Machines",2021,704956
16,"Machines",1684,"Machinery, mechanical appliances, & parts",168479,"Machinery Having Individual Functions",2021,843677510
16,"Machines",1684,"Machinery, mechanical appliances, & parts",168480,"Metal Molds",2021,36451015
16,"Machines",1684,"Machinery, mechanical appliances, & parts",168481,"Valves",2021,388058534
16,"Machines",1684,"Machinery, mechanical appliances, & parts",168482,"Ball Bearings",2021,28337435
16,"Machines",1684,"Machinery, mechanical appliances, & parts",168483,"Transmissions",2021,327851392
16,"Machines",1684,"Machinery, mechanical appliances, & parts",168484,"Gaskets",2021,27157584
16,"Machines",1684,"Machinery, mechanical appliances, & parts",168485,"Boat Propellers",2021,94246014
16,"Machines",1685,"Electrical machinery and electronics",168501,"Electric Motors",2021,568269844
16,"Machines",1685,"Electrical machinery and electronics",168502,"Electric Generating Sets",2021,466376309
16,"Machines",1685,"Electrical machinery and electronics",168503,"Electric Motor Parts",2021,158909941
16,"Machines",1685,"Electrical machinery and electronics",168504,"Electrical Transformers",2021,1160107086
16,"Machines",1685,"Electrical machinery and electronics",168505,"Electromagnets",2021,24433153
16,"Machines",1685,"Electrical machinery and electronics",168506,"Batteries",2021,4218979
16,"Machines",1685,"Electrical machinery and electronics",168507,"Electric Batteries",2021,332226493
16,"Machines",1685,"Electrical machinery and electronics",168508,"Vacuum Cleaners",2021,51620568
16,"Machines",1685,"Electrical machinery and electronics",168509,"Other Domestic Electric Housewares",2021,8668301
16,"Machines",1685,"Electrical machinery and electronics",168510,"Hair Trimmers",2021,573400
16,"Machines",1685,"Electrical machinery and electronics",168511,"Electrical Ignitions",2021,9327074
16,"Machines",1685,"Electrical machinery and electronics",168512,"Electrical Lighting and Signalling Equipment",2021,60415065
16,"Machines",1685,"Electrical machinery and electronics",168513,"Portable Lighting",2021,5085407
16,"Machines",1685,"Electrical machinery and electronics",168514,"Electric Furnaces",2021,11071978
16,"Machines",1685,"Electrical machinery and electronics",168515,"Electric Soldering Equipment",2021,127734250
16,"Machines",1685,"Electrical machinery and electronics",168516,"Electric Heaters",2021,89186702
16,"Machines",1685,"Electrical machinery and electronics",168517,"Telephones",2021,270840039
16,"Machines",1685,"Electrical machinery and electronics",168518,"Microphones and Headphones",2021,70147572
16,"Machines",1685,"Electrical machinery and electronics",168519,"Sound Recording Equipment",2021,346601
16,"Machines",1685,"Electrical machinery and electronics",168520,"Dictation Machines",2021,388168
16,"Machines",1685,"Electrical machinery and electronics",168521,"Video Recording Equipment",2021,21756985
16,"Machines",1685,"Electrical machinery and electronics",168522,"Audio and Video Recording Accessories",2021,304614
16,"Machines",1685,"Electrical machinery and electronics",168523,"Blank Audio Media",2021,59868376
16,"Machines",1685,"Electrical machinery and electronics",168524,"Sound Recordings",2021,9186428
16,"Machines",1685,"Electrical machinery and electronics",168525,"Broadcasting Equipment",2021,1062539640
16,"Machines",1685,"Electrical machinery and electronics",168526,"Navigation Equipment",2021,40798766
16,"Machines",1685,"Electrical machinery and electronics",168527,"Radio Receivers",2021,1893188
16,"Machines",1685,"Electrical machinery and electronics",168528,"Video Displays",2021,41539863
16,"Machines",1685,"Electrical machinery and electronics",168529,"Broadcasting Accessories",2021,58896603
16,"Machines",1685,"Electrical machinery and electronics",168530,"Traffic Signals",2021,29716660
16,"Machines",1685,"Electrical machinery and electronics",168531,"Audio Alarms",2021,74076912
16,"Machines",1685,"Electrical machinery and electronics",168532,"Electrical Capacitors",2021,39094712
16,"Machines",1685,"Electrical machinery and electronics",168533,"Electrical Resistors",2021,8342786
16,"Machines",1685,"Electrical machinery and electronics",168534,"Printed Circuit Boards",2021,37029882
16,"Machines",1685,"Electrical machinery and electronics",168535,"High-voltage Protection Equipment",2021,33946436
16,"Machines",1685,"Electrical machinery and electronics",168536,"Low-voltage Protection Equipment",2021,456491180
16,"Machines",1685,"Electrical machinery and electronics",168537,"Electrical Control Boards",2021,249859503
16,"Machines",1685,"Electrical machinery and electronics",168538,"Electrical Power Accessories",2021,115633965
16,"Machines",1685,"Electrical machinery and electronics",168539,"Electric Filament",2021,10753404
16,"Machines",1685,"Electrical machinery and electronics",168540,"Cathode Tubes",2021,1061209
16,"Machines",1685,"Electrical machinery and electronics",168541,"Semiconductor Devices",2021,50982262
16,"Machines",1685,"Electrical machinery and electronics",168542,"Integrated Circuits",2021,352059607
16,"Machines",1685,"Electrical machinery and electronics",168543,"Other Electrical Machinery",2021,157932488
16,"Machines",1685,"Electrical machinery and electronics",168544,"Insulated Wire",2021,379927020
16,"Machines",1685,"Electrical machinery and electronics",168545,"Carbon-based Electronics",2021,633331
16,"Machines",1685,"Electrical machinery and electronics",168546,"Electrical Insulators",2021,2918234
16,"Machines",1685,"Electrical machinery and electronics",168547,"Metal Insulating Fittings",2021,5857293
16,"Machines",1685,"Electrical machinery and electronics",168548,"Electrical Parts",2021,5765143
17,"Transportation",1786,"Railway and trams",178602,"Other Locomotives",2021,9141
17,"Transportation",1786,"Railway and trams",178604,"Railway Maintenance Vehicles",2021,6004
17,"Transportation",1786,"Railway and trams",178605,"Railway Passenger Cars",2021,6404125
17,"Transportation",1786,"Railway and trams",178606,"Railway Freight Cars",2021,73152
17,"Transportation",1786,"Railway and trams",178607,"Locomotive Parts",2021,33735275
17,"Transportation",1786,"Railway and trams",178608,"Railway Track Fixtures",2021,550906
17,"Transportation",1786,"Railway and trams",178609,"Railway Cargo Containers",2021,7609852
17,"Transportation",1787,"Cars, tractors, trucks & parts thereof.",178701,"Tractors",2021,708193645
17,"Transportation",1787,"Cars, tractors, trucks & parts thereof.",178702,"Buses",2021,41004309
17,"Transportation",1787,"Cars, tractors, trucks & parts thereof.",178703,"Cars",2021,2771981673
17,"Transportation",1787,"Cars, tractors, trucks & parts thereof.",178704,"Delivery Trucks",2021,669678689
17,"Transportation",1787,"Cars, tractors, trucks & parts thereof.",178705,"Special purpose motor vehicles",2021,155490204
17,"Transportation",1787,"Cars, tractors, trucks & parts thereof.",178706,"Motor vehicle (8701 to 8705) chassis fitted with engine",2021,2610492
17,"Transportation",1787,"Cars, tractors, trucks & parts thereof.",178707,"Vehicle Bodies (including cabs) for the motor vehicles (8701 to 8705)",2021,50820630
17,"Transportation",1787,"Cars, tractors, trucks & parts thereof.",178708,"Motor vehicles; parts and accessories (8701 to 8705)",2021,369123308
17,"Transportation",1787,"Cars, tractors, trucks & parts thereof.",178709,"Work Trucks",2021,3208684
17,"Transportation",1787,"Cars, tractors, trucks & parts thereof.",178710,"Tanks and Armored vehicles",2021,15838002
17,"Transportation",1787,"Cars, tractors, trucks & parts thereof.",178711,"Motorcycles and cycles",2021,14260901
17,"Transportation",1787,"Cars, tractors, trucks & parts thereof.",178712,"Bicycles, delivery tricycles, other cycles",2021,1422834
17,"Transportation",1787,"Cars, tractors, trucks & parts thereof.",178713,"Wheelchairs",2021,892008
17,"Transportation",1787,"Cars, tractors, trucks & parts thereof.",178714,"Bi-Wheel Vehicle Parts",2021,28546257
17,"Transportation",1787,"Cars, tractors, trucks & parts thereof.",178715,"Baby Carriages",2021,1938078.0000000002
17,"Transportation",1787,"Cars, tractors, trucks & parts thereof.",178716,"Trailers and semi-trailers, not mechanically propelled vehicles",2021,188215633
17,"Transportation",1788,"Aircraft and Spacecraft",178801,"Non-powered Aircraft",2021,330957
17,"Transportation",1788,"Aircraft and Spacecraft",178802,"Planes, Helicopters, and/or Spacecraft",2021,416905809
17,"Transportation",1788,"Aircraft and Spacecraft",178803,"Aircraft parts (gliders, balloons, and powered aircraft)",2021,43531072
17,"Transportation",1788,"Aircraft and Spacecraft",178804,"Parachutes",2021,376233
17,"Transportation",1788,"Aircraft and Spacecraft",178805,"Aircraft Launch Gear",2021,5840254
17,"Transportation",1789,"Ships, boats, & floating structures",178901,"Passenger and Cargo Ships",2021,1260205461
17,"Transportation",1789,"Ships, boats, & floating structures",178902,"Fishing Ships",2021,1060726
17,"Transportation",1789,"Ships, boats, & floating structures",178903,"Recreational Boats",2021,591896114
17,"Transportation",1789,"Ships, boats, & floating structures",178904,"Tug Boats",2021,90799
17,"Transportation",1789,"Ships, boats, & floating structures",178905,"Special Purpose Ships",2021,10499458
17,"Transportation",1789,"Ships, boats, & floating structures",178906,"Other Sea Vessels",2021,29787708
17,"Transportation",1789,"Ships, boats, & floating structures",178907,"Other Floating Structures",2021,6017165
17,"Transportation",1789,"Ships, boats, & floating structures",178908,"Scrap Vessels",2021,17061450
18,"Instruments",1890,"Optical, photo, & film equipment; medical instruments",189001,"Optical Fibers and optical fibre bundles",2021,40639864
18,"Instruments",1890,"Optical, photo, & film equipment; medical instruments",189002,"Mirrors and Lenses",2021,16415432
18,"Instruments",1890,"Optical, photo, & film equipment; medical instruments",189003,"Eyewear Frames",2021,3087188
18,"Instruments",1890,"Optical, photo, & film equipment; medical instruments",189004,"Eyewear",2021,2864494
18,"Instruments",1890,"Optical, photo, & film equipment; medical instruments",189005,"Binoculars and Telescopes",2021,3210654
18,"Instruments",1890,"Optical, photo, & film equipment; medical instruments",189006,"Cameras",2021,5106521
18,"Instruments",1890,"Optical, photo, & film equipment; medical instruments",189007,"Video Cameras",2021,803954
18,"Instruments",1890,"Optical, photo, & film equipment; medical instruments",189008,"Image Projectors",2021,174367
18,"Instruments",1890,"Optical, photo, & film equipment; medical instruments",189009,"Photocopiers",2021,533970
18,"Instruments",1890,"Optical, photo, & film equipment; medical instruments",189010,"Photo Lab Equipment",2021,28887562
18,"Instruments",1890,"Optical, photo, & film equipment; medical instruments",189011,"Microscopes",2021,39969547
18,"Instruments",1890,"Optical, photo, & film equipment; medical instruments",189012,"Non-optical Microscopes",2021,631628
18,"Instruments",1890,"Optical, photo, & film equipment; medical instruments",189013,"LCDs",2021,48846827
18,"Instruments",1890,"Optical, photo, & film equipment; medical instruments",189014,"Compasses",2021,18768397
18,"Instruments",1890,"Optical, photo, & film equipment; medical instruments",189015,"Surveying Equipment",2021,123627653
18,"Instruments",1890,"Optical, photo, & film equipment; medical instruments",189016,"Balances",2021,348853
18,"Instruments",1890,"Optical, photo, & film equipment; medical instruments",189017,"Drafting Tools",2021,2283491
18,"Instruments",1890,"Optical, photo, & film equipment; medical instruments",189018,"Medical Instruments",2021,852638518
18,"Instruments",1890,"Optical, photo, & film equipment; medical instruments",189019,"Therapeutic Appliances",2021,12707536
18,"Instruments",1890,"Optical, photo, & film equipment; medical instruments",189020,"Breathing Appliances",2021,2611573
18,"Instruments",1890,"Optical, photo, & film equipment; medical instruments",189021,"Orthopedic Appliances",2021,46930994
18,"Instruments",1890,"Optical, photo, & film equipment; medical instruments",189022,"X-Ray Equipment",2021,397082991
18,"Instruments",1890,"Optical, photo, & film equipment; medical instruments",189023,"Instructional Models",2021,7390689
18,"Instruments",1890,"Optical, photo, & film equipment; medical instruments",189024,"Tensile Testing Machines",2021,21970265
18,"Instruments",1890,"Optical, photo, & film equipment; medical instruments",189025,"Hydrometers",2021,129178155
18,"Instruments",1890,"Optical, photo, & film equipment; medical instruments",189026,"Gas and Liquid Flow Measuring Instruments",2021,102526464
18,"Instruments",1890,"Optical, photo, & film equipment; medical instruments",189027,"Chemical Analysis Instruments",2021,333426914
18,"Instruments",1890,"Optical, photo, & film equipment; medical instruments",189028,"Utility Meters",2021,24351425
18,"Instruments",1890,"Optical, photo, & film equipment; medical instruments",189029,"Revolution Counters",2021,7135581
18,"Instruments",1890,"Optical, photo, & film equipment; medical instruments",189030,"Oscilloscopes",2021,109168294
18,"Instruments",1890,"Optical, photo, & film equipment; medical instruments",189031,"Other Measuring Instruments",2021,357464716
18,"Instruments",1890,"Optical, photo, & film equipment; medical instruments",189032,"Thermostats",2021,166941465
18,"Instruments",1890,"Optical, photo, & film equipment; medical instruments",189033,"Opto-Electric Instrument Parts",2021,47270164
18,"Instruments",1891,"Clocks, watches, & parts",189101,"Precious Metal Watches",2021,2773520
18,"Instruments",1891,"Clocks, watches, & parts",189102,"Base Metal Watches",2021,33491412
18,"Instruments",1891,"Clocks, watches, & parts",189103,"Clocks with Watch Movements",2021,19963
18,"Instruments",1891,"Clocks, watches, & parts",189104,"Dashboard Clocks",2021,14926
18,"Instruments",1891,"Clocks, watches, & parts",189105,"Other Clocks",2021,521667
18,"Instruments",1891,"Clocks, watches, & parts",189106,"Time Recording Instruments",2021,697509
18,"Instruments",1891,"Clocks, watches, & parts",189107,"Time Switches",2021,425832
18,"Instruments",1891,"Clocks, watches, & parts",189108,"Watch Movements",2021,111598
18,"Instruments",1891,"Clocks, watches, & parts",189109,"Clock Movements",2021,20628.999999999996
18,"Instruments",1891,"Clocks, watches, & parts",189110,"Incomplete Movement Sets",2021,3715
18,"Instruments",1891,"Clocks, watches, & parts",189111,"Watch Cases and Parts",2021,125575
18,"Instruments",1891,"Clocks, watches, & parts",189112,"Clock Cases and Parts",2021,13183
18,"Instruments",1891,"Clocks, watches, & parts",189113,"Watch Straps",2021,2129943
18,"Instruments",1891,"Clocks, watches, & parts",189114,"Other Clocks and Watches",2021,81599
18,"Instruments",1892,"Musical instruments",189201,"Pianos",2021,116820
18,"Instruments",1892,"Musical instruments",189202,"String Instruments",2021,283626
18,"Instruments",1892,"Musical instruments",189205,"Wind Instruments",2021,164015
18,"Instruments",1892,"Musical instruments",189206,"Percussion",2021,269810
18,"Instruments",1892,"Musical instruments",189207,"Electric Musical Instruments",2021,4799215
18,"Instruments",1892,"Musical instruments",189208,"Other Musical Instruments",2021,31418
18,"Instruments",1892,"Musical instruments",189209,"Musical Instrument Parts",2021,1714592
19,"Weapons",1993,"Weapons",199301,"Military Weapons",2021,223139
19,"Weapons",1993,"Weapons",199302,"Handguns",2021,403053
19,"Weapons",1993,"Weapons",199303,"Other Firearms",2021,83329432
19,"Weapons",1993,"Weapons",199304,"Spring, Air, and Gas Guns",2021,426580
19,"Weapons",1993,"Weapons",199305,"Weapons Parts and Accessories",2021,7497223
19,"Weapons",1993,"Weapons",199306,"Explosive Ammunition",2021,59575755
19,"Weapons",1993,"Weapons",199307,"Bladed Weapons and Accessories",2021,38112
20,"Miscellaneous",2094,"Furniture, bedding, lamps, & prefab buildings",209401,"Seats",2021,56941459
20,"Miscellaneous",2094,"Furniture, bedding, lamps, & prefab buildings",209402,"Medical Furniture",2021,43437736
20,"Miscellaneous",2094,"Furniture, bedding, lamps, & prefab buildings",209403,"Other Furniture",2021,185409030
20,"Miscellaneous",2094,"Furniture, bedding, lamps, & prefab buildings",209404,"Mattresses",2021,5309284
20,"Miscellaneous",2094,"Furniture, bedding, lamps, & prefab buildings",209405,"Light Fixtures",2021,180250646
20,"Miscellaneous",2094,"Furniture, bedding, lamps, & prefab buildings",209406,"Prefabricated Buildings",2021,137437513
20,"Miscellaneous",2095,"Toys, games, & sports",209503,"Other toys",2021,30959305
20,"Miscellaneous",2095,"Toys, games, & sports",209504,"Video and Card Games",2021,21860440
20,"Miscellaneous",2095,"Toys, games, & sports",209505,"Party Decorations",2021,3343172
20,"Miscellaneous",2095,"Toys, games, & sports",209506,"Sports Equipment",2021,70188769
20,"Miscellaneous",2095,"Toys, games, & sports",209507,"Fishing and Hunting Equipment",2021,25039591
20,"Miscellaneous",2095,"Toys, games, & sports",209508,"Fairground Amusements",2021,1684688
20,"Miscellaneous",2096,"Misc. manufactures",209601,"Worked Ivory and Bone",2021,120870
20,"Miscellaneous",2096,"Misc. manufactures",209602,"Vegetable and Mineral Carvings",2021,6119
20,"Miscellaneous",2096,"Misc. manufactures",209603,"Brooms",2021,18114078
20,"Miscellaneous",2096,"Misc. manufactures",209604,"Hand Sifters",2021,136071
20,"Miscellaneous",2096,"Misc. manufactures",209605,"Travel Kits",2021,43936
20,"Miscellaneous",2096,"Misc. manufactures",209606,"Buttons",2021,674411
20,"Miscellaneous",2096,"Misc. manufactures",209607,"Zippers",2021,1518543
20,"Miscellaneous",2096,"Misc. manufactures",209608,"Pens",2021,1527313
20,"Miscellaneous",2096,"Misc. manufactures",209609,"Pencils and Crayons",2021,231311
20,"Miscellaneous",2096,"Misc. manufactures",209610,"Chalkboards",2021,339713
20,"Miscellaneous",2096,"Misc. manufactures",209611,"Rubber Stamps",2021,62382
20,"Miscellaneous",2096,"Misc. manufactures",209612,"Ink Ribbons",2021,777234
20,"Miscellaneous",2096,"Misc. manufactures",209613,"Lighters",2021,302430
20,"Miscellaneous",2096,"Misc. manufactures",209614,"Smoking Pipes",2021,70357
20,"Miscellaneous",2096,"Misc. manufactures",209615,"Combs",2021,961158
20,"Miscellaneous",2096,"Misc. manufactures",209616,"Scent Sprays",2021,464656
20,"Miscellaneous",2096,"Misc. manufactures",209617,"Vacuum Flask",2021,569236
20,"Miscellaneous",2096,"Misc. manufactures",209618,"Mannequins",2021,129282
21,"Arts and Antiques",2197,"Art & antiques",219701,"Paintings",2021,11049943
21,"Arts and Antiques",2197,"Art & antiques",219702,"Prints",2021,119496
21,"Arts and Antiques",2197,"Art & antiques",219703,"Sculptures",2021,1942580.9999999998
21,"Arts and Antiques",2197,"Art & antiques",219704,"Revenue Stamps",2021,230230
21,"Arts and Antiques",2197,"Art & antiques",219705,"Collector's Items",2021,1272065
21,"Arts and Antiques",2197,"Art & antiques",219706,"Antiques",2021,472377