Section ID,Section,HS2 ID,HS2,HS4 ID,HS4,Year,Trade Value
1,"Animal Products",101,"Live animals",10101,"Horses",2021,1905453
1,"Animal Products",101,"Live animals",10102,"Bovine",2021,3753276.0000000005
1,"Animal Products",101,"Live animals",10105,"Poultry",2021,2805712
1,"Animal Products",101,"Live animals",10106,"Other Animals",2021,15957
1,"Animal Products",102,"Meat & edible offal",10201,"Bovine Meat",2021,36709
1,"Animal Products",102,"Meat & edible offal",10202,"Frozen Bovine Meat",2021,8706912
1,"Animal Products",102,"Meat & edible offal",10203,"Pig Meat",2021,8318.999999999998
1,"Animal Products",102,"Meat & edible offal",10204,"Sheep and Goat Meat",2021,1249
1,"Animal Products",102,"Meat & edible offal",10206,"Edible Offal",2021,27859
1,"Animal Products",102,"Meat & edible offal",10207,"Poultry Meat",2021,1782650
1,"Animal Products",103,"Fish, Crustaceans & Molluscs",10301,"Live Fish",2021,27519
1,"Animal Products",103,"Fish, Crustaceans & Molluscs",10302,"Non-fillet Fresh Fish",2021,8010302
1,"Animal Products",103,"Fish, Crustaceans & Molluscs",10303,"Non-fillet Frozen Fish",2021,20130561
1,"Animal Products",103,"Fish, Crustaceans & Molluscs",10304,"Fish Fillets",2021,10702297
1,"Animal Products",103,"Fish, Crustaceans & Molluscs",10305,"Dried/Salted/Smoked/Brined Fish",2021,244433
1,"Animal Products",103,"Fish, Crustaceans & Molluscs",10306,"Crustaceans",2021,70040675
1,"Animal Products",103,"Fish, Crustaceans & Molluscs",10307,"Molluscs",2021,135714
1,"Animal Products",104,"Edible products of animal origin, n.e.s.",10401,"Milk",2021,597870
1,"Animal Products",104,"Edible products of animal origin, n.e.s.",10402,"Concentrated Milk",2021,1260944
1,"Animal Products",104,"Edible products of animal origin, n.e.s.",10403,"Fermented Milk Products",2021,311699
1,"Animal Products",104,"Edible products of animal origin, n.e.s.",10404,"Whey and other milk products",2021,75708
1,"Animal Products",104,"Edible products of animal origin, n.e.s.",10405,"Butter",2021,124849
1,"Animal Products",104,"Edible products of animal origin, n.e.s.",10406,"Cheese",2021,1294602
1,"Animal Products",104,"Edible products of animal origin, n.e.s.",10407,"Eggs",2021,933502.9999999999
1,"Animal Products",104,"Edible products of animal origin, n.e.s.",10408,"Processed Egg Products",2021,1293238
1,"Animal Products",104,"Edible products of animal origin, n.e.s.",10409,"Honey",2021,4491275
1,"Animal Products",104,"Edible products of animal origin, n.e.s.",10410,"Other Edible Animal Products",2021,85719
1,"Animal Products",105,"Animal originated products, n.e.s.",10504,"Animal Organs",2021,22598
1,"Animal Products",105,"Animal originated products, n.e.s.",10510,"Pharmaceutical Animal Products",2021,739853.0000000001
1,"Animal Products",105,"Animal originated products, n.e.s.",10511,"Other Inedible Animal Products",2021,735811
2,"Vegetable Products",206,"Live trees, plants, bulbs, cut flowers, & ornamental foliage",20601,"Bulbs and Roots",2021,203937
2,"Vegetable Products",206,"Live trees, plants, bulbs, cut flowers, & ornamental foliage",20602,"Other live plants, cuttings and slips;
mushroom spawn",2021,63518129
2,"Vegetable Products",206,"Live trees, plants, bulbs, cut flowers, & ornamental foliage",20603,"Cut Flowers",2021,30358633
2,"Vegetable Products",206,"Live trees, plants, bulbs, cut flowers, & ornamental foliage",20604,"Plant foliage",2021,32594640
2,"Vegetable Products",207,"Edible vegetables, roots, & tubers",20701,"Potatoes",2021,17720260.999999996
2,"Vegetable Products",207,"Edible vegetables, roots, & tubers",20702,"Tomatoes",2021,30188174
2,"Vegetable Products",207,"Edible vegetables, roots, & tubers",20703,"Onions",2021,6032770
2,"Vegetable Products",207,"Edible vegetables, roots, & tubers",20704,"Cabbages",2021,41445252
2,"Vegetable Products",207,"Edible vegetables, roots, & tubers",20705,"Lettuce",2021,8501505
2,"Vegetable Products",207,"Edible vegetables, roots, & tubers",20706,"Root Vegetables",2021,26339348
2,"Vegetable Products",207,"Edible vegetables, roots, & tubers",20707,"Cucumbers",2021,337967
2,"Vegetable Products",207,"Edible vegetables, roots, & tubers",20708,"Legumes",2021,222770091
2,"Vegetable Products",207,"Edible vegetables, roots, & tubers",20709,"Other Vegetables",2021,30072390
2,"Vegetable Products",207,"Edible vegetables, roots, & tubers",20710,"Frozen Vegetables",2021,87530612
2,"Vegetable Products",207,"Edible vegetables, roots, & tubers",20711,"Preserved Vegetables",2021,13687.999999999998
2,"Vegetable Products",207,"Edible vegetables, roots, & tubers",20712,"Dried Vegetables",2021,1925293
2,"Vegetable Products",207,"Edible vegetables, roots, & tubers",20713,"Dried Legumes",2021,1890910
2,"Vegetable Products",207,"Edible vegetables, roots, & tubers",20714,"Cassava",2021,3378296
2,"Vegetable Products",208,"Edible fruits, nuts & fruit peels",20801,"Coconuts, Brazil Nuts, and Cashews",2021,141280
2,"Vegetable Products",208,"Edible fruits, nuts & fruit peels",20802,"Other Nuts",2021,38872446
2,"Vegetable Products",208,"Edible fruits, nuts & fruit peels",20803,"Bananas",2021,1322260884
2,"Vegetable Products",208,"Edible fruits, nuts & fruit peels",20804,"Tropical Fruits",2021,40785199
2,"Vegetable Products",208,"Edible fruits, nuts & fruit peels",20805,"Citrus",2021,6822957
2,"Vegetable Products",208,"Edible fruits, nuts & fruit peels",20806,"Grapes",2021,256701
2,"Vegetable Products",208,"Edible fruits, nuts & fruit peels",20807,"Melons",2021,268706176
2,"Vegetable Products",208,"Edible fruits, nuts & fruit peels",20808,"Apples and Pears",2021,180799
2,"Vegetable Products",208,"Edible fruits, nuts & fruit peels",20809,"Pitted Fruits",2021,437322
2,"Vegetable Products",208,"Edible fruits, nuts & fruit peels",20810,"Other Fruits",2021,39912536
2,"Vegetable Products",208,"Edible fruits, nuts & fruit peels",20811,"Frozen Fruits and Nuts",2021,63551860.00000001
2,"Vegetable Products",208,"Edible fruits, nuts & fruit peels",20812,"Preserved Fruits and Nuts",2021,682193
2,"Vegetable Products",208,"Edible fruits, nuts & fruit peels",20813,"Dried Fruits",2021,333553
2,"Vegetable Products",208,"Edible fruits, nuts & fruit peels",20814,"Citrus and Melon Peels",2021,270598
2,"Vegetable Products",209,"Coffee, tea, mate & spices",20901,"Coffee",2021,1002439414
2,"Vegetable Products",209,"Coffee, tea, mate & spices",20902,"Tea",2021,266086.99999999994
2,"Vegetable Products",209,"Coffee, tea, mate & spices",20903,"Mate",2021,114
2,"Vegetable Products",209,"Coffee, tea, mate & spices",20904,"Pepper",2021,11057278
2,"Vegetable Products",209,"Coffee, tea, mate & spices",20905,"Vanilla",2021,67140
2,"Vegetable Products",209,"Coffee, tea, mate & spices",20906,"Cinnamon",2021,954543
2,"Vegetable Products",209,"Coffee, tea, mate & spices",20907,"Cloves",2021,95081
2,"Vegetable Products",209,"Coffee, tea, mate & spices",20908,"Nutmeg, mace and cardamons",2021,619708705
2,"Vegetable Products",209,"Coffee, tea, mate & spices",20909,"Spice Seeds",2021,141959
2,"Vegetable Products",209,"Coffee, tea, mate & spices",20910,"Spices",2021,1528986
2,"Vegetable Products",210,"Cereals",21001,"Wheat",2021,5080
2,"Vegetable Products",210,"Cereals",21003,"Barley",2021,12215
2,"Vegetable Products",210,"Cereals",21004,"Oats",2021,89362.00000000001
2,"Vegetable Products",210,"Cereals",21005,"Corn",2021,2314442
2,"Vegetable Products",210,"Cereals",21006,"Rice",2021,506182
2,"Vegetable Products",210,"Cereals",21008,"Buckwheat",2021,77683
2,"Vegetable Products",211,"Products of the milling industry",21101,"Wheat Flours",2021,4292357
2,"Vegetable Products",211,"Products of the milling industry",21102,"Cereal Flours",2021,5070250
2,"Vegetable Products",211,"Products of the milling industry",21103,"Cereal Meal and Pellets",2021,338617
2,"Vegetable Products",211,"Products of the milling industry",21104,"Processed Cereals",2021,7712809
2,"Vegetable Products",211,"Products of the milling industry",21105,"Potato Flours",2021,131203
2,"Vegetable Products",211,"Products of the milling industry",21106,"Legume Flours",2021,118110
2,"Vegetable Products",211,"Products of the milling industry",21107,"Malt",2021,68880
2,"Vegetable Products",211,"Products of the milling industry",21108,"Starches",2021,1908946
2,"Vegetable Products",211,"Products of the milling industry",21109,"Wheat Gluten",2021,367300
2,"Vegetable Products",212,"Oils seeds, oleaginous fruits, grains, straw & fodder",21201,"Soybeans",2021,83237
2,"Vegetable Products",212,"Oils seeds, oleaginous fruits, grains, straw & fodder",21202,"Ground Nuts",2021,12739
2,"Vegetable Products",212,"Oils seeds, oleaginous fruits, grains, straw & fodder",21204,"Linseed",2021,103582.00000000001
2,"Vegetable Products",212,"Oils seeds, oleaginous fruits, grains, straw & fodder",21205,"Rapeseed",2021,12
2,"Vegetable Products",212,"Oils seeds, oleaginous fruits, grains, straw & fodder",21206,"Sunflower Seeds",2021,23381
2,"Vegetable Products",212,"Oils seeds, oleaginous fruits, grains, straw & fodder",21207,"Other Oily Seeds",2021,55457446
2,"Vegetable Products",212,"Oils seeds, oleaginous fruits, grains, straw & fodder",21208,"Oil Seed Flower",2021,61795
2,"Vegetable Products",212,"Oils seeds, oleaginous fruits, grains, straw & fodder",21209,"Sowing Seeds",2021,75715054
2,"Vegetable Products",212,"Oils seeds, oleaginous fruits, grains, straw & fodder",21210,"Hops",2021,4783
2,"Vegetable Products",212,"Oils seeds, oleaginous fruits, grains, straw & fodder",21211,"Perfume Plants",2021,3371329
2,"Vegetable Products",212,"Oils seeds, oleaginous fruits, grains, straw & fodder",21212,"Locust beans, seaweed, sugar beet, cane, for food",2021,999647
2,"Vegetable Products",212,"Oils seeds, oleaginous fruits, grains, straw & fodder",21214,"Forage Crops",2021,501.00000000000006
2,"Vegetable Products",213,"Natural gums, resins & other vegetable extracts",21301,"Insect Resins",2021,1045525
2,"Vegetable Products",213,"Natural gums, resins & other vegetable extracts",21302,"Vegetable Saps",2021,5767306
2,"Vegetable Products",214,"Vegetable plaiting materials & products, n.e.s.",21401,"Vegetable Plaiting Materials",2021,16638
2,"Vegetable Products",214,"Vegetable plaiting materials & products, n.e.s.",21404,"Other Vegetable Products",2021,1869915
3,"Animal and Vegetable Bi-Products",315,"Animal or vegetable fats, oils, & waxes",31504,"Fish Oil",2021,232769.99999999997
3,"Animal and Vegetable Bi-Products",315,"Animal or vegetable fats, oils, & waxes",31505,"Wool Grease",2021,120947
3,"Animal and Vegetable Bi-Products",315,"Animal or vegetable fats, oils, & waxes",31507,"Soybean Oil",2021,34241176
3,"Animal and Vegetable Bi-Products",315,"Animal or vegetable fats, oils, & waxes",31508,"Ground Nut Oil",2021,264
3,"Animal and Vegetable Bi-Products",315,"Animal or vegetable fats, oils, & waxes",31509,"Pure Olive Oil",2021,160631
3,"Animal and Vegetable Bi-Products",315,"Animal or vegetable fats, oils, & waxes",31510,"Olive Oil",2021,22238.000000000004
3,"Animal and Vegetable Bi-Products",315,"Animal or vegetable fats, oils, & waxes",31511,"Palm Oil",2021,744597396
3,"Animal and Vegetable Bi-Products",315,"Animal or vegetable fats, oils, & waxes",31512,"Seed Oils",2021,3389143
3,"Animal and Vegetable Bi-Products",315,"Animal or vegetable fats, oils, & waxes",31513,"Coconut Oil",2021,73850280
3,"Animal and Vegetable Bi-Products",315,"Animal or vegetable fats, oils, & waxes",31514,"Rapeseed Oil",2021,65399
3,"Animal and Vegetable Bi-Products",315,"Animal or vegetable fats, oils, & waxes",31515,"Other Pure Vegetable Oils",2021,1227682
3,"Animal and Vegetable Bi-Products",315,"Animal or vegetable fats, oils, & waxes",31516,"Other Vegetable Oils",2021,24834898
3,"Animal and Vegetable Bi-Products",315,"Animal or vegetable fats, oils, & waxes",31517,"Margarine",2021,55437558
3,"Animal and Vegetable Bi-Products",315,"Animal or vegetable fats, oils, & waxes",31518,"Inedible Fats and Oils",2021,870226
3,"Animal and Vegetable Bi-Products",315,"Animal or vegetable fats, oils, & waxes",31519,"Stearic Acid",2021,6444988
3,"Animal and Vegetable Bi-Products",315,"Animal or vegetable fats, oils, & waxes",31520,"Glycerol",2021,243386
3,"Animal and Vegetable Bi-Products",315,"Animal or vegetable fats, oils, & waxes",31521,"Vegetable waxes and beeswax",2021,83807
3,"Animal and Vegetable Bi-Products",315,"Animal or vegetable fats, oils, & waxes",31522,"Fat and Oil Residues",2021,1213
4,"Foodstuffs",416,"Preparations of fish, crustacenas, & molluscs",41601,"Sausages",2021,28785998
4,"Foodstuffs",416,"Preparations of fish, crustacenas, & molluscs",41602,"Other Prepared Meat",2021,38739133
4,"Foodstuffs",416,"Preparations of fish, crustacenas, & molluscs",41604,"Processed Fish",2021,42041198
4,"Foodstuffs",416,"Preparations of fish, crustacenas, & molluscs",41605,"Processed Crustaceans",2021,16703872
4,"Foodstuffs",417,"Sugars & confectioneries",41701,"Raw Sugar",2021,584270090
4,"Foodstuffs",417,"Sugars & confectioneries",41702,"Other Sugars",2021,10065216
4,"Foodstuffs",417,"Sugars & confectioneries",41703,"Molasses",2021,66121729
4,"Foodstuffs",417,"Sugars & confectioneries",41704,"Confectionery Sugar",2021,81100918
4,"Foodstuffs",418,"Cocoa & cocoa preparations",41801,"Cocoa Beans",2021,923416
4,"Foodstuffs",418,"Cocoa & cocoa preparations",41802,"Cocoa Shells",2021,426
4,"Foodstuffs",418,"Cocoa & cocoa preparations",41803,"Cocoa Paste",2021,191452
4,"Foodstuffs",418,"Cocoa & cocoa preparations",41804,"Cocoa Butter",2021,27738
4,"Foodstuffs",418,"Cocoa & cocoa preparations",41805,"Cocoa Powder",2021,398965
4,"Foodstuffs",418,"Cocoa & cocoa preparations",41806,"Chocolate",2021,15006073
4,"Foodstuffs",419,"Preparations of cereals, flour, starch or milk",41901,"Malt Extract",2021,20818641
4,"Foodstuffs",419,"Preparations of cereals, flour, starch or milk",41902,"Pasta",2021,24127854
4,"Foodstuffs",419,"Preparations of cereals, flour, starch or milk",41904,"Prepared Cereals",2021,37178580
4,"Foodstuffs",419,"Preparations of cereals, flour, starch or milk",41905,"Baked Goods",2021,163224120
4,"Foodstuffs",420,"Preparations of vegetables, fruit, nuts or other plant parts",42001,"Pickled Foods",2021,7281200
4,"Foodstuffs",420,"Preparations of vegetables, fruit, nuts or other plant parts",42002,"Processed Tomatoes",2021,228618
4,"Foodstuffs",420,"Preparations of vegetables, fruit, nuts or other plant parts",42003,"Processed Mushrooms",2021,495217
4,"Foodstuffs",420,"Preparations of vegetables, fruit, nuts or other plant parts",42004,"Other Frozen Vegetables",2021,494355
4,"Foodstuffs",420,"Preparations of vegetables, fruit, nuts or other plant parts",42005,"Other Processed Vegetables",2021,44917825
4,"Foodstuffs",420,"Preparations of vegetables, fruit, nuts or other plant parts",42006,"Sugar Preserved Foods",2021,1603541
4,"Foodstuffs",420,"Preparations of vegetables, fruit, nuts or other plant parts",42007,"Jams",2021,15649403
4,"Foodstuffs",420,"Preparations of vegetables, fruit, nuts or other plant parts",42008,"Other Processed Fruits and Nuts",2021,57181218
4,"Foodstuffs",420,"Preparations of vegetables, fruit, nuts or other plant parts",42009,"Fruit Juice",2021,50823357
4,"Foodstuffs",421,"Miscellaneous edible preparations",42101,"Coffee and Tea Extracts",2021,1756677
4,"Foodstuffs",421,"Miscellaneous edible preparations",42102,"Yeast",2021,3691176
4,"Foodstuffs",421,"Miscellaneous edible preparations",42103,"Sauces and Seasonings",2021,103758025
4,"Foodstuffs",421,"Miscellaneous edible preparations",42104,"Soups and Broths",2021,82107455
4,"Foodstuffs",421,"Miscellaneous edible preparations",42105,"Ice Cream",2021,38712923
4,"Foodstuffs",421,"Miscellaneous edible preparations",42106,"Other Edible Preparations",2021,53164050
4,"Foodstuffs",422,"Beverages, spirits, & vinegar",42201,"Water",2021,4765676
4,"Foodstuffs",422,"Beverages, spirits, & vinegar",42202,"Flavored Water",2021,148394337
4,"Foodstuffs",422,"Beverages, spirits, & vinegar",42203,"Beer",2021,11839943
4,"Foodstuffs",422,"Beverages, spirits, & vinegar",42204,"Wine",2021,1580271
4,"Foodstuffs",422,"Beverages, spirits, & vinegar",42205,"Vermouth",2021,2121
4,"Foodstuffs",422,"Beverages, spirits, & vinegar",42206,"Other Fermented Beverages",2021,375688
4,"Foodstuffs",422,"Beverages, spirits, & vinegar",42207,"Alcohol > 80% ABV",2021,128560608
4,"Foodstuffs",422,"Beverages, spirits, & vinegar",42208,"Hard Liquor",2021,97197021
4,"Foodstuffs",422,"Beverages, spirits, & vinegar",42209,"Vinegar",2021,165054
4,"Foodstuffs",423,"Food residues & wastes; animal fodder",42301,"Animal Meal and Pellets",2021,4534829
4,"Foodstuffs",423,"Food residues & wastes; animal fodder",42302,"Bran",2021,523156
4,"Foodstuffs",423,"Food residues & wastes; animal fodder",42303,"Starch Residue",2021,400505
4,"Foodstuffs",423,"Food residues & wastes; animal fodder",42304,"Soybean Meal",2021,1348767
4,"Foodstuffs",423,"Food residues & wastes; animal fodder",42306,"Other Vegetable Residues",2021,1954702
4,"Foodstuffs",423,"Food residues & wastes; animal fodder",42309,"Animal Food",2021,107541031
4,"Foodstuffs",424,"Tobacco & substitutes",42401,"Raw Tobacco",2021,80567843
4,"Foodstuffs",424,"Tobacco & substitutes",42402,"Rolled Tobacco",2021,2111849.0000000005
4,"Foodstuffs",424,"Tobacco & substitutes",42403,"Processed Tobacco",2021,315394
5,"Mineral Products",525,"Salt, sulphur, cement, lime, stone, & plaster",52501,"Salt",2021,1753107
5,"Mineral Products",525,"Salt, sulphur, cement, lime, stone, & plaster",52503,"Sulphur",2021,166107
5,"Mineral Products",525,"Salt, sulphur, cement, lime, stone, & plaster",52504,"Graphite",2021,110
5,"Mineral Products",525,"Salt, sulphur, cement, lime, stone, & plaster",52505,"Sand",2021,667218
5,"Mineral Products",525,"Salt, sulphur, cement, lime, stone, & plaster",52506,"Quartz",2021,9645
5,"Mineral Products",525,"Salt, sulphur, cement, lime, stone, & plaster",52507,"Kaolin",2021,799365
5,"Mineral Products",525,"Salt, sulphur, cement, lime, stone, & plaster",52508,"Clays",2021,1078382
5,"Mineral Products",525,"Salt, sulphur, cement, lime, stone, & plaster",52509,"Chalk",2021,115
5,"Mineral Products",525,"Salt, sulphur, cement, lime, stone, & plaster",52511,"Barium Sulphate",2021,32879
5,"Mineral Products",525,"Salt, sulphur, cement, lime, stone, & plaster",52512,"Siliceous Fossil Meals",2021,484847
5,"Mineral Products",525,"Salt, sulphur, cement, lime, stone, & plaster",52513,"Pumice",2021,2844
5,"Mineral Products",525,"Salt, sulphur, cement, lime, stone, & plaster",52514,"Slate",2021,387
5,"Mineral Products",525,"Salt, sulphur, cement, lime, stone, & plaster",52515,"Marble, Travertine and Alabaster",2021,468867
5,"Mineral Products",525,"Salt, sulphur, cement, lime, stone, & plaster",52516,"Granite",2021,139130
5,"Mineral Products",525,"Salt, sulphur, cement, lime, stone, & plaster",52517,"Gravel and Crushed Stone",2021,1327077
5,"Mineral Products",525,"Salt, sulphur, cement, lime, stone, & plaster",52518,"Dolomite",2021,6775709
5,"Mineral Products",525,"Salt, sulphur, cement, lime, stone, & plaster",52519,"Magnesium Carbonate",2021,3824195
5,"Mineral Products",525,"Salt, sulphur, cement, lime, stone, & plaster",52520,"Gypsum",2021,2998954
5,"Mineral Products",525,"Salt, sulphur, cement, lime, stone, & plaster",52521,"Limestone",2021,185
5,"Mineral Products",525,"Salt, sulphur, cement, lime, stone, & plaster",52522,"Quicklime",2021,7165596
5,"Mineral Products",525,"Salt, sulphur, cement, lime, stone, & plaster",52523,"Cement",2021,18528911
5,"Mineral Products",525,"Salt, sulphur, cement, lime, stone, & plaster",52524,"Asbestos",2021,3916
5,"Mineral Products",525,"Salt, sulphur, cement, lime, stone, & plaster",52526,"Soapstone",2021,460667
5,"Mineral Products",525,"Salt, sulphur, cement, lime, stone, & plaster",52528,"Borax",2021,130924.99999999999
5,"Mineral Products",525,"Salt, sulphur, cement, lime, stone, & plaster",52529,"Feldspar",2021,2364643
5,"Mineral Products",525,"Salt, sulphur, cement, lime, stone, & plaster",52530,"Other Mineral",2021,358384
5,"Mineral Products",526,"Ores, slag and ash",52601,"Iron Ore",2021,100.99999999999999
5,"Mineral Products",526,"Ores, slag and ash",52602,"Manganese Ore",2021,173117.00000000003
5,"Mineral Products",526,"Ores, slag and ash",52603,"Copper Ore",2021,4017.0000000000005
5,"Mineral Products",526,"Ores, slag and ash",52604,"Nickel Ore",2021,112093526
5,"Mineral Products",526,"Ores, slag and ash",52606,"Aluminium Ore",2021,415
5,"Mineral Products",526,"Ores, slag and ash",52607,"Lead Ore",2021,4758
5,"Mineral Products",526,"Ores, slag and ash",52608,"Zinc Ore",2021,176102
5,"Mineral Products",526,"Ores, slag and ash",52615,"Niobium, Tantalum, Vanadium and Zirconium Ore",2021,9133
5,"Mineral Products",526,"Ores, slag and ash",52616,"Precious Metal Ore",2021,2891
5,"Mineral Products",526,"Ores, slag and ash",52617,"Other Ores",2021,1987
5,"Mineral Products",526,"Ores, slag and ash",52618,"Granulated Slag",2021,802
5,"Mineral Products",526,"Ores, slag and ash",52620,"Non-Iron and Steel Slag, Ash and Residues",2021,5793308
5,"Mineral Products",526,"Ores, slag and ash",52621,"Other Slag and Ash",2021,2506.9999999999995
5,"Mineral Products",527,"Mineral fuels, mineral oils and products of their distillation",52702,"Lignite",2021,8138
5,"Mineral Products",527,"Mineral fuels, mineral oils and products of their distillation",52703,"Peat",2021,13111
5,"Mineral Products",527,"Mineral fuels, mineral oils and products of their distillation",52704,"Coke",2021,5270
5,"Mineral Products",527,"Mineral fuels, mineral oils and products of their distillation",52707,"Coal Tar Oil",2021,768912
5,"Mineral Products",527,"Mineral fuels, mineral oils and products of their distillation",52708,"Pitch Coke",2021,7212.999999999999
5,"Mineral Products",527,"Mineral fuels, mineral oils and products of their distillation",52709,"Crude Petroleum",2021,60465870
5,"Mineral Products",527,"Mineral fuels, mineral oils and products of their distillation",52710,"Refined Petroleum",2021,76203699
5,"Mineral Products",527,"Mineral fuels, mineral oils and products of their distillation",52711,"Petroleum Gas",2021,80499787
5,"Mineral Products",527,"Mineral fuels, mineral oils and products of their distillation",52712,"Petroleum Jelly",2021,836736
5,"Mineral Products",527,"Mineral fuels, mineral oils and products of their distillation",52713,"Petroleum Coke",2021,43044205
5,"Mineral Products",527,"Mineral fuels, mineral oils and products of their distillation",52714,"Bitumen and asphalt",2021,70093
5,"Mineral Products",527,"Mineral fuels, mineral oils and products of their distillation",52715,"Asphalt Mixtures",2021,8841585
5,"Mineral Products",527,"Mineral fuels, mineral oils and products of their distillation",52716,"Electricity",2021,84925165
6,"Chemical Products",628,"Inorganic chemicals",62801,"Halogens",2021,258637
6,"Chemical Products",628,"Inorganic chemicals",62802,"Sulfur",2021,10983
6,"Chemical Products",628,"Inorganic chemicals",62803,"Carbon",2021,174777.99999999997
6,"Chemical Products",628,"Inorganic chemicals",62804,"Hydrogen",2021,9602199
6,"Chemical Products",628,"Inorganic chemicals",62805,"Alkali, alkaline-earth, rare-earth metals, scandium, yttrium, and mercury",2021,167861
6,"Chemical Products",628,"Inorganic chemicals",62806,"Hydrochloric Acid",2021,47333
6,"Chemical Products",628,"Inorganic chemicals",62807,"Sulfuric Acid",2021,18907
6,"Chemical Products",628,"Inorganic chemicals",62808,"Nitric Acids",2021,28899
6,"Chemical Products",628,"Inorganic chemicals",62809,"Phosphoric Acid",2021,317625
6,"Chemical Products",628,"Inorganic chemicals",62810,"Boron",2021,423252.99999999994
6,"Chemical Products",628,"Inorganic chemicals",62811,"Other Inorganic Acids",2021,4912669
6,"Chemical Products",628,"Inorganic chemicals",62814,"Ammonia",2021,829107
6,"Chemical Products",628,"Inorganic chemicals",62815,"Sodium or Potassium Peroxides",2021,1379419
6,"Chemical Products",628,"Inorganic chemicals",62816,"Magnesium Hydroxide and Peroxide",2021,25748
6,"Chemical Products",628,"Inorganic chemicals",62817,"Zinc Oxide and Peroxide",2021,191445
6,"Chemical Products",628,"Inorganic chemicals",62818,"Aluminium Oxide",2021,111021
6,"Chemical Products",628,"Inorganic chemicals",62819,"Chromium Oxides and Hydroxides",2021,169048
6,"Chemical Products",628,"Inorganic chemicals",62820,"Manganese Oxides",2021,115813
6,"Chemical Products",628,"Inorganic chemicals",62821,"Iron Oxides and Hydroxides",2021,660458
6,"Chemical Products",628,"Inorganic chemicals",62822,"Cobalt Oxides and Hydroxides",2021,8726
6,"Chemical Products",628,"Inorganic chemicals",62823,"Titanium Oxides",2021,603562
6,"Chemical Products",628,"Inorganic chemicals",62824,"Lead Oxides",2021,5376
6,"Chemical Products",628,"Inorganic chemicals",62825,"Inorganic Salts",2021,2174314
6,"Chemical Products",628,"Inorganic chemicals",62826,"Fluorides",2021,7793
6,"Chemical Products",628,"Inorganic chemicals",62827,"Chlorides",2021,2032190
6,"Chemical Products",628,"Inorganic chemicals",62828,"Hypochlorites",2021,16564518
6,"Chemical Products",628,"Inorganic chemicals",62829,"Chlorates and Perchlorates",2021,370489
6,"Chemical Products",628,"Inorganic chemicals",62830,"Sulfides",2021,21370
6,"Chemical Products",628,"Inorganic chemicals",62831,"Dithionites and Sulfoxylates",2021,64766
6,"Chemical Products",628,"Inorganic chemicals",62832,"Sulfites",2021,339085
6,"Chemical Products",628,"Inorganic chemicals",62833,"Sulfates",2021,1066707
6,"Chemical Products",628,"Inorganic chemicals",62834,"Nitrites and Nitrates",2021,61314
6,"Chemical Products",628,"Inorganic chemicals",62835,"Phosphinates (hypophosphites) and phosphonates (phosphites)",2021,1736844
6,"Chemical Products",628,"Inorganic chemicals",62836,"Carbonates",2021,2757614
6,"Chemical Products",628,"Inorganic chemicals",62837,"Cyanides",2021,22142
6,"Chemical Products",628,"Inorganic chemicals",62839,"Silicates",2021,191887
6,"Chemical Products",628,"Inorganic chemicals",62840,"Borates",2021,5285402
6,"Chemical Products",628,"Inorganic chemicals",62841,"Oxometallic or Peroxometallic Acid Salts",2021,61910
6,"Chemical Products",628,"Inorganic chemicals",62842,"Other Inorganic Acids Salts",2021,220879
6,"Chemical Products",628,"Inorganic chemicals",62843,"Precious Metal Compounds",2021,26690.000000000004
6,"Chemical Products",628,"Inorganic chemicals",62844,"Radioactive Chemicals",2021,84495
6,"Chemical Products",628,"Inorganic chemicals",62846,"Rare-Earth Metal Compounds",2021,16856
6,"Chemical Products",628,"Inorganic chemicals",62847,"Hydrogen peroxide",2021,3056207
6,"Chemical Products",628,"Inorganic chemicals",62849,"Carbides",2021,84402
6,"Chemical Products",628,"Inorganic chemicals",62850,"Hydrides and other anions",2021,286
6,"Chemical Products",628,"Inorganic chemicals",62851,"Inorganic Compounds",2021,29973
6,"Chemical Products",629,"Organic chemicals",62901,"Acyclic Hydrocarbons",2021,981584
6,"Chemical Products",629,"Organic chemicals",62902,"Cyclic Hydrocarbons",2021,1362506
6,"Chemical Products",629,"Organic chemicals",62903,"Halogenated Hydrocarbons",2021,105404
6,"Chemical Products",629,"Organic chemicals",62904,"Sulfonated, Nitrated or Nitrosated Hydrocarbons",2021,6113411
6,"Chemical Products",629,"Organic chemicals",62905,"Acyclic alcohol derivatives (halogenated, sulphonated, nitrated)",2021,4574822
6,"Chemical Products",629,"Organic chemicals",62906,"Cyclic Alcohols",2021,313938
6,"Chemical Products",629,"Organic chemicals",62907,"Phenols",2021,49551
6,"Chemical Products",629,"Organic chemicals",62909,"Ethers",2021,807854
6,"Chemical Products",629,"Organic chemicals",62910,"Epoxides",2021,30372
6,"Chemical Products",629,"Organic chemicals",62912,"Aldehydes, cyclic polymers, and paraformaldehyde",2021,369357
6,"Chemical Products",629,"Organic chemicals",62914,"Ketones and Quinones",2021,763638
6,"Chemical Products",629,"Organic chemicals",62915,"Saturated Acyclic Monocarboxylic Acids",2021,3885323
6,"Chemical Products",629,"Organic chemicals",62916,"Unsaturated Acyclic Monocarboxylic Acids",2021,1090169
6,"Chemical Products",629,"Organic chemicals",62917,"Polycarboxylic Acids",2021,284279
6,"Chemical Products",629,"Organic chemicals",62918,"Carboxylic Acids",2021,2199840
6,"Chemical Products",629,"Organic chemicals",62919,"Phosphoric Esters and Salts",2021,11027
6,"Chemical Products",629,"Organic chemicals",62920,"Other Esters",2021,32795
6,"Chemical Products",629,"Organic chemicals",62921,"Amine Compounds",2021,249896
6,"Chemical Products",629,"Organic chemicals",62922,"Oxygen Amino Compounds",2021,3872905
6,"Chemical Products",629,"Organic chemicals",62923,"Quaternary Ammonium Salts and Hydroxides",2021,586562
6,"Chemical Products",629,"Organic chemicals",62924,"Carboxyamide Compounds",2021,3989412
6,"Chemical Products",629,"Organic chemicals",62925,"Carboxyimide Compounds",2021,877048
6,"Chemical Products",629,"Organic chemicals",62926,"Nitrile Compounds",2021,91491
6,"Chemical Products",629,"Organic chemicals",62927,"Diazo, Azo or Aoxy Compounds",2021,2739
6,"Chemical Products",629,"Organic chemicals",62928,"Hydrazine or Hydroxylamine Derivatives",2021,16550
6,"Chemical Products",629,"Organic chemicals",62929,"Other Nitrogen Compounds",2021,827073
6,"Chemical Products",629,"Organic chemicals",62930,"Organo-Sulfur Compounds",2021,3492740
6,"Chemical Products",629,"Organic chemicals",62931,"Other Organo-Inorganic Compounds",2021,24514
6,"Chemical Products",629,"Organic chemicals",62932,"Oxygen Heterocyclic Compounds",2021,380507
6,"Chemical Products",629,"Organic chemicals",62933,"Nitrogen Heterocyclic Compounds",2021,2123576
6,"Chemical Products",629,"Organic chemicals",62934,"Nucleic Acids",2021,320276
6,"Chemical Products",629,"Organic chemicals",62935,"Sulfonamides",2021,244360
6,"Chemical Products",629,"Organic chemicals",62936,"Vitamins",2021,4318474
6,"Chemical Products",629,"Organic chemicals",62937,"Hormones",2021,280593
6,"Chemical Products",629,"Organic chemicals",62938,"Glycosides",2021,1200670
6,"Chemical Products",629,"Organic chemicals",62939,"Vegetable Alkaloids",2021,424819
6,"Chemical Products",629,"Organic chemicals",62940,"Chemically Pure Sugars",2021,73045
6,"Chemical Products",629,"Organic chemicals",62941,"Antibiotics",2021,4251326
6,"Chemical Products",629,"Organic chemicals",62942,"Other Organic Compounds",2021,1328694
6,"Chemical Products",630,"Pharmaceutical products",63001,"Glands and Other Organs",2021,1228
6,"Chemical Products",630,"Pharmaceutical products",63002,"Vaccines, blood, antisera, toxins and cultures",2021,6113622
6,"Chemical Products",630,"Pharmaceutical products",63003,"Unpackaged Medicaments",2021,1099876
6,"Chemical Products",630,"Pharmaceutical products",63004,"Packaged Medicaments",2021,272774474
6,"Chemical Products",630,"Pharmaceutical products",63005,"Bandages",2021,1980405
6,"Chemical Products",630,"Pharmaceutical products",63006,"Special Pharmaceuticals",2021,3723979
6,"Chemical Products",631,"Fertilizers",63101,"Animal or Vegetable Fertilizers",2021,1315868
6,"Chemical Products",631,"Fertilizers",63102,"Nitrogenous Fertilizers",2021,6451426
6,"Chemical Products",631,"Fertilizers",63103,"Phosphatic Fertilizers",2021,1177362
6,"Chemical Products",631,"Fertilizers",63104,"Potassic Fertilizers",2021,4405968
6,"Chemical Products",631,"Fertilizers",63105,"Mixed Mineral or Chemical Fertilizers",2021,36268401
6,"Chemical Products",632,"Paints, dyes, & varnishes",63201,"Vegetable Tanning Extracts",2021,91851
6,"Chemical Products",632,"Paints, dyes, & varnishes",63202,"Synthetic Tanning Extracts",2021,188140
6,"Chemical Products",632,"Paints, dyes, & varnishes",63203,"Vegetable or Animal Dyes",2021,561216
6,"Chemical Products",632,"Paints, dyes, & varnishes",63204,"Synthetic Coloring Matter",2021,12188246
6,"Chemical Products",632,"Paints, dyes, & varnishes",63205,"Lake Pigments",2021,325255
6,"Chemical Products",632,"Paints, dyes, & varnishes",63206,"Other Coloring Matter",2021,4065474
6,"Chemical Products",632,"Paints, dyes, & varnishes",63207,"Prepared Pigments",2021,142112
6,"Chemical Products",632,"Paints, dyes, & varnishes",63208,"Nonaqueous Paints",2021,28222565
6,"Chemical Products",632,"Paints, dyes, & varnishes",63209,"Aqueous Paints",2021,20342097
6,"Chemical Products",632,"Paints, dyes, & varnishes",63210,"Other Paints",2021,72932
6,"Chemical Products",632,"Paints, dyes, & varnishes",63211,"Prepared Paint Driers",2021,74527
6,"Chemical Products",632,"Paints, dyes, & varnishes",63212,"Nonaqueous Pigments",2021,892194
6,"Chemical Products",632,"Paints, dyes, & varnishes",63213,"Artistry Paints",2021,283865
6,"Chemical Products",632,"Paints, dyes, & varnishes",63214,"Glaziers Putty",2021,14529212
6,"Chemical Products",632,"Paints, dyes, & varnishes",63215,"Ink",2021,12210506
6,"Chemical Products",633,"Perfumery & cosmetics",63301,"Essential Oils",2021,16997003
6,"Chemical Products",633,"Perfumery & cosmetics",63302,"Scented Mixtures",2021,10544644
6,"Chemical Products",633,"Perfumery & cosmetics",63303,"Perfumes",2021,17032700
6,"Chemical Products",633,"Perfumery & cosmetics",63304,"Beauty Products",2021,18190102
6,"Chemical Products",633,"Perfumery & cosmetics",63305,"Hair Products",2021,10315407
6,"Chemical Products",633,"Perfumery & cosmetics",63306,"Dental Products",2021,64309241
6,"Chemical Products",633,"Perfumery & cosmetics",63307,"Shaving Products",2021,15613738
6,"Chemical Products",634,"Soap, cleaners, candles, dental, modelling pastes",63401,"Soap",2021,110326244
6,"Chemical Products",634,"Soap, cleaners, candles, dental, modelling pastes",63402,"Cleaning Products",2021,153254871
6,"Chemical Products",634,"Soap, cleaners, candles, dental, modelling pastes",63403,"Lubricating Products",2021,891745
6,"Chemical Products",634,"Soap, cleaners, candles, dental, modelling pastes",63404,"Waxes",2021,182452
6,"Chemical Products",634,"Soap, cleaners, candles, dental, modelling pastes",63405,"Polishes and Creams",2021,30822413
6,"Chemical Products",634,"Soap, cleaners, candles, dental, modelling pastes",63406,"Candles",2021,226104
6,"Chemical Products",634,"Soap, cleaners, candles, dental, modelling pastes",63407,"Pastes and Waxes",2021,156444
6,"Chemical Products",635,"Glues, starches, & albuminoid products",63501,"Casein",2021,198061
6,"Chemical Products",635,"Glues, starches, & albuminoid products",63502,"Water Soluble Proteins",2021,52458
6,"Chemical Products",635,"Glues, starches, & albuminoid products",63503,"Gelatin",2021,265688
6,"Chemical Products",635,"Glues, starches, & albuminoid products",63504,"Peptones",2021,83876
6,"Chemical Products",635,"Glues, starches, & albuminoid products",63505,"Dextrins",2021,207317
6,"Chemical Products",635,"Glues, starches, & albuminoid products",63506,"Glues",2021,7233714
6,"Chemical Products",635,"Glues, starches, & albuminoid products",63507,"Enzymes",2021,2546877
6,"Chemical Products",636,"Explosives, matches, & fireworks",63602,"Prepared Explosives",2021,296513
6,"Chemical Products",636,"Explosives, matches, & fireworks",63603,"Detonating Fuses",2021,45006
6,"Chemical Products",636,"Explosives, matches, & fireworks",63604,"Fireworks",2021,934975
6,"Chemical Products",636,"Explosives, matches, & fireworks",63605,"Matches",2021,4864882.000000001
6,"Chemical Products",636,"Explosives, matches, & fireworks",63606,"Pyrophoric Alloys",2021,176606
6,"Chemical Products",637,"Photo & movie goods",63701,"Photographic Plates",2021,650441
6,"Chemical Products",637,"Photo & movie goods",63702,"Photographic Film",2021,18301
6,"Chemical Products",637,"Photo & movie goods",63703,"Photographic Paper",2021,196136
6,"Chemical Products",637,"Photo & movie goods",63704,"Undeveloped Exposed Photographic Material",2021,1588
6,"Chemical Products",637,"Photo & movie goods",63706,"Motion-picture film, exposed and developed",2021,10
6,"Chemical Products",637,"Photo & movie goods",63707,"Photographic Chemicals",2021,139531
6,"Chemical Products",638,"Chemical products n.e.s.",63801,"Artificial Graphite",2021,1464
6,"Chemical Products",638,"Chemical products n.e.s.",63802,"Activated Carbon",2021,811737
6,"Chemical Products",638,"Chemical products n.e.s.",63804,"Wood Pulp Lyes",2021,11836
6,"Chemical Products",638,"Chemical products n.e.s.",63805,"Turpentine",2021,46804
6,"Chemical Products",638,"Chemical products n.e.s.",63806,"Rosin",2021,52730
6,"Chemical Products",638,"Chemical products n.e.s.",63807,"Wood Tar, Oils and Pitch",2021,25
6,"Chemical Products",638,"Chemical products n.e.s.",63808,"Pesticides",2021,192773302
6,"Chemical Products",638,"Chemical products n.e.s.",63809,"Dyeing Finishing Agents",2021,14762518
6,"Chemical Products",638,"Chemical products n.e.s.",63810,"Metal Pickling Preparations",2021,27211
6,"Chemical Products",638,"Chemical products n.e.s.",63811,"Antiknock",2021,2837556
6,"Chemical Products",638,"Chemical products n.e.s.",63812,"Prepared Rubber Accelerators",2021,494757
6,"Chemical Products",638,"Chemical products n.e.s.",63813,"Fire Extinguishers Preparations",2021,26434
6,"Chemical Products",638,"Chemical products n.e.s.",63814,"Organic Composite Solvents",2021,3567364
6,"Chemical Products",638,"Chemical products n.e.s.",63815,"Reaction and Catalytic Products",2021,144500
6,"Chemical Products",638,"Chemical products n.e.s.",63816,"Refractory Cements",2021,213663
6,"Chemical Products",638,"Chemical products n.e.s.",63817,"Alkylbenzenes and Alkylnaphthalenes",2021,753
6,"Chemical Products",638,"Chemical products n.e.s.",63818,"Disc Chemicals for Electronics",2021,24414
6,"Chemical Products",638,"Chemical products n.e.s.",63819,"Hydraulic Brake Fluid",2021,964016
6,"Chemical Products",638,"Chemical products n.e.s.",63820,"Antifreeze",2021,527938
6,"Chemical Products",638,"Chemical products n.e.s.",63821,"Micro-Organism Culture Preparations",2021,607917
6,"Chemical Products",638,"Chemical products n.e.s.",63822,"Laboratory Reagents",2021,1012740
6,"Chemical Products",638,"Chemical products n.e.s.",63823,"Industrial Fatty Acids, Oils and Alcohols",2021,31101215
7,"Plastics and Rubbers",739,"Plastics & articles thereof",73901,"Ethylene Polymers",2021,8448561
7,"Plastics and Rubbers",739,"Plastics & articles thereof",73902,"Propylene Polymers",2021,2428410
7,"Plastics and Rubbers",739,"Plastics & articles thereof",73903,"Styrene Polymers",2021,3119720
7,"Plastics and Rubbers",739,"Plastics & articles thereof",73904,"Vinyl Chloride Polymers",2021,9432877
7,"Plastics and Rubbers",739,"Plastics & articles thereof",73905,"Other Vinyl Polymers",2021,10309912
7,"Plastics and Rubbers",739,"Plastics & articles thereof",73906,"Acrylic Polymers",2021,1468104
7,"Plastics and Rubbers",739,"Plastics & articles thereof",73907,"Polyacetals",2021,8241898
7,"Plastics and Rubbers",739,"Plastics & articles thereof",73908,"Polyamides",2021,29472
7,"Plastics and Rubbers",739,"Plastics & articles thereof",73909,"Amino-resins",2021,550260
7,"Plastics and Rubbers",739,"Plastics & articles thereof",73910,"Silicone",2021,588908
7,"Plastics and Rubbers",739,"Plastics & articles thereof",73911,"Petroleum Resins",2021,339557
7,"Plastics and Rubbers",739,"Plastics & articles thereof",73912,"Cellulose",2021,1741413
7,"Plastics and Rubbers",739,"Plastics & articles thereof",73913,"Natural Polymers",2021,84588
7,"Plastics and Rubbers",739,"Plastics & articles thereof",73914,"Polymer Ion-Exchangers",2021,211243
7,"Plastics and Rubbers",739,"Plastics & articles thereof",73915,"Scrap Plastic",2021,4789002
7,"Plastics and Rubbers",739,"Plastics & articles thereof",73916,"Monofilament",2021,4393771
7,"Plastics and Rubbers",739,"Plastics & articles thereof",73917,"Plastic Pipes",2021,63208438
7,"Plastics and Rubbers",739,"Plastics & articles thereof",73918,"Plastic Floor Coverings",2021,426919
7,"Plastics and Rubbers",739,"Plastics & articles thereof",73919,"Self-adhesive Plastics",2021,6471908
7,"Plastics and Rubbers",739,"Plastics & articles thereof",73920,"Raw Plastic Sheeting",2021,101855010
7,"Plastics and Rubbers",739,"Plastics & articles thereof",73921,"Other Plastic Sheetings",2021,14028826
7,"Plastics and Rubbers",739,"Plastics & articles thereof",73922,"Plastic Wash Basins",2021,1670544
7,"Plastics and Rubbers",739,"Plastics & articles thereof",73923,"Plastic Lids",2021,166285619
7,"Plastics and Rubbers",739,"Plastics & articles thereof",73924,"Plastic Housewares",2021,42209111
7,"Plastics and Rubbers",739,"Plastics & articles thereof",73925,"Plastic Building Materials",2021,17473646
7,"Plastics and Rubbers",739,"Plastics & articles thereof",73926,"Other Plastic Products",2021,27567642
7,"Plastics and Rubbers",740,"Rubber & articles thereof",74001,"Rubber",2021,229823558
7,"Plastics and Rubbers",740,"Rubber & articles thereof",74002,"Synthetic Rubber",2021,924946
7,"Plastics and Rubbers",740,"Rubber & articles thereof",74003,"Reclaimed Rubber",2021,5349
7,"Plastics and Rubbers",740,"Rubber & articles thereof",74004,"Scrap Rubber",2021,83448
7,"Plastics and Rubbers",740,"Rubber & articles thereof",74005,"Compounded Unvulcanised Rubber",2021,692025
7,"Plastics and Rubbers",740,"Rubber & articles thereof",74006,"Unvulcanised Rubber Products",2021,59650
7,"Plastics and Rubbers",740,"Rubber & articles thereof",74007,"Rubber Thread",2021,23957
7,"Plastics and Rubbers",740,"Rubber & articles thereof",74008,"Rubber Sheets",2021,5378776
7,"Plastics and Rubbers",740,"Rubber & articles thereof",74009,"Rubber Pipes",2021,192142
7,"Plastics and Rubbers",740,"Rubber & articles thereof",74010,"Rubber Belting",2021,427400
7,"Plastics and Rubbers",740,"Rubber & articles thereof",74011,"Rubber Tires",2021,4017516
7,"Plastics and Rubbers",740,"Rubber & articles thereof",74012,"Used Rubber Tires",2021,1120246
7,"Plastics and Rubbers",740,"Rubber & articles thereof",74013,"Rubber Inner Tubes",2021,72454
7,"Plastics and Rubbers",740,"Rubber & articles thereof",74014,"Pharmaceutical Rubber Products",2021,60329
7,"Plastics and Rubbers",740,"Rubber & articles thereof",74015,"Rubber Apparel",2021,17062671
7,"Plastics and Rubbers",740,"Rubber & articles thereof",74016,"Other Rubber Products",2021,2252747
7,"Plastics and Rubbers",740,"Rubber & articles thereof",74017,"Hard Rubber",2021,196705
8,"Animal Hides",841,"Raw hides & skin (non-fur)",84101,"Equine and Bovine Hides",2021,1293728
8,"Animal Hides",841,"Raw hides & skin (non-fur)",84102,"Sheep Hides",2021,1591.0000000000002
8,"Animal Hides",841,"Raw hides & skin (non-fur)",84103,"Other Hides and Skins",2021,161
8,"Animal Hides",841,"Raw hides & skin (non-fur)",84104,"Tanned Equine and Bovine Hides",2021,4520421
8,"Animal Hides",841,"Raw hides & skin (non-fur)",84105,"Tanned Sheep Hides",2021,302
8,"Animal Hides",841,"Raw hides & skin (non-fur)",84108,"Chamois Leather",2021,62912
8,"Animal Hides",841,"Raw hides & skin (non-fur)",84109,"Patent Leather",2021,24461
8,"Animal Hides",841,"Raw hides & skin (non-fur)",84110,"Leather Waste",2021,45206
8,"Animal Hides",841,"Raw hides & skin (non-fur)",84111,"Leather Sheets",2021,68246.00000000001
8,"Animal Hides",842,"Leather articles",84201,"Saddlery",2021,609651.9999999999
8,"Animal Hides",842,"Leather articles",84202,"Trunks and Cases",2021,7633719
8,"Animal Hides",842,"Leather articles",84203,"Leather Apparel",2021,45938111
8,"Animal Hides",842,"Leather articles",84205,"Other Leather Articles",2021,362463
8,"Animal Hides",842,"Leather articles",84206,"Articles of Gut",2021,39
8,"Animal Hides",843,"Furskins, articifial fur, & articles",84303,"Furskin Apparel",2021,10739
8,"Animal Hides",843,"Furskins, articifial fur, & articles",84304,"Artificial Fur",2021,577.0000000000001
9,"Wood Products",944,"Wood, wood articles, & charcoal",94401,"Fuel Wood",2021,322531.00000000006
9,"Wood Products",944,"Wood, wood articles, & charcoal",94402,"Wood Charcoal",2021,33115
9,"Wood Products",944,"Wood, wood articles, & charcoal",94403,"Rough Wood",2021,12817319
9,"Wood Products",944,"Wood, wood articles, & charcoal",94404,"Wood Stakes",2021,4876941
9,"Wood Products",944,"Wood, wood articles, & charcoal",94407,"Sawn Wood",2021,14231739
9,"Wood Products",944,"Wood, wood articles, & charcoal",94408,"Veneer Sheets",2021,37982
9,"Wood Products",944,"Wood, wood articles, & charcoal",94409,"Shaped Wood",2021,648065
9,"Wood Products",944,"Wood, wood articles, & charcoal",94410,"Particle Board",2021,6449757
9,"Wood Products",944,"Wood, wood articles, & charcoal",94411,"Wood Fiberboard",2021,348460
9,"Wood Products",944,"Wood, wood articles, & charcoal",94412,"Plywood",2021,20500786
9,"Wood Products",944,"Wood, wood articles, & charcoal",94413,"Densified Wood",2021,43921
9,"Wood Products",944,"Wood, wood articles, & charcoal",94414,"Wood Frames",2021,43622
9,"Wood Products",944,"Wood, wood articles, & charcoal",94415,"Wood Crates",2021,21037434
9,"Wood Products",944,"Wood, wood articles, & charcoal",94416,"Wood Barrels",2021,30031
9,"Wood Products",944,"Wood, wood articles, & charcoal",94417,"Wooden Tool Handles",2021,807963
9,"Wood Products",944,"Wood, wood articles, & charcoal",94418,"Wood Carpentry",2021,36009780
9,"Wood Products",944,"Wood, wood articles, & charcoal",94419,"Wood Kitchenware",2021,125507.99999999999
9,"Wood Products",944,"Wood, wood articles, & charcoal",94420,"Wood Ornaments",2021,898887
9,"Wood Products",944,"Wood, wood articles, & charcoal",94421,"Other Wood Articles",2021,4643787
9,"Wood Products",945,"Cork & cork articles",94502,"Debacked Cork",2021,366.00000000000006
9,"Wood Products",945,"Cork & cork articles",94503,"Natural Cork Articles",2021,1351
9,"Wood Products",945,"Cork & cork articles",94504,"Agglomerated Cork",2021,439.99999999999994
9,"Wood Products",946,"Straw & esparto manufactures",94601,"Plaiting Products",2021,902
9,"Wood Products",946,"Straw & esparto manufactures",94602,"Basketwork",2021,702352
10,"Paper Goods",1047,"Wood pulp & paper scrap",104704,"Sulfite Chemical Woodpulp",2021,3382
10,"Paper Goods",1047,"Wood pulp & paper scrap",104706,"Recovered Paper Pulp",2021,25016
10,"Paper Goods",1047,"Wood pulp & paper scrap",104707,"Recovered Paper",2021,27919950
10,"Paper Goods",1048,"Paper articles",104801,"Newsprint",2021,437708
10,"Paper Goods",1048,"Paper articles",104802,"Uncoated Paper",2021,391215
10,"Paper Goods",1048,"Paper articles",104803,"Tissue",2021,605030
10,"Paper Goods",1048,"Paper articles",104804,"Kraft Paper",2021,14627444
10,"Paper Goods",1048,"Paper articles",104805,"Other Uncoated Paper",2021,1654601
10,"Paper Goods",1048,"Paper articles",104806,"Vegetable Parchment",2021,670378.0000000001
10,"Paper Goods",1048,"Paper articles",104807,"Composite Paper",2021,2447236
10,"Paper Goods",1048,"Paper articles",104808,"Corrugated Paper",2021,4157800
10,"Paper Goods",1048,"Paper articles",104809,"Carbon Paper",2021,80041
10,"Paper Goods",1048,"Paper articles",104810,"Kaolin Coated Paper",2021,989460
10,"Paper Goods",1048,"Paper articles",104811,"Cellulose Fibers Paper",2021,2375564
10,"Paper Goods",1048,"Paper articles",104812,"Paper Pulp Filter Blocks",2021,5424
10,"Paper Goods",1048,"Paper articles",104813,"Cigarette Paper",2021,1354
10,"Paper Goods",1048,"Paper articles",104814,"Wallpaper",2021,34992
10,"Paper Goods",1048,"Paper articles",104816,"Other Carbon Paper",2021,187985
10,"Paper Goods",1048,"Paper articles",104817,"Letter Stock",2021,1250224
10,"Paper Goods",1048,"Paper articles",104818,"Toilet Paper",2021,115008899
10,"Paper Goods",1048,"Paper articles",104819,"Paper Containers",2021,125970500
10,"Paper Goods",1048,"Paper articles",104820,"Paper Notebooks",2021,8968082
10,"Paper Goods",1048,"Paper articles",104821,"Paper Labels",2021,6733939
10,"Paper Goods",1048,"Paper articles",104822,"Paper Spools",2021,938133
10,"Paper Goods",1048,"Paper articles",104823,"Shaped Paper",2021,26543431
10,"Paper Goods",1049,"Books, newspapers, & other prints",104901,"Brochures",2021,5166935
10,"Paper Goods",1049,"Books, newspapers, & other prints",104902,"Newspapers",2021,3089614
10,"Paper Goods",1049,"Books, newspapers, & other prints",104903,"Children's Picture Books",2021,448267
10,"Paper Goods",1049,"Books, newspapers, & other prints",104905,"Maps",2021,223965
10,"Paper Goods",1049,"Books, newspapers, & other prints",104906,"Architectural Plans",2021,654
10,"Paper Goods",1049,"Books, newspapers, & other prints",104907,"Documents of title (bonds etc) and unused stamps",2021,9443882
10,"Paper Goods",1049,"Books, newspapers, & other prints",104908,"Decals",2021,352987
10,"Paper Goods",1049,"Books, newspapers, & other prints",104909,"Postcards",2021,26450
10,"Paper Goods",1049,"Books, newspapers, & other prints",104910,"Calendars",2021,187337
10,"Paper Goods",1049,"Books, newspapers, & other prints",104911,"Other Printed Material",2021,12672062
11,"Textiles",1150,"Silk",115004,"Non-Retail Silk Yarn",2021,201
11,"Textiles",1150,"Silk",115007,"Silk Fabrics",2021,2321
11,"Textiles",1151,"Wool & animal hair",115101,"Wool",2021,932
11,"Textiles",1151,"Wool & animal hair",115104,"Garnetted Wool or Animal Hair",2021,9.000000000000002
11,"Textiles",1151,"Wool & animal hair",115105,"Prepared Wool or Animal Hair",2021,9292
11,"Textiles",1151,"Wool & animal hair",115106,"Non-Retail Carded Wool Yarn",2021,571.0000000000001
11,"Textiles",1151,"Wool & animal hair",115107,"Non-Retail Combed Wool Yarn",2021,1440
11,"Textiles",1151,"Wool & animal hair",115108,"Non-Retail Animal Hair Yarn",2021,5765
11,"Textiles",1151,"Wool & animal hair",115109,"Retail Wool or Animal Hair Yarn",2021,52862
11,"Textiles",1151,"Wool & animal hair",115110,"Horsehair Yarn",2021,31
11,"Textiles",1151,"Wool & animal hair",115111,"Carded Wool or Animal Hair Fabric",2021,15818
11,"Textiles",1151,"Wool & animal hair",115112,"Combed Wool or Animal Hair Fabric",2021,523046
11,"Textiles",1152,"Cotton",115201,"Raw Cotton",2021,1394.0000000000002
11,"Textiles",1152,"Cotton",115202,"Cotton Waste",2021,884780
11,"Textiles",1152,"Cotton",115203,"Prepared Cotton",2021,143225
11,"Textiles",1152,"Cotton",115204,"Cotton Sewing Thread",2021,1105155
11,"Textiles",1152,"Cotton",115205,"Non-Retail Pure Cotton Yarn",2021,38260581
11,"Textiles",1152,"Cotton",115206,"Non-Retail Mixed Cotton Yarn",2021,6718414
11,"Textiles",1152,"Cotton",115207,"Retail Cotton Yarn",2021,743677
11,"Textiles",1152,"Cotton",115208,"Light Pure Woven Cotton",2021,6894975
11,"Textiles",1152,"Cotton",115209,"Heavy Pure Woven Cotton",2021,2908028
11,"Textiles",1152,"Cotton",115210,"Light Mixed Woven Cotton",2021,6403880
11,"Textiles",1152,"Cotton",115211,"Heavy Mixed Woven Cotton",2021,895981
11,"Textiles",1152,"Cotton",115212,"Other Cotton Fabrics",2021,149784
11,"Textiles",1153,"Vegetable textile fibers, paper yarn & fabrics",115302,"Hemp Fibers",2021,216.00000000000003
11,"Textiles",1153,"Vegetable textile fibers, paper yarn & fabrics",115303,"Jute and Other Textile Fibers",2021,306
11,"Textiles",1153,"Vegetable textile fibers, paper yarn & fabrics",115305,"Coconut and Other Vegetable Fibers",2021,3556
11,"Textiles",1153,"Vegetable textile fibers, paper yarn & fabrics",115308,"Other Vegetable Fibers Yarn",2021,196
11,"Textiles",1153,"Vegetable textile fibers, paper yarn & fabrics",115309,"Flax Woven Fabric",2021,9034
11,"Textiles",1154,"Man-made filaments",115401,"Artificial Filament Sewing Thread",2021,3098616
11,"Textiles",1154,"Man-made filaments",115402,"Non-Retail Synthetic Filament Yarn",2021,12698977
11,"Textiles",1154,"Man-made filaments",115403,"Non-Retail Artificial Filament Yarn",2021,207588
11,"Textiles",1154,"Man-made filaments",115404,"Synthetic Monofilament",2021,2861597.0000000005
11,"Textiles",1154,"Man-made filaments",115406,"Retail Artificial Filament Yarn",2021,262335
11,"Textiles",1154,"Man-made filaments",115407,"Synthetic Filament Yarn Woven Fabric",2021,34603768
11,"Textiles",1154,"Man-made filaments",115408,"Artificial Filament Yarn Woven Fabric",2021,14217
11,"Textiles",1155,"Man-made staple fibres",115501,"Synthetic Filament Tow",2021,920673.9999999999
11,"Textiles",1155,"Man-made staple fibres",115503,"Unprocessed Synthetic Staple Fibers",2021,566324
11,"Textiles",1155,"Man-made staple fibres",115504,"Unprocessed Artificial Staple Fibers",2021,30296.999999999996
11,"Textiles",1155,"Man-made staple fibres",115505,"Artificial Fibers Waste",2021,212401
11,"Textiles",1155,"Man-made staple fibres",115506,"Processed Synthetic Staple Fibers",2021,13659
11,"Textiles",1155,"Man-made staple fibres",115508,"Non-Retail Artificial Staple Fibers Sewing Thread",2021,2192252
11,"Textiles",1155,"Man-made staple fibres",115509,"Non-Retail Synthetic Staple Fibers Yarn",2021,5488530
11,"Textiles",1155,"Man-made staple fibres",115510,"Non-Retail Artificial Staple Fibers Yarn",2021,50836
11,"Textiles",1155,"Man-made staple fibres",115511,"Retail Artificial Staple Fibers Yarn",2021,282
11,"Textiles",1155,"Man-made staple fibres",115512,"Synthetic Fabrics",2021,936537
11,"Textiles",1155,"Man-made staple fibres",115513,"Light Synthetic Cotton Fabrics",2021,6369219
11,"Textiles",1155,"Man-made staple fibres",115514,"Heavy Synthetic Cotton Fabrics",2021,2493930
11,"Textiles",1155,"Man-made staple fibres",115515,"Other Synthetic Fabrics",2021,833202
11,"Textiles",1155,"Man-made staple fibres",115516,"Woven Fabric of Synthetic Staple Fibers",2021,515043
11,"Textiles",1156,"Wadding, felt, nonwovens, twin, ropes, & articles thereof",115601,"Wadding",2021,416998
11,"Textiles",1156,"Wadding, felt, nonwovens, twin, ropes, & articles thereof",115602,"Felt",2021,2079071
11,"Textiles",1156,"Wadding, felt, nonwovens, twin, ropes, & articles thereof",115603,"Non-woven Textiles",2021,7460342
11,"Textiles",1156,"Wadding, felt, nonwovens, twin, ropes, & articles thereof",115604,"Rubber Textiles",2021,63556
11,"Textiles",1156,"Wadding, felt, nonwovens, twin, ropes, & articles thereof",115605,"Metallic Yarn",2021,1196
11,"Textiles",1156,"Wadding, felt, nonwovens, twin, ropes, & articles thereof",115606,"Gimp Yarn",2021,525
11,"Textiles",1156,"Wadding, felt, nonwovens, twin, ropes, & articles thereof",115607,"Twine and Rope",2021,20393431
11,"Textiles",1156,"Wadding, felt, nonwovens, twin, ropes, & articles thereof",115608,"Twine, cordage or rope; knotted netting, made up fishing nets and other made up nets, of textile materials",2021,357314
11,"Textiles",1156,"Wadding, felt, nonwovens, twin, ropes, & articles thereof",115609,"Other Articles of Twine and Rope",2021,2139764
11,"Textiles",1157,"Carpets & textile floor covers",115701,"Knotted Carpets",2021,71011
11,"Textiles",1157,"Carpets & textile floor covers",115702,"Hand-Woven Rugs",2021,1722855
11,"Textiles",1157,"Carpets & textile floor covers",115703,"Tufted Carpets",2021,61368
11,"Textiles",1157,"Carpets & textile floor covers",115704,"Felt Carpets",2021,83
11,"Textiles",1157,"Carpets & textile floor covers",115705,"Other Carpets",2021,217534
11,"Textiles",1158,"Special woven fabrics and tapestries",115801,"Woven Fabrics",2021,14346
11,"Textiles",1158,"Special woven fabrics and tapestries",115802,"Terry Fabric",2021,198772
11,"Textiles",1158,"Special woven fabrics and tapestries",115803,"Gauze",2021,16437
11,"Textiles",1158,"Special woven fabrics and tapestries",115804,"Tulles and Net Fabric",2021,394249
11,"Textiles",1158,"Special woven fabrics and tapestries",115805,"Hand-Woven Tapestries",2021,8298
11,"Textiles",1158,"Special woven fabrics and tapestries",115806,"Narrow Woven Fabric",2021,14281010
11,"Textiles",1158,"Special woven fabrics and tapestries",115807,"Labels",2021,2489197
11,"Textiles",1158,"Special woven fabrics and tapestries",115808,"Ornamental Trimmings",2021,495456.99999999994
11,"Textiles",1158,"Special woven fabrics and tapestries",115809,"Metallic Fabric",2021,46241.99999999999
11,"Textiles",1158,"Special woven fabrics and tapestries",115810,"Embroidery",2021,18529
11,"Textiles",1158,"Special woven fabrics and tapestries",115811,"Quilted Textiles",2021,533
11,"Textiles",1159,"Coated, covered, & laminated fabrics for industrial use",115901,"Gum Coated Textile Fabric",2021,34287
11,"Textiles",1159,"Coated, covered, & laminated fabrics for industrial use",115902,"Polyamide Fabric",2021,968.9999999999999
11,"Textiles",1159,"Coated, covered, & laminated fabrics for industrial use",115903,"Plastic Coated Textile Fabric",2021,2356857
11,"Textiles",1159,"Coated, covered, & laminated fabrics for industrial use",115904,"Linoleum",2021,799
11,"Textiles",1159,"Coated, covered, & laminated fabrics for industrial use",115906,"Rubber Textile Fabric",2021,310202
11,"Textiles",1159,"Coated, covered, & laminated fabrics for industrial use",115907,"Coated Textile Fabric",2021,43264
11,"Textiles",1159,"Coated, covered, & laminated fabrics for industrial use",115908,"Textile Wicks",2021,58558
11,"Textiles",1159,"Coated, covered, & laminated fabrics for industrial use",115909,"Hose Piping Textiles",2021,3230
11,"Textiles",1159,"Coated, covered, & laminated fabrics for industrial use",115910,"Conveyor Belt Textiles",2021,4132
11,"Textiles",1159,"Coated, covered, & laminated fabrics for industrial use",115911,"Textiles for technical uses",2021,287011
11,"Textiles",1160,"Knitted fabrics",116001,"Pile Fabric",2021,938508
11,"Textiles",1160,"Knitted fabrics",116002,"Light Rubberized Knitted Fabric",2021,251500923
11,"Textiles",1161,"Knitted clothing accesories",116101,"Knit Men's Coats",2021,4857885
11,"Textiles",1161,"Knitted clothing accesories",116102,"Knit Women's Coats",2021,14009349
11,"Textiles",1161,"Knitted clothing accesories",116103,"Knit Men's Suits",2021,34821238
11,"Textiles",1161,"Knitted clothing accesories",116104,"Knit Women's Suits",2021,66210265
11,"Textiles",1161,"Knitted clothing accesories",116105,"Knit Men's Shirts",2021,259719401
11,"Textiles",1161,"Knitted clothing accesories",116106,"Knit Women's Shirts",2021,103937341
11,"Textiles",1161,"Knitted clothing accesories",116107,"Knit Men's Undergarments",2021,5714875
11,"Textiles",1161,"Knitted clothing accesories",116108,"Knit Women's Undergarments",2021,12454708
11,"Textiles",1161,"Knitted clothing accesories",116109,"Knit T-shirts",2021,518153314.00000006
11,"Textiles",1161,"Knitted clothing accesories",116110,"Knit Sweaters",2021,694982795
11,"Textiles",1161,"Knitted clothing accesories",116111,"Knit Babies' Garments",2021,27571465.999999996
11,"Textiles",1161,"Knitted clothing accesories",116112,"Knit Active Wear",2021,2339699
11,"Textiles",1161,"Knitted clothing accesories",116113,"Garments of Impregnated Fabric",2021,2900094
11,"Textiles",1161,"Knitted clothing accesories",116114,"Other Knit Garments",2021,13747605
11,"Textiles",1161,"Knitted clothing accesories",116115,"Knit Socks and Hosiery",2021,2910272
11,"Textiles",1161,"Knitted clothing accesories",116116,"Knit Gloves",2021,6303165
11,"Textiles",1161,"Knitted clothing accesories",116117,"Other Knit Clothing Accessories",2021,1589531
11,"Textiles",1162,"Non-knitted clothing accesories",116201,"Non-Knit Men's Coats",2021,2376782
11,"Textiles",1162,"Non-knitted clothing accesories",116202,"Non-Knit Women's Coats",2021,7460360
11,"Textiles",1162,"Non-knitted clothing accesories",116203,"Non-Knit Men's Suits",2021,43491223
11,"Textiles",1162,"Non-knitted clothing accesories",116204,"Non-Knit Women's Suits",2021,102961826
11,"Textiles",1162,"Non-knitted clothing accesories",116205,"Non-Knit Men's Shirts",2021,4841836
11,"Textiles",1162,"Non-knitted clothing accesories",116206,"Non-Knit Women's Shirts",2021,7158396
11,"Textiles",1162,"Non-knitted clothing accesories",116207,"Non-Knit Men's Undergarments",2021,337447
11,"Textiles",1162,"Non-knitted clothing accesories",116208,"Non-Knit Women's Undergarments",2021,142643
11,"Textiles",1162,"Non-knitted clothing accesories",116209,"Non-Knit Babies' Garments",2021,700535
11,"Textiles",1162,"Non-knitted clothing accesories",116210,"Felt or Coated Fabric Garments",2021,925594
11,"Textiles",1162,"Non-knitted clothing accesories",116211,"Non-Knit Active Wear",2021,6715276
11,"Textiles",1162,"Non-knitted clothing accesories",116212,"Other Women's Undergarments",2021,1424633
11,"Textiles",1162,"Non-knitted clothing accesories",116213,"Handkerchiefs",2021,6268
11,"Textiles",1162,"Non-knitted clothing accesories",116214,"Scarves",2021,87852
11,"Textiles",1162,"Non-knitted clothing accesories",116215,"Neck Ties",2021,44562
11,"Textiles",1162,"Non-knitted clothing accesories",116216,"Non-Knit Gloves",2021,675489
11,"Textiles",1162,"Non-knitted clothing accesories",116217,"Other Non-Knit Clothing Accessories",2021,3259419
11,"Textiles",1163,"Used clothes & textile articles",116301,"Blankets",2021,2479858
11,"Textiles",1163,"Used clothes & textile articles",116302,"House Linens",2021,14654926
11,"Textiles",1163,"Used clothes & textile articles",116303,"Window Dressings",2021,409216
11,"Textiles",1163,"Used clothes & textile articles",116304,"Bedspreads",2021,450392
11,"Textiles",1163,"Used clothes & textile articles",116305,"Packing Bags",2021,29685668
11,"Textiles",1163,"Used clothes & textile articles",116306,"Awnings, Tents, and Sails",2021,5246338
11,"Textiles",1163,"Used clothes & textile articles",116307,"Other Cloth Articles",2021,9896493
11,"Textiles",1163,"Used clothes & textile articles",116308,"Packaged Sewing Sets",2021,4104
11,"Textiles",1163,"Used clothes & textile articles",116309,"Used Clothing",2021,1531358
11,"Textiles",1163,"Used clothes & textile articles",116310,"Textile Scraps",2021,2026398
12,"Footwear and Headwear",1264,"Footwear",126401,"Waterproof Footwear",2021,10556529
12,"Footwear and Headwear",1264,"Footwear",126402,"Rubber Footwear",2021,5965697
12,"Footwear and Headwear",1264,"Footwear",126403,"Leather Footwear",2021,29347359
12,"Footwear and Headwear",1264,"Footwear",126404,"Textile Footwear",2021,1438364
12,"Footwear and Headwear",1264,"Footwear",126405,"Other Footwear",2021,1063327
12,"Footwear and Headwear",1264,"Footwear",126406,"Footwear Parts",2021,7537102
12,"Footwear and Headwear",1265,"Headgear",126501,"Hat Forms",2021,68
12,"Footwear and Headwear",1265,"Headgear",126502,"Hat Shapes",2021,15025
12,"Footwear and Headwear",1265,"Headgear",126504,"Hats",2021,969122.0000000001
12,"Footwear and Headwear",1265,"Headgear",126505,"Knitted Hats",2021,729707
12,"Footwear and Headwear",1265,"Headgear",126506,"Other Headwear",2021,443430
12,"Footwear and Headwear",1265,"Headgear",126507,"Headbands and Linings",2021,14645.999999999998
12,"Footwear and Headwear",1266,"Umbrellas, walking sticks, & whips",126601,"Umbrellas",2021,290920
12,"Footwear and Headwear",1266,"Umbrellas, walking sticks, & whips",126602,"Walking Sticks",2021,392.99999999999994
12,"Footwear and Headwear",1266,"Umbrellas, walking sticks, & whips",126603,"Umbrella and Walking Stick Accessories",2021,1533
12,"Footwear and Headwear",1267,"Feather articles, feathers, artificial flowers, & articles of human hair",126702,"Artificial Vegetation",2021,110024
12,"Footwear and Headwear",1267,"Feather articles, feathers, artificial flowers, & articles of human hair",126703,"Processed Hair",2021,455
12,"Footwear and Headwear",1267,"Feather articles, feathers, artificial flowers, & articles of human hair",126704,"Fake Hair",2021,2429
13,"Stone And Glass",1368,"Stone, plaster, cement, asbestos, mica.",136801,"Curbstones",2021,5409
13,"Stone And Glass",1368,"Stone, plaster, cement, asbestos, mica.",136802,"Building Stone",2021,1464050
13,"Stone And Glass",1368,"Stone, plaster, cement, asbestos, mica.",136803,"Worked Slate",2021,128045
13,"Stone And Glass",1368,"Stone, plaster, cement, asbestos, mica.",136804,"Milling Stones",2021,96942
13,"Stone And Glass",1368,"Stone, plaster, cement, asbestos, mica.",136805,"Abrasive Powder",2021,2098797
13,"Stone And Glass",1368,"Stone, plaster, cement, asbestos, mica.",136806,"Rock Wool",2021,154109
13,"Stone And Glass",1368,"Stone, plaster, cement, asbestos, mica.",136807,"Asphalt",2021,546341
13,"Stone And Glass",1368,"Stone, plaster, cement, asbestos, mica.",136808,"Vegetable Fiber",2021,52229
13,"Stone And Glass",1368,"Stone, plaster, cement, asbestos, mica.",136809,"Plaster Articles",2021,164154
13,"Stone And Glass",1368,"Stone, plaster, cement, asbestos, mica.",136810,"Cement Articles",2021,2011340
13,"Stone And Glass",1368,"Stone, plaster, cement, asbestos, mica.",136811,"Asbestos Cement Articles",2021,26448.000000000004
13,"Stone And Glass",1368,"Stone, plaster, cement, asbestos, mica.",136812,"Asbestos Fibres",2021,45007
13,"Stone And Glass",1368,"Stone, plaster, cement, asbestos, mica.",136813,"Friction Material",2021,23605
13,"Stone And Glass",1368,"Stone, plaster, cement, asbestos, mica.",136815,"Other Stone Articles",2021,173593
13,"Stone And Glass",1369,"Ceramic products",136901,"Bricks",2021,21346
13,"Stone And Glass",1369,"Ceramic products",136902,"Refractory Bricks",2021,90993
13,"Stone And Glass",1369,"Ceramic products",136903,"Refractory Ceramics",2021,780
13,"Stone And Glass",1369,"Ceramic products",136904,"Ceramic Bricks",2021,135054
13,"Stone And Glass",1369,"Ceramic products",136905,"Roofing Tiles",2021,137929
13,"Stone And Glass",1369,"Ceramic products",136906,"Ceramic Pipes",2021,518
13,"Stone And Glass",1369,"Ceramic products",136907,"Unglazed Ceramics",2021,63942544
13,"Stone And Glass",1369,"Ceramic products",136909,"Laboratory Ceramic Ware",2021,5887
13,"Stone And Glass",1369,"Ceramic products",136910,"Bathroom Ceramics",2021,14638991
13,"Stone And Glass",1369,"Ceramic products",136911,"Porcelain Tableware",2021,907407
13,"Stone And Glass",1369,"Ceramic products",136912,"Ceramic Tableware",2021,474154
13,"Stone And Glass",1369,"Ceramic products",136913,"Ornamental Ceramics",2021,378041
13,"Stone And Glass",1369,"Ceramic products",136914,"Other Ceramic Articles",2021,13037
13,"Stone And Glass",1370,"Glass & glassware",137001,"Glass Scraps",2021,1810643
13,"Stone And Glass",1370,"Glass & glassware",137002,"Glass Balls",2021,1555
13,"Stone And Glass",1370,"Glass & glassware",137003,"Cast or Rolled Glass",2021,45502
13,"Stone And Glass",1370,"Glass & glassware",137004,"Blown Glass",2021,431444
13,"Stone And Glass",1370,"Glass & glassware",137005,"Float Glass",2021,428303
13,"Stone And Glass",1370,"Glass & glassware",137006,"Glass with Edge Workings",2021,24487
13,"Stone And Glass",1370,"Glass & glassware",137007,"Safety Glass",2021,1497474
13,"Stone And Glass",1370,"Glass & glassware",137008,"Insulating Glass",2021,61273
13,"Stone And Glass",1370,"Glass & glassware",137009,"Glass Mirrors",2021,148263
13,"Stone And Glass",1370,"Glass & glassware",137010,"Glass Bottles",2021,80963824
13,"Stone And Glass",1370,"Glass & glassware",137013,"Interior Decorative Glassware",2021,1953391
13,"Stone And Glass",1370,"Glass & glassware",137015,"Eyewear and Clock Glass",2021,329
13,"Stone And Glass",1370,"Glass & glassware",137016,"Glass Bricks",2021,112557.00000000001
13,"Stone And Glass",1370,"Glass & glassware",137017,"Laboratory Glassware",2021,30111
13,"Stone And Glass",1370,"Glass & glassware",137018,"Glass Beads",2021,162287
13,"Stone And Glass",1370,"Glass & glassware",137019,"Glass Fibers",2021,435648
13,"Stone And Glass",1370,"Glass & glassware",137020,"Other Glass Articles",2021,618336
14,"Precious Metals",1471,"Precious stones, metals, & pearls",147102,"Diamonds",2021,15.000000000000002
14,"Precious Metals",1471,"Precious stones, metals, & pearls",147103,"Precious Stones",2021,1042991
14,"Precious Metals",1471,"Precious stones, metals, & pearls",147104,"Synthetic Reconstructed Jewellery Stones",2021,12604
14,"Precious Metals",1471,"Precious stones, metals, & pearls",147106,"Silver",2021,327
14,"Precious Metals",1471,"Precious stones, metals, & pearls",147108,"Gold",2021,7422470
14,"Precious Metals",1471,"Precious stones, metals, & pearls",147109,"Gold Clad Metals",2021,5500
14,"Precious Metals",1471,"Precious stones, metals, & pearls",147112,"Precious Metal Scraps",2021,8435408
14,"Precious Metals",1471,"Precious stones, metals, & pearls",147113,"Jewellery",2021,1532492
14,"Precious Metals",1471,"Precious stones, metals, & pearls",147115,"Other Precious Metal Products",2021,30.000000000000004
14,"Precious Metals",1471,"Precious stones, metals, & pearls",147116,"Pearl Products",2021,37097
14,"Precious Metals",1471,"Precious stones, metals, & pearls",147117,"Imitation Jewellery",2021,1839368
14,"Precious Metals",1471,"Precious stones, metals, & pearls",147118,"Coin",2021,3360
15,"Metals",1572,"Iron & steel",157202,"Ferroalloys",2021,426121130
15,"Metals",1572,"Iron & steel",157204,"Scrap Iron",2021,11750025
15,"Metals",1572,"Iron & steel",157205,"Iron Powder",2021,10256
15,"Metals",1572,"Iron & steel",157206,"Iron Ingots",2021,41205
15,"Metals",1572,"Iron & steel",157207,"Semi-Finished Iron",2021,1293166
15,"Metals",1572,"Iron & steel",157208,"Hot-Rolled Iron",2021,13652808
15,"Metals",1572,"Iron & steel",157209,"Cold-Rolled Iron",2021,6170318
15,"Metals",1572,"Iron & steel",157210,"Coated Flat-Rolled Iron",2021,47610463
15,"Metals",1572,"Iron & steel",157211,"Large Flat-Rolled Iron",2021,322394
15,"Metals",1572,"Iron & steel",157212,"Large Coated Flat-Rolled Iron",2021,2603808
15,"Metals",1572,"Iron & steel",157213,"Hot-Rolled Iron Bars",2021,735344
15,"Metals",1572,"Iron & steel",157214,"Raw Iron Bars",2021,85801762
15,"Metals",1572,"Iron & steel",157215,"Other Iron Bars",2021,14415991
15,"Metals",1572,"Iron & steel",157216,"Iron Blocks",2021,36662234
15,"Metals",1572,"Iron & steel",157217,"Iron Wire",2021,10864768
15,"Metals",1572,"Iron & steel",157218,"Stainless Steel Ingots",2021,23599
15,"Metals",1572,"Iron & steel",157219,"Large Flat-Rolled Stainless Steel",2021,474503
15,"Metals",1572,"Iron & steel",157220,"Flat-Rolled Stainless Steel",2021,73962
15,"Metals",1572,"Iron & steel",157221,"Hot-Rolled Stainless Steel Bars",2021,5994
15,"Metals",1572,"Iron & steel",157222,"Other Stainless Steel Bars",2021,85699
15,"Metals",1572,"Iron & steel",157223,"Stainless Steel Wire",2021,19297
15,"Metals",1572,"Iron & steel",157224,"Steel Ingots",2021,22818
15,"Metals",1572,"Iron & steel",157225,"Flat Flat-Rolled Steel",2021,1621180
15,"Metals",1572,"Iron & steel",157226,"Flat-Rolled Iron",2021,220246.00000000003
15,"Metals",1572,"Iron & steel",157228,"Other Steel Bars",2021,371047
15,"Metals",1572,"Iron & steel",157229,"Steel Wire",2021,707523
15,"Metals",1573,"Iron/Steel Articles",157301,"Iron Sheet Piling",2021,34971
15,"Metals",1573,"Iron/Steel Articles",157302,"Iron Railway Products",2021,17032
15,"Metals",1573,"Iron/Steel Articles",157303,"Cast Iron Pipes",2021,21103
15,"Metals",1573,"Iron/Steel Articles",157304,"Iron Pipes",2021,1887030
15,"Metals",1573,"Iron/Steel Articles",157305,"Other Large Iron Pipes",2021,73558
15,"Metals",1573,"Iron/Steel Articles",157306,"Other Small Iron Pipes",2021,138704940
15,"Metals",1573,"Iron/Steel Articles",157307,"Iron Pipe Fittings",2021,637565
15,"Metals",1573,"Iron/Steel Articles",157308,"Iron Structures",2021,31783396
15,"Metals",1573,"Iron/Steel Articles",157309,"Large Iron Containers",2021,1767605
15,"Metals",1573,"Iron/Steel Articles",157310,"Small Iron Containers",2021,21138738
15,"Metals",1573,"Iron/Steel Articles",157311,"Iron Gas Containers",2021,9260710
15,"Metals",1573,"Iron/Steel Articles",157312,"Stranded Iron Wire",2021,176741
15,"Metals",1573,"Iron/Steel Articles",157313,"Barbed Wire",2021,10285698
15,"Metals",1573,"Iron/Steel Articles",157314,"Iron Cloth",2021,13330936
15,"Metals",1573,"Iron/Steel Articles",157315,"Iron Chains",2021,342256
15,"Metals",1573,"Iron/Steel Articles",157316,"Iron Anchors",2021,10162
15,"Metals",1573,"Iron/Steel Articles",157317,"Iron Nails",2021,7073396
15,"Metals",1573,"Iron/Steel Articles",157318,"Iron Fasteners",2021,1418334.9999999998
15,"Metals",1573,"Iron/Steel Articles",157319,"Iron Sewing Needles",2021,15218
15,"Metals",1573,"Iron/Steel Articles",157320,"Iron Springs",2021,2521556
15,"Metals",1573,"Iron/Steel Articles",157321,"Iron Stovetops",2021,1132359
15,"Metals",1573,"Iron/Steel Articles",157322,"Iron Radiators",2021,13308
15,"Metals",1573,"Iron/Steel Articles",157323,"Iron Housewares",2021,2062932
15,"Metals",1573,"Iron/Steel Articles",157324,"Iron Toiletry",2021,474637
15,"Metals",1573,"Iron/Steel Articles",157325,"Other Cast Iron Products",2021,308673
15,"Metals",1573,"Iron/Steel Articles",157326,"Other Iron Products",2021,3645439
15,"Metals",1574,"Copper articles",157403,"Refined Copper",2021,785711
15,"Metals",1574,"Copper articles",157404,"Scrap Copper",2021,24945473
15,"Metals",1574,"Copper articles",157406,"Copper Powder",2021,39
15,"Metals",1574,"Copper articles",157407,"Copper Bars",2021,1264895
15,"Metals",1574,"Copper articles",157408,"Copper Wire",2021,66773
15,"Metals",1574,"Copper articles",157409,"Copper Plating",2021,17463
15,"Metals",1574,"Copper articles",157410,"Copper Foil",2021,17487
15,"Metals",1574,"Copper articles",157411,"Copper Pipes",2021,161768.00000000003
15,"Metals",1574,"Copper articles",157412,"Copper Pipe Fittings",2021,26881
15,"Metals",1574,"Copper articles",157413,"Stranded Copper Wire",2021,3337
15,"Metals",1574,"Copper articles",157415,"Copper Fasteners",2021,22293
15,"Metals",1574,"Copper articles",157418,"Copper Housewares",2021,12970
15,"Metals",1574,"Copper articles",157419,"Other Copper Products",2021,9719
15,"Metals",1575,"Nickel articles",157502,"Raw Nickel",2021,2555
15,"Metals",1575,"Nickel articles",157503,"Scrap Nickel",2021,78455
15,"Metals",1575,"Nickel articles",157504,"Nickel Powder",2021,4697
15,"Metals",1575,"Nickel articles",157505,"Nickel Bars",2021,344
15,"Metals",1575,"Nickel articles",157507,"Nickel Pipes",2021,188
15,"Metals",1575,"Nickel articles",157508,"Other Nickel Products",2021,59585
15,"Metals",1576,"Aluminum articles",157602,"Scrap Aluminium",2021,67298968
15,"Metals",1576,"Aluminum articles",157603,"Aluminium Powder",2021,52250
15,"Metals",1576,"Aluminum articles",157604,"Aluminium Bars",2021,455320
15,"Metals",1576,"Aluminum articles",157605,"Aluminium Wire",2021,3453.0000000000005
15,"Metals",1576,"Aluminum articles",157606,"Aluminium Plating",2021,322344
15,"Metals",1576,"Aluminum articles",157607,"Aluminium Foil",2021,1509421
15,"Metals",1576,"Aluminum articles",157608,"Aluminium Pipes",2021,255268
15,"Metals",1576,"Aluminum articles",157609,"Aluminium Pipe Fittings",2021,90778
15,"Metals",1576,"Aluminum articles",157610,"Aluminium Structures",2021,570855
15,"Metals",1576,"Aluminum articles",157611,"Large Aluminium Containers",2021,9595
15,"Metals",1576,"Aluminum articles",157612,"Aluminium Cans",2021,73141215
15,"Metals",1576,"Aluminum articles",157613,"Aluminium Gas Containers",2021,21847
15,"Metals",1576,"Aluminum articles",157614,"Stranded Aluminium Wire",2021,56555
15,"Metals",1576,"Aluminum articles",157615,"Aluminium Housewares",2021,2731300
15,"Metals",1576,"Aluminum articles",157616,"Other Aluminium Products",2021,309975
15,"Metals",1578,"Lead articles",157801,"Raw Lead",2021,4159561
15,"Metals",1578,"Lead articles",157806,"Other Lead Products",2021,32511
15,"Metals",1579,"Zinc articles",157901,"Raw Zinc",2021,287703
15,"Metals",1579,"Zinc articles",157902,"Scrap Waste",2021,1496681
15,"Metals",1579,"Zinc articles",157903,"Zinc Powder",2021,56291.99999999999
15,"Metals",1579,"Zinc articles",157904,"Zinc Bars",2021,926
15,"Metals",1579,"Zinc articles",157907,"Other Zinc Products",2021,17078
15,"Metals",1580,"Tin articles",158001,"Raw Tin",2021,3756
15,"Metals",1580,"Tin articles",158003,"Tin Bars",2021,581609.9999999999
15,"Metals",1580,"Tin articles",158007,"Other Tin Products",2021,545
15,"Metals",1581,"Cermet articles",158101,"Tungsten",2021,497.00000000000006
15,"Metals",1581,"Cermet articles",158104,"Magnesium",2021,62
15,"Metals",1581,"Cermet articles",158108,"Titanium",2021,152374
15,"Metals",1582,"Tools & cutlery",158201,"Garden Tools",2021,171260
15,"Metals",1582,"Tools & cutlery",158202,"Hand Saws",2021,19540
15,"Metals",1582,"Tools & cutlery",158203,"Hand Tools",2021,106200
15,"Metals",1582,"Tools & cutlery",158204,"Wrenches",2021,85223
15,"Metals",1582,"Tools & cutlery",158205,"Other Hand Tools",2021,675337
15,"Metals",1582,"Tools & cutlery",158206,"Tool Sets",2021,521758
15,"Metals",1582,"Tools & cutlery",158207,"Interchangeable Tool Parts",2021,488406
15,"Metals",1582,"Tools & cutlery",158208,"Cutting Blades",2021,278691
15,"Metals",1582,"Tools & cutlery",158209,"Tool Plates",2021,990
15,"Metals",1582,"Tools & cutlery",158210,"Cooking Hand Tools",2021,36875
15,"Metals",1582,"Tools & cutlery",158211,"Knives",2021,232408
15,"Metals",1582,"Tools & cutlery",158212,"Razor Blades",2021,5700600
15,"Metals",1582,"Tools & cutlery",158213,"Scissors",2021,47682
15,"Metals",1582,"Tools & cutlery",158214,"Other Cutlery",2021,257643
15,"Metals",1582,"Tools & cutlery",158215,"Cutlery Sets",2021,299367
15,"Metals",1583,"Miscellaneous metal products",158301,"Padlocks",2021,1481595
15,"Metals",1583,"Miscellaneous metal products",158302,"Metal Mountings",2021,1286878
15,"Metals",1583,"Miscellaneous metal products",158303,"Safes",2021,202431
15,"Metals",1583,"Miscellaneous metal products",158304,"Filing Cabinets",2021,6013
15,"Metals",1583,"Miscellaneous metal products",158305,"Metal Office Supplies",2021,328140
15,"Metals",1583,"Miscellaneous metal products",158306,"Bells and Other Metal Ornaments",2021,73539
15,"Metals",1583,"Miscellaneous metal products",158307,"Flexible Metal Tubing",2021,68484
15,"Metals",1583,"Miscellaneous metal products",158308,"Other Metal Fasteners",2021,234714
15,"Metals",1583,"Miscellaneous metal products",158309,"Metal Stoppers",2021,6205108
15,"Metals",1583,"Miscellaneous metal products",158310,"Metal Signs",2021,853095
15,"Metals",1583,"Miscellaneous metal products",158311,"Coated Metal Soldering Products",2021,4761018
16,"Machines",1684,"Machinery, mechanical appliances, & parts",168402,"Steam Boilers",2021,135713
16,"Machines",1684,"Machinery, mechanical appliances, & parts",168403,"Central Heating Boilers",2021,20
16,"Machines",1684,"Machinery, mechanical appliances, & parts",168404,"Boiler Plants",2021,6315
16,"Machines",1684,"Machinery, mechanical appliances, & parts",168405,"Water and Gas Generators",2021,9132
16,"Machines",1684,"Machinery, mechanical appliances, & parts",168406,"Steam Turbines",2021,424828
16,"Machines",1684,"Machinery, mechanical appliances, & parts",168407,"Spark-Ignition Engines",2021,369554
16,"Machines",1684,"Machinery, mechanical appliances, & parts",168408,"Combustion Engines",2021,696291
16,"Machines",1684,"Machinery, mechanical appliances, & parts",168409,"Engine Parts",2021,1147323
16,"Machines",1684,"Machinery, mechanical appliances, & parts",168410,"Hydraulic Turbines",2021,24402
16,"Machines",1684,"Machinery, mechanical appliances, & parts",168411,"Gas Turbines",2021,892591
16,"Machines",1684,"Machinery, mechanical appliances, & parts",168412,"Other Engines",2021,170367
16,"Machines",1684,"Machinery, mechanical appliances, & parts",168413,"Liquid Pumps",2021,2474877
16,"Machines",1684,"Machinery, mechanical appliances, & parts",168414,"Air Pumps",2021,4081707
16,"Machines",1684,"Machinery, mechanical appliances, & parts",168415,"Air Conditioners",2021,510473
16,"Machines",1684,"Machinery, mechanical appliances, & parts",168416,"Liquid Fuel Furnaces",2021,20576
16,"Machines",1684,"Machinery, mechanical appliances, & parts",168417,"Industrial Furnaces",2021,49713
16,"Machines",1684,"Machinery, mechanical appliances, & parts",168418,"Refrigerators",2021,75716578
16,"Machines",1684,"Machinery, mechanical appliances, & parts",168419,"Other Heating Machinery",2021,3134746
16,"Machines",1684,"Machinery, mechanical appliances, & parts",168420,"Rolling Machines",2021,41002
16,"Machines",1684,"Machinery, mechanical appliances, & parts",168421,"Centrifuges",2021,10416980
16,"Machines",1684,"Machinery, mechanical appliances, & parts",168422,"Washing and Bottling Machines",2021,1178987
16,"Machines",1684,"Machinery, mechanical appliances, & parts",168423,"Scales",2021,727755
16,"Machines",1684,"Machinery, mechanical appliances, & parts",168424,"Liquid Dispersing Machines",2021,2778869
16,"Machines",1684,"Machinery, mechanical appliances, & parts",168425,"Pulley Systems",2021,2284827
16,"Machines",1684,"Machinery, mechanical appliances, & parts",168426,"Cranes",2021,85681
16,"Machines",1684,"Machinery, mechanical appliances, & parts",168427,"Fork-Lifts",2021,885415
16,"Machines",1684,"Machinery, mechanical appliances, & parts",168428,"Lifting Machinery",2021,1091460
16,"Machines",1684,"Machinery, mechanical appliances, & parts",168429,"Large Construction Vehicles",2021,4856578
16,"Machines",1684,"Machinery, mechanical appliances, & parts",168430,"Other Construction Vehicles",2021,1682309
16,"Machines",1684,"Machinery, mechanical appliances, & parts",168431,"Excavation Machinery",2021,1338204
16,"Machines",1684,"Machinery, mechanical appliances, & parts",168432,"Soil Preparation Machinery",2021,407268
16,"Machines",1684,"Machinery, mechanical appliances, & parts",168433,"Harvesting Machinery",2021,986810
16,"Machines",1684,"Machinery, mechanical appliances, & parts",168434,"Dairy Machinery",2021,52481
16,"Machines",1684,"Machinery, mechanical appliances, & parts",168435,"Fruit Pressing Machinery",2021,4646
16,"Machines",1684,"Machinery, mechanical appliances, & parts",168436,"Other Agricultural Machinery",2021,990716
16,"Machines",1684,"Machinery, mechanical appliances, & parts",168437,"Mill Machinery",2021,346027
16,"Machines",1684,"Machinery, mechanical appliances, & parts",168438,"Industrial Food Preperation Machinery",2021,2278889
16,"Machines",1684,"Machinery, mechanical appliances, & parts",168439,"Papermaking Machines",2021,7447
16,"Machines",1684,"Machinery, mechanical appliances, & parts",168440,"Book-binding Machines",2021,11140
16,"Machines",1684,"Machinery, mechanical appliances, & parts",168441,"Other Paper Machinery",2021,507396
16,"Machines",1684,"Machinery, mechanical appliances, & parts",168442,"Print Production Machinery",2021,302508
16,"Machines",1684,"Machinery, mechanical appliances, & parts",168443,"Industrial Printers",2021,1753473
16,"Machines",1684,"Machinery, mechanical appliances, & parts",168444,"Artificial Textile Machinery",2021,92171
16,"Machines",1684,"Machinery, mechanical appliances, & parts",168445,"Textile Fiber Machinery",2021,10279.999999999998
16,"Machines",1684,"Machinery, mechanical appliances, & parts",168446,"Looms",2021,61611
16,"Machines",1684,"Machinery, mechanical appliances, & parts",168447,"Knitting Machines",2021,102218
16,"Machines",1684,"Machinery, mechanical appliances, & parts",168448,"Knitting Machine Accessories",2021,2942135
16,"Machines",1684,"Machinery, mechanical appliances, & parts",168450,"Household Washing Machines",2021,865834
16,"Machines",1684,"Machinery, mechanical appliances, & parts",168451,"Textile Processing Machines",2021,417794
16,"Machines",1684,"Machinery, mechanical appliances, & parts",168452,"Sewing Machines",2021,227151
16,"Machines",1684,"Machinery, mechanical appliances, & parts",168453,"Leather Machinery",2021,55859
16,"Machines",1684,"Machinery, mechanical appliances, & parts",168454,"Casting Machines",2021,4707
16,"Machines",1684,"Machinery, mechanical appliances, & parts",168455,"Metal-Rolling Mills",2021,24198
16,"Machines",1684,"Machinery, mechanical appliances, & parts",168456,"Non-Mechanical Removal Machinery",2021,266698
16,"Machines",1684,"Machinery, mechanical appliances, & parts",168457,"Metalworking Transfer Machines",2021,90826
16,"Machines",1684,"Machinery, mechanical appliances, & parts",168458,"Metal Lathes",2021,38384
16,"Machines",1684,"Machinery, mechanical appliances, & parts",168459,"Drilling Machines",2021,9182
16,"Machines",1684,"Machinery, mechanical appliances, & parts",168460,"Metal Finishing Machines",2021,28045
16,"Machines",1684,"Machinery, mechanical appliances, & parts",168461,"Metalworking Machines",2021,7722
16,"Machines",1684,"Machinery, mechanical appliances, & parts",168462,"Forging Machines",2021,150963
16,"Machines",1684,"Machinery, mechanical appliances, & parts",168463,"Other Non-Metal Removal Machinery",2021,2787
16,"Machines",1684,"Machinery, mechanical appliances, & parts",168464,"Stone Working Machines",2021,282375
16,"Machines",1684,"Machinery, mechanical appliances, & parts",168465,"Woodworking machines",2021,362285
16,"Machines",1684,"Machinery, mechanical appliances, & parts",168466,"Metalworking Machine Parts",2021,187767
16,"Machines",1684,"Machinery, mechanical appliances, & parts",168467,"Motor-working Tools",2021,382142
16,"Machines",1684,"Machinery, mechanical appliances, & parts",168468,"Soldering and Welding Machinery",2021,14229
16,"Machines",1684,"Machinery, mechanical appliances, & parts",168470,"Calculators",2021,155736
16,"Machines",1684,"Machinery, mechanical appliances, & parts",168471,"Computers",2021,4758796
16,"Machines",1684,"Machinery, mechanical appliances, & parts",168472,"Other Office Machines",2021,53270
16,"Machines",1684,"Machinery, mechanical appliances, & parts",168473,"Office Machine Parts",2021,1510764
16,"Machines",1684,"Machinery, mechanical appliances, & parts",168474,"Stone Processing Machines",2021,597207
16,"Machines",1684,"Machinery, mechanical appliances, & parts",168475,"Glass Working Machines",2021,88
16,"Machines",1684,"Machinery, mechanical appliances, & parts",168476,"Vending Machines",2021,14113
16,"Machines",1684,"Machinery, mechanical appliances, & parts",168477,"Rubberworking Machinery",2021,568342
16,"Machines",1684,"Machinery, mechanical appliances, & parts",168478,"Tobacco Processing Machines",2021,1065
16,"Machines",1684,"Machinery, mechanical appliances, & parts",168479,"Machinery Having Individual Functions",2021,943194
16,"Machines",1684,"Machinery, mechanical appliances, & parts",168480,"Metal Molds",2021,2676778
16,"Machines",1684,"Machinery, mechanical appliances, & parts",168481,"Valves",2021,2542754
16,"Machines",1684,"Machinery, mechanical appliances, & parts",168482,"Ball Bearings",2021,2122307
16,"Machines",1684,"Machinery, mechanical appliances, & parts",168483,"Transmissions",2021,1094244
16,"Machines",1684,"Machinery, mechanical appliances, & parts",168484,"Gaskets",2021,214333
16,"Machines",1684,"Machinery, mechanical appliances, & parts",168485,"Boat Propellers",2021,90738
16,"Machines",1685,"Electrical machinery and electronics",168501,"Electric Motors",2021,2359455
16,"Machines",1685,"Electrical machinery and electronics",168502,"Electric Generating Sets",2021,1521962
16,"Machines",1685,"Electrical machinery and electronics",168503,"Electric Motor Parts",2021,71491
16,"Machines",1685,"Electrical machinery and electronics",168504,"Electrical Transformers",2021,4443197
16,"Machines",1685,"Electrical machinery and electronics",168505,"Electromagnets",2021,355104
16,"Machines",1685,"Electrical machinery and electronics",168506,"Batteries",2021,4204323
16,"Machines",1685,"Electrical machinery and electronics",168507,"Electric Batteries",2021,813924
16,"Machines",1685,"Electrical machinery and electronics",168508,"Vacuum Cleaners",2021,345369
16,"Machines",1685,"Electrical machinery and electronics",168509,"Other Domestic Electric Housewares",2021,668137
16,"Machines",1685,"Electrical machinery and electronics",168510,"Hair Trimmers",2021,168031
16,"Machines",1685,"Electrical machinery and electronics",168511,"Electrical Ignitions",2021,280066
16,"Machines",1685,"Electrical machinery and electronics",168512,"Electrical Lighting and Signalling Equipment",2021,338323
16,"Machines",1685,"Electrical machinery and electronics",168513,"Portable Lighting",2021,1084225
16,"Machines",1685,"Electrical machinery and electronics",168514,"Electric Furnaces",2021,99119
16,"Machines",1685,"Electrical machinery and electronics",168515,"Electric Soldering Equipment",2021,429096
16,"Machines",1685,"Electrical machinery and electronics",168516,"Electric Heaters",2021,4724006
16,"Machines",1685,"Electrical machinery and electronics",168517,"Telephones",2021,2597238
16,"Machines",1685,"Electrical machinery and electronics",168518,"Microphones and Headphones",2021,602741
16,"Machines",1685,"Electrical machinery and electronics",168519,"Sound Recording Equipment",2021,35722.00000000001
16,"Machines",1685,"Electrical machinery and electronics",168520,"Dictation Machines",2021,5170.000000000001
16,"Machines",1685,"Electrical machinery and electronics",168521,"Video Recording Equipment",2021,3166199.0000000005
16,"Machines",1685,"Electrical machinery and electronics",168522,"Audio and Video Recording Accessories",2021,100604
16,"Machines",1685,"Electrical machinery and electronics",168523,"Blank Audio Media",2021,4574197
16,"Machines",1685,"Electrical machinery and electronics",168524,"Sound Recordings",2021,2447
16,"Machines",1685,"Electrical machinery and electronics",168525,"Broadcasting Equipment",2021,7312195
16,"Machines",1685,"Electrical machinery and electronics",168526,"Navigation Equipment",2021,257543
16,"Machines",1685,"Electrical machinery and electronics",168527,"Radio Receivers",2021,388981
16,"Machines",1685,"Electrical machinery and electronics",168528,"Video Displays",2021,4381606
16,"Machines",1685,"Electrical machinery and electronics",168529,"Broadcasting Accessories",2021,188531
16,"Machines",1685,"Electrical machinery and electronics",168530,"Traffic Signals",2021,104532
16,"Machines",1685,"Electrical machinery and electronics",168531,"Audio Alarms",2021,276719
16,"Machines",1685,"Electrical machinery and electronics",168532,"Electrical Capacitors",2021,112826
16,"Machines",1685,"Electrical machinery and electronics",168533,"Electrical Resistors",2021,27233
16,"Machines",1685,"Electrical machinery and electronics",168534,"Printed Circuit Boards",2021,184
16,"Machines",1685,"Electrical machinery and electronics",168535,"High-voltage Protection Equipment",2021,239360
16,"Machines",1685,"Electrical machinery and electronics",168536,"Low-voltage Protection Equipment",2021,3553388
16,"Machines",1685,"Electrical machinery and electronics",168537,"Electrical Control Boards",2021,1510762
16,"Machines",1685,"Electrical machinery and electronics",168538,"Electrical Power Accessories",2021,418036
16,"Machines",1685,"Electrical machinery and electronics",168539,"Electric Filament",2021,422165
16,"Machines",1685,"Electrical machinery and electronics",168540,"Cathode Tubes",2021,1765
16,"Machines",1685,"Electrical machinery and electronics",168541,"Semiconductor Devices",2021,170598
16,"Machines",1685,"Electrical machinery and electronics",168542,"Integrated Circuits",2021,1330914
16,"Machines",1685,"Electrical machinery and electronics",168543,"Other Electrical Machinery",2021,1427011
16,"Machines",1685,"Electrical machinery and electronics",168544,"Insulated Wire",2021,3021138
16,"Machines",1685,"Electrical machinery and electronics",168545,"Carbon-based Electronics",2021,43386
16,"Machines",1685,"Electrical machinery and electronics",168546,"Electrical Insulators",2021,64473
16,"Machines",1685,"Electrical machinery and electronics",168547,"Metal Insulating Fittings",2021,12624
16,"Machines",1685,"Electrical machinery and electronics",168548,"Electrical Parts",2021,115615
17,"Transportation",1786,"Railway and trams",178602,"Other Locomotives",2021,293
17,"Transportation",1786,"Railway and trams",178603,"Self-Propelled Rail Transport",2021,18.000000000000004
17,"Transportation",1786,"Railway and trams",178604,"Railway Maintenance Vehicles",2021,2500
17,"Transportation",1786,"Railway and trams",178607,"Locomotive Parts",2021,8912
17,"Transportation",1786,"Railway and trams",178608,"Railway Track Fixtures",2021,72979
17,"Transportation",1786,"Railway and trams",178609,"Railway Cargo Containers",2021,966744
17,"Transportation",1787,"Cars, tractors, trucks & parts thereof.",178701,"Tractors",2021,2168327
17,"Transportation",1787,"Cars, tractors, trucks & parts thereof.",178702,"Buses",2021,1343401
17,"Transportation",1787,"Cars, tractors, trucks & parts thereof.",178703,"Cars",2021,12185714
17,"Transportation",1787,"Cars, tractors, trucks & parts thereof.",178704,"Delivery Trucks",2021,17739387
17,"Transportation",1787,"Cars, tractors, trucks & parts thereof.",178705,"Special purpose motor vehicles",2021,781705
17,"Transportation",1787,"Cars, tractors, trucks & parts thereof.",178706,"Motor vehicle (8701 to 8705) chassis fitted with engine",2021,155
17,"Transportation",1787,"Cars, tractors, trucks & parts thereof.",178707,"Vehicle Bodies (including cabs) for the motor vehicles (8701 to 8705)",2021,574712.0000000001
17,"Transportation",1787,"Cars, tractors, trucks & parts thereof.",178708,"Motor vehicles; parts and accessories (8701 to 8705)",2021,7568913
17,"Transportation",1787,"Cars, tractors, trucks & parts thereof.",178709,"Work Trucks",2021,2592913.0000000005
17,"Transportation",1787,"Cars, tractors, trucks & parts thereof.",178711,"Motorcycles and cycles",2021,7354521
17,"Transportation",1787,"Cars, tractors, trucks & parts thereof.",178712,"Bicycles, delivery tricycles, other cycles",2021,76527
17,"Transportation",1787,"Cars, tractors, trucks & parts thereof.",178713,"Wheelchairs",2021,152000
17,"Transportation",1787,"Cars, tractors, trucks & parts thereof.",178714,"Bi-Wheel Vehicle Parts",2021,1838760
17,"Transportation",1787,"Cars, tractors, trucks & parts thereof.",178715,"Baby Carriages",2021,78438
17,"Transportation",1787,"Cars, tractors, trucks & parts thereof.",178716,"Trailers and semi-trailers, not mechanically propelled vehicles",2021,5139875
17,"Transportation",1788,"Aircraft and Spacecraft",178801,"Non-powered Aircraft",2021,200
17,"Transportation",1788,"Aircraft and Spacecraft",178802,"Planes, Helicopters, and/or Spacecraft",2021,1260975
17,"Transportation",1788,"Aircraft and Spacecraft",178803,"Aircraft parts (gliders, balloons, and powered aircraft)",2021,319536
17,"Transportation",1788,"Aircraft and Spacecraft",178804,"Parachutes",2021,19200
17,"Transportation",1788,"Aircraft and Spacecraft",178805,"Aircraft Launch Gear",2021,42
17,"Transportation",1789,"Ships, boats, & floating structures",178901,"Passenger and Cargo Ships",2021,12607.000000000002
17,"Transportation",1789,"Ships, boats, & floating structures",178902,"Fishing Ships",2021,7742.999999999999
17,"Transportation",1789,"Ships, boats, & floating structures",178903,"Recreational Boats",2021,25176
17,"Transportation",1789,"Ships, boats, & floating structures",178906,"Other Sea Vessels",2021,13218
17,"Transportation",1789,"Ships, boats, & floating structures",178907,"Other Floating Structures",2021,9350
17,"Transportation",1789,"Ships, boats, & floating structures",178908,"Scrap Vessels",2021,15
18,"Instruments",1890,"Optical, photo, & film equipment; medical instruments",189001,"Optical Fibers and optical fibre bundles",2021,2986670
18,"Instruments",1890,"Optical, photo, & film equipment; medical instruments",189002,"Mirrors and Lenses",2021,2508
18,"Instruments",1890,"Optical, photo, & film equipment; medical instruments",189003,"Eyewear Frames",2021,123858
18,"Instruments",1890,"Optical, photo, & film equipment; medical instruments",189004,"Eyewear",2021,201233
18,"Instruments",1890,"Optical, photo, & film equipment; medical instruments",189005,"Binoculars and Telescopes",2021,25616.999999999996
18,"Instruments",1890,"Optical, photo, & film equipment; medical instruments",189006,"Cameras",2021,27443
18,"Instruments",1890,"Optical, photo, & film equipment; medical instruments",189007,"Video Cameras",2021,2399
18,"Instruments",1890,"Optical, photo, & film equipment; medical instruments",189008,"Image Projectors",2021,174
18,"Instruments",1890,"Optical, photo, & film equipment; medical instruments",189009,"Photocopiers",2021,421237
18,"Instruments",1890,"Optical, photo, & film equipment; medical instruments",189010,"Photo Lab Equipment",2021,113137
18,"Instruments",1890,"Optical, photo, & film equipment; medical instruments",189011,"Microscopes",2021,15307
18,"Instruments",1890,"Optical, photo, & film equipment; medical instruments",189012,"Non-optical Microscopes",2021,3698
18,"Instruments",1890,"Optical, photo, & film equipment; medical instruments",189013,"LCDs",2021,150601.99999999997
18,"Instruments",1890,"Optical, photo, & film equipment; medical instruments",189014,"Compasses",2021,615
18,"Instruments",1890,"Optical, photo, & film equipment; medical instruments",189015,"Surveying Equipment",2021,266667
18,"Instruments",1890,"Optical, photo, & film equipment; medical instruments",189016,"Balances",2021,7022
18,"Instruments",1890,"Optical, photo, & film equipment; medical instruments",189017,"Drafting Tools",2021,77688
18,"Instruments",1890,"Optical, photo, & film equipment; medical instruments",189018,"Medical Instruments",2021,2666344
18,"Instruments",1890,"Optical, photo, & film equipment; medical instruments",189019,"Therapeutic Appliances",2021,320885
18,"Instruments",1890,"Optical, photo, & film equipment; medical instruments",189020,"Breathing Appliances",2021,407593
18,"Instruments",1890,"Optical, photo, & film equipment; medical instruments",189021,"Orthopedic Appliances",2021,20299160
18,"Instruments",1890,"Optical, photo, & film equipment; medical instruments",189022,"X-Ray Equipment",2021,300364
18,"Instruments",1890,"Optical, photo, & film equipment; medical instruments",189023,"Instructional Models",2021,61923
18,"Instruments",1890,"Optical, photo, & film equipment; medical instruments",189024,"Tensile Testing Machines",2021,104892.00000000001
18,"Instruments",1890,"Optical, photo, & film equipment; medical instruments",189025,"Hydrometers",2021,214151
18,"Instruments",1890,"Optical, photo, & film equipment; medical instruments",189026,"Gas and Liquid Flow Measuring Instruments",2021,966528
18,"Instruments",1890,"Optical, photo, & film equipment; medical instruments",189027,"Chemical Analysis Instruments",2021,2467640
18,"Instruments",1890,"Optical, photo, & film equipment; medical instruments",189028,"Utility Meters",2021,112705
18,"Instruments",1890,"Optical, photo, & film equipment; medical instruments",189029,"Revolution Counters",2021,14984
18,"Instruments",1890,"Optical, photo, & film equipment; medical instruments",189030,"Oscilloscopes",2021,1888233
18,"Instruments",1890,"Optical, photo, & film equipment; medical instruments",189031,"Other Measuring Instruments",2021,290252
18,"Instruments",1890,"Optical, photo, & film equipment; medical instruments",189032,"Thermostats",2021,321849
18,"Instruments",1890,"Optical, photo, & film equipment; medical instruments",189033,"Opto-Electric Instrument Parts",2021,44720
18,"Instruments",1891,"Clocks, watches, & parts",189101,"Precious Metal Watches",2021,17939
18,"Instruments",1891,"Clocks, watches, & parts",189102,"Base Metal Watches",2021,425624
18,"Instruments",1891,"Clocks, watches, & parts",189103,"Clocks with Watch Movements",2021,2574
18,"Instruments",1891,"Clocks, watches, & parts",189104,"Dashboard Clocks",2021,108
18,"Instruments",1891,"Clocks, watches, & parts",189105,"Other Clocks",2021,64881
18,"Instruments",1891,"Clocks, watches, & parts",189106,"Time Recording Instruments",2021,2286
18,"Instruments",1891,"Clocks, watches, & parts",189107,"Time Switches",2021,2479
18,"Instruments",1891,"Clocks, watches, & parts",189108,"Watch Movements",2021,1553
18,"Instruments",1891,"Clocks, watches, & parts",189109,"Clock Movements",2021,9946
18,"Instruments",1891,"Clocks, watches, & parts",189110,"Incomplete Movement Sets",2021,462
18,"Instruments",1891,"Clocks, watches, & parts",189111,"Watch Cases and Parts",2021,954
18,"Instruments",1891,"Clocks, watches, & parts",189113,"Watch Straps",2021,1053
18,"Instruments",1891,"Clocks, watches, & parts",189114,"Other Clocks and Watches",2021,1821
18,"Instruments",1892,"Musical instruments",189201,"Pianos",2021,7045
18,"Instruments",1892,"Musical instruments",189202,"String Instruments",2021,53488
18,"Instruments",1892,"Musical instruments",189205,"Wind Instruments",2021,25421
18,"Instruments",1892,"Musical instruments",189206,"Percussion",2021,36194
18,"Instruments",1892,"Musical instruments",189207,"Electric Musical Instruments",2021,74172
18,"Instruments",1892,"Musical instruments",189208,"Other Musical Instruments",2021,1134
18,"Instruments",1892,"Musical instruments",189209,"Musical Instrument Parts",2021,52413
19,"Weapons",1993,"Weapons",199302,"Handguns",2021,1058
19,"Weapons",1993,"Weapons",199303,"Other Firearms",2021,124563
19,"Weapons",1993,"Weapons",199304,"Spring, Air, and Gas Guns",2021,100823
19,"Weapons",1993,"Weapons",199305,"Weapons Parts and Accessories",2021,7395
19,"Weapons",1993,"Weapons",199306,"Explosive Ammunition",2021,12059.000000000002
19,"Weapons",1993,"Weapons",199307,"Bladed Weapons and Accessories",2021,13.000000000000002
20,"Miscellaneous",2094,"Furniture, bedding, lamps, & prefab buildings",209401,"Seats",2021,21506738
20,"Miscellaneous",2094,"Furniture, bedding, lamps, & prefab buildings",209402,"Medical Furniture",2021,69712
20,"Miscellaneous",2094,"Furniture, bedding, lamps, & prefab buildings",209403,"Other Furniture",2021,23890284
20,"Miscellaneous",2094,"Furniture, bedding, lamps, & prefab buildings",209404,"Mattresses",2021,34225874
20,"Miscellaneous",2094,"Furniture, bedding, lamps, & prefab buildings",209405,"Light Fixtures",2021,3679348
20,"Miscellaneous",2094,"Furniture, bedding, lamps, & prefab buildings",209406,"Prefabricated Buildings",2021,375855
20,"Miscellaneous",2095,"Toys, games, & sports",209503,"Other toys",2021,10663963
20,"Miscellaneous",2095,"Toys, games, & sports",209504,"Video and Card Games",2021,220770
20,"Miscellaneous",2095,"Toys, games, & sports",209505,"Party Decorations",2021,5447679
20,"Miscellaneous",2095,"Toys, games, & sports",209506,"Sports Equipment",2021,2367340
20,"Miscellaneous",2095,"Toys, games, & sports",209507,"Fishing and Hunting Equipment",2021,13874467
20,"Miscellaneous",2095,"Toys, games, & sports",209508,"Fairground Amusements",2021,70306
20,"Miscellaneous",2096,"Misc. manufactures",209601,"Worked Ivory and Bone",2021,59
20,"Miscellaneous",2096,"Misc. manufactures",209602,"Vegetable and Mineral Carvings",2021,354950
20,"Miscellaneous",2096,"Misc. manufactures",209603,"Brooms",2021,26477766
20,"Miscellaneous",2096,"Misc. manufactures",209604,"Hand Sifters",2021,13992
20,"Miscellaneous",2096,"Misc. manufactures",209605,"Travel Kits",2021,9370
20,"Miscellaneous",2096,"Misc. manufactures",209606,"Buttons",2021,848433
20,"Miscellaneous",2096,"Misc. manufactures",209607,"Zippers",2021,55087
20,"Miscellaneous",2096,"Misc. manufactures",209608,"Pens",2021,1225712
20,"Miscellaneous",2096,"Misc. manufactures",209609,"Pencils and Crayons",2021,586081
20,"Miscellaneous",2096,"Misc. manufactures",209610,"Chalkboards",2021,8643
20,"Miscellaneous",2096,"Misc. manufactures",209611,"Rubber Stamps",2021,20020
20,"Miscellaneous",2096,"Misc. manufactures",209612,"Ink Ribbons",2021,74901
20,"Miscellaneous",2096,"Misc. manufactures",209613,"Lighters",2021,3520353
20,"Miscellaneous",2096,"Misc. manufactures",209614,"Smoking Pipes",2021,282
20,"Miscellaneous",2096,"Misc. manufactures",209615,"Combs",2021,146793
20,"Miscellaneous",2096,"Misc. manufactures",209616,"Scent Sprays",2021,560079
20,"Miscellaneous",2096,"Misc. manufactures",209617,"Vacuum Flask",2021,85295
20,"Miscellaneous",2096,"Misc. manufactures",209618,"Mannequins",2021,12864.999999999998
21,"Arts and Antiques",2197,"Art & antiques",219701,"Paintings",2021,3804713.0000000005
21,"Arts and Antiques",2197,"Art & antiques",219702,"Prints",2021,38891
21,"Arts and Antiques",2197,"Art & antiques",219703,"Sculptures",2021,2654714
21,"Arts and Antiques",2197,"Art & antiques",219705,"Collector's Items",2021,137453
21,"Arts and Antiques",2197,"Art & antiques",219706,"Antiques",2021,13768