Section ID,Section,HS2 ID,HS2,HS4 ID,HS4,Year,Trade Value
1,"Animal Products",101,"Live animals",10101,"Horses",2021,1421837
1,"Animal Products",101,"Live animals",10102,"Bovine",2021,93301452
1,"Animal Products",101,"Live animals",10103,"Pigs",2021,51867452
1,"Animal Products",101,"Live animals",10104,"Sheep and Goats",2021,575632
1,"Animal Products",101,"Live animals",10105,"Poultry",2021,10093238
1,"Animal Products",101,"Live animals",10106,"Other Animals",2021,145583
1,"Animal Products",102,"Meat & edible offal",10201,"Bovine Meat",2021,24516763
1,"Animal Products",102,"Meat & edible offal",10202,"Frozen Bovine Meat",2021,8818463
1,"Animal Products",102,"Meat & edible offal",10203,"Pig Meat",2021,16722930
1,"Animal Products",102,"Meat & edible offal",10204,"Sheep and Goat Meat",2021,1554669
1,"Animal Products",102,"Meat & edible offal",10205,"Horse Meat",2021,489865
1,"Animal Products",102,"Meat & edible offal",10206,"Edible Offal",2021,3013489
1,"Animal Products",102,"Meat & edible offal",10207,"Poultry Meat",2021,26722607
1,"Animal Products",102,"Meat & edible offal",10208,"Other Meat",2021,479213
1,"Animal Products",102,"Meat & edible offal",10209,"Animal Fat",2021,568826
1,"Animal Products",102,"Meat & edible offal",10210,"Preserved Meat",2021,16457556
1,"Animal Products",103,"Fish, Crustaceans & Molluscs",10301,"Live Fish",2021,1499682
1,"Animal Products",103,"Fish, Crustaceans & Molluscs",10302,"Non-fillet Fresh Fish",2021,176882555
1,"Animal Products",103,"Fish, Crustaceans & Molluscs",10303,"Non-fillet Frozen Fish",2021,20499093
1,"Animal Products",103,"Fish, Crustaceans & Molluscs",10304,"Fish Fillets",2021,56895861
1,"Animal Products",103,"Fish, Crustaceans & Molluscs",10305,"Dried/Salted/Smoked/Brined Fish",2021,29948460
1,"Animal Products",103,"Fish, Crustaceans & Molluscs",10306,"Crustaceans",2021,1441861
1,"Animal Products",103,"Fish, Crustaceans & Molluscs",10307,"Molluscs",2021,14725417
1,"Animal Products",104,"Edible products of animal origin, n.e.s.",10401,"Milk",2021,21429030
1,"Animal Products",104,"Edible products of animal origin, n.e.s.",10402,"Concentrated Milk",2021,2678348
1,"Animal Products",104,"Edible products of animal origin, n.e.s.",10403,"Fermented Milk Products",2021,25418797
1,"Animal Products",104,"Edible products of animal origin, n.e.s.",10404,"Whey and other milk products",2021,3442412
1,"Animal Products",104,"Edible products of animal origin, n.e.s.",10405,"Butter",2021,4684964
1,"Animal Products",104,"Edible products of animal origin, n.e.s.",10406,"Cheese",2021,33664725
1,"Animal Products",104,"Edible products of animal origin, n.e.s.",10407,"Eggs",2021,3368920
1,"Animal Products",104,"Edible products of animal origin, n.e.s.",10408,"Processed Egg Products",2021,1164302
1,"Animal Products",104,"Edible products of animal origin, n.e.s.",10409,"Honey",2021,2818140
1,"Animal Products",104,"Edible products of animal origin, n.e.s.",10410,"Other Edible Animal Products",2021,23954
1,"Animal Products",105,"Animal originated products, n.e.s.",10501,"Human Hair",2021,4
1,"Animal Products",105,"Animal originated products, n.e.s.",10502,"Pig Hair",2021,327.99999999999994
1,"Animal Products",105,"Animal originated products, n.e.s.",10504,"Animal Organs",2021,4427521
1,"Animal Products",105,"Animal originated products, n.e.s.",10505,"Bird Feathers and Skins",2021,32287
1,"Animal Products",105,"Animal originated products, n.e.s.",10506,"Processed Bones",2021,7571.000000000001
1,"Animal Products",105,"Animal originated products, n.e.s.",10507,"Raw Bones",2021,51248
1,"Animal Products",105,"Animal originated products, n.e.s.",10508,"Coral and Shells",2021,28414
1,"Animal Products",105,"Animal originated products, n.e.s.",10510,"Pharmaceutical Animal Products",2021,10043
1,"Animal Products",105,"Animal originated products, n.e.s.",10511,"Other Inedible Animal Products",2021,4202456
2,"Vegetable Products",206,"Live trees, plants, bulbs, cut flowers, & ornamental foliage",20601,"Bulbs and Roots",2021,70000
2,"Vegetable Products",206,"Live trees, plants, bulbs, cut flowers, & ornamental foliage",20602,"Other live plants, cuttings and slips;
mushroom spawn",2021,4648282
2,"Vegetable Products",206,"Live trees, plants, bulbs, cut flowers, & ornamental foliage",20603,"Cut Flowers",2021,999855
2,"Vegetable Products",206,"Live trees, plants, bulbs, cut flowers, & ornamental foliage",20604,"Plant foliage",2021,97731
2,"Vegetable Products",207,"Edible vegetables, roots, & tubers",20701,"Potatoes",2021,3363095
2,"Vegetable Products",207,"Edible vegetables, roots, & tubers",20702,"Tomatoes",2021,8699963
2,"Vegetable Products",207,"Edible vegetables, roots, & tubers",20703,"Onions",2021,1373759
2,"Vegetable Products",207,"Edible vegetables, roots, & tubers",20704,"Cabbages",2021,1234516
2,"Vegetable Products",207,"Edible vegetables, roots, & tubers",20705,"Lettuce",2021,1900500.9999999998
2,"Vegetable Products",207,"Edible vegetables, roots, & tubers",20706,"Root Vegetables",2021,329137
2,"Vegetable Products",207,"Edible vegetables, roots, & tubers",20707,"Cucumbers",2021,7315034
2,"Vegetable Products",207,"Edible vegetables, roots, & tubers",20708,"Legumes",2021,62724
2,"Vegetable Products",207,"Edible vegetables, roots, & tubers",20709,"Other Vegetables",2021,22178846
2,"Vegetable Products",207,"Edible vegetables, roots, & tubers",20710,"Frozen Vegetables",2021,10851108
2,"Vegetable Products",207,"Edible vegetables, roots, & tubers",20711,"Preserved Vegetables",2021,1142525
2,"Vegetable Products",207,"Edible vegetables, roots, & tubers",20712,"Dried Vegetables",2021,6112888
2,"Vegetable Products",207,"Edible vegetables, roots, & tubers",20713,"Dried Legumes",2021,757450
2,"Vegetable Products",207,"Edible vegetables, roots, & tubers",20714,"Cassava",2021,111703
2,"Vegetable Products",208,"Edible fruits, nuts & fruit peels",20801,"Coconuts, Brazil Nuts, and Cashews",2021,922868
2,"Vegetable Products",208,"Edible fruits, nuts & fruit peels",20802,"Other Nuts",2021,5157683
2,"Vegetable Products",208,"Edible fruits, nuts & fruit peels",20803,"Bananas",2021,2654084
2,"Vegetable Products",208,"Edible fruits, nuts & fruit peels",20804,"Tropical Fruits",2021,991771
2,"Vegetable Products",208,"Edible fruits, nuts & fruit peels",20805,"Citrus",2021,18914247
2,"Vegetable Products",208,"Edible fruits, nuts & fruit peels",20806,"Grapes",2021,944138
2,"Vegetable Products",208,"Edible fruits, nuts & fruit peels",20807,"Melons",2021,1146126
2,"Vegetable Products",208,"Edible fruits, nuts & fruit peels",20808,"Apples and Pears",2021,13689450
2,"Vegetable Products",208,"Edible fruits, nuts & fruit peels",20809,"Pitted Fruits",2021,5165914
2,"Vegetable Products",208,"Edible fruits, nuts & fruit peels",20810,"Other Fruits",2021,4868225
2,"Vegetable Products",208,"Edible fruits, nuts & fruit peels",20811,"Frozen Fruits and Nuts",2021,8660669
2,"Vegetable Products",208,"Edible fruits, nuts & fruit peels",20812,"Preserved Fruits and Nuts",2021,71031
2,"Vegetable Products",208,"Edible fruits, nuts & fruit peels",20813,"Dried Fruits",2021,2299239
2,"Vegetable Products",208,"Edible fruits, nuts & fruit peels",20814,"Citrus and Melon Peels",2021,13598
2,"Vegetable Products",209,"Coffee, tea, mate & spices",20901,"Coffee",2021,15465892
2,"Vegetable Products",209,"Coffee, tea, mate & spices",20902,"Tea",2021,1064663
2,"Vegetable Products",209,"Coffee, tea, mate & spices",20903,"Mate",2021,417
2,"Vegetable Products",209,"Coffee, tea, mate & spices",20904,"Pepper",2021,2603010
2,"Vegetable Products",209,"Coffee, tea, mate & spices",20905,"Vanilla",2021,388238
2,"Vegetable Products",209,"Coffee, tea, mate & spices",20906,"Cinnamon",2021,294638
2,"Vegetable Products",209,"Coffee, tea, mate & spices",20907,"Cloves",2021,124016
2,"Vegetable Products",209,"Coffee, tea, mate & spices",20908,"Nutmeg, mace and cardamons",2021,159803
2,"Vegetable Products",209,"Coffee, tea, mate & spices",20909,"Spice Seeds",2021,900799
2,"Vegetable Products",209,"Coffee, tea, mate & spices",20910,"Spices",2021,5889769
2,"Vegetable Products",210,"Cereals",21001,"Wheat",2021,121703765
2,"Vegetable Products",210,"Cereals",21002,"Rye",2021,123792
2,"Vegetable Products",210,"Cereals",21003,"Barley",2021,37570695
2,"Vegetable Products",210,"Cereals",21004,"Oats",2021,1669385
2,"Vegetable Products",210,"Cereals",21005,"Corn",2021,216813680
2,"Vegetable Products",210,"Cereals",21006,"Rice",2021,195889
2,"Vegetable Products",210,"Cereals",21007,"Sorghum",2021,25977
2,"Vegetable Products",210,"Cereals",21008,"Buckwheat",2021,3002178
2,"Vegetable Products",211,"Products of the milling industry",21101,"Wheat Flours",2021,5652032
2,"Vegetable Products",211,"Products of the milling industry",21102,"Cereal Flours",2021,1364038
2,"Vegetable Products",211,"Products of the milling industry",21103,"Cereal Meal and Pellets",2021,7933228
2,"Vegetable Products",211,"Products of the milling industry",21104,"Processed Cereals",2021,2108914
2,"Vegetable Products",211,"Products of the milling industry",21105,"Potato Flours",2021,34326
2,"Vegetable Products",211,"Products of the milling industry",21106,"Legume Flours",2021,351992
2,"Vegetable Products",211,"Products of the milling industry",21107,"Malt",2021,20721182
2,"Vegetable Products",211,"Products of the milling industry",21108,"Starches",2021,1138312
2,"Vegetable Products",211,"Products of the milling industry",21109,"Wheat Gluten",2021,558045
2,"Vegetable Products",212,"Oils seeds, oleaginous fruits, grains, straw & fodder",21201,"Soybeans",2021,131015249
2,"Vegetable Products",212,"Oils seeds, oleaginous fruits, grains, straw & fodder",21202,"Ground Nuts",2021,5836237.999999999
2,"Vegetable Products",212,"Oils seeds, oleaginous fruits, grains, straw & fodder",21203,"Copra",2021,136.99999999999997
2,"Vegetable Products",212,"Oils seeds, oleaginous fruits, grains, straw & fodder",21204,"Linseed",2021,239992
2,"Vegetable Products",212,"Oils seeds, oleaginous fruits, grains, straw & fodder",21205,"Rapeseed",2021,25938018
2,"Vegetable Products",212,"Oils seeds, oleaginous fruits, grains, straw & fodder",21206,"Sunflower Seeds",2021,39006688
2,"Vegetable Products",212,"Oils seeds, oleaginous fruits, grains, straw & fodder",21207,"Other Oily Seeds",2021,4413122
2,"Vegetable Products",212,"Oils seeds, oleaginous fruits, grains, straw & fodder",21208,"Oil Seed Flower",2021,1096482
2,"Vegetable Products",212,"Oils seeds, oleaginous fruits, grains, straw & fodder",21209,"Sowing Seeds",2021,2340440
2,"Vegetable Products",212,"Oils seeds, oleaginous fruits, grains, straw & fodder",21210,"Hops",2021,30075
2,"Vegetable Products",212,"Oils seeds, oleaginous fruits, grains, straw & fodder",21211,"Perfume Plants",2021,29223926
2,"Vegetable Products",212,"Oils seeds, oleaginous fruits, grains, straw & fodder",21212,"Locust beans, seaweed, sugar beet, cane, for food",2021,1595409
2,"Vegetable Products",212,"Oils seeds, oleaginous fruits, grains, straw & fodder",21213,"Cereal Straws",2021,309449
2,"Vegetable Products",212,"Oils seeds, oleaginous fruits, grains, straw & fodder",21214,"Forage Crops",2021,216405
2,"Vegetable Products",213,"Natural gums, resins & other vegetable extracts",21301,"Insect Resins",2021,84042
2,"Vegetable Products",213,"Natural gums, resins & other vegetable extracts",21302,"Vegetable Saps",2021,3418244
2,"Vegetable Products",214,"Vegetable plaiting materials & products, n.e.s.",21401,"Vegetable Plaiting Materials",2021,15647
2,"Vegetable Products",214,"Vegetable plaiting materials & products, n.e.s.",21404,"Other Vegetable Products",2021,259992
3,"Animal and Vegetable Bi-Products",315,"Animal or vegetable fats, oils, & waxes",31501,"Pig and Poultry Fat",2021,731354
3,"Animal and Vegetable Bi-Products",315,"Animal or vegetable fats, oils, & waxes",31502,"Bovine, Sheep, and Goat Fat",2021,448251
3,"Animal and Vegetable Bi-Products",315,"Animal or vegetable fats, oils, & waxes",31504,"Fish Oil",2021,82946
3,"Animal and Vegetable Bi-Products",315,"Animal or vegetable fats, oils, & waxes",31505,"Wool Grease",2021,3812
3,"Animal and Vegetable Bi-Products",315,"Animal or vegetable fats, oils, & waxes",31506,"Other Animal Fats",2021,7256545
3,"Animal and Vegetable Bi-Products",315,"Animal or vegetable fats, oils, & waxes",31507,"Soybean Oil",2021,1982358
3,"Animal and Vegetable Bi-Products",315,"Animal or vegetable fats, oils, & waxes",31508,"Ground Nut Oil",2021,533
3,"Animal and Vegetable Bi-Products",315,"Animal or vegetable fats, oils, & waxes",31509,"Pure Olive Oil",2021,2485487
3,"Animal and Vegetable Bi-Products",315,"Animal or vegetable fats, oils, & waxes",31510,"Olive Oil",2021,139770
3,"Animal and Vegetable Bi-Products",315,"Animal or vegetable fats, oils, & waxes",31511,"Palm Oil",2021,3126718
3,"Animal and Vegetable Bi-Products",315,"Animal or vegetable fats, oils, & waxes",31512,"Seed Oils",2021,56494916
3,"Animal and Vegetable Bi-Products",315,"Animal or vegetable fats, oils, & waxes",31513,"Coconut Oil",2021,705182
3,"Animal and Vegetable Bi-Products",315,"Animal or vegetable fats, oils, & waxes",31514,"Rapeseed Oil",2021,22861225
3,"Animal and Vegetable Bi-Products",315,"Animal or vegetable fats, oils, & waxes",31515,"Other Pure Vegetable Oils",2021,4884726
3,"Animal and Vegetable Bi-Products",315,"Animal or vegetable fats, oils, & waxes",31516,"Other Vegetable Oils",2021,5928608
3,"Animal and Vegetable Bi-Products",315,"Animal or vegetable fats, oils, & waxes",31517,"Margarine",2021,9372888
3,"Animal and Vegetable Bi-Products",315,"Animal or vegetable fats, oils, & waxes",31518,"Inedible Fats and Oils",2021,10163476
3,"Animal and Vegetable Bi-Products",315,"Animal or vegetable fats, oils, & waxes",31519,"Stearic Acid",2021,2516126
3,"Animal and Vegetable Bi-Products",315,"Animal or vegetable fats, oils, & waxes",31520,"Glycerol",2021,1305548
3,"Animal and Vegetable Bi-Products",315,"Animal or vegetable fats, oils, & waxes",31521,"Vegetable waxes and beeswax",2021,40100
3,"Animal and Vegetable Bi-Products",315,"Animal or vegetable fats, oils, & waxes",31522,"Fat and Oil Residues",2021,139358
4,"Foodstuffs",416,"Preparations of fish, crustacenas, & molluscs",41601,"Sausages",2021,34412439
4,"Foodstuffs",416,"Preparations of fish, crustacenas, & molluscs",41602,"Other Prepared Meat",2021,70365341
4,"Foodstuffs",416,"Preparations of fish, crustacenas, & molluscs",41603,"Animal Extracts",2021,28917
4,"Foodstuffs",416,"Preparations of fish, crustacenas, & molluscs",41604,"Processed Fish",2021,50563465
4,"Foodstuffs",416,"Preparations of fish, crustacenas, & molluscs",41605,"Processed Crustaceans",2021,4640885
4,"Foodstuffs",417,"Sugars & confectioneries",41701,"Raw Sugar",2021,40325856
4,"Foodstuffs",417,"Sugars & confectioneries",41702,"Other Sugars",2021,3182205
4,"Foodstuffs",417,"Sugars & confectioneries",41703,"Molasses",2021,3543402
4,"Foodstuffs",417,"Sugars & confectioneries",41704,"Confectionery Sugar",2021,10412082
4,"Foodstuffs",418,"Cocoa & cocoa preparations",41801,"Cocoa Beans",2021,12221
4,"Foodstuffs",418,"Cocoa & cocoa preparations",41802,"Cocoa Shells",2021,8
4,"Foodstuffs",418,"Cocoa & cocoa preparations",41803,"Cocoa Paste",2021,1230366
4,"Foodstuffs",418,"Cocoa & cocoa preparations",41804,"Cocoa Butter",2021,256564.00000000003
4,"Foodstuffs",418,"Cocoa & cocoa preparations",41805,"Cocoa Powder",2021,2073258
4,"Foodstuffs",418,"Cocoa & cocoa preparations",41806,"Chocolate",2021,183832732
4,"Foodstuffs",419,"Preparations of cereals, flour, starch or milk",41901,"Malt Extract",2021,85819363
4,"Foodstuffs",419,"Preparations of cereals, flour, starch or milk",41902,"Pasta",2021,18651468
4,"Foodstuffs",419,"Preparations of cereals, flour, starch or milk",41903,"Tapioca",2021,10910
4,"Foodstuffs",419,"Preparations of cereals, flour, starch or milk",41904,"Prepared Cereals",2021,8990415
4,"Foodstuffs",419,"Preparations of cereals, flour, starch or milk",41905,"Baked Goods",2021,90859725
4,"Foodstuffs",420,"Preparations of vegetables, fruit, nuts or other plant parts",42001,"Pickled Foods",2021,4688494
4,"Foodstuffs",420,"Preparations of vegetables, fruit, nuts or other plant parts",42002,"Processed Tomatoes",2021,5984835
4,"Foodstuffs",420,"Preparations of vegetables, fruit, nuts or other plant parts",42003,"Processed Mushrooms",2021,2188270
4,"Foodstuffs",420,"Preparations of vegetables, fruit, nuts or other plant parts",42004,"Other Frozen Vegetables",2021,1159965
4,"Foodstuffs",420,"Preparations of vegetables, fruit, nuts or other plant parts",42005,"Other Processed Vegetables",2021,26878412
4,"Foodstuffs",420,"Preparations of vegetables, fruit, nuts or other plant parts",42006,"Sugar Preserved Foods",2021,50603
4,"Foodstuffs",420,"Preparations of vegetables, fruit, nuts or other plant parts",42007,"Jams",2021,17622014
4,"Foodstuffs",420,"Preparations of vegetables, fruit, nuts or other plant parts",42008,"Other Processed Fruits and Nuts",2021,5127816
4,"Foodstuffs",420,"Preparations of vegetables, fruit, nuts or other plant parts",42009,"Fruit Juice",2021,1883409
4,"Foodstuffs",421,"Miscellaneous edible preparations",42101,"Coffee and Tea Extracts",2021,6030291
4,"Foodstuffs",421,"Miscellaneous edible preparations",42102,"Yeast",2021,3209603
4,"Foodstuffs",421,"Miscellaneous edible preparations",42103,"Sauces and Seasonings",2021,79867777
4,"Foodstuffs",421,"Miscellaneous edible preparations",42104,"Soups and Broths",2021,29446904
4,"Foodstuffs",421,"Miscellaneous edible preparations",42105,"Ice Cream",2021,25669551
4,"Foodstuffs",421,"Miscellaneous edible preparations",42106,"Other Edible Preparations",2021,95357619
4,"Foodstuffs",422,"Beverages, spirits, & vinegar",42201,"Water",2021,13996704
4,"Foodstuffs",422,"Beverages, spirits, & vinegar",42202,"Flavored Water",2021,68995613
4,"Foodstuffs",422,"Beverages, spirits, & vinegar",42203,"Beer",2021,29353942
4,"Foodstuffs",422,"Beverages, spirits, & vinegar",42204,"Wine",2021,18806695
4,"Foodstuffs",422,"Beverages, spirits, & vinegar",42205,"Vermouth",2021,560108
4,"Foodstuffs",422,"Beverages, spirits, & vinegar",42206,"Other Fermented Beverages",2021,15727297
4,"Foodstuffs",422,"Beverages, spirits, & vinegar",42207,"Alcohol > 80% ABV",2021,812119
4,"Foodstuffs",422,"Beverages, spirits, & vinegar",42208,"Hard Liquor",2021,31394133
4,"Foodstuffs",422,"Beverages, spirits, & vinegar",42209,"Vinegar",2021,1386360
4,"Foodstuffs",423,"Food residues & wastes; animal fodder",42301,"Animal Meal and Pellets",2021,9623362
4,"Foodstuffs",423,"Food residues & wastes; animal fodder",42302,"Bran",2021,2572754
4,"Foodstuffs",423,"Food residues & wastes; animal fodder",42303,"Starch Residue",2021,7188891
4,"Foodstuffs",423,"Food residues & wastes; animal fodder",42304,"Soybean Meal",2021,794295
4,"Foodstuffs",423,"Food residues & wastes; animal fodder",42306,"Other Vegetable Residues",2021,3329579
4,"Foodstuffs",423,"Food residues & wastes; animal fodder",42307,"Wine Lees",2021,6917.999999999999
4,"Foodstuffs",423,"Food residues & wastes; animal fodder",42308,"Other Vegetable Residues and Waste",2021,932986
4,"Foodstuffs",423,"Food residues & wastes; animal fodder",42309,"Animal Food",2021,64792496
4,"Foodstuffs",424,"Tobacco & substitutes",42401,"Raw Tobacco",2021,58330861
4,"Foodstuffs",424,"Tobacco & substitutes",42402,"Rolled Tobacco",2021,101218902
4,"Foodstuffs",424,"Tobacco & substitutes",42403,"Processed Tobacco",2021,22271105
5,"Mineral Products",525,"Salt, sulphur, cement, lime, stone, & plaster",52501,"Salt",2021,5102033
5,"Mineral Products",525,"Salt, sulphur, cement, lime, stone, & plaster",52502,"Iron Pyrites",2021,294497
5,"Mineral Products",525,"Salt, sulphur, cement, lime, stone, & plaster",52503,"Sulphur",2021,434948
5,"Mineral Products",525,"Salt, sulphur, cement, lime, stone, & plaster",52504,"Graphite",2021,1368709
5,"Mineral Products",525,"Salt, sulphur, cement, lime, stone, & plaster",52505,"Sand",2021,1480520
5,"Mineral Products",525,"Salt, sulphur, cement, lime, stone, & plaster",52506,"Quartz",2021,6853
5,"Mineral Products",525,"Salt, sulphur, cement, lime, stone, & plaster",52507,"Kaolin",2021,48351
5,"Mineral Products",525,"Salt, sulphur, cement, lime, stone, & plaster",52508,"Clays",2021,581208
5,"Mineral Products",525,"Salt, sulphur, cement, lime, stone, & plaster",52509,"Chalk",2021,11139
5,"Mineral Products",525,"Salt, sulphur, cement, lime, stone, & plaster",52510,"Calcium Phosphates",2021,5056689
5,"Mineral Products",525,"Salt, sulphur, cement, lime, stone, & plaster",52511,"Barium Sulphate",2021,165
5,"Mineral Products",525,"Salt, sulphur, cement, lime, stone, & plaster",52512,"Siliceous Fossil Meals",2021,5937
5,"Mineral Products",525,"Salt, sulphur, cement, lime, stone, & plaster",52513,"Pumice",2021,27762
5,"Mineral Products",525,"Salt, sulphur, cement, lime, stone, & plaster",52514,"Slate",2021,1845
5,"Mineral Products",525,"Salt, sulphur, cement, lime, stone, & plaster",52515,"Marble, Travertine and Alabaster",2021,16855913
5,"Mineral Products",525,"Salt, sulphur, cement, lime, stone, & plaster",52516,"Granite",2021,852151
5,"Mineral Products",525,"Salt, sulphur, cement, lime, stone, & plaster",52517,"Gravel and Crushed Stone",2021,77225425
5,"Mineral Products",525,"Salt, sulphur, cement, lime, stone, & plaster",52518,"Dolomite",2021,6392915
5,"Mineral Products",525,"Salt, sulphur, cement, lime, stone, & plaster",52519,"Magnesium Carbonate",2021,36704
5,"Mineral Products",525,"Salt, sulphur, cement, lime, stone, & plaster",52520,"Gypsum",2021,1534125
5,"Mineral Products",525,"Salt, sulphur, cement, lime, stone, & plaster",52521,"Limestone",2021,86591.99999999999
5,"Mineral Products",525,"Salt, sulphur, cement, lime, stone, & plaster",52522,"Quicklime",2021,10032284
5,"Mineral Products",525,"Salt, sulphur, cement, lime, stone, & plaster",52523,"Cement",2021,170253694
5,"Mineral Products",525,"Salt, sulphur, cement, lime, stone, & plaster",52526,"Soapstone",2021,356571
5,"Mineral Products",525,"Salt, sulphur, cement, lime, stone, & plaster",52528,"Borax",2021,31
5,"Mineral Products",525,"Salt, sulphur, cement, lime, stone, & plaster",52529,"Feldspar",2021,1998.9999999999998
5,"Mineral Products",525,"Salt, sulphur, cement, lime, stone, & plaster",52530,"Other Mineral",2021,302119
5,"Mineral Products",526,"Ores, slag and ash",52601,"Iron Ore",2021,22774
5,"Mineral Products",526,"Ores, slag and ash",52603,"Copper Ore",2021,10626206
5,"Mineral Products",526,"Ores, slag and ash",52605,"Cobalt Ore",2021,50982
5,"Mineral Products",526,"Ores, slag and ash",52606,"Aluminium Ore",2021,759542.0000000001
5,"Mineral Products",526,"Ores, slag and ash",52608,"Zinc Ore",2021,152289
5,"Mineral Products",526,"Ores, slag and ash",52614,"Titanium Ore",2021,24
5,"Mineral Products",526,"Ores, slag and ash",52616,"Precious Metal Ore",2021,2544
5,"Mineral Products",526,"Ores, slag and ash",52617,"Other Ores",2021,6
5,"Mineral Products",526,"Ores, slag and ash",52618,"Granulated Slag",2021,24936
5,"Mineral Products",526,"Ores, slag and ash",52619,"Slag Dross",2021,90398
5,"Mineral Products",526,"Ores, slag and ash",52620,"Non-Iron and Steel Slag, Ash and Residues",2021,25773759.000000004
5,"Mineral Products",526,"Ores, slag and ash",52621,"Other Slag and Ash",2021,103664
5,"Mineral Products",527,"Mineral fuels, mineral oils and products of their distillation",52701,"Coal Briquettes",2021,8495515
5,"Mineral Products",527,"Mineral fuels, mineral oils and products of their distillation",52702,"Lignite",2021,42426
5,"Mineral Products",527,"Mineral fuels, mineral oils and products of their distillation",52703,"Peat",2021,362719.00000000006
5,"Mineral Products",527,"Mineral fuels, mineral oils and products of their distillation",52704,"Coke",2021,206402
5,"Mineral Products",527,"Mineral fuels, mineral oils and products of their distillation",52706,"Tar",2021,2272532
5,"Mineral Products",527,"Mineral fuels, mineral oils and products of their distillation",52707,"Coal Tar Oil",2021,24236437
5,"Mineral Products",527,"Mineral fuels, mineral oils and products of their distillation",52708,"Pitch Coke",2021,2809
5,"Mineral Products",527,"Mineral fuels, mineral oils and products of their distillation",52709,"Crude Petroleum",2021,949377947.9999999
5,"Mineral Products",527,"Mineral fuels, mineral oils and products of their distillation",52710,"Refined Petroleum",2021,886624924
5,"Mineral Products",527,"Mineral fuels, mineral oils and products of their distillation",52711,"Petroleum Gas",2021,144928967
5,"Mineral Products",527,"Mineral fuels, mineral oils and products of their distillation",52712,"Petroleum Jelly",2021,1207443
5,"Mineral Products",527,"Mineral fuels, mineral oils and products of their distillation",52713,"Petroleum Coke",2021,5957738
5,"Mineral Products",527,"Mineral fuels, mineral oils and products of their distillation",52714,"Bitumen and asphalt",2021,2429096
5,"Mineral Products",527,"Mineral fuels, mineral oils and products of their distillation",52715,"Asphalt Mixtures",2021,2994309
5,"Mineral Products",527,"Mineral fuels, mineral oils and products of their distillation",52716,"Electricity",2021,887371824
6,"Chemical Products",628,"Inorganic chemicals",62801,"Halogens",2021,3027
6,"Chemical Products",628,"Inorganic chemicals",62802,"Sulfur",2021,2088
6,"Chemical Products",628,"Inorganic chemicals",62803,"Carbon",2021,279136
6,"Chemical Products",628,"Inorganic chemicals",62804,"Hydrogen",2021,52347174
6,"Chemical Products",628,"Inorganic chemicals",62805,"Alkali, alkaline-earth, rare-earth metals, scandium, yttrium, and mercury",2021,770
6,"Chemical Products",628,"Inorganic chemicals",62806,"Hydrochloric Acid",2021,94968
6,"Chemical Products",628,"Inorganic chemicals",62807,"Sulfuric Acid",2021,1313000
6,"Chemical Products",628,"Inorganic chemicals",62808,"Nitric Acids",2021,218045
6,"Chemical Products",628,"Inorganic chemicals",62809,"Phosphoric Acid",2021,68104
6,"Chemical Products",628,"Inorganic chemicals",62810,"Boron",2021,28058
6,"Chemical Products",628,"Inorganic chemicals",62811,"Other Inorganic Acids",2021,1212542
6,"Chemical Products",628,"Inorganic chemicals",62812,"Halides",2021,12197
6,"Chemical Products",628,"Inorganic chemicals",62813,"Nonmetal Sulfides",2021,87197
6,"Chemical Products",628,"Inorganic chemicals",62814,"Ammonia",2021,4944591
6,"Chemical Products",628,"Inorganic chemicals",62815,"Sodium or Potassium Peroxides",2021,451929
6,"Chemical Products",628,"Inorganic chemicals",62816,"Magnesium Hydroxide and Peroxide",2021,14440
6,"Chemical Products",628,"Inorganic chemicals",62817,"Zinc Oxide and Peroxide",2021,175225
6,"Chemical Products",628,"Inorganic chemicals",62818,"Aluminium Oxide",2021,166683
6,"Chemical Products",628,"Inorganic chemicals",62819,"Chromium Oxides and Hydroxides",2021,15017
6,"Chemical Products",628,"Inorganic chemicals",62820,"Manganese Oxides",2021,17382
6,"Chemical Products",628,"Inorganic chemicals",62821,"Iron Oxides and Hydroxides",2021,149751
6,"Chemical Products",628,"Inorganic chemicals",62822,"Cobalt Oxides and Hydroxides",2021,1279.0000000000002
6,"Chemical Products",628,"Inorganic chemicals",62823,"Titanium Oxides",2021,157590
6,"Chemical Products",628,"Inorganic chemicals",62824,"Lead Oxides",2021,12539
6,"Chemical Products",628,"Inorganic chemicals",62825,"Inorganic Salts",2021,4522961
6,"Chemical Products",628,"Inorganic chemicals",62826,"Fluorides",2021,12401
6,"Chemical Products",628,"Inorganic chemicals",62827,"Chlorides",2021,452129
6,"Chemical Products",628,"Inorganic chemicals",62828,"Hypochlorites",2021,162073
6,"Chemical Products",628,"Inorganic chemicals",62829,"Chlorates and Perchlorates",2021,966
6,"Chemical Products",628,"Inorganic chemicals",62830,"Sulfides",2021,655.0000000000001
6,"Chemical Products",628,"Inorganic chemicals",62831,"Dithionites and Sulfoxylates",2021,8955
6,"Chemical Products",628,"Inorganic chemicals",62832,"Sulfites",2021,48663
6,"Chemical Products",628,"Inorganic chemicals",62833,"Sulfates",2021,166343
6,"Chemical Products",628,"Inorganic chemicals",62834,"Nitrites and Nitrates",2021,143823
6,"Chemical Products",628,"Inorganic chemicals",62835,"Phosphinates (hypophosphites) and phosphonates (phosphites)",2021,364897
6,"Chemical Products",628,"Inorganic chemicals",62836,"Carbonates",2021,16827608
6,"Chemical Products",628,"Inorganic chemicals",62837,"Cyanides",2021,2624
6,"Chemical Products",628,"Inorganic chemicals",62839,"Silicates",2021,169210
6,"Chemical Products",628,"Inorganic chemicals",62840,"Borates",2021,710
6,"Chemical Products",628,"Inorganic chemicals",62841,"Oxometallic or Peroxometallic Acid Salts",2021,89446
6,"Chemical Products",628,"Inorganic chemicals",62842,"Other Inorganic Acids Salts",2021,120391
6,"Chemical Products",628,"Inorganic chemicals",62843,"Precious Metal Compounds",2021,2048734
6,"Chemical Products",628,"Inorganic chemicals",62844,"Radioactive Chemicals",2021,347001
6,"Chemical Products",628,"Inorganic chemicals",62845,"Other Isotopes",2021,202841.99999999997
6,"Chemical Products",628,"Inorganic chemicals",62846,"Rare-Earth Metal Compounds",2021,196
6,"Chemical Products",628,"Inorganic chemicals",62847,"Hydrogen peroxide",2021,95684
6,"Chemical Products",628,"Inorganic chemicals",62849,"Carbides",2021,53257
6,"Chemical Products",628,"Inorganic chemicals",62850,"Hydrides and other anions",2021,1442
6,"Chemical Products",628,"Inorganic chemicals",62851,"Inorganic Compounds",2021,260860
6,"Chemical Products",629,"Organic chemicals",62901,"Acyclic Hydrocarbons",2021,34153644
6,"Chemical Products",629,"Organic chemicals",62902,"Cyclic Hydrocarbons",2021,10692072
6,"Chemical Products",629,"Organic chemicals",62903,"Halogenated Hydrocarbons",2021,235990
6,"Chemical Products",629,"Organic chemicals",62904,"Sulfonated, Nitrated or Nitrosated Hydrocarbons",2021,70373
6,"Chemical Products",629,"Organic chemicals",62905,"Acyclic alcohol derivatives (halogenated, sulphonated, nitrated)",2021,1614886
6,"Chemical Products",629,"Organic chemicals",62906,"Cyclic Alcohols",2021,57750
6,"Chemical Products",629,"Organic chemicals",62907,"Phenols",2021,465481
6,"Chemical Products",629,"Organic chemicals",62909,"Ethers",2021,420250
6,"Chemical Products",629,"Organic chemicals",62910,"Epoxides",2021,30467
6,"Chemical Products",629,"Organic chemicals",62911,"Acetals and Hemiacetals",2021,1521
6,"Chemical Products",629,"Organic chemicals",62912,"Aldehydes, cyclic polymers, and paraformaldehyde",2021,36012
6,"Chemical Products",629,"Organic chemicals",62914,"Ketones and Quinones",2021,486767
6,"Chemical Products",629,"Organic chemicals",62915,"Saturated Acyclic Monocarboxylic Acids",2021,10326707
6,"Chemical Products",629,"Organic chemicals",62916,"Unsaturated Acyclic Monocarboxylic Acids",2021,318497
6,"Chemical Products",629,"Organic chemicals",62917,"Polycarboxylic Acids",2021,1079785
6,"Chemical Products",629,"Organic chemicals",62918,"Carboxylic Acids",2021,506839
6,"Chemical Products",629,"Organic chemicals",62919,"Phosphoric Esters and Salts",2021,10442
6,"Chemical Products",629,"Organic chemicals",62920,"Other Esters",2021,56124
6,"Chemical Products",629,"Organic chemicals",62921,"Amine Compounds",2021,1133552
6,"Chemical Products",629,"Organic chemicals",62922,"Oxygen Amino Compounds",2021,9725947
6,"Chemical Products",629,"Organic chemicals",62923,"Quaternary Ammonium Salts and Hydroxides",2021,198380
6,"Chemical Products",629,"Organic chemicals",62924,"Carboxyamide Compounds",2021,432845
6,"Chemical Products",629,"Organic chemicals",62925,"Carboxyimide Compounds",2021,58403
6,"Chemical Products",629,"Organic chemicals",62926,"Nitrile Compounds",2021,89253
6,"Chemical Products",629,"Organic chemicals",62927,"Diazo, Azo or Aoxy Compounds",2021,182618
6,"Chemical Products",629,"Organic chemicals",62928,"Hydrazine or Hydroxylamine Derivatives",2021,82180
6,"Chemical Products",629,"Organic chemicals",62929,"Other Nitrogen Compounds",2021,633691
6,"Chemical Products",629,"Organic chemicals",62930,"Organo-Sulfur Compounds",2021,12834882
6,"Chemical Products",629,"Organic chemicals",62931,"Other Organo-Inorganic Compounds",2021,2093298
6,"Chemical Products",629,"Organic chemicals",62932,"Oxygen Heterocyclic Compounds",2021,2719513
6,"Chemical Products",629,"Organic chemicals",62933,"Nitrogen Heterocyclic Compounds",2021,19032732
6,"Chemical Products",629,"Organic chemicals",62934,"Nucleic Acids",2021,11931349
6,"Chemical Products",629,"Organic chemicals",62935,"Sulfonamides",2021,5481065
6,"Chemical Products",629,"Organic chemicals",62936,"Vitamins",2021,741555
6,"Chemical Products",629,"Organic chemicals",62937,"Hormones",2021,4101375
6,"Chemical Products",629,"Organic chemicals",62938,"Glycosides",2021,52067
6,"Chemical Products",629,"Organic chemicals",62939,"Vegetable Alkaloids",2021,1281878
6,"Chemical Products",629,"Organic chemicals",62940,"Chemically Pure Sugars",2021,68050
6,"Chemical Products",629,"Organic chemicals",62941,"Antibiotics",2021,53899218
6,"Chemical Products",629,"Organic chemicals",62942,"Other Organic Compounds",2021,620010
6,"Chemical Products",630,"Pharmaceutical products",63001,"Glands and Other Organs",2021,1266737
6,"Chemical Products",630,"Pharmaceutical products",63002,"Vaccines, blood, antisera, toxins and cultures",2021,324130520
6,"Chemical Products",630,"Pharmaceutical products",63003,"Unpackaged Medicaments",2021,27306633.999999996
6,"Chemical Products",630,"Pharmaceutical products",63004,"Packaged Medicaments",2021,762907158
6,"Chemical Products",630,"Pharmaceutical products",63005,"Bandages",2021,1745430
6,"Chemical Products",630,"Pharmaceutical products",63006,"Special Pharmaceuticals",2021,3914391
6,"Chemical Products",631,"Fertilizers",63101,"Animal or Vegetable Fertilizers",2021,659712
6,"Chemical Products",631,"Fertilizers",63102,"Nitrogenous Fertilizers",2021,188021721
6,"Chemical Products",631,"Fertilizers",63103,"Phosphatic Fertilizers",2021,632737
6,"Chemical Products",631,"Fertilizers",63104,"Potassic Fertilizers",2021,657372
6,"Chemical Products",631,"Fertilizers",63105,"Mixed Mineral or Chemical Fertilizers",2021,39507597
6,"Chemical Products",632,"Paints, dyes, & varnishes",63201,"Vegetable Tanning Extracts",2021,13824
6,"Chemical Products",632,"Paints, dyes, & varnishes",63202,"Synthetic Tanning Extracts",2021,1265
6,"Chemical Products",632,"Paints, dyes, & varnishes",63203,"Vegetable or Animal Dyes",2021,199078
6,"Chemical Products",632,"Paints, dyes, & varnishes",63204,"Synthetic Coloring Matter",2021,3551984
6,"Chemical Products",632,"Paints, dyes, & varnishes",63205,"Lake Pigments",2021,9441
6,"Chemical Products",632,"Paints, dyes, & varnishes",63206,"Other Coloring Matter",2021,15100881
6,"Chemical Products",632,"Paints, dyes, & varnishes",63207,"Prepared Pigments",2021,544662
6,"Chemical Products",632,"Paints, dyes, & varnishes",63208,"Nonaqueous Paints",2021,32516322
6,"Chemical Products",632,"Paints, dyes, & varnishes",63209,"Aqueous Paints",2021,7337439
6,"Chemical Products",632,"Paints, dyes, & varnishes",63210,"Other Paints",2021,1592326
6,"Chemical Products",632,"Paints, dyes, & varnishes",63211,"Prepared Paint Driers",2021,4282
6,"Chemical Products",632,"Paints, dyes, & varnishes",63212,"Nonaqueous Pigments",2021,382953
6,"Chemical Products",632,"Paints, dyes, & varnishes",63213,"Artistry Paints",2021,394131
6,"Chemical Products",632,"Paints, dyes, & varnishes",63214,"Glaziers Putty",2021,14676018
6,"Chemical Products",632,"Paints, dyes, & varnishes",63215,"Ink",2021,4128490
6,"Chemical Products",633,"Perfumery & cosmetics",63301,"Essential Oils",2021,15752367
6,"Chemical Products",633,"Perfumery & cosmetics",63302,"Scented Mixtures",2021,3722766
6,"Chemical Products",633,"Perfumery & cosmetics",63303,"Perfumes",2021,33239216
6,"Chemical Products",633,"Perfumery & cosmetics",63304,"Beauty Products",2021,78528616
6,"Chemical Products",633,"Perfumery & cosmetics",63305,"Hair Products",2021,18555653
6,"Chemical Products",633,"Perfumery & cosmetics",63306,"Dental Products",2021,4438019
6,"Chemical Products",633,"Perfumery & cosmetics",63307,"Shaving Products",2021,79415517
6,"Chemical Products",634,"Soap, cleaners, candles, dental, modelling pastes",63401,"Soap",2021,11615552
6,"Chemical Products",634,"Soap, cleaners, candles, dental, modelling pastes",63402,"Cleaning Products",2021,49210220
6,"Chemical Products",634,"Soap, cleaners, candles, dental, modelling pastes",63403,"Lubricating Products",2021,2364907
6,"Chemical Products",634,"Soap, cleaners, candles, dental, modelling pastes",63404,"Waxes",2021,222170
6,"Chemical Products",634,"Soap, cleaners, candles, dental, modelling pastes",63405,"Polishes and Creams",2021,4091375
6,"Chemical Products",634,"Soap, cleaners, candles, dental, modelling pastes",63406,"Candles",2021,2290546
6,"Chemical Products",634,"Soap, cleaners, candles, dental, modelling pastes",63407,"Pastes and Waxes",2021,369378
6,"Chemical Products",635,"Glues, starches, & albuminoid products",63501,"Casein",2021,769205
6,"Chemical Products",635,"Glues, starches, & albuminoid products",63502,"Water Soluble Proteins",2021,897209
6,"Chemical Products",635,"Glues, starches, & albuminoid products",63503,"Gelatin",2021,1946563
6,"Chemical Products",635,"Glues, starches, & albuminoid products",63504,"Peptones",2021,728124
6,"Chemical Products",635,"Glues, starches, & albuminoid products",63505,"Dextrins",2021,357432
6,"Chemical Products",635,"Glues, starches, & albuminoid products",63506,"Glues",2021,2464685
6,"Chemical Products",635,"Glues, starches, & albuminoid products",63507,"Enzymes",2021,1020117
6,"Chemical Products",636,"Explosives, matches, & fireworks",63601,"Propellant Powders",2021,32873
6,"Chemical Products",636,"Explosives, matches, & fireworks",63602,"Prepared Explosives",2021,3302280
6,"Chemical Products",636,"Explosives, matches, & fireworks",63603,"Detonating Fuses",2021,7304429
6,"Chemical Products",636,"Explosives, matches, & fireworks",63604,"Fireworks",2021,2285833
6,"Chemical Products",636,"Explosives, matches, & fireworks",63605,"Matches",2021,5647
6,"Chemical Products",636,"Explosives, matches, & fireworks",63606,"Pyrophoric Alloys",2021,8067157
6,"Chemical Products",637,"Photo & movie goods",63701,"Photographic Plates",2021,908614
6,"Chemical Products",637,"Photo & movie goods",63702,"Photographic Film",2021,1059311
6,"Chemical Products",637,"Photo & movie goods",63703,"Photographic Paper",2021,626247
6,"Chemical Products",637,"Photo & movie goods",63704,"Undeveloped Exposed Photographic Material",2021,77
6,"Chemical Products",637,"Photo & movie goods",63705,"Developed Exposed Photographic Material",2021,122399
6,"Chemical Products",637,"Photo & movie goods",63706,"Motion-picture film, exposed and developed",2021,7677.999999999999
6,"Chemical Products",637,"Photo & movie goods",63707,"Photographic Chemicals",2021,430503
6,"Chemical Products",638,"Chemical products n.e.s.",63801,"Artificial Graphite",2021,172072
6,"Chemical Products",638,"Chemical products n.e.s.",63802,"Activated Carbon",2021,276397
6,"Chemical Products",638,"Chemical products n.e.s.",63803,"Tall Oil",2021,127
6,"Chemical Products",638,"Chemical products n.e.s.",63804,"Wood Pulp Lyes",2021,67998
6,"Chemical Products",638,"Chemical products n.e.s.",63805,"Turpentine",2021,489
6,"Chemical Products",638,"Chemical products n.e.s.",63806,"Rosin",2021,36111
6,"Chemical Products",638,"Chemical products n.e.s.",63807,"Wood Tar, Oils and Pitch",2021,7774
6,"Chemical Products",638,"Chemical products n.e.s.",63808,"Pesticides",2021,21115514
6,"Chemical Products",638,"Chemical products n.e.s.",63809,"Dyeing Finishing Agents",2021,12514658
6,"Chemical Products",638,"Chemical products n.e.s.",63810,"Metal Pickling Preparations",2021,128698
6,"Chemical Products",638,"Chemical products n.e.s.",63811,"Antiknock",2021,3456041
6,"Chemical Products",638,"Chemical products n.e.s.",63812,"Prepared Rubber Accelerators",2021,510894
6,"Chemical Products",638,"Chemical products n.e.s.",63813,"Fire Extinguishers Preparations",2021,264023
6,"Chemical Products",638,"Chemical products n.e.s.",63814,"Organic Composite Solvents",2021,1982478
6,"Chemical Products",638,"Chemical products n.e.s.",63815,"Reaction and Catalytic Products",2021,8532238
6,"Chemical Products",638,"Chemical products n.e.s.",63816,"Refractory Cements",2021,6144291
6,"Chemical Products",638,"Chemical products n.e.s.",63817,"Alkylbenzenes and Alkylnaphthalenes",2021,1128
6,"Chemical Products",638,"Chemical products n.e.s.",63818,"Disc Chemicals for Electronics",2021,3106
6,"Chemical Products",638,"Chemical products n.e.s.",63819,"Hydraulic Brake Fluid",2021,207140
6,"Chemical Products",638,"Chemical products n.e.s.",63820,"Antifreeze",2021,8654695
6,"Chemical Products",638,"Chemical products n.e.s.",63821,"Micro-Organism Culture Preparations",2021,535891
6,"Chemical Products",638,"Chemical products n.e.s.",63822,"Laboratory Reagents",2021,12501321
6,"Chemical Products",638,"Chemical products n.e.s.",63823,"Industrial Fatty Acids, Oils and Alcohols",2021,38300903
7,"Plastics and Rubbers",739,"Plastics & articles thereof",73901,"Ethylene Polymers",2021,10075146
7,"Plastics and Rubbers",739,"Plastics & articles thereof",73902,"Propylene Polymers",2021,23104405
7,"Plastics and Rubbers",739,"Plastics & articles thereof",73903,"Styrene Polymers",2021,5468808
7,"Plastics and Rubbers",739,"Plastics & articles thereof",73904,"Vinyl Chloride Polymers",2021,1956124
7,"Plastics and Rubbers",739,"Plastics & articles thereof",73905,"Other Vinyl Polymers",2021,1004666.9999999999
7,"Plastics and Rubbers",739,"Plastics & articles thereof",73906,"Acrylic Polymers",2021,6222505
7,"Plastics and Rubbers",739,"Plastics & articles thereof",73907,"Polyacetals",2021,37939281
7,"Plastics and Rubbers",739,"Plastics & articles thereof",73908,"Polyamides",2021,1208458
7,"Plastics and Rubbers",739,"Plastics & articles thereof",73909,"Amino-resins",2021,2215823
7,"Plastics and Rubbers",739,"Plastics & articles thereof",73910,"Silicone",2021,787659
7,"Plastics and Rubbers",739,"Plastics & articles thereof",73911,"Petroleum Resins",2021,7452745
7,"Plastics and Rubbers",739,"Plastics & articles thereof",73912,"Cellulose",2021,645599
7,"Plastics and Rubbers",739,"Plastics & articles thereof",73913,"Natural Polymers",2021,247423
7,"Plastics and Rubbers",739,"Plastics & articles thereof",73914,"Polymer Ion-Exchangers",2021,437973
7,"Plastics and Rubbers",739,"Plastics & articles thereof",73915,"Scrap Plastic",2021,16027645
7,"Plastics and Rubbers",739,"Plastics & articles thereof",73916,"Monofilament",2021,23547058
7,"Plastics and Rubbers",739,"Plastics & articles thereof",73917,"Plastic Pipes",2021,38100579
7,"Plastics and Rubbers",739,"Plastics & articles thereof",73918,"Plastic Floor Coverings",2021,1101312
7,"Plastics and Rubbers",739,"Plastics & articles thereof",73919,"Self-adhesive Plastics",2021,21100625
7,"Plastics and Rubbers",739,"Plastics & articles thereof",73920,"Raw Plastic Sheeting",2021,157566812
7,"Plastics and Rubbers",739,"Plastics & articles thereof",73921,"Other Plastic Sheetings",2021,38718484
7,"Plastics and Rubbers",739,"Plastics & articles thereof",73922,"Plastic Wash Basins",2021,38777736
7,"Plastics and Rubbers",739,"Plastics & articles thereof",73923,"Plastic Lids",2021,121587098
7,"Plastics and Rubbers",739,"Plastics & articles thereof",73924,"Plastic Housewares",2021,12417454
7,"Plastics and Rubbers",739,"Plastics & articles thereof",73925,"Plastic Building Materials",2021,35693566
7,"Plastics and Rubbers",739,"Plastics & articles thereof",73926,"Other Plastic Products",2021,58912787
7,"Plastics and Rubbers",740,"Rubber & articles thereof",74001,"Rubber",2021,112360
7,"Plastics and Rubbers",740,"Rubber & articles thereof",74002,"Synthetic Rubber",2021,1005759
7,"Plastics and Rubbers",740,"Rubber & articles thereof",74003,"Reclaimed Rubber",2021,3715901
7,"Plastics and Rubbers",740,"Rubber & articles thereof",74004,"Scrap Rubber",2021,2254926
7,"Plastics and Rubbers",740,"Rubber & articles thereof",74005,"Compounded Unvulcanised Rubber",2021,316405
7,"Plastics and Rubbers",740,"Rubber & articles thereof",74006,"Unvulcanised Rubber Products",2021,287107
7,"Plastics and Rubbers",740,"Rubber & articles thereof",74007,"Rubber Thread",2021,19013
7,"Plastics and Rubbers",740,"Rubber & articles thereof",74008,"Rubber Sheets",2021,6756997
7,"Plastics and Rubbers",740,"Rubber & articles thereof",74009,"Rubber Pipes",2021,1639572
7,"Plastics and Rubbers",740,"Rubber & articles thereof",74010,"Rubber Belting",2021,1459145
7,"Plastics and Rubbers",740,"Rubber & articles thereof",74011,"Rubber Tires",2021,27534642
7,"Plastics and Rubbers",740,"Rubber & articles thereof",74012,"Used Rubber Tires",2021,1546861
7,"Plastics and Rubbers",740,"Rubber & articles thereof",74013,"Rubber Inner Tubes",2021,91861
7,"Plastics and Rubbers",740,"Rubber & articles thereof",74014,"Pharmaceutical Rubber Products",2021,1676829
7,"Plastics and Rubbers",740,"Rubber & articles thereof",74015,"Rubber Apparel",2021,7749296
7,"Plastics and Rubbers",740,"Rubber & articles thereof",74016,"Other Rubber Products",2021,47951966
7,"Plastics and Rubbers",740,"Rubber & articles thereof",74017,"Hard Rubber",2021,214475
8,"Animal Hides",841,"Raw hides & skin (non-fur)",84101,"Equine and Bovine Hides",2021,392797
8,"Animal Hides",841,"Raw hides & skin (non-fur)",84102,"Sheep Hides",2021,131637
8,"Animal Hides",841,"Raw hides & skin (non-fur)",84103,"Other Hides and Skins",2021,1
8,"Animal Hides",841,"Raw hides & skin (non-fur)",84104,"Tanned Equine and Bovine Hides",2021,69690307
8,"Animal Hides",841,"Raw hides & skin (non-fur)",84105,"Tanned Sheep Hides",2021,272542
8,"Animal Hides",841,"Raw hides & skin (non-fur)",84106,"Tanned Goat Hides",2021,186273
8,"Animal Hides",841,"Raw hides & skin (non-fur)",84107,"Leather of Other Animals",2021,306860
8,"Animal Hides",841,"Raw hides & skin (non-fur)",84108,"Chamois Leather",2021,147092
8,"Animal Hides",841,"Raw hides & skin (non-fur)",84109,"Patent Leather",2021,211097
8,"Animal Hides",841,"Raw hides & skin (non-fur)",84110,"Leather Waste",2021,142786
8,"Animal Hides",841,"Raw hides & skin (non-fur)",84111,"Leather Sheets",2021,57408
8,"Animal Hides",842,"Leather articles",84201,"Saddlery",2021,613516
8,"Animal Hides",842,"Leather articles",84202,"Trunks and Cases",2021,17268127
8,"Animal Hides",842,"Leather articles",84203,"Leather Apparel",2021,4049449
8,"Animal Hides",842,"Leather articles",84205,"Other Leather Articles",2021,107276437
8,"Animal Hides",842,"Leather articles",84206,"Articles of Gut",2021,15952
8,"Animal Hides",843,"Furskins, articifial fur, & articles",84301,"Raw Furskins",2021,15131
8,"Animal Hides",843,"Furskins, articifial fur, & articles",84302,"Tanned Furskins",2021,2824235
8,"Animal Hides",843,"Furskins, articifial fur, & articles",84303,"Furskin Apparel",2021,229871
8,"Animal Hides",843,"Furskins, articifial fur, & articles",84304,"Artificial Fur",2021,41541
9,"Wood Products",944,"Wood, wood articles, & charcoal",94401,"Fuel Wood",2021,77672099
9,"Wood Products",944,"Wood, wood articles, & charcoal",94402,"Wood Charcoal",2021,8729636
9,"Wood Products",944,"Wood, wood articles, & charcoal",94403,"Rough Wood",2021,93720659
9,"Wood Products",944,"Wood, wood articles, & charcoal",94404,"Wood Stakes",2021,1507513
9,"Wood Products",944,"Wood, wood articles, & charcoal",94405,"Wood Wool",2021,15032
9,"Wood Products",944,"Wood, wood articles, & charcoal",94406,"Railroad Ties",2021,654715
9,"Wood Products",944,"Wood, wood articles, & charcoal",94407,"Sawn Wood",2021,456225780
9,"Wood Products",944,"Wood, wood articles, & charcoal",94408,"Veneer Sheets",2021,104773124
9,"Wood Products",944,"Wood, wood articles, & charcoal",94409,"Shaped Wood",2021,65355998
9,"Wood Products",944,"Wood, wood articles, & charcoal",94410,"Particle Board",2021,56851222
9,"Wood Products",944,"Wood, wood articles, & charcoal",94411,"Wood Fiberboard",2021,16075567
9,"Wood Products",944,"Wood, wood articles, & charcoal",94412,"Plywood",2021,13087417
9,"Wood Products",944,"Wood, wood articles, & charcoal",94413,"Densified Wood",2021,32270246
9,"Wood Products",944,"Wood, wood articles, & charcoal",94414,"Wood Frames",2021,61529
9,"Wood Products",944,"Wood, wood articles, & charcoal",94415,"Wood Crates",2021,19553565
9,"Wood Products",944,"Wood, wood articles, & charcoal",94416,"Wood Barrels",2021,1608953
9,"Wood Products",944,"Wood, wood articles, & charcoal",94417,"Wooden Tool Handles",2021,658259
9,"Wood Products",944,"Wood, wood articles, & charcoal",94418,"Wood Carpentry",2021,111708406
9,"Wood Products",944,"Wood, wood articles, & charcoal",94419,"Wood Kitchenware",2021,2832757
9,"Wood Products",944,"Wood, wood articles, & charcoal",94420,"Wood Ornaments",2021,242562
9,"Wood Products",944,"Wood, wood articles, & charcoal",94421,"Other Wood Articles",2021,54101627
9,"Wood Products",945,"Cork & cork articles",94501,"Raw Cork",2021,3018
9,"Wood Products",945,"Cork & cork articles",94502,"Debacked Cork",2021,41017
9,"Wood Products",945,"Cork & cork articles",94503,"Natural Cork Articles",2021,74737
9,"Wood Products",945,"Cork & cork articles",94504,"Agglomerated Cork",2021,54495
9,"Wood Products",946,"Straw & esparto manufactures",94601,"Plaiting Products",2021,52130
9,"Wood Products",946,"Straw & esparto manufactures",94602,"Basketwork",2021,307474
10,"Paper Goods",1047,"Wood pulp & paper scrap",104701,"Mechanical Wood Pulp",2021,19484459
10,"Paper Goods",1047,"Wood pulp & paper scrap",104703,"Sulfate Chemical Woodpulp",2021,139418
10,"Paper Goods",1047,"Wood pulp & paper scrap",104704,"Sulfite Chemical Woodpulp",2021,11529
10,"Paper Goods",1047,"Wood pulp & paper scrap",104705,"Semi chemical Woodpulp",2021,106196
10,"Paper Goods",1047,"Wood pulp & paper scrap",104706,"Recovered Paper Pulp",2021,18504
10,"Paper Goods",1047,"Wood pulp & paper scrap",104707,"Recovered Paper",2021,43443095
10,"Paper Goods",1048,"Paper articles",104801,"Newsprint",2021,1034879
10,"Paper Goods",1048,"Paper articles",104802,"Uncoated Paper",2021,2051046
10,"Paper Goods",1048,"Paper articles",104803,"Tissue",2021,3352006
10,"Paper Goods",1048,"Paper articles",104804,"Kraft Paper",2021,5552543
10,"Paper Goods",1048,"Paper articles",104805,"Other Uncoated Paper",2021,97083167
10,"Paper Goods",1048,"Paper articles",104806,"Vegetable Parchment",2021,702575
10,"Paper Goods",1048,"Paper articles",104807,"Composite Paper",2021,609725
10,"Paper Goods",1048,"Paper articles",104808,"Corrugated Paper",2021,24400398
10,"Paper Goods",1048,"Paper articles",104809,"Carbon Paper",2021,536044
10,"Paper Goods",1048,"Paper articles",104810,"Kaolin Coated Paper",2021,5044174
10,"Paper Goods",1048,"Paper articles",104811,"Cellulose Fibers Paper",2021,20634743
10,"Paper Goods",1048,"Paper articles",104812,"Paper Pulp Filter Blocks",2021,29064
10,"Paper Goods",1048,"Paper articles",104813,"Cigarette Paper",2021,1382780
10,"Paper Goods",1048,"Paper articles",104814,"Wallpaper",2021,108245
10,"Paper Goods",1048,"Paper articles",104816,"Other Carbon Paper",2021,289201
10,"Paper Goods",1048,"Paper articles",104817,"Letter Stock",2021,3763070
10,"Paper Goods",1048,"Paper articles",104818,"Toilet Paper",2021,25161929
10,"Paper Goods",1048,"Paper articles",104819,"Paper Containers",2021,134426444
10,"Paper Goods",1048,"Paper articles",104820,"Paper Notebooks",2021,7625519
10,"Paper Goods",1048,"Paper articles",104821,"Paper Labels",2021,14566431
10,"Paper Goods",1048,"Paper articles",104822,"Paper Spools",2021,2212092
10,"Paper Goods",1048,"Paper articles",104823,"Shaped Paper",2021,36605640
10,"Paper Goods",1049,"Books, newspapers, & other prints",104901,"Brochures",2021,26798426
10,"Paper Goods",1049,"Books, newspapers, & other prints",104902,"Newspapers",2021,10476982
10,"Paper Goods",1049,"Books, newspapers, & other prints",104903,"Children's Picture Books",2021,894492
10,"Paper Goods",1049,"Books, newspapers, & other prints",104904,"Sheet Music",2021,615179
10,"Paper Goods",1049,"Books, newspapers, & other prints",104905,"Maps",2021,68586
10,"Paper Goods",1049,"Books, newspapers, & other prints",104906,"Architectural Plans",2021,18042
10,"Paper Goods",1049,"Books, newspapers, & other prints",104907,"Documents of title (bonds etc) and unused stamps",2021,105979
10,"Paper Goods",1049,"Books, newspapers, & other prints",104908,"Decals",2021,190640
10,"Paper Goods",1049,"Books, newspapers, & other prints",104909,"Postcards",2021,107674.99999999999
10,"Paper Goods",1049,"Books, newspapers, & other prints",104910,"Calendars",2021,419670
10,"Paper Goods",1049,"Books, newspapers, & other prints",104911,"Other Printed Material",2021,28674115
11,"Textiles",1150,"Silk",115002,"Raw Silk",2021,4124
11,"Textiles",1150,"Silk",115003,"Silk Waste",2021,1989
11,"Textiles",1150,"Silk",115004,"Non-Retail Silk Yarn",2021,13434
11,"Textiles",1150,"Silk",115006,"Retail Silk Yarn",2021,70
11,"Textiles",1150,"Silk",115007,"Silk Fabrics",2021,57355
11,"Textiles",1151,"Wool & animal hair",115101,"Wool",2021,122337
11,"Textiles",1151,"Wool & animal hair",115102,"Animal Hair",2021,9411
11,"Textiles",1151,"Wool & animal hair",115103,"Wool or Animal Hair Waste",2021,9044
11,"Textiles",1151,"Wool & animal hair",115105,"Prepared Wool or Animal Hair",2021,26794
11,"Textiles",1151,"Wool & animal hair",115106,"Non-Retail Carded Wool Yarn",2021,5914072
11,"Textiles",1151,"Wool & animal hair",115107,"Non-Retail Combed Wool Yarn",2021,542688
11,"Textiles",1151,"Wool & animal hair",115108,"Non-Retail Animal Hair Yarn",2021,470879
11,"Textiles",1151,"Wool & animal hair",115109,"Retail Wool or Animal Hair Yarn",2021,52903
11,"Textiles",1151,"Wool & animal hair",115111,"Carded Wool or Animal Hair Fabric",2021,63723
11,"Textiles",1151,"Wool & animal hair",115112,"Combed Wool or Animal Hair Fabric",2021,408601
11,"Textiles",1152,"Cotton",115201,"Raw Cotton",2021,1013
11,"Textiles",1152,"Cotton",115202,"Cotton Waste",2021,18457
11,"Textiles",1152,"Cotton",115203,"Prepared Cotton",2021,1551
11,"Textiles",1152,"Cotton",115204,"Cotton Sewing Thread",2021,189258.99999999997
11,"Textiles",1152,"Cotton",115205,"Non-Retail Pure Cotton Yarn",2021,1805841
11,"Textiles",1152,"Cotton",115206,"Non-Retail Mixed Cotton Yarn",2021,382569
11,"Textiles",1152,"Cotton",115207,"Retail Cotton Yarn",2021,2099238
11,"Textiles",1152,"Cotton",115208,"Light Pure Woven Cotton",2021,4811483
11,"Textiles",1152,"Cotton",115209,"Heavy Pure Woven Cotton",2021,577673
11,"Textiles",1152,"Cotton",115210,"Light Mixed Woven Cotton",2021,134094
11,"Textiles",1152,"Cotton",115211,"Heavy Mixed Woven Cotton",2021,2865239
11,"Textiles",1152,"Cotton",115212,"Other Cotton Fabrics",2021,219427.00000000003
11,"Textiles",1153,"Vegetable textile fibers, paper yarn & fabrics",115301,"Flax Fibers",2021,6362
11,"Textiles",1153,"Vegetable textile fibers, paper yarn & fabrics",115302,"Hemp Fibers",2021,437641
11,"Textiles",1153,"Vegetable textile fibers, paper yarn & fabrics",115303,"Jute and Other Textile Fibers",2021,550
11,"Textiles",1153,"Vegetable textile fibers, paper yarn & fabrics",115305,"Coconut and Other Vegetable Fibers",2021,382
11,"Textiles",1153,"Vegetable textile fibers, paper yarn & fabrics",115306,"Flax Yarn",2021,27614
11,"Textiles",1153,"Vegetable textile fibers, paper yarn & fabrics",115307,"Jute Yarn",2021,3906
11,"Textiles",1153,"Vegetable textile fibers, paper yarn & fabrics",115308,"Other Vegetable Fibers Yarn",2021,2783
11,"Textiles",1153,"Vegetable textile fibers, paper yarn & fabrics",115309,"Flax Woven Fabric",2021,72122
11,"Textiles",1153,"Vegetable textile fibers, paper yarn & fabrics",115310,"Jute Woven Fabric",2021,2813
11,"Textiles",1153,"Vegetable textile fibers, paper yarn & fabrics",115311,"Other Vegetable Fibers Fabric",2021,4
11,"Textiles",1154,"Man-made filaments",115401,"Artificial Filament Sewing Thread",2021,478849
11,"Textiles",1154,"Man-made filaments",115402,"Non-Retail Synthetic Filament Yarn",2021,41147196
11,"Textiles",1154,"Man-made filaments",115403,"Non-Retail Artificial Filament Yarn",2021,98842
11,"Textiles",1154,"Man-made filaments",115404,"Synthetic Monofilament",2021,531592
11,"Textiles",1154,"Man-made filaments",115405,"Artificial Monofilament",2021,517
11,"Textiles",1154,"Man-made filaments",115406,"Retail Artificial Filament Yarn",2021,20309
11,"Textiles",1154,"Man-made filaments",115407,"Synthetic Filament Yarn Woven Fabric",2021,4017796
11,"Textiles",1154,"Man-made filaments",115408,"Artificial Filament Yarn Woven Fabric",2021,39601
11,"Textiles",1155,"Man-made staple fibres",115501,"Synthetic Filament Tow",2021,37935
11,"Textiles",1155,"Man-made staple fibres",115502,"Artificial Filament Tow",2021,104371.00000000001
11,"Textiles",1155,"Man-made staple fibres",115503,"Unprocessed Synthetic Staple Fibers",2021,306007
11,"Textiles",1155,"Man-made staple fibres",115504,"Unprocessed Artificial Staple Fibers",2021,25899202.000000004
11,"Textiles",1155,"Man-made staple fibres",115505,"Artificial Fibers Waste",2021,644418
11,"Textiles",1155,"Man-made staple fibres",115506,"Processed Synthetic Staple Fibers",2021,14024
11,"Textiles",1155,"Man-made staple fibres",115507,"Processed Artificial Staple Fibers",2021,4
11,"Textiles",1155,"Man-made staple fibres",115508,"Non-Retail Artificial Staple Fibers Sewing Thread",2021,51246
11,"Textiles",1155,"Man-made staple fibres",115509,"Non-Retail Synthetic Staple Fibers Yarn",2021,8036341
11,"Textiles",1155,"Man-made staple fibres",115510,"Non-Retail Artificial Staple Fibers Yarn",2021,20810363
11,"Textiles",1155,"Man-made staple fibres",115511,"Retail Artificial Staple Fibers Yarn",2021,299210
11,"Textiles",1155,"Man-made staple fibres",115512,"Synthetic Fabrics",2021,609838
11,"Textiles",1155,"Man-made staple fibres",115513,"Light Synthetic Cotton Fabrics",2021,58064
11,"Textiles",1155,"Man-made staple fibres",115514,"Heavy Synthetic Cotton Fabrics",2021,451974
11,"Textiles",1155,"Man-made staple fibres",115515,"Other Synthetic Fabrics",2021,272528
11,"Textiles",1155,"Man-made staple fibres",115516,"Woven Fabric of Synthetic Staple Fibers",2021,39417
11,"Textiles",1156,"Wadding, felt, nonwovens, twin, ropes, & articles thereof",115601,"Wadding",2021,3255020
11,"Textiles",1156,"Wadding, felt, nonwovens, twin, ropes, & articles thereof",115602,"Felt",2021,9429586
11,"Textiles",1156,"Wadding, felt, nonwovens, twin, ropes, & articles thereof",115603,"Non-woven Textiles",2021,4283215
11,"Textiles",1156,"Wadding, felt, nonwovens, twin, ropes, & articles thereof",115604,"Rubber Textiles",2021,308725
11,"Textiles",1156,"Wadding, felt, nonwovens, twin, ropes, & articles thereof",115605,"Metallic Yarn",2021,11003
11,"Textiles",1156,"Wadding, felt, nonwovens, twin, ropes, & articles thereof",115606,"Gimp Yarn",2021,8192936.999999999
11,"Textiles",1156,"Wadding, felt, nonwovens, twin, ropes, & articles thereof",115607,"Twine and Rope",2021,1641336
11,"Textiles",1156,"Wadding, felt, nonwovens, twin, ropes, & articles thereof",115608,"Twine, cordage or rope; knotted netting, made up fishing nets and other made up nets, of textile materials",2021,3803349
11,"Textiles",1156,"Wadding, felt, nonwovens, twin, ropes, & articles thereof",115609,"Other Articles of Twine and Rope",2021,357647
11,"Textiles",1157,"Carpets & textile floor covers",115701,"Knotted Carpets",2021,174969
11,"Textiles",1157,"Carpets & textile floor covers",115702,"Hand-Woven Rugs",2021,245146
11,"Textiles",1157,"Carpets & textile floor covers",115703,"Tufted Carpets",2021,592681
11,"Textiles",1157,"Carpets & textile floor covers",115704,"Felt Carpets",2021,45028
11,"Textiles",1157,"Carpets & textile floor covers",115705,"Other Carpets",2021,326103
11,"Textiles",1158,"Special woven fabrics and tapestries",115801,"Woven Fabrics",2021,3611570
11,"Textiles",1158,"Special woven fabrics and tapestries",115802,"Terry Fabric",2021,4381.000000000001
11,"Textiles",1158,"Special woven fabrics and tapestries",115803,"Gauze",2021,58
11,"Textiles",1158,"Special woven fabrics and tapestries",115804,"Tulles and Net Fabric",2021,347084
11,"Textiles",1158,"Special woven fabrics and tapestries",115805,"Hand-Woven Tapestries",2021,38
11,"Textiles",1158,"Special woven fabrics and tapestries",115806,"Narrow Woven Fabric",2021,11782131
11,"Textiles",1158,"Special woven fabrics and tapestries",115807,"Labels",2021,389240
11,"Textiles",1158,"Special woven fabrics and tapestries",115808,"Ornamental Trimmings",2021,194390
11,"Textiles",1158,"Special woven fabrics and tapestries",115809,"Metallic Fabric",2021,1181
11,"Textiles",1158,"Special woven fabrics and tapestries",115810,"Embroidery",2021,143414
11,"Textiles",1158,"Special woven fabrics and tapestries",115811,"Quilted Textiles",2021,143294
11,"Textiles",1159,"Coated, covered, & laminated fabrics for industrial use",115901,"Gum Coated Textile Fabric",2021,32756
11,"Textiles",1159,"Coated, covered, & laminated fabrics for industrial use",115902,"Polyamide Fabric",2021,15788
11,"Textiles",1159,"Coated, covered, & laminated fabrics for industrial use",115903,"Plastic Coated Textile Fabric",2021,9573955
11,"Textiles",1159,"Coated, covered, & laminated fabrics for industrial use",115904,"Linoleum",2021,28892.000000000004
11,"Textiles",1159,"Coated, covered, & laminated fabrics for industrial use",115905,"Textile Wall Coverings",2021,20036
11,"Textiles",1159,"Coated, covered, & laminated fabrics for industrial use",115906,"Rubber Textile Fabric",2021,455426
11,"Textiles",1159,"Coated, covered, & laminated fabrics for industrial use",115907,"Coated Textile Fabric",2021,67857
11,"Textiles",1159,"Coated, covered, & laminated fabrics for industrial use",115908,"Textile Wicks",2021,39214
11,"Textiles",1159,"Coated, covered, & laminated fabrics for industrial use",115909,"Hose Piping Textiles",2021,872515
11,"Textiles",1159,"Coated, covered, & laminated fabrics for industrial use",115910,"Conveyor Belt Textiles",2021,104656
11,"Textiles",1159,"Coated, covered, & laminated fabrics for industrial use",115911,"Textiles for technical uses",2021,931456
11,"Textiles",1160,"Knitted fabrics",116001,"Pile Fabric",2021,500996
11,"Textiles",1160,"Knitted fabrics",116002,"Light Rubberized Knitted Fabric",2021,7380492
11,"Textiles",1161,"Knitted clothing accesories",116101,"Knit Men's Coats",2021,1158778
11,"Textiles",1161,"Knitted clothing accesories",116102,"Knit Women's Coats",2021,3627886
11,"Textiles",1161,"Knitted clothing accesories",116103,"Knit Men's Suits",2021,7446345
11,"Textiles",1161,"Knitted clothing accesories",116104,"Knit Women's Suits",2021,61533969
11,"Textiles",1161,"Knitted clothing accesories",116105,"Knit Men's Shirts",2021,1585151
11,"Textiles",1161,"Knitted clothing accesories",116106,"Knit Women's Shirts",2021,3497001
11,"Textiles",1161,"Knitted clothing accesories",116107,"Knit Men's Undergarments",2021,10369798
11,"Textiles",1161,"Knitted clothing accesories",116108,"Knit Women's Undergarments",2021,28383456
11,"Textiles",1161,"Knitted clothing accesories",116109,"Knit T-shirts",2021,36724499
11,"Textiles",1161,"Knitted clothing accesories",116110,"Knit Sweaters",2021,91297858
11,"Textiles",1161,"Knitted clothing accesories",116111,"Knit Babies' Garments",2021,2572938
11,"Textiles",1161,"Knitted clothing accesories",116112,"Knit Active Wear",2021,43592767
11,"Textiles",1161,"Knitted clothing accesories",116113,"Garments of Impregnated Fabric",2021,14965272
11,"Textiles",1161,"Knitted clothing accesories",116114,"Other Knit Garments",2021,11479371
11,"Textiles",1161,"Knitted clothing accesories",116115,"Knit Socks and Hosiery",2021,224978851
11,"Textiles",1161,"Knitted clothing accesories",116116,"Knit Gloves",2021,1510278
11,"Textiles",1161,"Knitted clothing accesories",116117,"Other Knit Clothing Accessories",2021,13351493
11,"Textiles",1162,"Non-knitted clothing accesories",116201,"Non-Knit Men's Coats",2021,3474973
11,"Textiles",1162,"Non-knitted clothing accesories",116202,"Non-Knit Women's Coats",2021,4177944
11,"Textiles",1162,"Non-knitted clothing accesories",116203,"Non-Knit Men's Suits",2021,19016458
11,"Textiles",1162,"Non-knitted clothing accesories",116204,"Non-Knit Women's Suits",2021,43562811
11,"Textiles",1162,"Non-knitted clothing accesories",116205,"Non-Knit Men's Shirts",2021,2483035
11,"Textiles",1162,"Non-knitted clothing accesories",116206,"Non-Knit Women's Shirts",2021,4971401
11,"Textiles",1162,"Non-knitted clothing accesories",116207,"Non-Knit Men's Undergarments",2021,495234
11,"Textiles",1162,"Non-knitted clothing accesories",116208,"Non-Knit Women's Undergarments",2021,4402073
11,"Textiles",1162,"Non-knitted clothing accesories",116209,"Non-Knit Babies' Garments",2021,305339
11,"Textiles",1162,"Non-knitted clothing accesories",116210,"Felt or Coated Fabric Garments",2021,7682148
11,"Textiles",1162,"Non-knitted clothing accesories",116211,"Non-Knit Active Wear",2021,16589156
11,"Textiles",1162,"Non-knitted clothing accesories",116212,"Other Women's Undergarments",2021,62422672
11,"Textiles",1162,"Non-knitted clothing accesories",116213,"Handkerchiefs",2021,13646
11,"Textiles",1162,"Non-knitted clothing accesories",116214,"Scarves",2021,635987
11,"Textiles",1162,"Non-knitted clothing accesories",116215,"Neck Ties",2021,70679
11,"Textiles",1162,"Non-knitted clothing accesories",116216,"Non-Knit Gloves",2021,186229
11,"Textiles",1162,"Non-knitted clothing accesories",116217,"Other Non-Knit Clothing Accessories",2021,612054
11,"Textiles",1163,"Used clothes & textile articles",116301,"Blankets",2021,1163029
11,"Textiles",1163,"Used clothes & textile articles",116302,"House Linens",2021,15893069
11,"Textiles",1163,"Used clothes & textile articles",116303,"Window Dressings",2021,1160215
11,"Textiles",1163,"Used clothes & textile articles",116304,"Bedspreads",2021,6185429
11,"Textiles",1163,"Used clothes & textile articles",116305,"Packing Bags",2021,1846231
11,"Textiles",1163,"Used clothes & textile articles",116306,"Awnings, Tents, and Sails",2021,2279219
11,"Textiles",1163,"Used clothes & textile articles",116307,"Other Cloth Articles",2021,16673286
11,"Textiles",1163,"Used clothes & textile articles",116308,"Packaged Sewing Sets",2021,72389
11,"Textiles",1163,"Used clothes & textile articles",116309,"Used Clothing",2021,1459068
11,"Textiles",1163,"Used clothes & textile articles",116310,"Textile Scraps",2021,412824
12,"Footwear and Headwear",1264,"Footwear",126401,"Waterproof Footwear",2021,665115
12,"Footwear and Headwear",1264,"Footwear",126402,"Rubber Footwear",2021,15360191
12,"Footwear and Headwear",1264,"Footwear",126403,"Leather Footwear",2021,199743859
12,"Footwear and Headwear",1264,"Footwear",126404,"Textile Footwear",2021,42926508
12,"Footwear and Headwear",1264,"Footwear",126405,"Other Footwear",2021,7330075
12,"Footwear and Headwear",1264,"Footwear",126406,"Footwear Parts",2021,40689526
12,"Footwear and Headwear",1265,"Headgear",126501,"Hat Forms",2021,305
12,"Footwear and Headwear",1265,"Headgear",126502,"Hat Shapes",2021,415
12,"Footwear and Headwear",1265,"Headgear",126504,"Hats",2021,68061
12,"Footwear and Headwear",1265,"Headgear",126505,"Knitted Hats",2021,4137095
12,"Footwear and Headwear",1265,"Headgear",126506,"Other Headwear",2021,10548696
12,"Footwear and Headwear",1265,"Headgear",126507,"Headbands and Linings",2021,900971.0000000001
12,"Footwear and Headwear",1266,"Umbrellas, walking sticks, & whips",126601,"Umbrellas",2021,11129580
12,"Footwear and Headwear",1266,"Umbrellas, walking sticks, & whips",126602,"Walking Sticks",2021,16835
12,"Footwear and Headwear",1266,"Umbrellas, walking sticks, & whips",126603,"Umbrella and Walking Stick Accessories",2021,3773627.9999999995
12,"Footwear and Headwear",1267,"Feather articles, feathers, artificial flowers, & articles of human hair",126701,"Bird Skins and Feathers",2021,5528
12,"Footwear and Headwear",1267,"Feather articles, feathers, artificial flowers, & articles of human hair",126702,"Artificial Vegetation",2021,229004
12,"Footwear and Headwear",1267,"Feather articles, feathers, artificial flowers, & articles of human hair",126703,"Processed Hair",2021,4544
12,"Footwear and Headwear",1267,"Feather articles, feathers, artificial flowers, & articles of human hair",126704,"Fake Hair",2021,265589
13,"Stone And Glass",1368,"Stone, plaster, cement, asbestos, mica.",136801,"Curbstones",2021,3281551
13,"Stone And Glass",1368,"Stone, plaster, cement, asbestos, mica.",136802,"Building Stone",2021,20495441
13,"Stone And Glass",1368,"Stone, plaster, cement, asbestos, mica.",136803,"Worked Slate",2021,22027
13,"Stone And Glass",1368,"Stone, plaster, cement, asbestos, mica.",136804,"Milling Stones",2021,984034
13,"Stone And Glass",1368,"Stone, plaster, cement, asbestos, mica.",136805,"Abrasive Powder",2021,1369292
13,"Stone And Glass",1368,"Stone, plaster, cement, asbestos, mica.",136806,"Rock Wool",2021,119987464
13,"Stone And Glass",1368,"Stone, plaster, cement, asbestos, mica.",136807,"Asphalt",2021,1871566
13,"Stone And Glass",1368,"Stone, plaster, cement, asbestos, mica.",136808,"Vegetable Fiber",2021,3480822
13,"Stone And Glass",1368,"Stone, plaster, cement, asbestos, mica.",136809,"Plaster Articles",2021,16400971
13,"Stone And Glass",1368,"Stone, plaster, cement, asbestos, mica.",136810,"Cement Articles",2021,16467920
13,"Stone And Glass",1368,"Stone, plaster, cement, asbestos, mica.",136811,"Asbestos Cement Articles",2021,146404
13,"Stone And Glass",1368,"Stone, plaster, cement, asbestos, mica.",136812,"Asbestos Fibres",2021,110866
13,"Stone And Glass",1368,"Stone, plaster, cement, asbestos, mica.",136813,"Friction Material",2021,146744
13,"Stone And Glass",1368,"Stone, plaster, cement, asbestos, mica.",136814,"Processed Mica",2021,64537
13,"Stone And Glass",1368,"Stone, plaster, cement, asbestos, mica.",136815,"Other Stone Articles",2021,2998844
13,"Stone And Glass",1369,"Ceramic products",136901,"Bricks",2021,54900
13,"Stone And Glass",1369,"Ceramic products",136902,"Refractory Bricks",2021,530248
13,"Stone And Glass",1369,"Ceramic products",136903,"Refractory Ceramics",2021,119398
13,"Stone And Glass",1369,"Ceramic products",136904,"Ceramic Bricks",2021,8258585
13,"Stone And Glass",1369,"Ceramic products",136905,"Roofing Tiles",2021,22551363
13,"Stone And Glass",1369,"Ceramic products",136906,"Ceramic Pipes",2021,82246
13,"Stone And Glass",1369,"Ceramic products",136907,"Unglazed Ceramics",2021,5121684
13,"Stone And Glass",1369,"Ceramic products",136909,"Laboratory Ceramic Ware",2021,1701737
13,"Stone And Glass",1369,"Ceramic products",136910,"Bathroom Ceramics",2021,10330633
13,"Stone And Glass",1369,"Ceramic products",136911,"Porcelain Tableware",2021,2156677
13,"Stone And Glass",1369,"Ceramic products",136912,"Ceramic Tableware",2021,1059658
13,"Stone And Glass",1369,"Ceramic products",136913,"Ornamental Ceramics",2021,1629957
13,"Stone And Glass",1369,"Ceramic products",136914,"Other Ceramic Articles",2021,587385
13,"Stone And Glass",1370,"Glass & glassware",137001,"Glass Scraps",2021,469107
13,"Stone And Glass",1370,"Glass & glassware",137002,"Glass Balls",2021,417149
13,"Stone And Glass",1370,"Glass & glassware",137003,"Cast or Rolled Glass",2021,112900
13,"Stone And Glass",1370,"Glass & glassware",137004,"Blown Glass",2021,48042.00000000001
13,"Stone And Glass",1370,"Glass & glassware",137005,"Float Glass",2021,1172415
13,"Stone And Glass",1370,"Glass & glassware",137006,"Glass with Edge Workings",2021,338039
13,"Stone And Glass",1370,"Glass & glassware",137007,"Safety Glass",2021,19837706
13,"Stone And Glass",1370,"Glass & glassware",137008,"Insulating Glass",2021,48752483
13,"Stone And Glass",1370,"Glass & glassware",137009,"Glass Mirrors",2021,1087412
13,"Stone And Glass",1370,"Glass & glassware",137010,"Glass Bottles",2021,146196036
13,"Stone And Glass",1370,"Glass & glassware",137011,"Glass Bulbs",2021,11614
13,"Stone And Glass",1370,"Glass & glassware",137013,"Interior Decorative Glassware",2021,1541965
13,"Stone And Glass",1370,"Glass & glassware",137014,"Signaling Glassware",2021,13414
13,"Stone And Glass",1370,"Glass & glassware",137015,"Eyewear and Clock Glass",2021,15778
13,"Stone And Glass",1370,"Glass & glassware",137016,"Glass Bricks",2021,551706
13,"Stone And Glass",1370,"Glass & glassware",137017,"Laboratory Glassware",2021,15941123
13,"Stone And Glass",1370,"Glass & glassware",137018,"Glass Beads",2021,268713
13,"Stone And Glass",1370,"Glass & glassware",137019,"Glass Fibers",2021,27109358
13,"Stone And Glass",1370,"Glass & glassware",137020,"Other Glass Articles",2021,5139830
14,"Precious Metals",1471,"Precious stones, metals, & pearls",147102,"Diamonds",2021,639460
14,"Precious Metals",1471,"Precious stones, metals, & pearls",147103,"Precious Stones",2021,24633
14,"Precious Metals",1471,"Precious stones, metals, & pearls",147104,"Synthetic Reconstructed Jewellery Stones",2021,1202
14,"Precious Metals",1471,"Precious stones, metals, & pearls",147105,"Precious Stone Dust",2021,121
14,"Precious Metals",1471,"Precious stones, metals, & pearls",147106,"Silver",2021,1145683
14,"Precious Metals",1471,"Precious stones, metals, & pearls",147107,"Silver Clad Metals",2021,8877
14,"Precious Metals",1471,"Precious stones, metals, & pearls",147108,"Gold",2021,85836510
14,"Precious Metals",1471,"Precious stones, metals, & pearls",147109,"Gold Clad Metals",2021,4
14,"Precious Metals",1471,"Precious stones, metals, & pearls",147110,"Platinum",2021,316700
14,"Precious Metals",1471,"Precious stones, metals, & pearls",147111,"Platinum Clad Metals",2021,356
14,"Precious Metals",1471,"Precious stones, metals, & pearls",147112,"Precious Metal Scraps",2021,11902418
14,"Precious Metals",1471,"Precious stones, metals, & pearls",147113,"Jewellery",2021,15360943.999999998
14,"Precious Metals",1471,"Precious stones, metals, & pearls",147114,"Metal-Clad Products",2021,5124192
14,"Precious Metals",1471,"Precious stones, metals, & pearls",147115,"Other Precious Metal Products",2021,17780
14,"Precious Metals",1471,"Precious stones, metals, & pearls",147116,"Pearl Products",2021,59943
14,"Precious Metals",1471,"Precious stones, metals, & pearls",147117,"Imitation Jewellery",2021,1670026
14,"Precious Metals",1471,"Precious stones, metals, & pearls",147118,"Coin",2021,52157
15,"Metals",1572,"Iron & steel",157201,"Pig Iron",2021,249619
15,"Metals",1572,"Iron & steel",157202,"Ferroalloys",2021,399836
15,"Metals",1572,"Iron & steel",157203,"Iron Reductions",2021,51770
15,"Metals",1572,"Iron & steel",157204,"Scrap Iron",2021,291455604
15,"Metals",1572,"Iron & steel",157205,"Iron Powder",2021,677480
15,"Metals",1572,"Iron & steel",157206,"Iron Ingots",2021,22134054
15,"Metals",1572,"Iron & steel",157207,"Semi-Finished Iron",2021,72513598
15,"Metals",1572,"Iron & steel",157208,"Hot-Rolled Iron",2021,11107079
15,"Metals",1572,"Iron & steel",157209,"Cold-Rolled Iron",2021,1991862
15,"Metals",1572,"Iron & steel",157210,"Coated Flat-Rolled Iron",2021,14522809
15,"Metals",1572,"Iron & steel",157211,"Large Flat-Rolled Iron",2021,1760883
15,"Metals",1572,"Iron & steel",157212,"Large Coated Flat-Rolled Iron",2021,1139915
15,"Metals",1572,"Iron & steel",157213,"Hot-Rolled Iron Bars",2021,3655625
15,"Metals",1572,"Iron & steel",157214,"Raw Iron Bars",2021,10733702
15,"Metals",1572,"Iron & steel",157215,"Other Iron Bars",2021,2006138
15,"Metals",1572,"Iron & steel",157216,"Iron Blocks",2021,18037863
15,"Metals",1572,"Iron & steel",157217,"Iron Wire",2021,8121042.999999999
15,"Metals",1572,"Iron & steel",157218,"Stainless Steel Ingots",2021,280395
15,"Metals",1572,"Iron & steel",157219,"Large Flat-Rolled Stainless Steel",2021,1169561
15,"Metals",1572,"Iron & steel",157220,"Flat-Rolled Stainless Steel",2021,1410807
15,"Metals",1572,"Iron & steel",157221,"Hot-Rolled Stainless Steel Bars",2021,44220
15,"Metals",1572,"Iron & steel",157222,"Other Stainless Steel Bars",2021,906699
15,"Metals",1572,"Iron & steel",157223,"Stainless Steel Wire",2021,883489
15,"Metals",1572,"Iron & steel",157224,"Steel Ingots",2021,30395148.000000004
15,"Metals",1572,"Iron & steel",157225,"Flat Flat-Rolled Steel",2021,1809272.9999999998
15,"Metals",1572,"Iron & steel",157226,"Flat-Rolled Iron",2021,429074
15,"Metals",1572,"Iron & steel",157227,"Steel Bars",2021,51975
15,"Metals",1572,"Iron & steel",157228,"Other Steel Bars",2021,2133931
15,"Metals",1572,"Iron & steel",157229,"Steel Wire",2021,3099033
15,"Metals",1573,"Iron/Steel Articles",157301,"Iron Sheet Piling",2021,1356301
15,"Metals",1573,"Iron/Steel Articles",157302,"Iron Railway Products",2021,143795
15,"Metals",1573,"Iron/Steel Articles",157303,"Cast Iron Pipes",2021,5520604
15,"Metals",1573,"Iron/Steel Articles",157304,"Iron Pipes",2021,12926110
15,"Metals",1573,"Iron/Steel Articles",157305,"Other Large Iron Pipes",2021,1102635
15,"Metals",1573,"Iron/Steel Articles",157306,"Other Small Iron Pipes",2021,16797159
15,"Metals",1573,"Iron/Steel Articles",157307,"Iron Pipe Fittings",2021,35695189
15,"Metals",1573,"Iron/Steel Articles",157308,"Iron Structures",2021,156289466
15,"Metals",1573,"Iron/Steel Articles",157309,"Large Iron Containers",2021,25523780
15,"Metals",1573,"Iron/Steel Articles",157310,"Small Iron Containers",2021,20979231
15,"Metals",1573,"Iron/Steel Articles",157311,"Iron Gas Containers",2021,3993980
15,"Metals",1573,"Iron/Steel Articles",157312,"Stranded Iron Wire",2021,5145448
15,"Metals",1573,"Iron/Steel Articles",157313,"Barbed Wire",2021,58031
15,"Metals",1573,"Iron/Steel Articles",157314,"Iron Cloth",2021,16948630
15,"Metals",1573,"Iron/Steel Articles",157315,"Iron Chains",2021,1706105
15,"Metals",1573,"Iron/Steel Articles",157316,"Iron Anchors",2021,175621
15,"Metals",1573,"Iron/Steel Articles",157317,"Iron Nails",2021,2557870
15,"Metals",1573,"Iron/Steel Articles",157318,"Iron Fasteners",2021,43761920
15,"Metals",1573,"Iron/Steel Articles",157319,"Iron Sewing Needles",2021,23181
15,"Metals",1573,"Iron/Steel Articles",157320,"Iron Springs",2021,25687722
15,"Metals",1573,"Iron/Steel Articles",157321,"Iron Stovetops",2021,70013762
15,"Metals",1573,"Iron/Steel Articles",157322,"Iron Radiators",2021,4720591
15,"Metals",1573,"Iron/Steel Articles",157323,"Iron Housewares",2021,3412974
15,"Metals",1573,"Iron/Steel Articles",157324,"Iron Toiletry",2021,1578598
15,"Metals",1573,"Iron/Steel Articles",157325,"Other Cast Iron Products",2021,13258418
15,"Metals",1573,"Iron/Steel Articles",157326,"Other Iron Products",2021,177466586
15,"Metals",1574,"Copper articles",157402,"Raw Copper",2021,1018.0000000000001
15,"Metals",1574,"Copper articles",157403,"Refined Copper",2021,4351908
15,"Metals",1574,"Copper articles",157404,"Scrap Copper",2021,51036518
15,"Metals",1574,"Copper articles",157405,"Copper Alloys",2021,7960
15,"Metals",1574,"Copper articles",157406,"Copper Powder",2021,22093
15,"Metals",1574,"Copper articles",157407,"Copper Bars",2021,910835
15,"Metals",1574,"Copper articles",157408,"Copper Wire",2021,6666947
15,"Metals",1574,"Copper articles",157409,"Copper Plating",2021,500290
15,"Metals",1574,"Copper articles",157410,"Copper Foil",2021,272567
15,"Metals",1574,"Copper articles",157411,"Copper Pipes",2021,1725060
15,"Metals",1574,"Copper articles",157412,"Copper Pipe Fittings",2021,831613
15,"Metals",1574,"Copper articles",157413,"Stranded Copper Wire",2021,832774
15,"Metals",1574,"Copper articles",157415,"Copper Fasteners",2021,1061498
15,"Metals",1574,"Copper articles",157418,"Copper Housewares",2021,173758
15,"Metals",1574,"Copper articles",157419,"Other Copper Products",2021,3323883
15,"Metals",1575,"Nickel articles",157502,"Raw Nickel",2021,266830
15,"Metals",1575,"Nickel articles",157503,"Scrap Nickel",2021,928285
15,"Metals",1575,"Nickel articles",157504,"Nickel Powder",2021,322917
15,"Metals",1575,"Nickel articles",157505,"Nickel Bars",2021,99125
15,"Metals",1575,"Nickel articles",157506,"Nickel Sheets",2021,206747
15,"Metals",1575,"Nickel articles",157507,"Nickel Pipes",2021,6374
15,"Metals",1575,"Nickel articles",157508,"Other Nickel Products",2021,600526
15,"Metals",1576,"Aluminum articles",157601,"Raw Aluminium",2021,6351098
15,"Metals",1576,"Aluminum articles",157602,"Scrap Aluminium",2021,73136555
15,"Metals",1576,"Aluminum articles",157603,"Aluminium Powder",2021,171066.99999999997
15,"Metals",1576,"Aluminum articles",157604,"Aluminium Bars",2021,12984601
15,"Metals",1576,"Aluminum articles",157605,"Aluminium Wire",2021,336138
15,"Metals",1576,"Aluminum articles",157606,"Aluminium Plating",2021,265990714
15,"Metals",1576,"Aluminum articles",157607,"Aluminium Foil",2021,164427494
15,"Metals",1576,"Aluminum articles",157608,"Aluminium Pipes",2021,1110092
15,"Metals",1576,"Aluminum articles",157609,"Aluminium Pipe Fittings",2021,165692
15,"Metals",1576,"Aluminum articles",157610,"Aluminium Structures",2021,37733653
15,"Metals",1576,"Aluminum articles",157611,"Large Aluminium Containers",2021,65553
15,"Metals",1576,"Aluminum articles",157612,"Aluminium Cans",2021,46647970
15,"Metals",1576,"Aluminum articles",157613,"Aluminium Gas Containers",2021,124503.99999999999
15,"Metals",1576,"Aluminum articles",157614,"Stranded Aluminium Wire",2021,735689
15,"Metals",1576,"Aluminum articles",157615,"Aluminium Housewares",2021,1797756
15,"Metals",1576,"Aluminum articles",157616,"Other Aluminium Products",2021,61339048
15,"Metals",1578,"Lead articles",157801,"Raw Lead",2021,12287693
15,"Metals",1578,"Lead articles",157802,"Scrap Lead",2021,1474379
15,"Metals",1578,"Lead articles",157804,"Lead Sheets",2021,202796
15,"Metals",1578,"Lead articles",157806,"Other Lead Products",2021,62348
15,"Metals",1579,"Zinc articles",157901,"Raw Zinc",2021,313382
15,"Metals",1579,"Zinc articles",157902,"Scrap Waste",2021,1222441
15,"Metals",1579,"Zinc articles",157903,"Zinc Powder",2021,415235
15,"Metals",1579,"Zinc articles",157904,"Zinc Bars",2021,58301
15,"Metals",1579,"Zinc articles",157905,"Zinc Sheets",2021,98544
15,"Metals",1579,"Zinc articles",157907,"Other Zinc Products",2021,261462
15,"Metals",1580,"Tin articles",158001,"Raw Tin",2021,81
15,"Metals",1580,"Tin articles",158002,"Scrap Tin",2021,99423
15,"Metals",1580,"Tin articles",158003,"Tin Bars",2021,5307
15,"Metals",1580,"Tin articles",158007,"Other Tin Products",2021,63010
15,"Metals",1581,"Cermet articles",158101,"Tungsten",2021,241175.99999999997
15,"Metals",1581,"Cermet articles",158102,"Molybdenum",2021,124
15,"Metals",1581,"Cermet articles",158103,"Tantalum",2021,5166.000000000001
15,"Metals",1581,"Cermet articles",158104,"Magnesium",2021,8266167
15,"Metals",1581,"Cermet articles",158105,"Cobalt",2021,93727
15,"Metals",1581,"Cermet articles",158106,"Bismuth",2021,13.999999999999998
15,"Metals",1581,"Cermet articles",158108,"Titanium",2021,297038
15,"Metals",1581,"Cermet articles",158109,"Zirconium",2021,262424
15,"Metals",1581,"Cermet articles",158110,"Antimony",2021,608
15,"Metals",1581,"Cermet articles",158111,"Manganese",2021,2140
15,"Metals",1581,"Cermet articles",158112,"Other Metals",2021,270242
15,"Metals",1581,"Cermet articles",158113,"Cermets",2021,28632
15,"Metals",1582,"Tools & cutlery",158201,"Garden Tools",2021,1348052
15,"Metals",1582,"Tools & cutlery",158202,"Hand Saws",2021,2427426
15,"Metals",1582,"Tools & cutlery",158203,"Hand Tools",2021,819164
15,"Metals",1582,"Tools & cutlery",158204,"Wrenches",2021,1872964
15,"Metals",1582,"Tools & cutlery",158205,"Other Hand Tools",2021,3080977
15,"Metals",1582,"Tools & cutlery",158206,"Tool Sets",2021,209780
15,"Metals",1582,"Tools & cutlery",158207,"Interchangeable Tool Parts",2021,12250779
15,"Metals",1582,"Tools & cutlery",158208,"Cutting Blades",2021,5451160
15,"Metals",1582,"Tools & cutlery",158209,"Tool Plates",2021,2580271
15,"Metals",1582,"Tools & cutlery",158210,"Cooking Hand Tools",2021,169121
15,"Metals",1582,"Tools & cutlery",158211,"Knives",2021,585009
15,"Metals",1582,"Tools & cutlery",158212,"Razor Blades",2021,335113
15,"Metals",1582,"Tools & cutlery",158213,"Scissors",2021,62651
15,"Metals",1582,"Tools & cutlery",158214,"Other Cutlery",2021,471109
15,"Metals",1582,"Tools & cutlery",158215,"Cutlery Sets",2021,385253
15,"Metals",1583,"Miscellaneous metal products",158301,"Padlocks",2021,2150664
15,"Metals",1583,"Miscellaneous metal products",158302,"Metal Mountings",2021,26659267
15,"Metals",1583,"Miscellaneous metal products",158303,"Safes",2021,427980
15,"Metals",1583,"Miscellaneous metal products",158304,"Filing Cabinets",2021,140662
15,"Metals",1583,"Miscellaneous metal products",158305,"Metal Office Supplies",2021,7728161
15,"Metals",1583,"Miscellaneous metal products",158306,"Bells and Other Metal Ornaments",2021,131336
15,"Metals",1583,"Miscellaneous metal products",158307,"Flexible Metal Tubing",2021,4105417
15,"Metals",1583,"Miscellaneous metal products",158308,"Other Metal Fasteners",2021,3771364
15,"Metals",1583,"Miscellaneous metal products",158309,"Metal Stoppers",2021,6287775
15,"Metals",1583,"Miscellaneous metal products",158310,"Metal Signs",2021,211314
15,"Metals",1583,"Miscellaneous metal products",158311,"Coated Metal Soldering Products",2021,3802832
16,"Machines",1684,"Machinery, mechanical appliances, & parts",168401,"Nuclear Reactors",2021,6418173.999999999
16,"Machines",1684,"Machinery, mechanical appliances, & parts",168402,"Steam Boilers",2021,16788388
16,"Machines",1684,"Machinery, mechanical appliances, & parts",168403,"Central Heating Boilers",2021,44732534
16,"Machines",1684,"Machinery, mechanical appliances, & parts",168404,"Boiler Plants",2021,16848130
16,"Machines",1684,"Machinery, mechanical appliances, & parts",168405,"Water and Gas Generators",2021,4048803
16,"Machines",1684,"Machinery, mechanical appliances, & parts",168406,"Steam Turbines",2021,8112141
16,"Machines",1684,"Machinery, mechanical appliances, & parts",168407,"Spark-Ignition Engines",2021,3234377
16,"Machines",1684,"Machinery, mechanical appliances, & parts",168408,"Combustion Engines",2021,7083608
16,"Machines",1684,"Machinery, mechanical appliances, & parts",168409,"Engine Parts",2021,42555536
16,"Machines",1684,"Machinery, mechanical appliances, & parts",168410,"Hydraulic Turbines",2021,5560262
16,"Machines",1684,"Machinery, mechanical appliances, & parts",168411,"Gas Turbines",2021,88568311
16,"Machines",1684,"Machinery, mechanical appliances, & parts",168412,"Other Engines",2021,12196240
16,"Machines",1684,"Machinery, mechanical appliances, & parts",168413,"Liquid Pumps",2021,15956983
16,"Machines",1684,"Machinery, mechanical appliances, & parts",168414,"Air Pumps",2021,57299061
16,"Machines",1684,"Machinery, mechanical appliances, & parts",168415,"Air Conditioners",2021,59339444
16,"Machines",1684,"Machinery, mechanical appliances, & parts",168416,"Liquid Fuel Furnaces",2021,6835803
16,"Machines",1684,"Machinery, mechanical appliances, & parts",168417,"Industrial Furnaces",2021,5842389
16,"Machines",1684,"Machinery, mechanical appliances, & parts",168418,"Refrigerators",2021,37759066
16,"Machines",1684,"Machinery, mechanical appliances, & parts",168419,"Other Heating Machinery",2021,33022453
16,"Machines",1684,"Machinery, mechanical appliances, & parts",168420,"Rolling Machines",2021,4877043
16,"Machines",1684,"Machinery, mechanical appliances, & parts",168421,"Centrifuges",2021,36703561
16,"Machines",1684,"Machinery, mechanical appliances, & parts",168422,"Washing and Bottling Machines",2021,37049942
16,"Machines",1684,"Machinery, mechanical appliances, & parts",168423,"Scales",2021,1309990
16,"Machines",1684,"Machinery, mechanical appliances, & parts",168424,"Liquid Dispersing Machines",2021,22586033
16,"Machines",1684,"Machinery, mechanical appliances, & parts",168425,"Pulley Systems",2021,9003097
16,"Machines",1684,"Machinery, mechanical appliances, & parts",168426,"Cranes",2021,8029728
16,"Machines",1684,"Machinery, mechanical appliances, & parts",168427,"Fork-Lifts",2021,7493939
16,"Machines",1684,"Machinery, mechanical appliances, & parts",168428,"Lifting Machinery",2021,16935253
16,"Machines",1684,"Machinery, mechanical appliances, & parts",168429,"Large Construction Vehicles",2021,20404630
16,"Machines",1684,"Machinery, mechanical appliances, & parts",168430,"Other Construction Vehicles",2021,4362555
16,"Machines",1684,"Machinery, mechanical appliances, & parts",168431,"Excavation Machinery",2021,79748876
16,"Machines",1684,"Machinery, mechanical appliances, & parts",168432,"Soil Preparation Machinery",2021,27086368
16,"Machines",1684,"Machinery, mechanical appliances, & parts",168433,"Harvesting Machinery",2021,41352445
16,"Machines",1684,"Machinery, mechanical appliances, & parts",168434,"Dairy Machinery",2021,1454005
16,"Machines",1684,"Machinery, mechanical appliances, & parts",168435,"Fruit Pressing Machinery",2021,549157
16,"Machines",1684,"Machinery, mechanical appliances, & parts",168436,"Other Agricultural Machinery",2021,2198566
16,"Machines",1684,"Machinery, mechanical appliances, & parts",168437,"Mill Machinery",2021,870694
16,"Machines",1684,"Machinery, mechanical appliances, & parts",168438,"Industrial Food Preperation Machinery",2021,16216023
16,"Machines",1684,"Machinery, mechanical appliances, & parts",168439,"Papermaking Machines",2021,4319175
16,"Machines",1684,"Machinery, mechanical appliances, & parts",168440,"Book-binding Machines",2021,731367
16,"Machines",1684,"Machinery, mechanical appliances, & parts",168441,"Other Paper Machinery",2021,25993987
16,"Machines",1684,"Machinery, mechanical appliances, & parts",168442,"Print Production Machinery",2021,1393745
16,"Machines",1684,"Machinery, mechanical appliances, & parts",168443,"Industrial Printers",2021,23245556
16,"Machines",1684,"Machinery, mechanical appliances, & parts",168444,"Artificial Textile Machinery",2021,165074
16,"Machines",1684,"Machinery, mechanical appliances, & parts",168445,"Textile Fiber Machinery",2021,354329
16,"Machines",1684,"Machinery, mechanical appliances, & parts",168446,"Looms",2021,4381
16,"Machines",1684,"Machinery, mechanical appliances, & parts",168447,"Knitting Machines",2021,700897
16,"Machines",1684,"Machinery, mechanical appliances, & parts",168448,"Knitting Machine Accessories",2021,1112804
16,"Machines",1684,"Machinery, mechanical appliances, & parts",168449,"Felt Machinery",2021,2414
16,"Machines",1684,"Machinery, mechanical appliances, & parts",168450,"Household Washing Machines",2021,9562541
16,"Machines",1684,"Machinery, mechanical appliances, & parts",168451,"Textile Processing Machines",2021,6603443
16,"Machines",1684,"Machinery, mechanical appliances, & parts",168452,"Sewing Machines",2021,7168720
16,"Machines",1684,"Machinery, mechanical appliances, & parts",168453,"Leather Machinery",2021,640176
16,"Machines",1684,"Machinery, mechanical appliances, & parts",168454,"Casting Machines",2021,1490733
16,"Machines",1684,"Machinery, mechanical appliances, & parts",168455,"Metal-Rolling Mills",2021,1815699
16,"Machines",1684,"Machinery, mechanical appliances, & parts",168456,"Non-Mechanical Removal Machinery",2021,1489638
16,"Machines",1684,"Machinery, mechanical appliances, & parts",168457,"Metalworking Transfer Machines",2021,3743318
16,"Machines",1684,"Machinery, mechanical appliances, & parts",168458,"Metal Lathes",2021,3249452
16,"Machines",1684,"Machinery, mechanical appliances, & parts",168459,"Drilling Machines",2021,7387734
16,"Machines",1684,"Machinery, mechanical appliances, & parts",168460,"Metal Finishing Machines",2021,2139233
16,"Machines",1684,"Machinery, mechanical appliances, & parts",168461,"Metalworking Machines",2021,417826
16,"Machines",1684,"Machinery, mechanical appliances, & parts",168462,"Forging Machines",2021,3238355
16,"Machines",1684,"Machinery, mechanical appliances, & parts",168463,"Other Non-Metal Removal Machinery",2021,3643361
16,"Machines",1684,"Machinery, mechanical appliances, & parts",168464,"Stone Working Machines",2021,625509
16,"Machines",1684,"Machinery, mechanical appliances, & parts",168465,"Woodworking machines",2021,5613410
16,"Machines",1684,"Machinery, mechanical appliances, & parts",168466,"Metalworking Machine Parts",2021,36046904
16,"Machines",1684,"Machinery, mechanical appliances, & parts",168467,"Motor-working Tools",2021,2115316
16,"Machines",1684,"Machinery, mechanical appliances, & parts",168468,"Soldering and Welding Machinery",2021,295448
16,"Machines",1684,"Machinery, mechanical appliances, & parts",168470,"Calculators",2021,1046315
16,"Machines",1684,"Machinery, mechanical appliances, & parts",168471,"Computers",2021,31062062
16,"Machines",1684,"Machinery, mechanical appliances, & parts",168472,"Other Office Machines",2021,925781
16,"Machines",1684,"Machinery, mechanical appliances, & parts",168473,"Office Machine Parts",2021,36011721
16,"Machines",1684,"Machinery, mechanical appliances, & parts",168474,"Stone Processing Machines",2021,36304848
16,"Machines",1684,"Machinery, mechanical appliances, & parts",168475,"Glass Working Machines",2021,9921722
16,"Machines",1684,"Machinery, mechanical appliances, & parts",168476,"Vending Machines",2021,6543339
16,"Machines",1684,"Machinery, mechanical appliances, & parts",168477,"Rubberworking Machinery",2021,109344375
16,"Machines",1684,"Machinery, mechanical appliances, & parts",168478,"Tobacco Processing Machines",2021,1416111.0000000002
16,"Machines",1684,"Machinery, mechanical appliances, & parts",168479,"Machinery Having Individual Functions",2021,132596815
16,"Machines",1684,"Machinery, mechanical appliances, & parts",168480,"Metal Molds",2021,150640489
16,"Machines",1684,"Machinery, mechanical appliances, & parts",168481,"Valves",2021,79944358
16,"Machines",1684,"Machinery, mechanical appliances, & parts",168482,"Ball Bearings",2021,13285954
16,"Machines",1684,"Machinery, mechanical appliances, & parts",168483,"Transmissions",2021,26985187
16,"Machines",1684,"Machinery, mechanical appliances, & parts",168484,"Gaskets",2021,1789575
16,"Machines",1684,"Machinery, mechanical appliances, & parts",168485,"Boat Propellers",2021,32529197.999999996
16,"Machines",1685,"Electrical machinery and electronics",168501,"Electric Motors",2021,31228651
16,"Machines",1685,"Electrical machinery and electronics",168502,"Electric Generating Sets",2021,3373121
16,"Machines",1685,"Electrical machinery and electronics",168503,"Electric Motor Parts",2021,30570065
16,"Machines",1685,"Electrical machinery and electronics",168504,"Electrical Transformers",2021,475631198
16,"Machines",1685,"Electrical machinery and electronics",168505,"Electromagnets",2021,1083839
16,"Machines",1685,"Electrical machinery and electronics",168506,"Batteries",2021,4425287
16,"Machines",1685,"Electrical machinery and electronics",168507,"Electric Batteries",2021,22793100
16,"Machines",1685,"Electrical machinery and electronics",168508,"Vacuum Cleaners",2021,1918642
16,"Machines",1685,"Electrical machinery and electronics",168509,"Other Domestic Electric Housewares",2021,18699519
16,"Machines",1685,"Electrical machinery and electronics",168510,"Hair Trimmers",2021,715286
16,"Machines",1685,"Electrical machinery and electronics",168511,"Electrical Ignitions",2021,36071990
16,"Machines",1685,"Electrical machinery and electronics",168512,"Electrical Lighting and Signalling Equipment",2021,12797699
16,"Machines",1685,"Electrical machinery and electronics",168513,"Portable Lighting",2021,474329
16,"Machines",1685,"Electrical machinery and electronics",168514,"Electric Furnaces",2021,1788126
16,"Machines",1685,"Electrical machinery and electronics",168515,"Electric Soldering Equipment",2021,12109107
16,"Machines",1685,"Electrical machinery and electronics",168516,"Electric Heaters",2021,29515891
16,"Machines",1685,"Electrical machinery and electronics",168517,"Telephones",2021,7979836
16,"Machines",1685,"Electrical machinery and electronics",168518,"Microphones and Headphones",2021,8358748
16,"Machines",1685,"Electrical machinery and electronics",168519,"Sound Recording Equipment",2021,661449
16,"Machines",1685,"Electrical machinery and electronics",168520,"Dictation Machines",2021,658352
16,"Machines",1685,"Electrical machinery and electronics",168521,"Video Recording Equipment",2021,10013561
16,"Machines",1685,"Electrical machinery and electronics",168522,"Audio and Video Recording Accessories",2021,213685
16,"Machines",1685,"Electrical machinery and electronics",168523,"Blank Audio Media",2021,5877191
16,"Machines",1685,"Electrical machinery and electronics",168524,"Sound Recordings",2021,2574329
16,"Machines",1685,"Electrical machinery and electronics",168525,"Broadcasting Equipment",2021,69467439
16,"Machines",1685,"Electrical machinery and electronics",168526,"Navigation Equipment",2021,2070075
16,"Machines",1685,"Electrical machinery and electronics",168527,"Radio Receivers",2021,977172
16,"Machines",1685,"Electrical machinery and electronics",168528,"Video Displays",2021,56980778
16,"Machines",1685,"Electrical machinery and electronics",168529,"Broadcasting Accessories",2021,10278148
16,"Machines",1685,"Electrical machinery and electronics",168530,"Traffic Signals",2021,12117755
16,"Machines",1685,"Electrical machinery and electronics",168531,"Audio Alarms",2021,14732535
16,"Machines",1685,"Electrical machinery and electronics",168532,"Electrical Capacitors",2021,7153822.999999999
16,"Machines",1685,"Electrical machinery and electronics",168533,"Electrical Resistors",2021,219708440
16,"Machines",1685,"Electrical machinery and electronics",168534,"Printed Circuit Boards",2021,2090773
16,"Machines",1685,"Electrical machinery and electronics",168535,"High-voltage Protection Equipment",2021,11238654
16,"Machines",1685,"Electrical machinery and electronics",168536,"Low-voltage Protection Equipment",2021,75411576
16,"Machines",1685,"Electrical machinery and electronics",168537,"Electrical Control Boards",2021,105904529
16,"Machines",1685,"Electrical machinery and electronics",168538,"Electrical Power Accessories",2021,19984234
16,"Machines",1685,"Electrical machinery and electronics",168539,"Electric Filament",2021,5597473
16,"Machines",1685,"Electrical machinery and electronics",168540,"Cathode Tubes",2021,121398
16,"Machines",1685,"Electrical machinery and electronics",168541,"Semiconductor Devices",2021,55468866
16,"Machines",1685,"Electrical machinery and electronics",168542,"Integrated Circuits",2021,11766819
16,"Machines",1685,"Electrical machinery and electronics",168543,"Other Electrical Machinery",2021,53248635
16,"Machines",1685,"Electrical machinery and electronics",168544,"Insulated Wire",2021,357722554
16,"Machines",1685,"Electrical machinery and electronics",168545,"Carbon-based Electronics",2021,618716
16,"Machines",1685,"Electrical machinery and electronics",168546,"Electrical Insulators",2021,1918744
16,"Machines",1685,"Electrical machinery and electronics",168547,"Metal Insulating Fittings",2021,11772835
16,"Machines",1685,"Electrical machinery and electronics",168548,"Electrical Parts",2021,2674425
17,"Transportation",1786,"Railway and trams",178601,"Electric Locomotives",2021,886431
17,"Transportation",1786,"Railway and trams",178602,"Other Locomotives",2021,2018545
17,"Transportation",1786,"Railway and trams",178603,"Self-Propelled Rail Transport",2021,17281515
17,"Transportation",1786,"Railway and trams",178604,"Railway Maintenance Vehicles",2021,26042.999999999996
17,"Transportation",1786,"Railway and trams",178605,"Railway Passenger Cars",2021,21161161
17,"Transportation",1786,"Railway and trams",178606,"Railway Freight Cars",2021,42630792
17,"Transportation",1786,"Railway and trams",178607,"Locomotive Parts",2021,35266231
17,"Transportation",1786,"Railway and trams",178608,"Railway Track Fixtures",2021,25985497.000000004
17,"Transportation",1786,"Railway and trams",178609,"Railway Cargo Containers",2021,10184366
17,"Transportation",1787,"Cars, tractors, trucks & parts thereof.",178701,"Tractors",2021,26363690
17,"Transportation",1787,"Cars, tractors, trucks & parts thereof.",178702,"Buses",2021,6134030
17,"Transportation",1787,"Cars, tractors, trucks & parts thereof.",178703,"Cars",2021,212434715
17,"Transportation",1787,"Cars, tractors, trucks & parts thereof.",178704,"Delivery Trucks",2021,28992899
17,"Transportation",1787,"Cars, tractors, trucks & parts thereof.",178705,"Special purpose motor vehicles",2021,38014879
17,"Transportation",1787,"Cars, tractors, trucks & parts thereof.",178706,"Motor vehicle (8701 to 8705) chassis fitted with engine",2021,2944820
17,"Transportation",1787,"Cars, tractors, trucks & parts thereof.",178707,"Vehicle Bodies (including cabs) for the motor vehicles (8701 to 8705)",2021,2366637
17,"Transportation",1787,"Cars, tractors, trucks & parts thereof.",178708,"Motor vehicles; parts and accessories (8701 to 8705)",2021,272353327
17,"Transportation",1787,"Cars, tractors, trucks & parts thereof.",178709,"Work Trucks",2021,844607
17,"Transportation",1787,"Cars, tractors, trucks & parts thereof.",178710,"Tanks and Armored vehicles",2021,576422
17,"Transportation",1787,"Cars, tractors, trucks & parts thereof.",178711,"Motorcycles and cycles",2021,8633358
17,"Transportation",1787,"Cars, tractors, trucks & parts thereof.",178712,"Bicycles, delivery tricycles, other cycles",2021,4321378
17,"Transportation",1787,"Cars, tractors, trucks & parts thereof.",178713,"Wheelchairs",2021,703760
17,"Transportation",1787,"Cars, tractors, trucks & parts thereof.",178714,"Bi-Wheel Vehicle Parts",2021,2672581
17,"Transportation",1787,"Cars, tractors, trucks & parts thereof.",178715,"Baby Carriages",2021,2009820.0000000002
17,"Transportation",1787,"Cars, tractors, trucks & parts thereof.",178716,"Trailers and semi-trailers, not mechanically propelled vehicles",2021,51281627
17,"Transportation",1788,"Aircraft and Spacecraft",178801,"Non-powered Aircraft",2021,11832
17,"Transportation",1788,"Aircraft and Spacecraft",178802,"Planes, Helicopters, and/or Spacecraft",2021,1380571
17,"Transportation",1788,"Aircraft and Spacecraft",178803,"Aircraft parts (gliders, balloons, and powered aircraft)",2021,15676074.999999998
17,"Transportation",1788,"Aircraft and Spacecraft",178804,"Parachutes",2021,1154201
17,"Transportation",1788,"Aircraft and Spacecraft",178805,"Aircraft Launch Gear",2021,6706
17,"Transportation",1789,"Ships, boats, & floating structures",178901,"Passenger and Cargo Ships",2021,267377830
17,"Transportation",1789,"Ships, boats, & floating structures",178902,"Fishing Ships",2021,10428516
17,"Transportation",1789,"Ships, boats, & floating structures",178903,"Recreational Boats",2021,115642091
17,"Transportation",1789,"Ships, boats, & floating structures",178904,"Tug Boats",2021,466556
17,"Transportation",1789,"Ships, boats, & floating structures",178905,"Special Purpose Ships",2021,193399125
17,"Transportation",1789,"Ships, boats, & floating structures",178906,"Other Sea Vessels",2021,30131822
17,"Transportation",1789,"Ships, boats, & floating structures",178907,"Other Floating Structures",2021,2466304
17,"Transportation",1789,"Ships, boats, & floating structures",178908,"Scrap Vessels",2021,14195573
18,"Instruments",1890,"Optical, photo, & film equipment; medical instruments",189001,"Optical Fibers and optical fibre bundles",2021,7022035
18,"Instruments",1890,"Optical, photo, & film equipment; medical instruments",189002,"Mirrors and Lenses",2021,1144990
18,"Instruments",1890,"Optical, photo, & film equipment; medical instruments",189003,"Eyewear Frames",2021,3153754
18,"Instruments",1890,"Optical, photo, & film equipment; medical instruments",189004,"Eyewear",2021,4987464
18,"Instruments",1890,"Optical, photo, & film equipment; medical instruments",189005,"Binoculars and Telescopes",2021,2720621
18,"Instruments",1890,"Optical, photo, & film equipment; medical instruments",189006,"Cameras",2021,650527
18,"Instruments",1890,"Optical, photo, & film equipment; medical instruments",189007,"Video Cameras",2021,471358
18,"Instruments",1890,"Optical, photo, & film equipment; medical instruments",189008,"Image Projectors",2021,18907
18,"Instruments",1890,"Optical, photo, & film equipment; medical instruments",189009,"Photocopiers",2021,145157
18,"Instruments",1890,"Optical, photo, & film equipment; medical instruments",189010,"Photo Lab Equipment",2021,913902
18,"Instruments",1890,"Optical, photo, & film equipment; medical instruments",189011,"Microscopes",2021,3288285
18,"Instruments",1890,"Optical, photo, & film equipment; medical instruments",189012,"Non-optical Microscopes",2021,210958
18,"Instruments",1890,"Optical, photo, & film equipment; medical instruments",189013,"LCDs",2021,1171324
18,"Instruments",1890,"Optical, photo, & film equipment; medical instruments",189014,"Compasses",2021,3572040
18,"Instruments",1890,"Optical, photo, & film equipment; medical instruments",189015,"Surveying Equipment",2021,1833839
18,"Instruments",1890,"Optical, photo, & film equipment; medical instruments",189016,"Balances",2021,47387
18,"Instruments",1890,"Optical, photo, & film equipment; medical instruments",189017,"Drafting Tools",2021,1266383
18,"Instruments",1890,"Optical, photo, & film equipment; medical instruments",189018,"Medical Instruments",2021,17343867
18,"Instruments",1890,"Optical, photo, & film equipment; medical instruments",189019,"Therapeutic Appliances",2021,13827201
18,"Instruments",1890,"Optical, photo, & film equipment; medical instruments",189020,"Breathing Appliances",2021,270942
18,"Instruments",1890,"Optical, photo, & film equipment; medical instruments",189021,"Orthopedic Appliances",2021,10014794
18,"Instruments",1890,"Optical, photo, & film equipment; medical instruments",189022,"X-Ray Equipment",2021,2815349
18,"Instruments",1890,"Optical, photo, & film equipment; medical instruments",189023,"Instructional Models",2021,1792208
18,"Instruments",1890,"Optical, photo, & film equipment; medical instruments",189024,"Tensile Testing Machines",2021,900840
18,"Instruments",1890,"Optical, photo, & film equipment; medical instruments",189025,"Hydrometers",2021,1412593
18,"Instruments",1890,"Optical, photo, & film equipment; medical instruments",189026,"Gas and Liquid Flow Measuring Instruments",2021,9349123
18,"Instruments",1890,"Optical, photo, & film equipment; medical instruments",189027,"Chemical Analysis Instruments",2021,12901932
18,"Instruments",1890,"Optical, photo, & film equipment; medical instruments",189028,"Utility Meters",2021,2321752
18,"Instruments",1890,"Optical, photo, & film equipment; medical instruments",189029,"Revolution Counters",2021,773431
18,"Instruments",1890,"Optical, photo, & film equipment; medical instruments",189030,"Oscilloscopes",2021,4995113
18,"Instruments",1890,"Optical, photo, & film equipment; medical instruments",189031,"Other Measuring Instruments",2021,12799103
18,"Instruments",1890,"Optical, photo, & film equipment; medical instruments",189032,"Thermostats",2021,106290953
18,"Instruments",1890,"Optical, photo, & film equipment; medical instruments",189033,"Opto-Electric Instrument Parts",2021,6416403
18,"Instruments",1891,"Clocks, watches, & parts",189101,"Precious Metal Watches",2021,9314601
18,"Instruments",1891,"Clocks, watches, & parts",189102,"Base Metal Watches",2021,15504914
18,"Instruments",1891,"Clocks, watches, & parts",189103,"Clocks with Watch Movements",2021,155003
18,"Instruments",1891,"Clocks, watches, & parts",189104,"Dashboard Clocks",2021,10654
18,"Instruments",1891,"Clocks, watches, & parts",189105,"Other Clocks",2021,209818
18,"Instruments",1891,"Clocks, watches, & parts",189106,"Time Recording Instruments",2021,59956
18,"Instruments",1891,"Clocks, watches, & parts",189107,"Time Switches",2021,60095
18,"Instruments",1891,"Clocks, watches, & parts",189108,"Watch Movements",2021,398204
18,"Instruments",1891,"Clocks, watches, & parts",189109,"Clock Movements",2021,7948
18,"Instruments",1891,"Clocks, watches, & parts",189110,"Incomplete Movement Sets",2021,1137
18,"Instruments",1891,"Clocks, watches, & parts",189111,"Watch Cases and Parts",2021,652
18,"Instruments",1891,"Clocks, watches, & parts",189113,"Watch Straps",2021,59196
18,"Instruments",1891,"Clocks, watches, & parts",189114,"Other Clocks and Watches",2021,46418
18,"Instruments",1892,"Musical instruments",189201,"Pianos",2021,9597
18,"Instruments",1892,"Musical instruments",189202,"String Instruments",2021,176065
18,"Instruments",1892,"Musical instruments",189205,"Wind Instruments",2021,267363
18,"Instruments",1892,"Musical instruments",189206,"Percussion",2021,102745
18,"Instruments",1892,"Musical instruments",189207,"Electric Musical Instruments",2021,370775
18,"Instruments",1892,"Musical instruments",189208,"Other Musical Instruments",2021,21211
18,"Instruments",1892,"Musical instruments",189209,"Musical Instrument Parts",2021,4796495
19,"Weapons",1993,"Weapons",199301,"Military Weapons",2021,5004333
19,"Weapons",1993,"Weapons",199302,"Handguns",2021,140192506
19,"Weapons",1993,"Weapons",199303,"Other Firearms",2021,690668
19,"Weapons",1993,"Weapons",199304,"Spring, Air, and Gas Guns",2021,684683
19,"Weapons",1993,"Weapons",199305,"Weapons Parts and Accessories",2021,14094888
19,"Weapons",1993,"Weapons",199306,"Explosive Ammunition",2021,4085244.0000000005
19,"Weapons",1993,"Weapons",199307,"Bladed Weapons and Accessories",2021,879
20,"Miscellaneous",2094,"Furniture, bedding, lamps, & prefab buildings",209401,"Seats",2021,140461835
20,"Miscellaneous",2094,"Furniture, bedding, lamps, & prefab buildings",209402,"Medical Furniture",2021,2526995
20,"Miscellaneous",2094,"Furniture, bedding, lamps, & prefab buildings",209403,"Other Furniture",2021,119182457
20,"Miscellaneous",2094,"Furniture, bedding, lamps, & prefab buildings",209404,"Mattresses",2021,41515339
20,"Miscellaneous",2094,"Furniture, bedding, lamps, & prefab buildings",209405,"Light Fixtures",2021,34121254
20,"Miscellaneous",2094,"Furniture, bedding, lamps, & prefab buildings",209406,"Prefabricated Buildings",2021,173501403
20,"Miscellaneous",2095,"Toys, games, & sports",209503,"Other toys",2021,13802104
20,"Miscellaneous",2095,"Toys, games, & sports",209504,"Video and Card Games",2021,15217867
20,"Miscellaneous",2095,"Toys, games, & sports",209505,"Party Decorations",2021,993453
20,"Miscellaneous",2095,"Toys, games, & sports",209506,"Sports Equipment",2021,9320040
20,"Miscellaneous",2095,"Toys, games, & sports",209507,"Fishing and Hunting Equipment",2021,4098356
20,"Miscellaneous",2095,"Toys, games, & sports",209508,"Fairground Amusements",2021,4150979
20,"Miscellaneous",2096,"Misc. manufactures",209601,"Worked Ivory and Bone",2021,7734
20,"Miscellaneous",2096,"Misc. manufactures",209602,"Vegetable and Mineral Carvings",2021,31293358
20,"Miscellaneous",2096,"Misc. manufactures",209603,"Brooms",2021,3663572
20,"Miscellaneous",2096,"Misc. manufactures",209604,"Hand Sifters",2021,40886
20,"Miscellaneous",2096,"Misc. manufactures",209605,"Travel Kits",2021,16678
20,"Miscellaneous",2096,"Misc. manufactures",209606,"Buttons",2021,430957
20,"Miscellaneous",2096,"Misc. manufactures",209607,"Zippers",2021,1006503
20,"Miscellaneous",2096,"Misc. manufactures",209608,"Pens",2021,2338231
20,"Miscellaneous",2096,"Misc. manufactures",209609,"Pencils and Crayons",2021,446397
20,"Miscellaneous",2096,"Misc. manufactures",209610,"Chalkboards",2021,138565
20,"Miscellaneous",2096,"Misc. manufactures",209611,"Rubber Stamps",2021,59193.99999999999
20,"Miscellaneous",2096,"Misc. manufactures",209612,"Ink Ribbons",2021,569665
20,"Miscellaneous",2096,"Misc. manufactures",209613,"Lighters",2021,1202446
20,"Miscellaneous",2096,"Misc. manufactures",209614,"Smoking Pipes",2021,15502
20,"Miscellaneous",2096,"Misc. manufactures",209615,"Combs",2021,736845
20,"Miscellaneous",2096,"Misc. manufactures",209616,"Scent Sprays",2021,226828
20,"Miscellaneous",2096,"Misc. manufactures",209617,"Vacuum Flask",2021,90076
20,"Miscellaneous",2096,"Misc. manufactures",209618,"Mannequins",2021,258104.00000000003
21,"Arts and Antiques",2197,"Art & antiques",219701,"Paintings",2021,5336308
21,"Arts and Antiques",2197,"Art & antiques",219702,"Prints",2021,31644
21,"Arts and Antiques",2197,"Art & antiques",219703,"Sculptures",2021,3423714.0000000005
21,"Arts and Antiques",2197,"Art & antiques",219704,"Revenue Stamps",2021,2058
21,"Arts and Antiques",2197,"Art & antiques",219705,"Collector's Items",2021,235808
21,"Arts and Antiques",2197,"Art & antiques",219706,"Antiques",2021,32664