Section ID,Section,HS2 ID,HS2,HS4 ID,HS4,Year,Trade Value
1,"Animal Products",101,"Live animals",10101,"Horses",2021,1826
1,"Animal Products",101,"Live animals",10103,"Pigs",2021,55854927
1,"Animal Products",101,"Live animals",10104,"Sheep and Goats",2021,1400641.0000000002
1,"Animal Products",101,"Live animals",10105,"Poultry",2021,413471
1,"Animal Products",101,"Live animals",10106,"Other Animals",2021,7782473
1,"Animal Products",102,"Meat & edible offal",10201,"Bovine Meat",2021,723
1,"Animal Products",102,"Meat & edible offal",10202,"Frozen Bovine Meat",2021,662852
1,"Animal Products",102,"Meat & edible offal",10203,"Pig Meat",2021,308
1,"Animal Products",102,"Meat & edible offal",10206,"Edible Offal",2021,30890
1,"Animal Products",102,"Meat & edible offal",10207,"Poultry Meat",2021,489562
1,"Animal Products",102,"Meat & edible offal",10208,"Other Meat",2021,8913301
1,"Animal Products",102,"Meat & edible offal",10210,"Preserved Meat",2021,3333136
1,"Animal Products",103,"Fish, Crustaceans & Molluscs",10301,"Live Fish",2021,82646966
1,"Animal Products",103,"Fish, Crustaceans & Molluscs",10302,"Non-fillet Fresh Fish",2021,176855027
1,"Animal Products",103,"Fish, Crustaceans & Molluscs",10303,"Non-fillet Frozen Fish",2021,439712032
1,"Animal Products",103,"Fish, Crustaceans & Molluscs",10304,"Fish Fillets",2021,556831215
1,"Animal Products",103,"Fish, Crustaceans & Molluscs",10305,"Dried/Salted/Smoked/Brined Fish",2021,121642791
1,"Animal Products",103,"Fish, Crustaceans & Molluscs",10306,"Crustaceans",2021,1540354199
1,"Animal Products",103,"Fish, Crustaceans & Molluscs",10307,"Molluscs",2021,490429425
1,"Animal Products",104,"Edible products of animal origin, n.e.s.",10401,"Milk",2021,8404194
1,"Animal Products",104,"Edible products of animal origin, n.e.s.",10402,"Concentrated Milk",2021,16073687
1,"Animal Products",104,"Edible products of animal origin, n.e.s.",10403,"Fermented Milk Products",2021,8726821
1,"Animal Products",104,"Edible products of animal origin, n.e.s.",10404,"Whey and other milk products",2021,324249
1,"Animal Products",104,"Edible products of animal origin, n.e.s.",10405,"Butter",2021,4107415
1,"Animal Products",104,"Edible products of animal origin, n.e.s.",10406,"Cheese",2021,8567487
1,"Animal Products",104,"Edible products of animal origin, n.e.s.",10407,"Eggs",2021,856023
1,"Animal Products",104,"Edible products of animal origin, n.e.s.",10408,"Processed Egg Products",2021,54312
1,"Animal Products",104,"Edible products of animal origin, n.e.s.",10409,"Honey",2021,2146243
1,"Animal Products",104,"Edible products of animal origin, n.e.s.",10410,"Other Edible Animal Products",2021,638829254
1,"Animal Products",105,"Animal originated products, n.e.s.",10501,"Human Hair",2021,1432526
1,"Animal Products",105,"Animal originated products, n.e.s.",10502,"Pig Hair",2021,382
1,"Animal Products",105,"Animal originated products, n.e.s.",10504,"Animal Organs",2021,139004
1,"Animal Products",105,"Animal originated products, n.e.s.",10505,"Bird Feathers and Skins",2021,4880365
1,"Animal Products",105,"Animal originated products, n.e.s.",10506,"Processed Bones",2021,2451759
1,"Animal Products",105,"Animal originated products, n.e.s.",10507,"Raw Bones",2021,553110
1,"Animal Products",105,"Animal originated products, n.e.s.",10508,"Coral and Shells",2021,16277490
1,"Animal Products",105,"Animal originated products, n.e.s.",10510,"Pharmaceutical Animal Products",2021,5389586
1,"Animal Products",105,"Animal originated products, n.e.s.",10511,"Other Inedible Animal Products",2021,17771631
2,"Vegetable Products",206,"Live trees, plants, bulbs, cut flowers, & ornamental foliage",20601,"Bulbs and Roots",2021,2368256
2,"Vegetable Products",206,"Live trees, plants, bulbs, cut flowers, & ornamental foliage",20602,"Other live plants, cuttings and slips;
mushroom spawn",2021,16477049
2,"Vegetable Products",206,"Live trees, plants, bulbs, cut flowers, & ornamental foliage",20603,"Cut Flowers",2021,6662278
2,"Vegetable Products",206,"Live trees, plants, bulbs, cut flowers, & ornamental foliage",20604,"Plant foliage",2021,4995229
2,"Vegetable Products",207,"Edible vegetables, roots, & tubers",20701,"Potatoes",2021,3601624
2,"Vegetable Products",207,"Edible vegetables, roots, & tubers",20702,"Tomatoes",2021,299630
2,"Vegetable Products",207,"Edible vegetables, roots, & tubers",20703,"Onions",2021,7436568
2,"Vegetable Products",207,"Edible vegetables, roots, & tubers",20704,"Cabbages",2021,10170488
2,"Vegetable Products",207,"Edible vegetables, roots, & tubers",20705,"Lettuce",2021,626785
2,"Vegetable Products",207,"Edible vegetables, roots, & tubers",20706,"Root Vegetables",2021,107107
2,"Vegetable Products",207,"Edible vegetables, roots, & tubers",20707,"Cucumbers",2021,15739.000000000002
2,"Vegetable Products",207,"Edible vegetables, roots, & tubers",20708,"Legumes",2021,7001688
2,"Vegetable Products",207,"Edible vegetables, roots, & tubers",20709,"Other Vegetables",2021,7285586
2,"Vegetable Products",207,"Edible vegetables, roots, & tubers",20710,"Frozen Vegetables",2021,24962571
2,"Vegetable Products",207,"Edible vegetables, roots, & tubers",20711,"Preserved Vegetables",2021,221071
2,"Vegetable Products",207,"Edible vegetables, roots, & tubers",20712,"Dried Vegetables",2021,11037876
2,"Vegetable Products",207,"Edible vegetables, roots, & tubers",20713,"Dried Legumes",2021,37067661
2,"Vegetable Products",207,"Edible vegetables, roots, & tubers",20714,"Cassava",2021,24984211
2,"Vegetable Products",208,"Edible fruits, nuts & fruit peels",20801,"Coconuts, Brazil Nuts, and Cashews",2021,638150333
2,"Vegetable Products",208,"Edible fruits, nuts & fruit peels",20802,"Other Nuts",2021,310624088
2,"Vegetable Products",208,"Edible fruits, nuts & fruit peels",20803,"Bananas",2021,5556060
2,"Vegetable Products",208,"Edible fruits, nuts & fruit peels",20804,"Tropical Fruits",2021,93564825
2,"Vegetable Products",208,"Edible fruits, nuts & fruit peels",20805,"Citrus",2021,1904945
2,"Vegetable Products",208,"Edible fruits, nuts & fruit peels",20806,"Grapes",2021,408317
2,"Vegetable Products",208,"Edible fruits, nuts & fruit peels",20807,"Melons",2021,131059
2,"Vegetable Products",208,"Edible fruits, nuts & fruit peels",20808,"Apples and Pears",2021,25067
2,"Vegetable Products",208,"Edible fruits, nuts & fruit peels",20809,"Pitted Fruits",2021,33466
2,"Vegetable Products",208,"Edible fruits, nuts & fruit peels",20810,"Other Fruits",2021,5139402
2,"Vegetable Products",208,"Edible fruits, nuts & fruit peels",20811,"Frozen Fruits and Nuts",2021,6617853
2,"Vegetable Products",208,"Edible fruits, nuts & fruit peels",20812,"Preserved Fruits and Nuts",2021,31193
2,"Vegetable Products",208,"Edible fruits, nuts & fruit peels",20813,"Dried Fruits",2021,13344939
2,"Vegetable Products",208,"Edible fruits, nuts & fruit peels",20814,"Citrus and Melon Peels",2021,454.99999999999994
2,"Vegetable Products",209,"Coffee, tea, mate & spices",20901,"Coffee",2021,883937923
2,"Vegetable Products",209,"Coffee, tea, mate & spices",20902,"Tea",2021,112486333
2,"Vegetable Products",209,"Coffee, tea, mate & spices",20903,"Mate",2021,2383
2,"Vegetable Products",209,"Coffee, tea, mate & spices",20904,"Pepper",2021,196008236
2,"Vegetable Products",209,"Coffee, tea, mate & spices",20905,"Vanilla",2021,52274128
2,"Vegetable Products",209,"Coffee, tea, mate & spices",20906,"Cinnamon",2021,193109169
2,"Vegetable Products",209,"Coffee, tea, mate & spices",20907,"Cloves",2021,130533863
2,"Vegetable Products",209,"Coffee, tea, mate & spices",20908,"Nutmeg, mace and cardamons",2021,308095765
2,"Vegetable Products",209,"Coffee, tea, mate & spices",20909,"Spice Seeds",2021,1717263
2,"Vegetable Products",209,"Coffee, tea, mate & spices",20910,"Spices",2021,65674772
2,"Vegetable Products",210,"Cereals",21001,"Wheat",2021,623170
2,"Vegetable Products",210,"Cereals",21003,"Barley",2021,4291
2,"Vegetable Products",210,"Cereals",21004,"Oats",2021,272
2,"Vegetable Products",210,"Cereals",21005,"Corn",2021,6014062
2,"Vegetable Products",210,"Cereals",21006,"Rice",2021,4542221
2,"Vegetable Products",210,"Cereals",21007,"Sorghum",2021,115414
2,"Vegetable Products",210,"Cereals",21008,"Buckwheat",2021,353939
2,"Vegetable Products",211,"Products of the milling industry",21101,"Wheat Flours",2021,26724849
2,"Vegetable Products",211,"Products of the milling industry",21102,"Cereal Flours",2021,958197
2,"Vegetable Products",211,"Products of the milling industry",21103,"Cereal Meal and Pellets",2021,594811
2,"Vegetable Products",211,"Products of the milling industry",21104,"Processed Cereals",2021,5113386
2,"Vegetable Products",211,"Products of the milling industry",21105,"Potato Flours",2021,857307.0000000001
2,"Vegetable Products",211,"Products of the milling industry",21106,"Legume Flours",2021,28719251
2,"Vegetable Products",211,"Products of the milling industry",21107,"Malt",2021,149487
2,"Vegetable Products",211,"Products of the milling industry",21108,"Starches",2021,162474247
2,"Vegetable Products",211,"Products of the milling industry",21109,"Wheat Gluten",2021,874321
2,"Vegetable Products",212,"Oils seeds, oleaginous fruits, grains, straw & fodder",21201,"Soybeans",2021,980267
2,"Vegetable Products",212,"Oils seeds, oleaginous fruits, grains, straw & fodder",21202,"Ground Nuts",2021,5734793
2,"Vegetable Products",212,"Oils seeds, oleaginous fruits, grains, straw & fodder",21203,"Copra",2021,47394292
2,"Vegetable Products",212,"Oils seeds, oleaginous fruits, grains, straw & fodder",21204,"Linseed",2021,4679
2,"Vegetable Products",212,"Oils seeds, oleaginous fruits, grains, straw & fodder",21205,"Rapeseed",2021,26316
2,"Vegetable Products",212,"Oils seeds, oleaginous fruits, grains, straw & fodder",21206,"Sunflower Seeds",2021,12158
2,"Vegetable Products",212,"Oils seeds, oleaginous fruits, grains, straw & fodder",21207,"Other Oily Seeds",2021,17191707
2,"Vegetable Products",212,"Oils seeds, oleaginous fruits, grains, straw & fodder",21208,"Oil Seed Flower",2021,64241
2,"Vegetable Products",212,"Oils seeds, oleaginous fruits, grains, straw & fodder",21209,"Sowing Seeds",2021,16795554
2,"Vegetable Products",212,"Oils seeds, oleaginous fruits, grains, straw & fodder",21210,"Hops",2021,1441
2,"Vegetable Products",212,"Oils seeds, oleaginous fruits, grains, straw & fodder",21211,"Perfume Plants",2021,126744448
2,"Vegetable Products",212,"Oils seeds, oleaginous fruits, grains, straw & fodder",21212,"Locust beans, seaweed, sugar beet, cane, for food",2021,10041297
2,"Vegetable Products",212,"Oils seeds, oleaginous fruits, grains, straw & fodder",21213,"Cereal Straws",2021,67321
2,"Vegetable Products",212,"Oils seeds, oleaginous fruits, grains, straw & fodder",21214,"Forage Crops",2021,14084
2,"Vegetable Products",213,"Natural gums, resins & other vegetable extracts",21301,"Insect Resins",2021,78179894
2,"Vegetable Products",213,"Natural gums, resins & other vegetable extracts",21302,"Vegetable Saps",2021,128203328
2,"Vegetable Products",214,"Vegetable plaiting materials & products, n.e.s.",21401,"Vegetable Plaiting Materials",2021,7537067
2,"Vegetable Products",214,"Vegetable plaiting materials & products, n.e.s.",21404,"Other Vegetable Products",2021,295764650
3,"Animal and Vegetable Bi-Products",315,"Animal or vegetable fats, oils, & waxes",31501,"Pig and Poultry Fat",2021,155396
3,"Animal and Vegetable Bi-Products",315,"Animal or vegetable fats, oils, & waxes",31502,"Bovine, Sheep, and Goat Fat",2021,171491
3,"Animal and Vegetable Bi-Products",315,"Animal or vegetable fats, oils, & waxes",31504,"Fish Oil",2021,2444946
3,"Animal and Vegetable Bi-Products",315,"Animal or vegetable fats, oils, & waxes",31505,"Wool Grease",2021,28240
3,"Animal and Vegetable Bi-Products",315,"Animal or vegetable fats, oils, & waxes",31506,"Other Animal Fats",2021,218
3,"Animal and Vegetable Bi-Products",315,"Animal or vegetable fats, oils, & waxes",31507,"Soybean Oil",2021,73094031
3,"Animal and Vegetable Bi-Products",315,"Animal or vegetable fats, oils, & waxes",31508,"Ground Nut Oil",2021,113706.99999999999
3,"Animal and Vegetable Bi-Products",315,"Animal or vegetable fats, oils, & waxes",31509,"Pure Olive Oil",2021,723677
3,"Animal and Vegetable Bi-Products",315,"Animal or vegetable fats, oils, & waxes",31510,"Olive Oil",2021,1735374
3,"Animal and Vegetable Bi-Products",315,"Animal or vegetable fats, oils, & waxes",31511,"Palm Oil",2021,26818849474
3,"Animal and Vegetable Bi-Products",315,"Animal or vegetable fats, oils, & waxes",31512,"Seed Oils",2021,63540452
3,"Animal and Vegetable Bi-Products",315,"Animal or vegetable fats, oils, & waxes",31513,"Coconut Oil",2021,3009554687
3,"Animal and Vegetable Bi-Products",315,"Animal or vegetable fats, oils, & waxes",31514,"Rapeseed Oil",2021,4546873
3,"Animal and Vegetable Bi-Products",315,"Animal or vegetable fats, oils, & waxes",31515,"Other Pure Vegetable Oils",2021,22541431
3,"Animal and Vegetable Bi-Products",315,"Animal or vegetable fats, oils, & waxes",31516,"Other Vegetable Oils",2021,1216119012
3,"Animal and Vegetable Bi-Products",315,"Animal or vegetable fats, oils, & waxes",31517,"Margarine",2021,1344137201
3,"Animal and Vegetable Bi-Products",315,"Animal or vegetable fats, oils, & waxes",31518,"Inedible Fats and Oils",2021,1099630575
3,"Animal and Vegetable Bi-Products",315,"Animal or vegetable fats, oils, & waxes",31519,"Stearic Acid",2021,5861715886
3,"Animal and Vegetable Bi-Products",315,"Animal or vegetable fats, oils, & waxes",31520,"Glycerol",2021,1031441708
3,"Animal and Vegetable Bi-Products",315,"Animal or vegetable fats, oils, & waxes",31521,"Vegetable waxes and beeswax",2021,14701737
3,"Animal and Vegetable Bi-Products",315,"Animal or vegetable fats, oils, & waxes",31522,"Fat and Oil Residues",2021,21561843
4,"Foodstuffs",416,"Preparations of fish, crustacenas, & molluscs",41601,"Sausages",2021,263538
4,"Foodstuffs",416,"Preparations of fish, crustacenas, & molluscs",41602,"Other Prepared Meat",2021,1654817
4,"Foodstuffs",416,"Preparations of fish, crustacenas, & molluscs",41603,"Animal Extracts",2021,1130991
4,"Foodstuffs",416,"Preparations of fish, crustacenas, & molluscs",41604,"Processed Fish",2021,495033923
4,"Foodstuffs",416,"Preparations of fish, crustacenas, & molluscs",41605,"Processed Crustaceans",2021,1521390484
4,"Foodstuffs",417,"Sugars & confectioneries",41701,"Raw Sugar",2021,192282814
4,"Foodstuffs",417,"Sugars & confectioneries",41702,"Other Sugars",2021,102460161
4,"Foodstuffs",417,"Sugars & confectioneries",41703,"Molasses",2021,116319863
4,"Foodstuffs",417,"Sugars & confectioneries",41704,"Confectionery Sugar",2021,140125861
4,"Foodstuffs",418,"Cocoa & cocoa preparations",41801,"Cocoa Beans",2021,99881755
4,"Foodstuffs",418,"Cocoa & cocoa preparations",41802,"Cocoa Shells",2021,991317
4,"Foodstuffs",418,"Cocoa & cocoa preparations",41803,"Cocoa Paste",2021,160489047
4,"Foodstuffs",418,"Cocoa & cocoa preparations",41804,"Cocoa Butter",2021,812238902
4,"Foodstuffs",418,"Cocoa & cocoa preparations",41805,"Cocoa Powder",2021,263617361
4,"Foodstuffs",418,"Cocoa & cocoa preparations",41806,"Chocolate",2021,84180837
4,"Foodstuffs",419,"Preparations of cereals, flour, starch or milk",41901,"Malt Extract",2021,120287177
4,"Foodstuffs",419,"Preparations of cereals, flour, starch or milk",41902,"Pasta",2021,326492464
4,"Foodstuffs",419,"Preparations of cereals, flour, starch or milk",41903,"Tapioca",2021,7367003
4,"Foodstuffs",419,"Preparations of cereals, flour, starch or milk",41904,"Prepared Cereals",2021,51386440
4,"Foodstuffs",419,"Preparations of cereals, flour, starch or milk",41905,"Baked Goods",2021,858262994
4,"Foodstuffs",420,"Preparations of vegetables, fruit, nuts or other plant parts",42001,"Pickled Foods",2021,853715.0000000001
4,"Foodstuffs",420,"Preparations of vegetables, fruit, nuts or other plant parts",42002,"Processed Tomatoes",2021,57433
4,"Foodstuffs",420,"Preparations of vegetables, fruit, nuts or other plant parts",42003,"Processed Mushrooms",2021,4524584
4,"Foodstuffs",420,"Preparations of vegetables, fruit, nuts or other plant parts",42004,"Other Frozen Vegetables",2021,3388552
4,"Foodstuffs",420,"Preparations of vegetables, fruit, nuts or other plant parts",42005,"Other Processed Vegetables",2021,7228779
4,"Foodstuffs",420,"Preparations of vegetables, fruit, nuts or other plant parts",42006,"Sugar Preserved Foods",2021,317588
4,"Foodstuffs",420,"Preparations of vegetables, fruit, nuts or other plant parts",42007,"Jams",2021,12344856
4,"Foodstuffs",420,"Preparations of vegetables, fruit, nuts or other plant parts",42008,"Other Processed Fruits and Nuts",2021,617941924
4,"Foodstuffs",420,"Preparations of vegetables, fruit, nuts or other plant parts",42009,"Fruit Juice",2021,160793688
4,"Foodstuffs",421,"Miscellaneous edible preparations",42101,"Coffee and Tea Extracts",2021,612449169
4,"Foodstuffs",421,"Miscellaneous edible preparations",42102,"Yeast",2021,5091330
4,"Foodstuffs",421,"Miscellaneous edible preparations",42103,"Sauces and Seasonings",2021,228108280
4,"Foodstuffs",421,"Miscellaneous edible preparations",42104,"Soups and Broths",2021,3675398
4,"Foodstuffs",421,"Miscellaneous edible preparations",42105,"Ice Cream",2021,38116811
4,"Foodstuffs",421,"Miscellaneous edible preparations",42106,"Other Edible Preparations",2021,832024149
4,"Foodstuffs",422,"Beverages, spirits, & vinegar",42201,"Water",2021,17513309
4,"Foodstuffs",422,"Beverages, spirits, & vinegar",42202,"Flavored Water",2021,74263164
4,"Foodstuffs",422,"Beverages, spirits, & vinegar",42203,"Beer",2021,5790403
4,"Foodstuffs",422,"Beverages, spirits, & vinegar",42204,"Wine",2021,155224
4,"Foodstuffs",422,"Beverages, spirits, & vinegar",42205,"Vermouth",2021,9035
4,"Foodstuffs",422,"Beverages, spirits, & vinegar",42206,"Other Fermented Beverages",2021,66030
4,"Foodstuffs",422,"Beverages, spirits, & vinegar",42207,"Alcohol > 80% ABV",2021,77989736
4,"Foodstuffs",422,"Beverages, spirits, & vinegar",42208,"Hard Liquor",2021,1749913
4,"Foodstuffs",422,"Beverages, spirits, & vinegar",42209,"Vinegar",2021,429401
4,"Foodstuffs",423,"Food residues & wastes; animal fodder",42301,"Animal Meal and Pellets",2021,6101095
4,"Foodstuffs",423,"Food residues & wastes; animal fodder",42302,"Bran",2021,151491637
4,"Foodstuffs",423,"Food residues & wastes; animal fodder",42303,"Starch Residue",2021,2971542
4,"Foodstuffs",423,"Food residues & wastes; animal fodder",42304,"Soybean Meal",2021,6052527
4,"Foodstuffs",423,"Food residues & wastes; animal fodder",42305,"Ground Nut Meal",2021,636
4,"Foodstuffs",423,"Food residues & wastes; animal fodder",42306,"Other Vegetable Residues",2021,1514325162
4,"Foodstuffs",423,"Food residues & wastes; animal fodder",42307,"Wine Lees",2021,155
4,"Foodstuffs",423,"Food residues & wastes; animal fodder",42308,"Other Vegetable Residues and Waste",2021,17579480
4,"Foodstuffs",423,"Food residues & wastes; animal fodder",42309,"Animal Food",2021,163084747
4,"Foodstuffs",424,"Tobacco & substitutes",42401,"Raw Tobacco",2021,262257443
4,"Foodstuffs",424,"Tobacco & substitutes",42402,"Rolled Tobacco",2021,1201460608
4,"Foodstuffs",424,"Tobacco & substitutes",42403,"Processed Tobacco",2021,99108878
5,"Mineral Products",525,"Salt, sulphur, cement, lime, stone, & plaster",52501,"Salt",2021,252762
5,"Mineral Products",525,"Salt, sulphur, cement, lime, stone, & plaster",52502,"Iron Pyrites",2021,591
5,"Mineral Products",525,"Salt, sulphur, cement, lime, stone, & plaster",52503,"Sulphur",2021,11196
5,"Mineral Products",525,"Salt, sulphur, cement, lime, stone, & plaster",52504,"Graphite",2021,62
5,"Mineral Products",525,"Salt, sulphur, cement, lime, stone, & plaster",52505,"Sand",2021,37480654
5,"Mineral Products",525,"Salt, sulphur, cement, lime, stone, & plaster",52506,"Quartz",2021,1082475
5,"Mineral Products",525,"Salt, sulphur, cement, lime, stone, & plaster",52507,"Kaolin",2021,15509398
5,"Mineral Products",525,"Salt, sulphur, cement, lime, stone, & plaster",52508,"Clays",2021,3181399
5,"Mineral Products",525,"Salt, sulphur, cement, lime, stone, & plaster",52509,"Chalk",2021,23394
5,"Mineral Products",525,"Salt, sulphur, cement, lime, stone, & plaster",52510,"Calcium Phosphates",2021,162370
5,"Mineral Products",525,"Salt, sulphur, cement, lime, stone, & plaster",52511,"Barium Sulphate",2021,167381
5,"Mineral Products",525,"Salt, sulphur, cement, lime, stone, & plaster",52512,"Siliceous Fossil Meals",2021,155983
5,"Mineral Products",525,"Salt, sulphur, cement, lime, stone, & plaster",52513,"Pumice",2021,12720790
5,"Mineral Products",525,"Salt, sulphur, cement, lime, stone, & plaster",52514,"Slate",2021,67965
5,"Mineral Products",525,"Salt, sulphur, cement, lime, stone, & plaster",52515,"Marble, Travertine and Alabaster",2021,3778357
5,"Mineral Products",525,"Salt, sulphur, cement, lime, stone, & plaster",52516,"Granite",2021,879440
5,"Mineral Products",525,"Salt, sulphur, cement, lime, stone, & plaster",52517,"Gravel and Crushed Stone",2021,87491365.99999999
5,"Mineral Products",525,"Salt, sulphur, cement, lime, stone, & plaster",52518,"Dolomite",2021,45917
5,"Mineral Products",525,"Salt, sulphur, cement, lime, stone, & plaster",52519,"Magnesium Carbonate",2021,111838.00000000001
5,"Mineral Products",525,"Salt, sulphur, cement, lime, stone, & plaster",52520,"Gypsum",2021,376744
5,"Mineral Products",525,"Salt, sulphur, cement, lime, stone, & plaster",52521,"Limestone",2021,21061
5,"Mineral Products",525,"Salt, sulphur, cement, lime, stone, & plaster",52522,"Quicklime",2021,3784806.0000000005
5,"Mineral Products",525,"Salt, sulphur, cement, lime, stone, & plaster",52523,"Cement",2021,517676318
5,"Mineral Products",525,"Salt, sulphur, cement, lime, stone, & plaster",52525,"Mica",2021,14990.000000000002
5,"Mineral Products",525,"Salt, sulphur, cement, lime, stone, & plaster",52526,"Soapstone",2021,1143116
5,"Mineral Products",525,"Salt, sulphur, cement, lime, stone, & plaster",52529,"Feldspar",2021,964
5,"Mineral Products",525,"Salt, sulphur, cement, lime, stone, & plaster",52530,"Other Mineral",2021,13660859
5,"Mineral Products",526,"Ores, slag and ash",52601,"Iron Ore",2021,144590373
5,"Mineral Products",526,"Ores, slag and ash",52602,"Manganese Ore",2021,886511
5,"Mineral Products",526,"Ores, slag and ash",52603,"Copper Ore",2021,5752058697
5,"Mineral Products",526,"Ores, slag and ash",52604,"Nickel Ore",2021,33789435
5,"Mineral Products",526,"Ores, slag and ash",52606,"Aluminium Ore",2021,841543652.9999999
5,"Mineral Products",526,"Ores, slag and ash",52607,"Lead Ore",2021,21032998
5,"Mineral Products",526,"Ores, slag and ash",52608,"Zinc Ore",2021,39190507
5,"Mineral Products",526,"Ores, slag and ash",52609,"Tin Ores",2021,2278538
5,"Mineral Products",526,"Ores, slag and ash",52610,"Chromium Ore",2021,1
5,"Mineral Products",526,"Ores, slag and ash",52611,"Tungsten Ore",2021,431600
5,"Mineral Products",526,"Ores, slag and ash",52613,"Molybdenum Ore",2021,22200
5,"Mineral Products",526,"Ores, slag and ash",52614,"Titanium Ore",2021,29418363
5,"Mineral Products",526,"Ores, slag and ash",52615,"Niobium, Tantalum, Vanadium and Zirconium Ore",2021,87652690
5,"Mineral Products",526,"Ores, slag and ash",52616,"Precious Metal Ore",2021,6002399
5,"Mineral Products",526,"Ores, slag and ash",52617,"Other Ores",2021,48321
5,"Mineral Products",526,"Ores, slag and ash",52618,"Granulated Slag",2021,15995712
5,"Mineral Products",526,"Ores, slag and ash",52619,"Slag Dross",2021,6346583
5,"Mineral Products",526,"Ores, slag and ash",52620,"Non-Iron and Steel Slag, Ash and Residues",2021,79949692
5,"Mineral Products",526,"Ores, slag and ash",52621,"Other Slag and Ash",2021,2217743
5,"Mineral Products",527,"Mineral fuels, mineral oils and products of their distillation",52701,"Coal Briquettes",2021,30574553362
5,"Mineral Products",527,"Mineral fuels, mineral oils and products of their distillation",52702,"Lignite",2021,7264976645
5,"Mineral Products",527,"Mineral fuels, mineral oils and products of their distillation",52703,"Peat",2021,97413
5,"Mineral Products",527,"Mineral fuels, mineral oils and products of their distillation",52704,"Coke",2021,72432685
5,"Mineral Products",527,"Mineral fuels, mineral oils and products of their distillation",52705,"Non-Petroleum Gas",2021,81.99999999999999
5,"Mineral Products",527,"Mineral fuels, mineral oils and products of their distillation",52706,"Tar",2021,17625507
5,"Mineral Products",527,"Mineral fuels, mineral oils and products of their distillation",52707,"Coal Tar Oil",2021,1412157968
5,"Mineral Products",527,"Mineral fuels, mineral oils and products of their distillation",52708,"Pitch Coke",2021,889
5,"Mineral Products",527,"Mineral fuels, mineral oils and products of their distillation",52709,"Crude Petroleum",2021,2922795152
5,"Mineral Products",527,"Mineral fuels, mineral oils and products of their distillation",52710,"Refined Petroleum",2021,2510713317
5,"Mineral Products",527,"Mineral fuels, mineral oils and products of their distillation",52711,"Petroleum Gas",2021,8592318210
5,"Mineral Products",527,"Mineral fuels, mineral oils and products of their distillation",52712,"Petroleum Jelly",2021,23313286
5,"Mineral Products",527,"Mineral fuels, mineral oils and products of their distillation",52713,"Petroleum Coke",2021,252852781
5,"Mineral Products",527,"Mineral fuels, mineral oils and products of their distillation",52714,"Bitumen and asphalt",2021,2665002.0000000005
5,"Mineral Products",527,"Mineral fuels, mineral oils and products of their distillation",52715,"Asphalt Mixtures",2021,5832
6,"Chemical Products",628,"Inorganic chemicals",62801,"Halogens",2021,962791.0000000001
6,"Chemical Products",628,"Inorganic chemicals",62802,"Sulfur",2021,508549
6,"Chemical Products",628,"Inorganic chemicals",62803,"Carbon",2021,16297217
6,"Chemical Products",628,"Inorganic chemicals",62804,"Hydrogen",2021,4254246
6,"Chemical Products",628,"Inorganic chemicals",62805,"Alkali, alkaline-earth, rare-earth metals, scandium, yttrium, and mercury",2021,20961
6,"Chemical Products",628,"Inorganic chemicals",62806,"Hydrochloric Acid",2021,2248
6,"Chemical Products",628,"Inorganic chemicals",62807,"Sulfuric Acid",2021,14385987
6,"Chemical Products",628,"Inorganic chemicals",62808,"Nitric Acids",2021,1905.9999999999998
6,"Chemical Products",628,"Inorganic chemicals",62809,"Phosphoric Acid",2021,154687
6,"Chemical Products",628,"Inorganic chemicals",62810,"Boron",2021,6362
6,"Chemical Products",628,"Inorganic chemicals",62811,"Other Inorganic Acids",2021,37092397.99999999
6,"Chemical Products",628,"Inorganic chemicals",62812,"Halides",2021,68001
6,"Chemical Products",628,"Inorganic chemicals",62813,"Nonmetal Sulfides",2021,644165
6,"Chemical Products",628,"Inorganic chemicals",62814,"Ammonia",2021,914514744
6,"Chemical Products",628,"Inorganic chemicals",62815,"Sodium or Potassium Peroxides",2021,24733216
6,"Chemical Products",628,"Inorganic chemicals",62816,"Magnesium Hydroxide and Peroxide",2021,8512
6,"Chemical Products",628,"Inorganic chemicals",62817,"Zinc Oxide and Peroxide",2021,25647710
6,"Chemical Products",628,"Inorganic chemicals",62818,"Aluminium Oxide",2021,525062320
6,"Chemical Products",628,"Inorganic chemicals",62819,"Chromium Oxides and Hydroxides",2021,7451.000000000001
6,"Chemical Products",628,"Inorganic chemicals",62820,"Manganese Oxides",2021,465572
6,"Chemical Products",628,"Inorganic chemicals",62821,"Iron Oxides and Hydroxides",2021,786678
6,"Chemical Products",628,"Inorganic chemicals",62823,"Titanium Oxides",2021,1471550
6,"Chemical Products",628,"Inorganic chemicals",62824,"Lead Oxides",2021,43931.99999999999
6,"Chemical Products",628,"Inorganic chemicals",62825,"Inorganic Salts",2021,4373491
6,"Chemical Products",628,"Inorganic chemicals",62826,"Fluorides",2021,482949
6,"Chemical Products",628,"Inorganic chemicals",62827,"Chlorides",2021,6187618
6,"Chemical Products",628,"Inorganic chemicals",62828,"Hypochlorites",2021,67658
6,"Chemical Products",628,"Inorganic chemicals",62829,"Chlorates and Perchlorates",2021,497474.00000000006
6,"Chemical Products",628,"Inorganic chemicals",62830,"Sulfides",2021,89454
6,"Chemical Products",628,"Inorganic chemicals",62831,"Dithionites and Sulfoxylates",2021,4297689
6,"Chemical Products",628,"Inorganic chemicals",62832,"Sulfites",2021,149232
6,"Chemical Products",628,"Inorganic chemicals",62833,"Sulfates",2021,17876534
6,"Chemical Products",628,"Inorganic chemicals",62834,"Nitrites and Nitrates",2021,370715
6,"Chemical Products",628,"Inorganic chemicals",62835,"Phosphinates (hypophosphites) and phosphonates (phosphites)",2021,841820
6,"Chemical Products",628,"Inorganic chemicals",62836,"Carbonates",2021,14415467
6,"Chemical Products",628,"Inorganic chemicals",62837,"Cyanides",2021,2692030
6,"Chemical Products",628,"Inorganic chemicals",62839,"Silicates",2021,11283714
6,"Chemical Products",628,"Inorganic chemicals",62840,"Borates",2021,34562
6,"Chemical Products",628,"Inorganic chemicals",62841,"Oxometallic or Peroxometallic Acid Salts",2021,7824
6,"Chemical Products",628,"Inorganic chemicals",62842,"Other Inorganic Acids Salts",2021,240195
6,"Chemical Products",628,"Inorganic chemicals",62843,"Precious Metal Compounds",2021,36670857
6,"Chemical Products",628,"Inorganic chemicals",62844,"Radioactive Chemicals",2021,65705
6,"Chemical Products",628,"Inorganic chemicals",62845,"Other Isotopes",2021,15
6,"Chemical Products",628,"Inorganic chemicals",62846,"Rare-Earth Metal Compounds",2021,1679073.9999999998
6,"Chemical Products",628,"Inorganic chemicals",62847,"Hydrogen peroxide",2021,6392240
6,"Chemical Products",628,"Inorganic chemicals",62849,"Carbides",2021,5063088
6,"Chemical Products",628,"Inorganic chemicals",62850,"Hydrides and other anions",2021,317
6,"Chemical Products",628,"Inorganic chemicals",62851,"Inorganic Compounds",2021,1684995.9999999998
6,"Chemical Products",629,"Organic chemicals",62901,"Acyclic Hydrocarbons",2021,79049754
6,"Chemical Products",629,"Organic chemicals",62902,"Cyclic Hydrocarbons",2021,163095944
6,"Chemical Products",629,"Organic chemicals",62903,"Halogenated Hydrocarbons",2021,489819472
6,"Chemical Products",629,"Organic chemicals",62904,"Sulfonated, Nitrated or Nitrosated Hydrocarbons",2021,1538800
6,"Chemical Products",629,"Organic chemicals",62905,"Acyclic alcohol derivatives (halogenated, sulphonated, nitrated)",2021,467595137
6,"Chemical Products",629,"Organic chemicals",62906,"Cyclic Alcohols",2021,953226
6,"Chemical Products",629,"Organic chemicals",62907,"Phenols",2021,5622175
6,"Chemical Products",629,"Organic chemicals",62908,"Phenol Derivatives",2021,1208484
6,"Chemical Products",629,"Organic chemicals",62909,"Ethers",2021,130713343
6,"Chemical Products",629,"Organic chemicals",62910,"Epoxides",2021,13710
6,"Chemical Products",629,"Organic chemicals",62912,"Aldehydes, cyclic polymers, and paraformaldehyde",2021,33691965
6,"Chemical Products",629,"Organic chemicals",62914,"Ketones and Quinones",2021,1220071
6,"Chemical Products",629,"Organic chemicals",62915,"Saturated Acyclic Monocarboxylic Acids",2021,881375770
6,"Chemical Products",629,"Organic chemicals",62916,"Unsaturated Acyclic Monocarboxylic Acids",2021,135141702
6,"Chemical Products",629,"Organic chemicals",62917,"Polycarboxylic Acids",2021,77585945
6,"Chemical Products",629,"Organic chemicals",62918,"Carboxylic Acids",2021,2385154
6,"Chemical Products",629,"Organic chemicals",62919,"Phosphoric Esters and Salts",2021,20628.999999999996
6,"Chemical Products",629,"Organic chemicals",62920,"Other Esters",2021,10505396
6,"Chemical Products",629,"Organic chemicals",62921,"Amine Compounds",2021,908816
6,"Chemical Products",629,"Organic chemicals",62922,"Oxygen Amino Compounds",2021,358159410
6,"Chemical Products",629,"Organic chemicals",62923,"Quaternary Ammonium Salts and Hydroxides",2021,1934362
6,"Chemical Products",629,"Organic chemicals",62924,"Carboxyamide Compounds",2021,37710178
6,"Chemical Products",629,"Organic chemicals",62925,"Carboxyimide Compounds",2021,26539851
6,"Chemical Products",629,"Organic chemicals",62926,"Nitrile Compounds",2021,9111
6,"Chemical Products",629,"Organic chemicals",62927,"Diazo, Azo or Aoxy Compounds",2021,73510246
6,"Chemical Products",629,"Organic chemicals",62928,"Hydrazine or Hydroxylamine Derivatives",2021,628659
6,"Chemical Products",629,"Organic chemicals",62929,"Other Nitrogen Compounds",2021,4770192
6,"Chemical Products",629,"Organic chemicals",62930,"Organo-Sulfur Compounds",2021,15856444
6,"Chemical Products",629,"Organic chemicals",62931,"Other Organo-Inorganic Compounds",2021,5330120
6,"Chemical Products",629,"Organic chemicals",62932,"Oxygen Heterocyclic Compounds",2021,3448229
6,"Chemical Products",629,"Organic chemicals",62933,"Nitrogen Heterocyclic Compounds",2021,262380814
6,"Chemical Products",629,"Organic chemicals",62934,"Nucleic Acids",2021,91735809
6,"Chemical Products",629,"Organic chemicals",62935,"Sulfonamides",2021,6439882
6,"Chemical Products",629,"Organic chemicals",62936,"Vitamins",2021,4305960
6,"Chemical Products",629,"Organic chemicals",62937,"Hormones",2021,7145018
6,"Chemical Products",629,"Organic chemicals",62938,"Glycosides",2021,574264
6,"Chemical Products",629,"Organic chemicals",62939,"Vegetable Alkaloids",2021,13656928
6,"Chemical Products",629,"Organic chemicals",62940,"Chemically Pure Sugars",2021,19114384
6,"Chemical Products",629,"Organic chemicals",62941,"Antibiotics",2021,720186
6,"Chemical Products",629,"Organic chemicals",62942,"Other Organic Compounds",2021,1185806
6,"Chemical Products",630,"Pharmaceutical products",63001,"Glands and Other Organs",2021,883444
6,"Chemical Products",630,"Pharmaceutical products",63002,"Vaccines, blood, antisera, toxins and cultures",2021,134701616
6,"Chemical Products",630,"Pharmaceutical products",63003,"Unpackaged Medicaments",2021,19343873
6,"Chemical Products",630,"Pharmaceutical products",63004,"Packaged Medicaments",2021,385001811
6,"Chemical Products",630,"Pharmaceutical products",63005,"Bandages",2021,8426682
6,"Chemical Products",630,"Pharmaceutical products",63006,"Special Pharmaceuticals",2021,17994737
6,"Chemical Products",631,"Fertilizers",63101,"Animal or Vegetable Fertilizers",2021,10861686
6,"Chemical Products",631,"Fertilizers",63102,"Nitrogenous Fertilizers",2021,1028782931
6,"Chemical Products",631,"Fertilizers",63103,"Phosphatic Fertilizers",2021,6685484
6,"Chemical Products",631,"Fertilizers",63104,"Potassic Fertilizers",2021,9510174
6,"Chemical Products",631,"Fertilizers",63105,"Mixed Mineral or Chemical Fertilizers",2021,94295863
6,"Chemical Products",632,"Paints, dyes, & varnishes",63201,"Vegetable Tanning Extracts",2021,48685556.99999999
6,"Chemical Products",632,"Paints, dyes, & varnishes",63202,"Synthetic Tanning Extracts",2021,7936075
6,"Chemical Products",632,"Paints, dyes, & varnishes",63203,"Vegetable or Animal Dyes",2021,1655853
6,"Chemical Products",632,"Paints, dyes, & varnishes",63204,"Synthetic Coloring Matter",2021,240495137
6,"Chemical Products",632,"Paints, dyes, & varnishes",63205,"Lake Pigments",2021,117647
6,"Chemical Products",632,"Paints, dyes, & varnishes",63206,"Other Coloring Matter",2021,14535588
6,"Chemical Products",632,"Paints, dyes, & varnishes",63207,"Prepared Pigments",2021,20503710
6,"Chemical Products",632,"Paints, dyes, & varnishes",63208,"Nonaqueous Paints",2021,75204769
6,"Chemical Products",632,"Paints, dyes, & varnishes",63209,"Aqueous Paints",2021,7360246
6,"Chemical Products",632,"Paints, dyes, & varnishes",63210,"Other Paints",2021,3644992
6,"Chemical Products",632,"Paints, dyes, & varnishes",63211,"Prepared Paint Driers",2021,813099
6,"Chemical Products",632,"Paints, dyes, & varnishes",63212,"Nonaqueous Pigments",2021,1191319
6,"Chemical Products",632,"Paints, dyes, & varnishes",63213,"Artistry Paints",2021,194386
6,"Chemical Products",632,"Paints, dyes, & varnishes",63214,"Glaziers Putty",2021,12140833
6,"Chemical Products",632,"Paints, dyes, & varnishes",63215,"Ink",2021,451731045
6,"Chemical Products",633,"Perfumery & cosmetics",63301,"Essential Oils",2021,278516234
6,"Chemical Products",633,"Perfumery & cosmetics",63302,"Scented Mixtures",2021,278300822
6,"Chemical Products",633,"Perfumery & cosmetics",63303,"Perfumes",2021,31435262
6,"Chemical Products",633,"Perfumery & cosmetics",63304,"Beauty Products",2021,144642287
6,"Chemical Products",633,"Perfumery & cosmetics",63305,"Hair Products",2021,126529908
6,"Chemical Products",633,"Perfumery & cosmetics",63306,"Dental Products",2021,20512159
6,"Chemical Products",633,"Perfumery & cosmetics",63307,"Shaving Products",2021,51958972
6,"Chemical Products",634,"Soap, cleaners, candles, dental, modelling pastes",63401,"Soap",2021,795897620
6,"Chemical Products",634,"Soap, cleaners, candles, dental, modelling pastes",63402,"Cleaning Products",2021,456092591
6,"Chemical Products",634,"Soap, cleaners, candles, dental, modelling pastes",63403,"Lubricating Products",2021,6211730
6,"Chemical Products",634,"Soap, cleaners, candles, dental, modelling pastes",63404,"Waxes",2021,90502105
6,"Chemical Products",634,"Soap, cleaners, candles, dental, modelling pastes",63405,"Polishes and Creams",2021,4261953
6,"Chemical Products",634,"Soap, cleaners, candles, dental, modelling pastes",63406,"Candles",2021,6663912
6,"Chemical Products",634,"Soap, cleaners, candles, dental, modelling pastes",63407,"Pastes and Waxes",2021,207138
6,"Chemical Products",635,"Glues, starches, & albuminoid products",63501,"Casein",2021,463909
6,"Chemical Products",635,"Glues, starches, & albuminoid products",63502,"Water Soluble Proteins",2021,2699
6,"Chemical Products",635,"Glues, starches, & albuminoid products",63503,"Gelatin",2021,19291
6,"Chemical Products",635,"Glues, starches, & albuminoid products",63504,"Peptones",2021,1047765.9999999999
6,"Chemical Products",635,"Glues, starches, & albuminoid products",63505,"Dextrins",2021,17252822
6,"Chemical Products",635,"Glues, starches, & albuminoid products",63506,"Glues",2021,56428395
6,"Chemical Products",635,"Glues, starches, & albuminoid products",63507,"Enzymes",2021,6035875
6,"Chemical Products",636,"Explosives, matches, & fireworks",63602,"Prepared Explosives",2021,908161.9999999999
6,"Chemical Products",636,"Explosives, matches, & fireworks",63603,"Detonating Fuses",2021,388817
6,"Chemical Products",636,"Explosives, matches, & fireworks",63604,"Fireworks",2021,1145027
6,"Chemical Products",636,"Explosives, matches, & fireworks",63605,"Matches",2021,5939048
6,"Chemical Products",636,"Explosives, matches, & fireworks",63606,"Pyrophoric Alloys",2021,267752
6,"Chemical Products",637,"Photo & movie goods",63701,"Photographic Plates",2021,6063948
6,"Chemical Products",637,"Photo & movie goods",63702,"Photographic Film",2021,475221
6,"Chemical Products",637,"Photo & movie goods",63703,"Photographic Paper",2021,12613196
6,"Chemical Products",637,"Photo & movie goods",63704,"Undeveloped Exposed Photographic Material",2021,8173
6,"Chemical Products",637,"Photo & movie goods",63705,"Developed Exposed Photographic Material",2021,191927.99999999997
6,"Chemical Products",637,"Photo & movie goods",63706,"Motion-picture film, exposed and developed",2021,817
6,"Chemical Products",637,"Photo & movie goods",63707,"Photographic Chemicals",2021,842040
6,"Chemical Products",638,"Chemical products n.e.s.",63801,"Artificial Graphite",2021,319194
6,"Chemical Products",638,"Chemical products n.e.s.",63802,"Activated Carbon",2021,80416674
6,"Chemical Products",638,"Chemical products n.e.s.",63803,"Tall Oil",2021,112896
6,"Chemical Products",638,"Chemical products n.e.s.",63804,"Wood Pulp Lyes",2021,215106
6,"Chemical Products",638,"Chemical products n.e.s.",63805,"Turpentine",2021,70424388
6,"Chemical Products",638,"Chemical products n.e.s.",63806,"Rosin",2021,133969476
6,"Chemical Products",638,"Chemical products n.e.s.",63807,"Wood Tar, Oils and Pitch",2021,499779
6,"Chemical Products",638,"Chemical products n.e.s.",63808,"Pesticides",2021,362655402
6,"Chemical Products",638,"Chemical products n.e.s.",63809,"Dyeing Finishing Agents",2021,72884477
6,"Chemical Products",638,"Chemical products n.e.s.",63810,"Metal Pickling Preparations",2021,2567509
6,"Chemical Products",638,"Chemical products n.e.s.",63811,"Antiknock",2021,9217064
6,"Chemical Products",638,"Chemical products n.e.s.",63812,"Prepared Rubber Accelerators",2021,109763304
6,"Chemical Products",638,"Chemical products n.e.s.",63813,"Fire Extinguishers Preparations",2021,19363
6,"Chemical Products",638,"Chemical products n.e.s.",63814,"Organic Composite Solvents",2021,3037744
6,"Chemical Products",638,"Chemical products n.e.s.",63815,"Reaction and Catalytic Products",2021,168686918
6,"Chemical Products",638,"Chemical products n.e.s.",63816,"Refractory Cements",2021,2189099
6,"Chemical Products",638,"Chemical products n.e.s.",63817,"Alkylbenzenes and Alkylnaphthalenes",2021,45890852
6,"Chemical Products",638,"Chemical products n.e.s.",63818,"Disc Chemicals for Electronics",2021,40977934
6,"Chemical Products",638,"Chemical products n.e.s.",63819,"Hydraulic Brake Fluid",2021,774501
6,"Chemical Products",638,"Chemical products n.e.s.",63820,"Antifreeze",2021,6163352
6,"Chemical Products",638,"Chemical products n.e.s.",63821,"Micro-Organism Culture Preparations",2021,88943
6,"Chemical Products",638,"Chemical products n.e.s.",63822,"Laboratory Reagents",2021,11946080
6,"Chemical Products",638,"Chemical products n.e.s.",63823,"Industrial Fatty Acids, Oils and Alcohols",2021,736221223
7,"Plastics and Rubbers",739,"Plastics & articles thereof",73901,"Ethylene Polymers",2021,318537519
7,"Plastics and Rubbers",739,"Plastics & articles thereof",73902,"Propylene Polymers",2021,25493551
7,"Plastics and Rubbers",739,"Plastics & articles thereof",73903,"Styrene Polymers",2021,121473995
7,"Plastics and Rubbers",739,"Plastics & articles thereof",73904,"Vinyl Chloride Polymers",2021,334132949
7,"Plastics and Rubbers",739,"Plastics & articles thereof",73905,"Other Vinyl Polymers",2021,6789756
7,"Plastics and Rubbers",739,"Plastics & articles thereof",73906,"Acrylic Polymers",2021,134567219
7,"Plastics and Rubbers",739,"Plastics & articles thereof",73907,"Polyacetals",2021,339756122
7,"Plastics and Rubbers",739,"Plastics & articles thereof",73908,"Polyamides",2021,43179970
7,"Plastics and Rubbers",739,"Plastics & articles thereof",73909,"Amino-resins",2021,38502146
7,"Plastics and Rubbers",739,"Plastics & articles thereof",73910,"Silicone",2021,11150529
7,"Plastics and Rubbers",739,"Plastics & articles thereof",73911,"Petroleum Resins",2021,2836823
7,"Plastics and Rubbers",739,"Plastics & articles thereof",73912,"Cellulose",2021,3713116
7,"Plastics and Rubbers",739,"Plastics & articles thereof",73913,"Natural Polymers",2021,6541965
7,"Plastics and Rubbers",739,"Plastics & articles thereof",73914,"Polymer Ion-Exchangers",2021,159408
7,"Plastics and Rubbers",739,"Plastics & articles thereof",73915,"Scrap Plastic",2021,36459207
7,"Plastics and Rubbers",739,"Plastics & articles thereof",73916,"Monofilament",2021,27898843
7,"Plastics and Rubbers",739,"Plastics & articles thereof",73917,"Plastic Pipes",2021,62049030
7,"Plastics and Rubbers",739,"Plastics & articles thereof",73918,"Plastic Floor Coverings",2021,7926737
7,"Plastics and Rubbers",739,"Plastics & articles thereof",73919,"Self-adhesive Plastics",2021,94964676
7,"Plastics and Rubbers",739,"Plastics & articles thereof",73920,"Raw Plastic Sheeting",2021,726115750
7,"Plastics and Rubbers",739,"Plastics & articles thereof",73921,"Other Plastic Sheetings",2021,159810692
7,"Plastics and Rubbers",739,"Plastics & articles thereof",73922,"Plastic Wash Basins",2021,2712485
7,"Plastics and Rubbers",739,"Plastics & articles thereof",73923,"Plastic Lids",2021,347077096
7,"Plastics and Rubbers",739,"Plastics & articles thereof",73924,"Plastic Housewares",2021,108938981
7,"Plastics and Rubbers",739,"Plastics & articles thereof",73925,"Plastic Building Materials",2021,14224027
7,"Plastics and Rubbers",739,"Plastics & articles thereof",73926,"Other Plastic Products",2021,233116861
7,"Plastics and Rubbers",740,"Rubber & articles thereof",74001,"Rubber",2021,4340592524
7,"Plastics and Rubbers",740,"Rubber & articles thereof",74002,"Synthetic Rubber",2021,357682861
7,"Plastics and Rubbers",740,"Rubber & articles thereof",74003,"Reclaimed Rubber",2021,6776038.000000001
7,"Plastics and Rubbers",740,"Rubber & articles thereof",74004,"Scrap Rubber",2021,1128331
7,"Plastics and Rubbers",740,"Rubber & articles thereof",74005,"Compounded Unvulcanised Rubber",2021,71381176
7,"Plastics and Rubbers",740,"Rubber & articles thereof",74006,"Unvulcanised Rubber Products",2021,305564
7,"Plastics and Rubbers",740,"Rubber & articles thereof",74007,"Rubber Thread",2021,10259993.000000002
7,"Plastics and Rubbers",740,"Rubber & articles thereof",74008,"Rubber Sheets",2021,7542319
7,"Plastics and Rubbers",740,"Rubber & articles thereof",74009,"Rubber Pipes",2021,46000839
7,"Plastics and Rubbers",740,"Rubber & articles thereof",74010,"Rubber Belting",2021,94774665
7,"Plastics and Rubbers",740,"Rubber & articles thereof",74011,"Rubber Tires",2021,1925556740
7,"Plastics and Rubbers",740,"Rubber & articles thereof",74012,"Used Rubber Tires",2021,7220997
7,"Plastics and Rubbers",740,"Rubber & articles thereof",74013,"Rubber Inner Tubes",2021,26751094
7,"Plastics and Rubbers",740,"Rubber & articles thereof",74014,"Pharmaceutical Rubber Products",2021,12015561
7,"Plastics and Rubbers",740,"Rubber & articles thereof",74015,"Rubber Apparel",2021,802349886
7,"Plastics and Rubbers",740,"Rubber & articles thereof",74016,"Other Rubber Products",2021,150423282
7,"Plastics and Rubbers",740,"Rubber & articles thereof",74017,"Hard Rubber",2021,438430
8,"Animal Hides",841,"Raw hides & skin (non-fur)",84101,"Equine and Bovine Hides",2021,2049
8,"Animal Hides",841,"Raw hides & skin (non-fur)",84102,"Sheep Hides",2021,48465.99999999999
8,"Animal Hides",841,"Raw hides & skin (non-fur)",84103,"Other Hides and Skins",2021,1388004
8,"Animal Hides",841,"Raw hides & skin (non-fur)",84104,"Tanned Equine and Bovine Hides",2021,54717170
8,"Animal Hides",841,"Raw hides & skin (non-fur)",84105,"Tanned Sheep Hides",2021,15796097
8,"Animal Hides",841,"Raw hides & skin (non-fur)",84106,"Tanned Goat Hides",2021,6802505
8,"Animal Hides",841,"Raw hides & skin (non-fur)",84107,"Leather of Other Animals",2021,16266715
8,"Animal Hides",841,"Raw hides & skin (non-fur)",84108,"Chamois Leather",2021,780874
8,"Animal Hides",841,"Raw hides & skin (non-fur)",84109,"Patent Leather",2021,48879.00000000001
8,"Animal Hides",841,"Raw hides & skin (non-fur)",84110,"Leather Waste",2021,560334
8,"Animal Hides",841,"Raw hides & skin (non-fur)",84111,"Leather Sheets",2021,5121105
8,"Animal Hides",842,"Leather articles",84201,"Saddlery",2021,5108411
8,"Animal Hides",842,"Leather articles",84202,"Trunks and Cases",2021,1121011453
8,"Animal Hides",842,"Leather articles",84203,"Leather Apparel",2021,191140552
8,"Animal Hides",842,"Leather articles",84205,"Other Leather Articles",2021,13859901
8,"Animal Hides",843,"Furskins, articifial fur, & articles",84302,"Tanned Furskins",2021,240216.99999999997
8,"Animal Hides",843,"Furskins, articifial fur, & articles",84303,"Furskin Apparel",2021,1137007
8,"Animal Hides",843,"Furskins, articifial fur, & articles",84304,"Artificial Fur",2021,37702
9,"Wood Products",944,"Wood, wood articles, & charcoal",94401,"Fuel Wood",2021,169963989
9,"Wood Products",944,"Wood, wood articles, & charcoal",94402,"Wood Charcoal",2021,309393954
9,"Wood Products",944,"Wood, wood articles, & charcoal",94403,"Rough Wood",2021,5147106
9,"Wood Products",944,"Wood, wood articles, & charcoal",94404,"Wood Stakes",2021,884899
9,"Wood Products",944,"Wood, wood articles, & charcoal",94405,"Wood Wool",2021,837870
9,"Wood Products",944,"Wood, wood articles, & charcoal",94406,"Railroad Ties",2021,235
9,"Wood Products",944,"Wood, wood articles, & charcoal",94407,"Sawn Wood",2021,184932029
9,"Wood Products",944,"Wood, wood articles, & charcoal",94408,"Veneer Sheets",2021,120017252
9,"Wood Products",944,"Wood, wood articles, & charcoal",94409,"Shaped Wood",2021,950546448.0000001
9,"Wood Products",944,"Wood, wood articles, & charcoal",94410,"Particle Board",2021,13100817
9,"Wood Products",944,"Wood, wood articles, & charcoal",94411,"Wood Fiberboard",2021,133130703
9,"Wood Products",944,"Wood, wood articles, & charcoal",94412,"Plywood",2021,2273294794
9,"Wood Products",944,"Wood, wood articles, & charcoal",94413,"Densified Wood",2021,11147812.000000002
9,"Wood Products",944,"Wood, wood articles, & charcoal",94414,"Wood Frames",2021,31478250
9,"Wood Products",944,"Wood, wood articles, & charcoal",94415,"Wood Crates",2021,6920210
9,"Wood Products",944,"Wood, wood articles, & charcoal",94416,"Wood Barrels",2021,96927
9,"Wood Products",944,"Wood, wood articles, & charcoal",94417,"Wooden Tool Handles",2021,4392378
9,"Wood Products",944,"Wood, wood articles, & charcoal",94418,"Wood Carpentry",2021,540050820
9,"Wood Products",944,"Wood, wood articles, & charcoal",94419,"Wood Kitchenware",2021,32370463
9,"Wood Products",944,"Wood, wood articles, & charcoal",94420,"Wood Ornaments",2021,67962232
9,"Wood Products",944,"Wood, wood articles, & charcoal",94421,"Other Wood Articles",2021,536511233
9,"Wood Products",945,"Cork & cork articles",94502,"Debacked Cork",2021,1862
9,"Wood Products",945,"Cork & cork articles",94503,"Natural Cork Articles",2021,31221
9,"Wood Products",945,"Cork & cork articles",94504,"Agglomerated Cork",2021,11722
9,"Wood Products",946,"Straw & esparto manufactures",94601,"Plaiting Products",2021,12294587
9,"Wood Products",946,"Straw & esparto manufactures",94602,"Basketwork",2021,144732006
10,"Paper Goods",1047,"Wood pulp & paper scrap",104702,"Dissolving Grades Chemical Woodpulp",2021,1104433134
10,"Paper Goods",1047,"Wood pulp & paper scrap",104703,"Sulfate Chemical Woodpulp",2021,2767271007
10,"Paper Goods",1047,"Wood pulp & paper scrap",104704,"Sulfite Chemical Woodpulp",2021,1565044
10,"Paper Goods",1047,"Wood pulp & paper scrap",104705,"Semi chemical Woodpulp",2021,43588483
10,"Paper Goods",1047,"Wood pulp & paper scrap",104706,"Recovered Paper Pulp",2021,113427018.99999999
10,"Paper Goods",1047,"Wood pulp & paper scrap",104707,"Recovered Paper",2021,3587370
10,"Paper Goods",1048,"Paper articles",104801,"Newsprint",2021,106776469
10,"Paper Goods",1048,"Paper articles",104802,"Uncoated Paper",2021,2384683426
10,"Paper Goods",1048,"Paper articles",104803,"Tissue",2021,658826732
10,"Paper Goods",1048,"Paper articles",104804,"Kraft Paper",2021,62281574
10,"Paper Goods",1048,"Paper articles",104805,"Other Uncoated Paper",2021,569572956
10,"Paper Goods",1048,"Paper articles",104806,"Vegetable Parchment",2021,19331961
10,"Paper Goods",1048,"Paper articles",104807,"Composite Paper",2021,1559128
10,"Paper Goods",1048,"Paper articles",104808,"Corrugated Paper",2021,4615052
10,"Paper Goods",1048,"Paper articles",104809,"Carbon Paper",2021,78322402
10,"Paper Goods",1048,"Paper articles",104810,"Kaolin Coated Paper",2021,415618976
10,"Paper Goods",1048,"Paper articles",104811,"Cellulose Fibers Paper",2021,94601970
10,"Paper Goods",1048,"Paper articles",104812,"Paper Pulp Filter Blocks",2021,33886
10,"Paper Goods",1048,"Paper articles",104813,"Cigarette Paper",2021,83995249
10,"Paper Goods",1048,"Paper articles",104814,"Wallpaper",2021,101299
10,"Paper Goods",1048,"Paper articles",104816,"Other Carbon Paper",2021,27314497
10,"Paper Goods",1048,"Paper articles",104817,"Letter Stock",2021,7068137
10,"Paper Goods",1048,"Paper articles",104818,"Toilet Paper",2021,258722912
10,"Paper Goods",1048,"Paper articles",104819,"Paper Containers",2021,223754470
10,"Paper Goods",1048,"Paper articles",104820,"Paper Notebooks",2021,106320636
10,"Paper Goods",1048,"Paper articles",104821,"Paper Labels",2021,4613373
10,"Paper Goods",1048,"Paper articles",104822,"Paper Spools",2021,7428986
10,"Paper Goods",1048,"Paper articles",104823,"Shaped Paper",2021,177095319
10,"Paper Goods",1049,"Books, newspapers, & other prints",104901,"Brochures",2021,5257237.000000001
10,"Paper Goods",1049,"Books, newspapers, & other prints",104902,"Newspapers",2021,853269
10,"Paper Goods",1049,"Books, newspapers, & other prints",104903,"Children's Picture Books",2021,1043101
10,"Paper Goods",1049,"Books, newspapers, & other prints",104904,"Sheet Music",2021,25359
10,"Paper Goods",1049,"Books, newspapers, & other prints",104905,"Maps",2021,55616
10,"Paper Goods",1049,"Books, newspapers, & other prints",104906,"Architectural Plans",2021,471431
10,"Paper Goods",1049,"Books, newspapers, & other prints",104907,"Documents of title (bonds etc) and unused stamps",2021,30270914.000000004
10,"Paper Goods",1049,"Books, newspapers, & other prints",104908,"Decals",2021,1097299
10,"Paper Goods",1049,"Books, newspapers, & other prints",104909,"Postcards",2021,1992227
10,"Paper Goods",1049,"Books, newspapers, & other prints",104910,"Calendars",2021,674471
10,"Paper Goods",1049,"Books, newspapers, & other prints",104911,"Other Printed Material",2021,12214468
11,"Textiles",1150,"Silk",115004,"Non-Retail Silk Yarn",2021,3174
11,"Textiles",1150,"Silk",115006,"Retail Silk Yarn",2021,21033
11,"Textiles",1150,"Silk",115007,"Silk Fabrics",2021,344843
11,"Textiles",1151,"Wool & animal hair",115101,"Wool",2021,3
11,"Textiles",1151,"Wool & animal hair",115102,"Animal Hair",2021,544
11,"Textiles",1151,"Wool & animal hair",115103,"Wool or Animal Hair Waste",2021,48086.00000000001
11,"Textiles",1151,"Wool & animal hair",115105,"Prepared Wool or Animal Hair",2021,20126
11,"Textiles",1151,"Wool & animal hair",115106,"Non-Retail Carded Wool Yarn",2021,465350.00000000006
11,"Textiles",1151,"Wool & animal hair",115107,"Non-Retail Combed Wool Yarn",2021,242423
11,"Textiles",1151,"Wool & animal hair",115108,"Non-Retail Animal Hair Yarn",2021,160562
11,"Textiles",1151,"Wool & animal hair",115109,"Retail Wool or Animal Hair Yarn",2021,12772
11,"Textiles",1151,"Wool & animal hair",115110,"Horsehair Yarn",2021,11979
11,"Textiles",1151,"Wool & animal hair",115111,"Carded Wool or Animal Hair Fabric",2021,69084
11,"Textiles",1151,"Wool & animal hair",115112,"Combed Wool or Animal Hair Fabric",2021,518607
11,"Textiles",1151,"Wool & animal hair",115113,"Horsehair Fabric",2021,8710
11,"Textiles",1152,"Cotton",115201,"Raw Cotton",2021,4616000
11,"Textiles",1152,"Cotton",115202,"Cotton Waste",2021,7687070
11,"Textiles",1152,"Cotton",115203,"Prepared Cotton",2021,22595202
11,"Textiles",1152,"Cotton",115204,"Cotton Sewing Thread",2021,6294053.999999999
11,"Textiles",1152,"Cotton",115205,"Non-Retail Pure Cotton Yarn",2021,585562234
11,"Textiles",1152,"Cotton",115206,"Non-Retail Mixed Cotton Yarn",2021,159959852
11,"Textiles",1152,"Cotton",115207,"Retail Cotton Yarn",2021,1736718
11,"Textiles",1152,"Cotton",115208,"Light Pure Woven Cotton",2021,82614994
11,"Textiles",1152,"Cotton",115209,"Heavy Pure Woven Cotton",2021,24737151
11,"Textiles",1152,"Cotton",115210,"Light Mixed Woven Cotton",2021,30760174
11,"Textiles",1152,"Cotton",115211,"Heavy Mixed Woven Cotton",2021,9646285
11,"Textiles",1152,"Cotton",115212,"Other Cotton Fabrics",2021,5304176
11,"Textiles",1153,"Vegetable textile fibers, paper yarn & fabrics",115301,"Flax Fibers",2021,10618
11,"Textiles",1153,"Vegetable textile fibers, paper yarn & fabrics",115302,"Hemp Fibers",2021,108.00000000000001
11,"Textiles",1153,"Vegetable textile fibers, paper yarn & fabrics",115303,"Jute and Other Textile Fibers",2021,1787769
11,"Textiles",1153,"Vegetable textile fibers, paper yarn & fabrics",115305,"Coconut and Other Vegetable Fibers",2021,11103502
11,"Textiles",1153,"Vegetable textile fibers, paper yarn & fabrics",115306,"Flax Yarn",2021,4411
11,"Textiles",1153,"Vegetable textile fibers, paper yarn & fabrics",115307,"Jute Yarn",2021,146704
11,"Textiles",1153,"Vegetable textile fibers, paper yarn & fabrics",115308,"Other Vegetable Fibers Yarn",2021,436699
11,"Textiles",1153,"Vegetable textile fibers, paper yarn & fabrics",115309,"Flax Woven Fabric",2021,145157
11,"Textiles",1153,"Vegetable textile fibers, paper yarn & fabrics",115310,"Jute Woven Fabric",2021,46459
11,"Textiles",1153,"Vegetable textile fibers, paper yarn & fabrics",115311,"Other Vegetable Fibers Fabric",2021,237264
11,"Textiles",1154,"Man-made filaments",115401,"Artificial Filament Sewing Thread",2021,9431209
11,"Textiles",1154,"Man-made filaments",115402,"Non-Retail Synthetic Filament Yarn",2021,402794799
11,"Textiles",1154,"Man-made filaments",115403,"Non-Retail Artificial Filament Yarn",2021,51785265
11,"Textiles",1154,"Man-made filaments",115404,"Synthetic Monofilament",2021,13671761
11,"Textiles",1154,"Man-made filaments",115405,"Artificial Monofilament",2021,36988
11,"Textiles",1154,"Man-made filaments",115406,"Retail Artificial Filament Yarn",2021,109605
11,"Textiles",1154,"Man-made filaments",115407,"Synthetic Filament Yarn Woven Fabric",2021,278491114
11,"Textiles",1154,"Man-made filaments",115408,"Artificial Filament Yarn Woven Fabric",2021,4379288
11,"Textiles",1155,"Man-made staple fibres",115501,"Synthetic Filament Tow",2021,1021153
11,"Textiles",1155,"Man-made staple fibres",115502,"Artificial Filament Tow",2021,1233547
11,"Textiles",1155,"Man-made staple fibres",115503,"Unprocessed Synthetic Staple Fibers",2021,288291316
11,"Textiles",1155,"Man-made staple fibres",115504,"Unprocessed Artificial Staple Fibers",2021,897071729
11,"Textiles",1155,"Man-made staple fibres",115505,"Artificial Fibers Waste",2021,3594202
11,"Textiles",1155,"Man-made staple fibres",115506,"Processed Synthetic Staple Fibers",2021,917649
11,"Textiles",1155,"Man-made staple fibres",115507,"Processed Artificial Staple Fibers",2021,206823
11,"Textiles",1155,"Man-made staple fibres",115508,"Non-Retail Artificial Staple Fibers Sewing Thread",2021,10872671
11,"Textiles",1155,"Man-made staple fibres",115509,"Non-Retail Synthetic Staple Fibers Yarn",2021,746062570
11,"Textiles",1155,"Man-made staple fibres",115510,"Non-Retail Artificial Staple Fibers Yarn",2021,360896414
11,"Textiles",1155,"Man-made staple fibres",115511,"Retail Artificial Staple Fibers Yarn",2021,279873
11,"Textiles",1155,"Man-made staple fibres",115512,"Synthetic Fabrics",2021,19379014
11,"Textiles",1155,"Man-made staple fibres",115513,"Light Synthetic Cotton Fabrics",2021,67369259
11,"Textiles",1155,"Man-made staple fibres",115514,"Heavy Synthetic Cotton Fabrics",2021,30832410
11,"Textiles",1155,"Man-made staple fibres",115515,"Other Synthetic Fabrics",2021,70642783
11,"Textiles",1155,"Man-made staple fibres",115516,"Woven Fabric of Synthetic Staple Fibers",2021,29719678
11,"Textiles",1156,"Wadding, felt, nonwovens, twin, ropes, & articles thereof",115601,"Wadding",2021,53374505
11,"Textiles",1156,"Wadding, felt, nonwovens, twin, ropes, & articles thereof",115602,"Felt",2021,4454496
11,"Textiles",1156,"Wadding, felt, nonwovens, twin, ropes, & articles thereof",115603,"Non-woven Textiles",2021,91417885
11,"Textiles",1156,"Wadding, felt, nonwovens, twin, ropes, & articles thereof",115604,"Rubber Textiles",2021,2758118
11,"Textiles",1156,"Wadding, felt, nonwovens, twin, ropes, & articles thereof",115605,"Metallic Yarn",2021,372199
11,"Textiles",1156,"Wadding, felt, nonwovens, twin, ropes, & articles thereof",115606,"Gimp Yarn",2021,1208921
11,"Textiles",1156,"Wadding, felt, nonwovens, twin, ropes, & articles thereof",115607,"Twine and Rope",2021,12946762
11,"Textiles",1156,"Wadding, felt, nonwovens, twin, ropes, & articles thereof",115608,"Twine, cordage or rope; knotted netting, made up fishing nets and other made up nets, of textile materials",2021,17716155
11,"Textiles",1156,"Wadding, felt, nonwovens, twin, ropes, & articles thereof",115609,"Other Articles of Twine and Rope",2021,11568454
11,"Textiles",1157,"Carpets & textile floor covers",115701,"Knotted Carpets",2021,415970
11,"Textiles",1157,"Carpets & textile floor covers",115702,"Hand-Woven Rugs",2021,22252124
11,"Textiles",1157,"Carpets & textile floor covers",115703,"Tufted Carpets",2021,26565553
11,"Textiles",1157,"Carpets & textile floor covers",115704,"Felt Carpets",2021,510662
11,"Textiles",1157,"Carpets & textile floor covers",115705,"Other Carpets",2021,7506895
11,"Textiles",1158,"Special woven fabrics and tapestries",115801,"Woven Fabrics",2021,5585188
11,"Textiles",1158,"Special woven fabrics and tapestries",115802,"Terry Fabric",2021,236746
11,"Textiles",1158,"Special woven fabrics and tapestries",115803,"Gauze",2021,1583991
11,"Textiles",1158,"Special woven fabrics and tapestries",115804,"Tulles and Net Fabric",2021,4758429
11,"Textiles",1158,"Special woven fabrics and tapestries",115805,"Hand-Woven Tapestries",2021,7816
11,"Textiles",1158,"Special woven fabrics and tapestries",115806,"Narrow Woven Fabric",2021,23151845
11,"Textiles",1158,"Special woven fabrics and tapestries",115807,"Labels",2021,1575011
11,"Textiles",1158,"Special woven fabrics and tapestries",115808,"Ornamental Trimmings",2021,455178
11,"Textiles",1158,"Special woven fabrics and tapestries",115809,"Metallic Fabric",2021,13149
11,"Textiles",1158,"Special woven fabrics and tapestries",115810,"Embroidery",2021,2580520
11,"Textiles",1158,"Special woven fabrics and tapestries",115811,"Quilted Textiles",2021,428895
11,"Textiles",1159,"Coated, covered, & laminated fabrics for industrial use",115901,"Gum Coated Textile Fabric",2021,770751
11,"Textiles",1159,"Coated, covered, & laminated fabrics for industrial use",115902,"Polyamide Fabric",2021,86257709
11,"Textiles",1159,"Coated, covered, & laminated fabrics for industrial use",115903,"Plastic Coated Textile Fabric",2021,49902458
11,"Textiles",1159,"Coated, covered, & laminated fabrics for industrial use",115904,"Linoleum",2021,39612
11,"Textiles",1159,"Coated, covered, & laminated fabrics for industrial use",115905,"Textile Wall Coverings",2021,258875
11,"Textiles",1159,"Coated, covered, & laminated fabrics for industrial use",115906,"Rubber Textile Fabric",2021,16686140
11,"Textiles",1159,"Coated, covered, & laminated fabrics for industrial use",115907,"Coated Textile Fabric",2021,2310910
11,"Textiles",1159,"Coated, covered, & laminated fabrics for industrial use",115908,"Textile Wicks",2021,232569
11,"Textiles",1159,"Coated, covered, & laminated fabrics for industrial use",115909,"Hose Piping Textiles",2021,107100
11,"Textiles",1159,"Coated, covered, & laminated fabrics for industrial use",115910,"Conveyor Belt Textiles",2021,162387
11,"Textiles",1159,"Coated, covered, & laminated fabrics for industrial use",115911,"Textiles for technical uses",2021,15052969
11,"Textiles",1160,"Knitted fabrics",116001,"Pile Fabric",2021,21225309
11,"Textiles",1160,"Knitted fabrics",116002,"Light Rubberized Knitted Fabric",2021,125468141
11,"Textiles",1161,"Knitted clothing accesories",116101,"Knit Men's Coats",2021,88007930
11,"Textiles",1161,"Knitted clothing accesories",116102,"Knit Women's Coats",2021,119883510
11,"Textiles",1161,"Knitted clothing accesories",116103,"Knit Men's Suits",2021,381737948
11,"Textiles",1161,"Knitted clothing accesories",116104,"Knit Women's Suits",2021,1129817885
11,"Textiles",1161,"Knitted clothing accesories",116105,"Knit Men's Shirts",2021,144512853
11,"Textiles",1161,"Knitted clothing accesories",116106,"Knit Women's Shirts",2021,167861122
11,"Textiles",1161,"Knitted clothing accesories",116107,"Knit Men's Undergarments",2021,82691431
11,"Textiles",1161,"Knitted clothing accesories",116108,"Knit Women's Undergarments",2021,240292203
11,"Textiles",1161,"Knitted clothing accesories",116109,"Knit T-shirts",2021,487858244
11,"Textiles",1161,"Knitted clothing accesories",116110,"Knit Sweaters",2021,1471727542
11,"Textiles",1161,"Knitted clothing accesories",116111,"Knit Babies' Garments",2021,130593693
11,"Textiles",1161,"Knitted clothing accesories",116112,"Knit Active Wear",2021,172746014
11,"Textiles",1161,"Knitted clothing accesories",116113,"Garments of Impregnated Fabric",2021,13783014
11,"Textiles",1161,"Knitted clothing accesories",116114,"Other Knit Garments",2021,216739350
11,"Textiles",1161,"Knitted clothing accesories",116115,"Knit Socks and Hosiery",2021,169544806
11,"Textiles",1161,"Knitted clothing accesories",116116,"Knit Gloves",2021,115044806
11,"Textiles",1161,"Knitted clothing accesories",116117,"Other Knit Clothing Accessories",2021,13281283
11,"Textiles",1162,"Non-knitted clothing accesories",116201,"Non-Knit Men's Coats",2021,468129998
11,"Textiles",1162,"Non-knitted clothing accesories",116202,"Non-Knit Women's Coats",2021,365706142
11,"Textiles",1162,"Non-knitted clothing accesories",116203,"Non-Knit Men's Suits",2021,756134401
11,"Textiles",1162,"Non-knitted clothing accesories",116204,"Non-Knit Women's Suits",2021,1089637931
11,"Textiles",1162,"Non-knitted clothing accesories",116205,"Non-Knit Men's Shirts",2021,280103844
11,"Textiles",1162,"Non-knitted clothing accesories",116206,"Non-Knit Women's Shirts",2021,481420069
11,"Textiles",1162,"Non-knitted clothing accesories",116207,"Non-Knit Men's Undergarments",2021,30381330
11,"Textiles",1162,"Non-knitted clothing accesories",116208,"Non-Knit Women's Undergarments",2021,88053339
11,"Textiles",1162,"Non-knitted clothing accesories",116209,"Non-Knit Babies' Garments",2021,25284649
11,"Textiles",1162,"Non-knitted clothing accesories",116210,"Felt or Coated Fabric Garments",2021,302363044
11,"Textiles",1162,"Non-knitted clothing accesories",116211,"Non-Knit Active Wear",2021,307231967
11,"Textiles",1162,"Non-knitted clothing accesories",116212,"Other Women's Undergarments",2021,574681268
11,"Textiles",1162,"Non-knitted clothing accesories",116213,"Handkerchiefs",2021,47770
11,"Textiles",1162,"Non-knitted clothing accesories",116214,"Scarves",2021,4294472
11,"Textiles",1162,"Non-knitted clothing accesories",116215,"Neck Ties",2021,274202
11,"Textiles",1162,"Non-knitted clothing accesories",116216,"Non-Knit Gloves",2021,57113876
11,"Textiles",1162,"Non-knitted clothing accesories",116217,"Other Non-Knit Clothing Accessories",2021,7414314
11,"Textiles",1163,"Used clothes & textile articles",116301,"Blankets",2021,24167460
11,"Textiles",1163,"Used clothes & textile articles",116302,"House Linens",2021,27079243
11,"Textiles",1163,"Used clothes & textile articles",116303,"Window Dressings",2021,32279289
11,"Textiles",1163,"Used clothes & textile articles",116304,"Bedspreads",2021,12191676
11,"Textiles",1163,"Used clothes & textile articles",116305,"Packing Bags",2021,84640286
11,"Textiles",1163,"Used clothes & textile articles",116306,"Awnings, Tents, and Sails",2021,12685180
11,"Textiles",1163,"Used clothes & textile articles",116307,"Other Cloth Articles",2021,61851646
11,"Textiles",1163,"Used clothes & textile articles",116308,"Packaged Sewing Sets",2021,31348
11,"Textiles",1163,"Used clothes & textile articles",116309,"Used Clothing",2021,1781641
11,"Textiles",1163,"Used clothes & textile articles",116310,"Textile Scraps",2021,1086300
12,"Footwear and Headwear",1264,"Footwear",126401,"Waterproof Footwear",2021,23905976
12,"Footwear and Headwear",1264,"Footwear",126402,"Rubber Footwear",2021,1209461169
12,"Footwear and Headwear",1264,"Footwear",126403,"Leather Footwear",2021,3132882829
12,"Footwear and Headwear",1264,"Footwear",126404,"Textile Footwear",2021,3056605968
12,"Footwear and Headwear",1264,"Footwear",126405,"Other Footwear",2021,33674918
12,"Footwear and Headwear",1264,"Footwear",126406,"Footwear Parts",2021,85472637
12,"Footwear and Headwear",1265,"Headgear",126501,"Hat Forms",2021,49890
12,"Footwear and Headwear",1265,"Headgear",126502,"Hat Shapes",2021,150564
12,"Footwear and Headwear",1265,"Headgear",126504,"Hats",2021,3108159
12,"Footwear and Headwear",1265,"Headgear",126505,"Knitted Hats",2021,70955963
12,"Footwear and Headwear",1265,"Headgear",126506,"Other Headwear",2021,24940694
12,"Footwear and Headwear",1265,"Headgear",126507,"Headbands and Linings",2021,1440713
12,"Footwear and Headwear",1266,"Umbrellas, walking sticks, & whips",126601,"Umbrellas",2021,2959328
12,"Footwear and Headwear",1266,"Umbrellas, walking sticks, & whips",126602,"Walking Sticks",2021,204391
12,"Footwear and Headwear",1266,"Umbrellas, walking sticks, & whips",126603,"Umbrella and Walking Stick Accessories",2021,666343
12,"Footwear and Headwear",1267,"Feather articles, feathers, artificial flowers, & articles of human hair",126701,"Bird Skins and Feathers",2021,662120
12,"Footwear and Headwear",1267,"Feather articles, feathers, artificial flowers, & articles of human hair",126702,"Artificial Vegetation",2021,5499951
12,"Footwear and Headwear",1267,"Feather articles, feathers, artificial flowers, & articles of human hair",126703,"Processed Hair",2021,8880570
12,"Footwear and Headwear",1267,"Feather articles, feathers, artificial flowers, & articles of human hair",126704,"Fake Hair",2021,415561840
13,"Stone And Glass",1368,"Stone, plaster, cement, asbestos, mica.",136801,"Curbstones",2021,3676638
13,"Stone And Glass",1368,"Stone, plaster, cement, asbestos, mica.",136802,"Building Stone",2021,50535740
13,"Stone And Glass",1368,"Stone, plaster, cement, asbestos, mica.",136803,"Worked Slate",2021,2381336
13,"Stone And Glass",1368,"Stone, plaster, cement, asbestos, mica.",136804,"Milling Stones",2021,26497697
13,"Stone And Glass",1368,"Stone, plaster, cement, asbestos, mica.",136805,"Abrasive Powder",2021,3290614
13,"Stone And Glass",1368,"Stone, plaster, cement, asbestos, mica.",136806,"Rock Wool",2021,12604689
13,"Stone And Glass",1368,"Stone, plaster, cement, asbestos, mica.",136807,"Asphalt",2021,1335181
13,"Stone And Glass",1368,"Stone, plaster, cement, asbestos, mica.",136808,"Vegetable Fiber",2021,2980016
13,"Stone And Glass",1368,"Stone, plaster, cement, asbestos, mica.",136809,"Plaster Articles",2021,6317926
13,"Stone And Glass",1368,"Stone, plaster, cement, asbestos, mica.",136810,"Cement Articles",2021,34955306
13,"Stone And Glass",1368,"Stone, plaster, cement, asbestos, mica.",136811,"Asbestos Cement Articles",2021,25484191
13,"Stone And Glass",1368,"Stone, plaster, cement, asbestos, mica.",136812,"Asbestos Fibres",2021,151397
13,"Stone And Glass",1368,"Stone, plaster, cement, asbestos, mica.",136813,"Friction Material",2021,7913429
13,"Stone And Glass",1368,"Stone, plaster, cement, asbestos, mica.",136814,"Processed Mica",2021,28557
13,"Stone And Glass",1368,"Stone, plaster, cement, asbestos, mica.",136815,"Other Stone Articles",2021,22903435
13,"Stone And Glass",1369,"Ceramic products",136901,"Bricks",2021,876957
13,"Stone And Glass",1369,"Ceramic products",136902,"Refractory Bricks",2021,1349259
13,"Stone And Glass",1369,"Ceramic products",136903,"Refractory Ceramics",2021,1655261
13,"Stone And Glass",1369,"Ceramic products",136904,"Ceramic Bricks",2021,355109.99999999994
13,"Stone And Glass",1369,"Ceramic products",136905,"Roofing Tiles",2021,534889
13,"Stone And Glass",1369,"Ceramic products",136906,"Ceramic Pipes",2021,798
13,"Stone And Glass",1369,"Ceramic products",136907,"Unglazed Ceramics",2021,73149355
13,"Stone And Glass",1369,"Ceramic products",136909,"Laboratory Ceramic Ware",2021,179912380
13,"Stone And Glass",1369,"Ceramic products",136910,"Bathroom Ceramics",2021,35338022
13,"Stone And Glass",1369,"Ceramic products",136911,"Porcelain Tableware",2021,95554166
13,"Stone And Glass",1369,"Ceramic products",136912,"Ceramic Tableware",2021,25302991
13,"Stone And Glass",1369,"Ceramic products",136913,"Ornamental Ceramics",2021,9470526
13,"Stone And Glass",1369,"Ceramic products",136914,"Other Ceramic Articles",2021,12431499
13,"Stone And Glass",1370,"Glass & glassware",137001,"Glass Scraps",2021,64341
13,"Stone And Glass",1370,"Glass & glassware",137002,"Glass Balls",2021,483628
13,"Stone And Glass",1370,"Glass & glassware",137003,"Cast or Rolled Glass",2021,4677397
13,"Stone And Glass",1370,"Glass & glassware",137004,"Blown Glass",2021,692153
13,"Stone And Glass",1370,"Glass & glassware",137005,"Float Glass",2021,169743506
13,"Stone And Glass",1370,"Glass & glassware",137006,"Glass with Edge Workings",2021,1585087
13,"Stone And Glass",1370,"Glass & glassware",137007,"Safety Glass",2021,23665072
13,"Stone And Glass",1370,"Glass & glassware",137008,"Insulating Glass",2021,1460146
13,"Stone And Glass",1370,"Glass & glassware",137009,"Glass Mirrors",2021,39388432
13,"Stone And Glass",1370,"Glass & glassware",137010,"Glass Bottles",2021,46840074
13,"Stone And Glass",1370,"Glass & glassware",137011,"Glass Bulbs",2021,75745
13,"Stone And Glass",1370,"Glass & glassware",137013,"Interior Decorative Glassware",2021,41223961
13,"Stone And Glass",1370,"Glass & glassware",137014,"Signaling Glassware",2021,16819
13,"Stone And Glass",1370,"Glass & glassware",137015,"Eyewear and Clock Glass",2021,144635
13,"Stone And Glass",1370,"Glass & glassware",137016,"Glass Bricks",2021,14736262
13,"Stone And Glass",1370,"Glass & glassware",137017,"Laboratory Glassware",2021,5315030
13,"Stone And Glass",1370,"Glass & glassware",137018,"Glass Beads",2021,472486
13,"Stone And Glass",1370,"Glass & glassware",137019,"Glass Fibers",2021,7717924
13,"Stone And Glass",1370,"Glass & glassware",137020,"Other Glass Articles",2021,1633100
14,"Precious Metals",1471,"Precious stones, metals, & pearls",147101,"Pearls",2021,114571568
14,"Precious Metals",1471,"Precious stones, metals, & pearls",147102,"Diamonds",2021,3361383
14,"Precious Metals",1471,"Precious stones, metals, & pearls",147103,"Precious Stones",2021,4215063
14,"Precious Metals",1471,"Precious stones, metals, & pearls",147104,"Synthetic Reconstructed Jewellery Stones",2021,763554
14,"Precious Metals",1471,"Precious stones, metals, & pearls",147105,"Precious Stone Dust",2021,2403.9999999999995
14,"Precious Metals",1471,"Precious stones, metals, & pearls",147106,"Silver",2021,128901126
14,"Precious Metals",1471,"Precious stones, metals, & pearls",147107,"Silver Clad Metals",2021,343
14,"Precious Metals",1471,"Precious stones, metals, & pearls",147108,"Gold",2021,2108037148
14,"Precious Metals",1471,"Precious stones, metals, & pearls",147109,"Gold Clad Metals",2021,477.00000000000006
14,"Precious Metals",1471,"Precious stones, metals, & pearls",147110,"Platinum",2021,505560
14,"Precious Metals",1471,"Precious stones, metals, & pearls",147111,"Platinum Clad Metals",2021,2093
14,"Precious Metals",1471,"Precious stones, metals, & pearls",147112,"Precious Metal Scraps",2021,1844123757.0000002
14,"Precious Metals",1471,"Precious stones, metals, & pearls",147113,"Jewellery",2021,1490340889
14,"Precious Metals",1471,"Precious stones, metals, & pearls",147114,"Metal-Clad Products",2021,1144320
14,"Precious Metals",1471,"Precious stones, metals, & pearls",147115,"Other Precious Metal Products",2021,2168249
14,"Precious Metals",1471,"Precious stones, metals, & pearls",147116,"Pearl Products",2021,2718725
14,"Precious Metals",1471,"Precious stones, metals, & pearls",147117,"Imitation Jewellery",2021,22946824
14,"Precious Metals",1471,"Precious stones, metals, & pearls",147118,"Coin",2021,34082
15,"Metals",1572,"Iron & steel",157201,"Pig Iron",2021,70558312
15,"Metals",1572,"Iron & steel",157202,"Ferroalloys",2021,7480248635
15,"Metals",1572,"Iron & steel",157203,"Iron Reductions",2021,6351443
15,"Metals",1572,"Iron & steel",157204,"Scrap Iron",2021,94453603
15,"Metals",1572,"Iron & steel",157205,"Iron Powder",2021,6146593
15,"Metals",1572,"Iron & steel",157206,"Iron Ingots",2021,49435
15,"Metals",1572,"Iron & steel",157207,"Semi-Finished Iron",2021,1904793027
15,"Metals",1572,"Iron & steel",157208,"Hot-Rolled Iron",2021,695723403
15,"Metals",1572,"Iron & steel",157209,"Cold-Rolled Iron",2021,36042866
15,"Metals",1572,"Iron & steel",157210,"Coated Flat-Rolled Iron",2021,121332082
15,"Metals",1572,"Iron & steel",157211,"Large Flat-Rolled Iron",2021,1680409
15,"Metals",1572,"Iron & steel",157212,"Large Coated Flat-Rolled Iron",2021,15888632.000000002
15,"Metals",1572,"Iron & steel",157213,"Hot-Rolled Iron Bars",2021,436529341
15,"Metals",1572,"Iron & steel",157214,"Raw Iron Bars",2021,69563660
15,"Metals",1572,"Iron & steel",157215,"Other Iron Bars",2021,1281118
15,"Metals",1572,"Iron & steel",157216,"Iron Blocks",2021,10626746
15,"Metals",1572,"Iron & steel",157217,"Iron Wire",2021,21392329
15,"Metals",1572,"Iron & steel",157218,"Stainless Steel Ingots",2021,3517411830
15,"Metals",1572,"Iron & steel",157219,"Large Flat-Rolled Stainless Steel",2021,6691378730
15,"Metals",1572,"Iron & steel",157220,"Flat-Rolled Stainless Steel",2021,38440177
15,"Metals",1572,"Iron & steel",157221,"Hot-Rolled Stainless Steel Bars",2021,674427
15,"Metals",1572,"Iron & steel",157222,"Other Stainless Steel Bars",2021,4329001
15,"Metals",1572,"Iron & steel",157223,"Stainless Steel Wire",2021,26874379
15,"Metals",1572,"Iron & steel",157224,"Steel Ingots",2021,25194603
15,"Metals",1572,"Iron & steel",157225,"Flat Flat-Rolled Steel",2021,6563489
15,"Metals",1572,"Iron & steel",157226,"Flat-Rolled Iron",2021,1214746
15,"Metals",1572,"Iron & steel",157227,"Steel Bars",2021,19853166
15,"Metals",1572,"Iron & steel",157228,"Other Steel Bars",2021,2841862
15,"Metals",1572,"Iron & steel",157229,"Steel Wire",2021,19623475
15,"Metals",1573,"Iron/Steel Articles",157301,"Iron Sheet Piling",2021,13043835
15,"Metals",1573,"Iron/Steel Articles",157302,"Iron Railway Products",2021,1845346
15,"Metals",1573,"Iron/Steel Articles",157303,"Cast Iron Pipes",2021,1855488
15,"Metals",1573,"Iron/Steel Articles",157304,"Iron Pipes",2021,208384146
15,"Metals",1573,"Iron/Steel Articles",157305,"Other Large Iron Pipes",2021,76619666
15,"Metals",1573,"Iron/Steel Articles",157306,"Other Small Iron Pipes",2021,90476957
15,"Metals",1573,"Iron/Steel Articles",157307,"Iron Pipe Fittings",2021,125808449
15,"Metals",1573,"Iron/Steel Articles",157308,"Iron Structures",2021,419130975
15,"Metals",1573,"Iron/Steel Articles",157309,"Large Iron Containers",2021,5142542
15,"Metals",1573,"Iron/Steel Articles",157310,"Small Iron Containers",2021,22842945
15,"Metals",1573,"Iron/Steel Articles",157311,"Iron Gas Containers",2021,11808331
15,"Metals",1573,"Iron/Steel Articles",157312,"Stranded Iron Wire",2021,171973785
15,"Metals",1573,"Iron/Steel Articles",157313,"Barbed Wire",2021,3358025
15,"Metals",1573,"Iron/Steel Articles",157314,"Iron Cloth",2021,16735802
15,"Metals",1573,"Iron/Steel Articles",157315,"Iron Chains",2021,19132453
15,"Metals",1573,"Iron/Steel Articles",157316,"Iron Anchors",2021,829625.0000000001
15,"Metals",1573,"Iron/Steel Articles",157317,"Iron Nails",2021,1662079
15,"Metals",1573,"Iron/Steel Articles",157318,"Iron Fasteners",2021,133410853
15,"Metals",1573,"Iron/Steel Articles",157319,"Iron Sewing Needles",2021,695311
15,"Metals",1573,"Iron/Steel Articles",157320,"Iron Springs",2021,101082084
15,"Metals",1573,"Iron/Steel Articles",157321,"Iron Stovetops",2021,11977454
15,"Metals",1573,"Iron/Steel Articles",157322,"Iron Radiators",2021,115075
15,"Metals",1573,"Iron/Steel Articles",157323,"Iron Housewares",2021,47606458
15,"Metals",1573,"Iron/Steel Articles",157324,"Iron Toiletry",2021,5737313
15,"Metals",1573,"Iron/Steel Articles",157325,"Other Cast Iron Products",2021,13482505
15,"Metals",1573,"Iron/Steel Articles",157326,"Other Iron Products",2021,211263164
15,"Metals",1574,"Copper articles",157401,"Precipitated Copper",2021,25545405
15,"Metals",1574,"Copper articles",157402,"Raw Copper",2021,7171567
15,"Metals",1574,"Copper articles",157403,"Refined Copper",2021,1974547440
15,"Metals",1574,"Copper articles",157404,"Scrap Copper",2021,340681140
15,"Metals",1574,"Copper articles",157406,"Copper Powder",2021,1674245
15,"Metals",1574,"Copper articles",157407,"Copper Bars",2021,123144933
15,"Metals",1574,"Copper articles",157408,"Copper Wire",2021,726168939
15,"Metals",1574,"Copper articles",157409,"Copper Plating",2021,11160829
15,"Metals",1574,"Copper articles",157410,"Copper Foil",2021,922021
15,"Metals",1574,"Copper articles",157411,"Copper Pipes",2021,4901180
15,"Metals",1574,"Copper articles",157412,"Copper Pipe Fittings",2021,17322587
15,"Metals",1574,"Copper articles",157413,"Stranded Copper Wire",2021,412124
15,"Metals",1574,"Copper articles",157415,"Copper Fasteners",2021,3874033
15,"Metals",1574,"Copper articles",157418,"Copper Housewares",2021,2106897
15,"Metals",1574,"Copper articles",157419,"Other Copper Products",2021,12045764
15,"Metals",1575,"Nickel articles",157501,"Nickel Mattes",2021,1587799687
15,"Metals",1575,"Nickel articles",157502,"Raw Nickel",2021,4339730
15,"Metals",1575,"Nickel articles",157503,"Scrap Nickel",2021,5954988
15,"Metals",1575,"Nickel articles",157504,"Nickel Powder",2021,17652
15,"Metals",1575,"Nickel articles",157505,"Nickel Bars",2021,263983
15,"Metals",1575,"Nickel articles",157506,"Nickel Sheets",2021,32282.999999999996
15,"Metals",1575,"Nickel articles",157507,"Nickel Pipes",2021,1231451
15,"Metals",1575,"Nickel articles",157508,"Other Nickel Products",2021,12367787
15,"Metals",1576,"Aluminum articles",157601,"Raw Aluminium",2021,362497874
15,"Metals",1576,"Aluminum articles",157602,"Scrap Aluminium",2021,24678529
15,"Metals",1576,"Aluminum articles",157603,"Aluminium Powder",2021,124167.00000000001
15,"Metals",1576,"Aluminum articles",157604,"Aluminium Bars",2021,187890697
15,"Metals",1576,"Aluminum articles",157605,"Aluminium Wire",2021,16675922
15,"Metals",1576,"Aluminum articles",157606,"Aluminium Plating",2021,45171421
15,"Metals",1576,"Aluminum articles",157607,"Aluminium Foil",2021,49992848
15,"Metals",1576,"Aluminum articles",157608,"Aluminium Pipes",2021,12419377
15,"Metals",1576,"Aluminum articles",157609,"Aluminium Pipe Fittings",2021,1561667
15,"Metals",1576,"Aluminum articles",157610,"Aluminium Structures",2021,86028792
15,"Metals",1576,"Aluminum articles",157611,"Large Aluminium Containers",2021,153188
15,"Metals",1576,"Aluminum articles",157612,"Aluminium Cans",2021,56788336
15,"Metals",1576,"Aluminum articles",157613,"Aluminium Gas Containers",2021,895623
15,"Metals",1576,"Aluminum articles",157614,"Stranded Aluminium Wire",2021,10545455
15,"Metals",1576,"Aluminum articles",157615,"Aluminium Housewares",2021,18009407
15,"Metals",1576,"Aluminum articles",157616,"Other Aluminium Products",2021,22086577
15,"Metals",1578,"Lead articles",157801,"Raw Lead",2021,6472727
15,"Metals",1578,"Lead articles",157802,"Scrap Lead",2021,99750
15,"Metals",1578,"Lead articles",157804,"Lead Sheets",2021,233192
15,"Metals",1578,"Lead articles",157806,"Other Lead Products",2021,6438891
15,"Metals",1579,"Zinc articles",157901,"Raw Zinc",2021,5065318
15,"Metals",1579,"Zinc articles",157902,"Scrap Waste",2021,11599586
15,"Metals",1579,"Zinc articles",157903,"Zinc Powder",2021,14059315
15,"Metals",1579,"Zinc articles",157904,"Zinc Bars",2021,218734
15,"Metals",1579,"Zinc articles",157905,"Zinc Sheets",2021,611271
15,"Metals",1579,"Zinc articles",157907,"Other Zinc Products",2021,6152363
15,"Metals",1580,"Tin articles",158001,"Raw Tin",2021,2423659399
15,"Metals",1580,"Tin articles",158003,"Tin Bars",2021,21343484
15,"Metals",1580,"Tin articles",158007,"Other Tin Products",2021,1020181.0000000001
15,"Metals",1581,"Cermet articles",158101,"Tungsten",2021,1368090
15,"Metals",1581,"Cermet articles",158102,"Molybdenum",2021,22199
15,"Metals",1581,"Cermet articles",158103,"Tantalum",2021,3944277
15,"Metals",1581,"Cermet articles",158104,"Magnesium",2021,1777356
15,"Metals",1581,"Cermet articles",158105,"Cobalt",2021,544937
15,"Metals",1581,"Cermet articles",158108,"Titanium",2021,726231
15,"Metals",1581,"Cermet articles",158109,"Zirconium",2021,60836.00000000001
15,"Metals",1581,"Cermet articles",158110,"Antimony",2021,437178
15,"Metals",1581,"Cermet articles",158111,"Manganese",2021,55553599
15,"Metals",1581,"Cermet articles",158112,"Other Metals",2021,592125
15,"Metals",1581,"Cermet articles",158113,"Cermets",2021,137536
15,"Metals",1582,"Tools & cutlery",158201,"Garden Tools",2021,358977
15,"Metals",1582,"Tools & cutlery",158202,"Hand Saws",2021,20924852
15,"Metals",1582,"Tools & cutlery",158203,"Hand Tools",2021,2679843
15,"Metals",1582,"Tools & cutlery",158204,"Wrenches",2021,664728
15,"Metals",1582,"Tools & cutlery",158205,"Other Hand Tools",2021,3007033
15,"Metals",1582,"Tools & cutlery",158206,"Tool Sets",2021,1393574
15,"Metals",1582,"Tools & cutlery",158207,"Interchangeable Tool Parts",2021,58175464
15,"Metals",1582,"Tools & cutlery",158208,"Cutting Blades",2021,13268159
15,"Metals",1582,"Tools & cutlery",158209,"Tool Plates",2021,634066
15,"Metals",1582,"Tools & cutlery",158210,"Cooking Hand Tools",2021,19331
15,"Metals",1582,"Tools & cutlery",158211,"Knives",2021,2580001
15,"Metals",1582,"Tools & cutlery",158212,"Razor Blades",2021,1986270
15,"Metals",1582,"Tools & cutlery",158213,"Scissors",2021,30693
15,"Metals",1582,"Tools & cutlery",158214,"Other Cutlery",2021,207132
15,"Metals",1582,"Tools & cutlery",158215,"Cutlery Sets",2021,21956701
15,"Metals",1583,"Miscellaneous metal products",158301,"Padlocks",2021,33302179
15,"Metals",1583,"Miscellaneous metal products",158302,"Metal Mountings",2021,56358771
15,"Metals",1583,"Miscellaneous metal products",158303,"Safes",2021,11606678
15,"Metals",1583,"Miscellaneous metal products",158304,"Filing Cabinets",2021,319577
15,"Metals",1583,"Miscellaneous metal products",158305,"Metal Office Supplies",2021,296925
15,"Metals",1583,"Miscellaneous metal products",158306,"Bells and Other Metal Ornaments",2021,12193356
15,"Metals",1583,"Miscellaneous metal products",158307,"Flexible Metal Tubing",2021,478062
15,"Metals",1583,"Miscellaneous metal products",158308,"Other Metal Fasteners",2021,4723613
15,"Metals",1583,"Miscellaneous metal products",158309,"Metal Stoppers",2021,5483091
15,"Metals",1583,"Miscellaneous metal products",158310,"Metal Signs",2021,511008
15,"Metals",1583,"Miscellaneous metal products",158311,"Coated Metal Soldering Products",2021,18063295
16,"Machines",1684,"Machinery, mechanical appliances, & parts",168401,"Nuclear Reactors",2021,62011
16,"Machines",1684,"Machinery, mechanical appliances, & parts",168402,"Steam Boilers",2021,75301368
16,"Machines",1684,"Machinery, mechanical appliances, & parts",168403,"Central Heating Boilers",2021,17294923
16,"Machines",1684,"Machinery, mechanical appliances, & parts",168404,"Boiler Plants",2021,18953378
16,"Machines",1684,"Machinery, mechanical appliances, & parts",168405,"Water and Gas Generators",2021,1718517
16,"Machines",1684,"Machinery, mechanical appliances, & parts",168406,"Steam Turbines",2021,6772689
16,"Machines",1684,"Machinery, mechanical appliances, & parts",168407,"Spark-Ignition Engines",2021,426540322
16,"Machines",1684,"Machinery, mechanical appliances, & parts",168408,"Combustion Engines",2021,41765026
16,"Machines",1684,"Machinery, mechanical appliances, & parts",168409,"Engine Parts",2021,641388262
16,"Machines",1684,"Machinery, mechanical appliances, & parts",168410,"Hydraulic Turbines",2021,504049
16,"Machines",1684,"Machinery, mechanical appliances, & parts",168411,"Gas Turbines",2021,83518696
16,"Machines",1684,"Machinery, mechanical appliances, & parts",168412,"Other Engines",2021,46816350
16,"Machines",1684,"Machinery, mechanical appliances, & parts",168413,"Liquid Pumps",2021,146090025
16,"Machines",1684,"Machinery, mechanical appliances, & parts",168414,"Air Pumps",2021,264381096
16,"Machines",1684,"Machinery, mechanical appliances, & parts",168415,"Air Conditioners",2021,186576118
16,"Machines",1684,"Machinery, mechanical appliances, & parts",168416,"Liquid Fuel Furnaces",2021,2210650
16,"Machines",1684,"Machinery, mechanical appliances, & parts",168417,"Industrial Furnaces",2021,5868427
16,"Machines",1684,"Machinery, mechanical appliances, & parts",168418,"Refrigerators",2021,575807695
16,"Machines",1684,"Machinery, mechanical appliances, & parts",168419,"Other Heating Machinery",2021,145964009
16,"Machines",1684,"Machinery, mechanical appliances, & parts",168420,"Rolling Machines",2021,1706530
16,"Machines",1684,"Machinery, mechanical appliances, & parts",168421,"Centrifuges",2021,294252717
16,"Machines",1684,"Machinery, mechanical appliances, & parts",168422,"Washing and Bottling Machines",2021,30155436
16,"Machines",1684,"Machinery, mechanical appliances, & parts",168423,"Scales",2021,33795415
16,"Machines",1684,"Machinery, mechanical appliances, & parts",168424,"Liquid Dispersing Machines",2021,26961447
16,"Machines",1684,"Machinery, mechanical appliances, & parts",168425,"Pulley Systems",2021,8456496
16,"Machines",1684,"Machinery, mechanical appliances, & parts",168426,"Cranes",2021,19017177
16,"Machines",1684,"Machinery, mechanical appliances, & parts",168427,"Fork-Lifts",2021,5426344
16,"Machines",1684,"Machinery, mechanical appliances, & parts",168428,"Lifting Machinery",2021,5364138
16,"Machines",1684,"Machinery, mechanical appliances, & parts",168429,"Large Construction Vehicles",2021,401643065
16,"Machines",1684,"Machinery, mechanical appliances, & parts",168430,"Other Construction Vehicles",2021,14441152
16,"Machines",1684,"Machinery, mechanical appliances, & parts",168431,"Excavation Machinery",2021,334447604
16,"Machines",1684,"Machinery, mechanical appliances, & parts",168432,"Soil Preparation Machinery",2021,1959410
16,"Machines",1684,"Machinery, mechanical appliances, & parts",168433,"Harvesting Machinery",2021,2810787
16,"Machines",1684,"Machinery, mechanical appliances, & parts",168434,"Dairy Machinery",2021,69084
16,"Machines",1684,"Machinery, mechanical appliances, & parts",168435,"Fruit Pressing Machinery",2021,15890
16,"Machines",1684,"Machinery, mechanical appliances, & parts",168436,"Other Agricultural Machinery",2021,1302363
16,"Machines",1684,"Machinery, mechanical appliances, & parts",168437,"Mill Machinery",2021,1518972
16,"Machines",1684,"Machinery, mechanical appliances, & parts",168438,"Industrial Food Preperation Machinery",2021,7254076
16,"Machines",1684,"Machinery, mechanical appliances, & parts",168439,"Papermaking Machines",2021,3095414
16,"Machines",1684,"Machinery, mechanical appliances, & parts",168440,"Book-binding Machines",2021,9373
16,"Machines",1684,"Machinery, mechanical appliances, & parts",168441,"Other Paper Machinery",2021,3229652
16,"Machines",1684,"Machinery, mechanical appliances, & parts",168442,"Print Production Machinery",2021,846685
16,"Machines",1684,"Machinery, mechanical appliances, & parts",168443,"Industrial Printers",2021,865700657
16,"Machines",1684,"Machinery, mechanical appliances, & parts",168444,"Artificial Textile Machinery",2021,2937.0000000000005
16,"Machines",1684,"Machinery, mechanical appliances, & parts",168445,"Textile Fiber Machinery",2021,2543096
16,"Machines",1684,"Machinery, mechanical appliances, & parts",168446,"Looms",2021,900579
16,"Machines",1684,"Machinery, mechanical appliances, & parts",168447,"Knitting Machines",2021,491651
16,"Machines",1684,"Machinery, mechanical appliances, & parts",168448,"Knitting Machine Accessories",2021,12740693
16,"Machines",1684,"Machinery, mechanical appliances, & parts",168449,"Felt Machinery",2021,44488
16,"Machines",1684,"Machinery, mechanical appliances, & parts",168450,"Household Washing Machines",2021,13373166
16,"Machines",1684,"Machinery, mechanical appliances, & parts",168451,"Textile Processing Machines",2021,1678595
16,"Machines",1684,"Machinery, mechanical appliances, & parts",168452,"Sewing Machines",2021,1688757
16,"Machines",1684,"Machinery, mechanical appliances, & parts",168453,"Leather Machinery",2021,892946
16,"Machines",1684,"Machinery, mechanical appliances, & parts",168454,"Casting Machines",2021,5721899
16,"Machines",1684,"Machinery, mechanical appliances, & parts",168455,"Metal-Rolling Mills",2021,1059281
16,"Machines",1684,"Machinery, mechanical appliances, & parts",168456,"Non-Mechanical Removal Machinery",2021,555129
16,"Machines",1684,"Machinery, mechanical appliances, & parts",168457,"Metalworking Transfer Machines",2021,6937737
16,"Machines",1684,"Machinery, mechanical appliances, & parts",168458,"Metal Lathes",2021,1415636
16,"Machines",1684,"Machinery, mechanical appliances, & parts",168459,"Drilling Machines",2021,893882
16,"Machines",1684,"Machinery, mechanical appliances, & parts",168460,"Metal Finishing Machines",2021,5705069
16,"Machines",1684,"Machinery, mechanical appliances, & parts",168461,"Metalworking Machines",2021,2875597
16,"Machines",1684,"Machinery, mechanical appliances, & parts",168462,"Forging Machines",2021,7760098
16,"Machines",1684,"Machinery, mechanical appliances, & parts",168463,"Other Non-Metal Removal Machinery",2021,680492
16,"Machines",1684,"Machinery, mechanical appliances, & parts",168464,"Stone Working Machines",2021,270331
16,"Machines",1684,"Machinery, mechanical appliances, & parts",168465,"Woodworking machines",2021,2427111
16,"Machines",1684,"Machinery, mechanical appliances, & parts",168466,"Metalworking Machine Parts",2021,98857303
16,"Machines",1684,"Machinery, mechanical appliances, & parts",168467,"Motor-working Tools",2021,24985915
16,"Machines",1684,"Machinery, mechanical appliances, & parts",168468,"Soldering and Welding Machinery",2021,986299
16,"Machines",1684,"Machinery, mechanical appliances, & parts",168470,"Calculators",2021,69960990
16,"Machines",1684,"Machinery, mechanical appliances, & parts",168471,"Computers",2021,423644552
16,"Machines",1684,"Machinery, mechanical appliances, & parts",168472,"Other Office Machines",2021,5919231
16,"Machines",1684,"Machinery, mechanical appliances, & parts",168473,"Office Machine Parts",2021,1692091743
16,"Machines",1684,"Machinery, mechanical appliances, & parts",168474,"Stone Processing Machines",2021,116148330
16,"Machines",1684,"Machinery, mechanical appliances, & parts",168475,"Glass Working Machines",2021,63051
16,"Machines",1684,"Machinery, mechanical appliances, & parts",168476,"Vending Machines",2021,10964867
16,"Machines",1684,"Machinery, mechanical appliances, & parts",168477,"Rubberworking Machinery",2021,15864865
16,"Machines",1684,"Machinery, mechanical appliances, & parts",168478,"Tobacco Processing Machines",2021,32719902
16,"Machines",1684,"Machinery, mechanical appliances, & parts",168479,"Machinery Having Individual Functions",2021,131181514
16,"Machines",1684,"Machinery, mechanical appliances, & parts",168480,"Metal Molds",2021,37530821
16,"Machines",1684,"Machinery, mechanical appliances, & parts",168481,"Valves",2021,256553731
16,"Machines",1684,"Machinery, mechanical appliances, & parts",168482,"Ball Bearings",2021,271334443
16,"Machines",1684,"Machinery, mechanical appliances, & parts",168483,"Transmissions",2021,170129173
16,"Machines",1684,"Machinery, mechanical appliances, & parts",168484,"Gaskets",2021,30558165
16,"Machines",1684,"Machinery, mechanical appliances, & parts",168485,"Boat Propellers",2021,55237855
16,"Machines",1685,"Electrical machinery and electronics",168501,"Electric Motors",2021,346525499
16,"Machines",1685,"Electrical machinery and electronics",168502,"Electric Generating Sets",2021,18376192
16,"Machines",1685,"Electrical machinery and electronics",168503,"Electric Motor Parts",2021,48228656
16,"Machines",1685,"Electrical machinery and electronics",168504,"Electrical Transformers",2021,809252360
16,"Machines",1685,"Electrical machinery and electronics",168505,"Electromagnets",2021,42893493
16,"Machines",1685,"Electrical machinery and electronics",168506,"Batteries",2021,644288521
16,"Machines",1685,"Electrical machinery and electronics",168507,"Electric Batteries",2021,238813986
16,"Machines",1685,"Electrical machinery and electronics",168508,"Vacuum Cleaners",2021,2760213
16,"Machines",1685,"Electrical machinery and electronics",168509,"Other Domestic Electric Housewares",2021,199695636
16,"Machines",1685,"Electrical machinery and electronics",168510,"Hair Trimmers",2021,417978921
16,"Machines",1685,"Electrical machinery and electronics",168511,"Electrical Ignitions",2021,128068628
16,"Machines",1685,"Electrical machinery and electronics",168512,"Electrical Lighting and Signalling Equipment",2021,242510955
16,"Machines",1685,"Electrical machinery and electronics",168513,"Portable Lighting",2021,11752895
16,"Machines",1685,"Electrical machinery and electronics",168514,"Electric Furnaces",2021,1647147
16,"Machines",1685,"Electrical machinery and electronics",168515,"Electric Soldering Equipment",2021,6793244
16,"Machines",1685,"Electrical machinery and electronics",168516,"Electric Heaters",2021,596117591
16,"Machines",1685,"Electrical machinery and electronics",168517,"Telephones",2021,215934027
16,"Machines",1685,"Electrical machinery and electronics",168518,"Microphones and Headphones",2021,307447553
16,"Machines",1685,"Electrical machinery and electronics",168519,"Sound Recording Equipment",2021,6574644
16,"Machines",1685,"Electrical machinery and electronics",168520,"Dictation Machines",2021,1016879.0000000001
16,"Machines",1685,"Electrical machinery and electronics",168521,"Video Recording Equipment",2021,253823873
16,"Machines",1685,"Electrical machinery and electronics",168522,"Audio and Video Recording Accessories",2021,205753751
16,"Machines",1685,"Electrical machinery and electronics",168523,"Blank Audio Media",2021,3754784
16,"Machines",1685,"Electrical machinery and electronics",168524,"Sound Recordings",2021,381373
16,"Machines",1685,"Electrical machinery and electronics",168525,"Broadcasting Equipment",2021,1820887863
16,"Machines",1685,"Electrical machinery and electronics",168526,"Navigation Equipment",2021,63512658
16,"Machines",1685,"Electrical machinery and electronics",168527,"Radio Receivers",2021,178679768
16,"Machines",1685,"Electrical machinery and electronics",168528,"Video Displays",2021,2220544544
16,"Machines",1685,"Electrical machinery and electronics",168529,"Broadcasting Accessories",2021,525582695
16,"Machines",1685,"Electrical machinery and electronics",168530,"Traffic Signals",2021,77609
16,"Machines",1685,"Electrical machinery and electronics",168531,"Audio Alarms",2021,189049352
16,"Machines",1685,"Electrical machinery and electronics",168532,"Electrical Capacitors",2021,1322475270
16,"Machines",1685,"Electrical machinery and electronics",168533,"Electrical Resistors",2021,358773237
16,"Machines",1685,"Electrical machinery and electronics",168534,"Printed Circuit Boards",2021,48300647
16,"Machines",1685,"Electrical machinery and electronics",168535,"High-voltage Protection Equipment",2021,23974090
16,"Machines",1685,"Electrical machinery and electronics",168536,"Low-voltage Protection Equipment",2021,1152256217
16,"Machines",1685,"Electrical machinery and electronics",168537,"Electrical Control Boards",2021,546681091
16,"Machines",1685,"Electrical machinery and electronics",168538,"Electrical Power Accessories",2021,199660732
16,"Machines",1685,"Electrical machinery and electronics",168539,"Electric Filament",2021,62647315
16,"Machines",1685,"Electrical machinery and electronics",168540,"Cathode Tubes",2021,661055
16,"Machines",1685,"Electrical machinery and electronics",168541,"Semiconductor Devices",2021,298559173
16,"Machines",1685,"Electrical machinery and electronics",168542,"Integrated Circuits",2021,626831847
16,"Machines",1685,"Electrical machinery and electronics",168543,"Other Electrical Machinery",2021,593473640
16,"Machines",1685,"Electrical machinery and electronics",168544,"Insulated Wire",2021,1995102657
16,"Machines",1685,"Electrical machinery and electronics",168545,"Carbon-based Electronics",2021,13265252
16,"Machines",1685,"Electrical machinery and electronics",168546,"Electrical Insulators",2021,2797683
16,"Machines",1685,"Electrical machinery and electronics",168547,"Metal Insulating Fittings",2021,13650801
16,"Machines",1685,"Electrical machinery and electronics",168548,"Electrical Parts",2021,18180916
17,"Transportation",1786,"Railway and trams",178601,"Electric Locomotives",2021,14407
17,"Transportation",1786,"Railway and trams",178602,"Other Locomotives",2021,1089
17,"Transportation",1786,"Railway and trams",178603,"Self-Propelled Rail Transport",2021,917.9999999999999
17,"Transportation",1786,"Railway and trams",178604,"Railway Maintenance Vehicles",2021,56819.99999999999
17,"Transportation",1786,"Railway and trams",178605,"Railway Passenger Cars",2021,79510.00000000001
17,"Transportation",1786,"Railway and trams",178606,"Railway Freight Cars",2021,92153
17,"Transportation",1786,"Railway and trams",178607,"Locomotive Parts",2021,16921790
17,"Transportation",1786,"Railway and trams",178608,"Railway Track Fixtures",2021,71607
17,"Transportation",1786,"Railway and trams",178609,"Railway Cargo Containers",2021,10299774
17,"Transportation",1787,"Cars, tractors, trucks & parts thereof.",178701,"Tractors",2021,110066659.00000001
17,"Transportation",1787,"Cars, tractors, trucks & parts thereof.",178702,"Buses",2021,30098896
17,"Transportation",1787,"Cars, tractors, trucks & parts thereof.",178703,"Cars",2021,4004662655
17,"Transportation",1787,"Cars, tractors, trucks & parts thereof.",178704,"Delivery Trucks",2021,536116914
17,"Transportation",1787,"Cars, tractors, trucks & parts thereof.",178705,"Special purpose motor vehicles",2021,3464483
17,"Transportation",1787,"Cars, tractors, trucks & parts thereof.",178706,"Motor vehicle (8701 to 8705) chassis fitted with engine",2021,2264800
17,"Transportation",1787,"Cars, tractors, trucks & parts thereof.",178707,"Vehicle Bodies (including cabs) for the motor vehicles (8701 to 8705)",2021,43234642
17,"Transportation",1787,"Cars, tractors, trucks & parts thereof.",178708,"Motor vehicles; parts and accessories (8701 to 8705)",2021,1866834824
17,"Transportation",1787,"Cars, tractors, trucks & parts thereof.",178709,"Work Trucks",2021,1687233
17,"Transportation",1787,"Cars, tractors, trucks & parts thereof.",178710,"Tanks and Armored vehicles",2021,1761516.9999999998
17,"Transportation",1787,"Cars, tractors, trucks & parts thereof.",178711,"Motorcycles and cycles",2021,1999512127
17,"Transportation",1787,"Cars, tractors, trucks & parts thereof.",178712,"Bicycles, delivery tricycles, other cycles",2021,200977011
17,"Transportation",1787,"Cars, tractors, trucks & parts thereof.",178713,"Wheelchairs",2021,211807.00000000003
17,"Transportation",1787,"Cars, tractors, trucks & parts thereof.",178714,"Bi-Wheel Vehicle Parts",2021,1255320053
17,"Transportation",1787,"Cars, tractors, trucks & parts thereof.",178715,"Baby Carriages",2021,319889
17,"Transportation",1787,"Cars, tractors, trucks & parts thereof.",178716,"Trailers and semi-trailers, not mechanically propelled vehicles",2021,9483622
17,"Transportation",1788,"Aircraft and Spacecraft",178801,"Non-powered Aircraft",2021,20763
17,"Transportation",1788,"Aircraft and Spacecraft",178802,"Planes, Helicopters, and/or Spacecraft",2021,30728987
17,"Transportation",1788,"Aircraft and Spacecraft",178803,"Aircraft parts (gliders, balloons, and powered aircraft)",2021,56628338
17,"Transportation",1788,"Aircraft and Spacecraft",178804,"Parachutes",2021,100745
17,"Transportation",1788,"Aircraft and Spacecraft",178805,"Aircraft Launch Gear",2021,84671
17,"Transportation",1789,"Ships, boats, & floating structures",178901,"Passenger and Cargo Ships",2021,91390702
17,"Transportation",1789,"Ships, boats, & floating structures",178903,"Recreational Boats",2021,11653370
17,"Transportation",1789,"Ships, boats, & floating structures",178904,"Tug Boats",2021,93179869
17,"Transportation",1789,"Ships, boats, & floating structures",178905,"Special Purpose Ships",2021,586768301
17,"Transportation",1789,"Ships, boats, & floating structures",178906,"Other Sea Vessels",2021,20527836
17,"Transportation",1789,"Ships, boats, & floating structures",178907,"Other Floating Structures",2021,6257179
17,"Transportation",1789,"Ships, boats, & floating structures",178908,"Scrap Vessels",2021,87877363
18,"Instruments",1890,"Optical, photo, & film equipment; medical instruments",189001,"Optical Fibers and optical fibre bundles",2021,234981610
18,"Instruments",1890,"Optical, photo, & film equipment; medical instruments",189002,"Mirrors and Lenses",2021,57745818
18,"Instruments",1890,"Optical, photo, & film equipment; medical instruments",189003,"Eyewear Frames",2021,597655
18,"Instruments",1890,"Optical, photo, & film equipment; medical instruments",189004,"Eyewear",2021,1605770
18,"Instruments",1890,"Optical, photo, & film equipment; medical instruments",189005,"Binoculars and Telescopes",2021,124855
18,"Instruments",1890,"Optical, photo, & film equipment; medical instruments",189006,"Cameras",2021,3741359
18,"Instruments",1890,"Optical, photo, & film equipment; medical instruments",189007,"Video Cameras",2021,1095094
18,"Instruments",1890,"Optical, photo, & film equipment; medical instruments",189008,"Image Projectors",2021,73585
18,"Instruments",1890,"Optical, photo, & film equipment; medical instruments",189009,"Photocopiers",2021,6919916
18,"Instruments",1890,"Optical, photo, & film equipment; medical instruments",189010,"Photo Lab Equipment",2021,1728972.0000000002
18,"Instruments",1890,"Optical, photo, & film equipment; medical instruments",189011,"Microscopes",2021,1542451
18,"Instruments",1890,"Optical, photo, & film equipment; medical instruments",189012,"Non-optical Microscopes",2021,191068
18,"Instruments",1890,"Optical, photo, & film equipment; medical instruments",189013,"LCDs",2021,8521542
18,"Instruments",1890,"Optical, photo, & film equipment; medical instruments",189014,"Compasses",2021,12415876
18,"Instruments",1890,"Optical, photo, & film equipment; medical instruments",189015,"Surveying Equipment",2021,14454062
18,"Instruments",1890,"Optical, photo, & film equipment; medical instruments",189016,"Balances",2021,9194
18,"Instruments",1890,"Optical, photo, & film equipment; medical instruments",189017,"Drafting Tools",2021,1920455
18,"Instruments",1890,"Optical, photo, & film equipment; medical instruments",189018,"Medical Instruments",2021,303168376
18,"Instruments",1890,"Optical, photo, & film equipment; medical instruments",189019,"Therapeutic Appliances",2021,40296472
18,"Instruments",1890,"Optical, photo, & film equipment; medical instruments",189020,"Breathing Appliances",2021,770244
18,"Instruments",1890,"Optical, photo, & film equipment; medical instruments",189021,"Orthopedic Appliances",2021,7813633
18,"Instruments",1890,"Optical, photo, & film equipment; medical instruments",189022,"X-Ray Equipment",2021,4173716
18,"Instruments",1890,"Optical, photo, & film equipment; medical instruments",189023,"Instructional Models",2021,4226035
18,"Instruments",1890,"Optical, photo, & film equipment; medical instruments",189024,"Tensile Testing Machines",2021,1032812
18,"Instruments",1890,"Optical, photo, & film equipment; medical instruments",189025,"Hydrometers",2021,82651135
18,"Instruments",1890,"Optical, photo, & film equipment; medical instruments",189026,"Gas and Liquid Flow Measuring Instruments",2021,28679992
18,"Instruments",1890,"Optical, photo, & film equipment; medical instruments",189027,"Chemical Analysis Instruments",2021,142320723
18,"Instruments",1890,"Optical, photo, & film equipment; medical instruments",189028,"Utility Meters",2021,56887621
18,"Instruments",1890,"Optical, photo, & film equipment; medical instruments",189029,"Revolution Counters",2021,45750883
18,"Instruments",1890,"Optical, photo, & film equipment; medical instruments",189030,"Oscilloscopes",2021,21761330
18,"Instruments",1890,"Optical, photo, & film equipment; medical instruments",189031,"Other Measuring Instruments",2021,150327253
18,"Instruments",1890,"Optical, photo, & film equipment; medical instruments",189032,"Thermostats",2021,104549035
18,"Instruments",1890,"Optical, photo, & film equipment; medical instruments",189033,"Opto-Electric Instrument Parts",2021,12480956
18,"Instruments",1891,"Clocks, watches, & parts",189101,"Precious Metal Watches",2021,8170082
18,"Instruments",1891,"Clocks, watches, & parts",189102,"Base Metal Watches",2021,12671576
18,"Instruments",1891,"Clocks, watches, & parts",189103,"Clocks with Watch Movements",2021,3888
18,"Instruments",1891,"Clocks, watches, & parts",189104,"Dashboard Clocks",2021,21992
18,"Instruments",1891,"Clocks, watches, & parts",189105,"Other Clocks",2021,126747
18,"Instruments",1891,"Clocks, watches, & parts",189106,"Time Recording Instruments",2021,19144974
18,"Instruments",1891,"Clocks, watches, & parts",189107,"Time Switches",2021,15608932
18,"Instruments",1891,"Clocks, watches, & parts",189108,"Watch Movements",2021,97442
18,"Instruments",1891,"Clocks, watches, & parts",189109,"Clock Movements",2021,12420
18,"Instruments",1891,"Clocks, watches, & parts",189110,"Incomplete Movement Sets",2021,838948
18,"Instruments",1891,"Clocks, watches, & parts",189111,"Watch Cases and Parts",2021,98339
18,"Instruments",1891,"Clocks, watches, & parts",189112,"Clock Cases and Parts",2021,18200
18,"Instruments",1891,"Clocks, watches, & parts",189113,"Watch Straps",2021,186158
18,"Instruments",1891,"Clocks, watches, & parts",189114,"Other Clocks and Watches",2021,2245416
18,"Instruments",1892,"Musical instruments",189201,"Pianos",2021,187935117
18,"Instruments",1892,"Musical instruments",189202,"String Instruments",2021,130470254
18,"Instruments",1892,"Musical instruments",189205,"Wind Instruments",2021,67030957
18,"Instruments",1892,"Musical instruments",189206,"Percussion",2021,10384391
18,"Instruments",1892,"Musical instruments",189207,"Electric Musical Instruments",2021,582233928
18,"Instruments",1892,"Musical instruments",189208,"Other Musical Instruments",2021,273826
18,"Instruments",1892,"Musical instruments",189209,"Musical Instrument Parts",2021,71522772
19,"Weapons",1993,"Weapons",199301,"Military Weapons",2021,126543
19,"Weapons",1993,"Weapons",199303,"Other Firearms",2021,2585
19,"Weapons",1993,"Weapons",199304,"Spring, Air, and Gas Guns",2021,828567
19,"Weapons",1993,"Weapons",199305,"Weapons Parts and Accessories",2021,207479
19,"Weapons",1993,"Weapons",199306,"Explosive Ammunition",2021,672732
19,"Weapons",1993,"Weapons",199307,"Bladed Weapons and Accessories",2021,33836
20,"Miscellaneous",2094,"Furniture, bedding, lamps, & prefab buildings",209401,"Seats",2021,1129587692
20,"Miscellaneous",2094,"Furniture, bedding, lamps, & prefab buildings",209402,"Medical Furniture",2021,23977037
20,"Miscellaneous",2094,"Furniture, bedding, lamps, & prefab buildings",209403,"Other Furniture",2021,1855532180
20,"Miscellaneous",2094,"Furniture, bedding, lamps, & prefab buildings",209404,"Mattresses",2021,449646434
20,"Miscellaneous",2094,"Furniture, bedding, lamps, & prefab buildings",209405,"Light Fixtures",2021,88912339
20,"Miscellaneous",2094,"Furniture, bedding, lamps, & prefab buildings",209406,"Prefabricated Buildings",2021,19003179
20,"Miscellaneous",2095,"Toys, games, & sports",209503,"Other toys",2021,836254146
20,"Miscellaneous",2095,"Toys, games, & sports",209504,"Video and Card Games",2021,21591693
20,"Miscellaneous",2095,"Toys, games, & sports",209505,"Party Decorations",2021,10181192
20,"Miscellaneous",2095,"Toys, games, & sports",209506,"Sports Equipment",2021,93612751
20,"Miscellaneous",2095,"Toys, games, & sports",209507,"Fishing and Hunting Equipment",2021,91709927
20,"Miscellaneous",2095,"Toys, games, & sports",209508,"Fairground Amusements",2021,125438
20,"Miscellaneous",2096,"Misc. manufactures",209601,"Worked Ivory and Bone",2021,4358903
20,"Miscellaneous",2096,"Misc. manufactures",209602,"Vegetable and Mineral Carvings",2021,19092765
20,"Miscellaneous",2096,"Misc. manufactures",209603,"Brooms",2021,55180512
20,"Miscellaneous",2096,"Misc. manufactures",209604,"Hand Sifters",2021,11286
20,"Miscellaneous",2096,"Misc. manufactures",209605,"Travel Kits",2021,370446
20,"Miscellaneous",2096,"Misc. manufactures",209606,"Buttons",2021,3740528
20,"Miscellaneous",2096,"Misc. manufactures",209607,"Zippers",2021,122850599
20,"Miscellaneous",2096,"Misc. manufactures",209608,"Pens",2021,21636827
20,"Miscellaneous",2096,"Misc. manufactures",209609,"Pencils and Crayons",2021,57306836
20,"Miscellaneous",2096,"Misc. manufactures",209610,"Chalkboards",2021,5880792
20,"Miscellaneous",2096,"Misc. manufactures",209611,"Rubber Stamps",2021,25190
20,"Miscellaneous",2096,"Misc. manufactures",209612,"Ink Ribbons",2021,41660446
20,"Miscellaneous",2096,"Misc. manufactures",209613,"Lighters",2021,5721363
20,"Miscellaneous",2096,"Misc. manufactures",209614,"Smoking Pipes",2021,41749
20,"Miscellaneous",2096,"Misc. manufactures",209615,"Combs",2021,313880
20,"Miscellaneous",2096,"Misc. manufactures",209616,"Scent Sprays",2021,1919938
20,"Miscellaneous",2096,"Misc. manufactures",209617,"Vacuum Flask",2021,501547
20,"Miscellaneous",2096,"Misc. manufactures",209618,"Mannequins",2021,2517311
21,"Arts and Antiques",2197,"Art & antiques",219701,"Paintings",2021,40001657
21,"Arts and Antiques",2197,"Art & antiques",219702,"Prints",2021,75936
21,"Arts and Antiques",2197,"Art & antiques",219703,"Sculptures",2021,5633010
21,"Arts and Antiques",2197,"Art & antiques",219704,"Revenue Stamps",2021,29783
21,"Arts and Antiques",2197,"Art & antiques",219705,"Collector's Items",2021,1810066
21,"Arts and Antiques",2197,"Art & antiques",219706,"Antiques",2021,1924274