Section ID,Section,HS2 ID,HS2,HS4 ID,HS4,Year,Trade Value
1,"Animal Products",101,"Live animals",10101,"Horses",2021,1586645
1,"Animal Products",101,"Live animals",10102,"Bovine",2021,166188055
1,"Animal Products",101,"Live animals",10104,"Sheep and Goats",2021,12309067
1,"Animal Products",101,"Live animals",10105,"Poultry",2021,13744445
1,"Animal Products",101,"Live animals",10106,"Other Animals",2021,18121304
1,"Animal Products",102,"Meat & edible offal",10201,"Bovine Meat",2021,21246
1,"Animal Products",102,"Meat & edible offal",10202,"Frozen Bovine Meat",2021,5918178.999999999
1,"Animal Products",102,"Meat & edible offal",10203,"Pig Meat",2021,40871
1,"Animal Products",102,"Meat & edible offal",10204,"Sheep and Goat Meat",2021,79581
1,"Animal Products",102,"Meat & edible offal",10206,"Edible Offal",2021,1328082
1,"Animal Products",102,"Meat & edible offal",10207,"Poultry Meat",2021,58768178
1,"Animal Products",102,"Meat & edible offal",10208,"Other Meat",2021,20
1,"Animal Products",102,"Meat & edible offal",10209,"Animal Fat",2021,16949
1,"Animal Products",102,"Meat & edible offal",10210,"Preserved Meat",2021,1992290
1,"Animal Products",103,"Fish, Crustaceans & Molluscs",10301,"Live Fish",2021,16073486
1,"Animal Products",103,"Fish, Crustaceans & Molluscs",10302,"Non-fillet Fresh Fish",2021,1797313
1,"Animal Products",103,"Fish, Crustaceans & Molluscs",10303,"Non-fillet Frozen Fish",2021,4188975
1,"Animal Products",103,"Fish, Crustaceans & Molluscs",10304,"Fish Fillets",2021,11089672
1,"Animal Products",103,"Fish, Crustaceans & Molluscs",10305,"Dried/Salted/Smoked/Brined Fish",2021,53501
1,"Animal Products",103,"Fish, Crustaceans & Molluscs",10306,"Crustaceans",2021,1117967
1,"Animal Products",103,"Fish, Crustaceans & Molluscs",10307,"Molluscs",2021,1041698
1,"Animal Products",104,"Edible products of animal origin, n.e.s.",10401,"Milk",2021,1389081
1,"Animal Products",104,"Edible products of animal origin, n.e.s.",10402,"Concentrated Milk",2021,10593389
1,"Animal Products",104,"Edible products of animal origin, n.e.s.",10403,"Fermented Milk Products",2021,27464510
1,"Animal Products",104,"Edible products of animal origin, n.e.s.",10404,"Whey and other milk products",2021,5027231
1,"Animal Products",104,"Edible products of animal origin, n.e.s.",10405,"Butter",2021,4112062
1,"Animal Products",104,"Edible products of animal origin, n.e.s.",10406,"Cheese",2021,40448234
1,"Animal Products",104,"Edible products of animal origin, n.e.s.",10407,"Eggs",2021,18405801
1,"Animal Products",104,"Edible products of animal origin, n.e.s.",10409,"Honey",2021,695580
1,"Animal Products",105,"Animal originated products, n.e.s.",10501,"Human Hair",2021,30000
1,"Animal Products",105,"Animal originated products, n.e.s.",10502,"Pig Hair",2021,1000
1,"Animal Products",105,"Animal originated products, n.e.s.",10504,"Animal Organs",2021,139113
1,"Animal Products",105,"Animal originated products, n.e.s.",10505,"Bird Feathers and Skins",2021,313692.00000000006
1,"Animal Products",105,"Animal originated products, n.e.s.",10506,"Processed Bones",2021,62224
1,"Animal Products",105,"Animal originated products, n.e.s.",10507,"Raw Bones",2021,2970.0000000000005
1,"Animal Products",105,"Animal originated products, n.e.s.",10508,"Coral and Shells",2021,3002
1,"Animal Products",105,"Animal originated products, n.e.s.",10510,"Pharmaceutical Animal Products",2021,7000
1,"Animal Products",105,"Animal originated products, n.e.s.",10511,"Other Inedible Animal Products",2021,336901
2,"Vegetable Products",206,"Live trees, plants, bulbs, cut flowers, & ornamental foliage",20601,"Bulbs and Roots",2021,16312936
2,"Vegetable Products",206,"Live trees, plants, bulbs, cut flowers, & ornamental foliage",20602,"Other live plants, cuttings and slips;
mushroom spawn",2021,36558259
2,"Vegetable Products",206,"Live trees, plants, bulbs, cut flowers, & ornamental foliage",20603,"Cut Flowers",2021,56464627
2,"Vegetable Products",206,"Live trees, plants, bulbs, cut flowers, & ornamental foliage",20604,"Plant foliage",2021,11621923
2,"Vegetable Products",207,"Edible vegetables, roots, & tubers",20701,"Potatoes",2021,94491417
2,"Vegetable Products",207,"Edible vegetables, roots, & tubers",20702,"Tomatoes",2021,1626294
2,"Vegetable Products",207,"Edible vegetables, roots, & tubers",20703,"Onions",2021,3853149
2,"Vegetable Products",207,"Edible vegetables, roots, & tubers",20704,"Cabbages",2021,1030983
2,"Vegetable Products",207,"Edible vegetables, roots, & tubers",20705,"Lettuce",2021,428313
2,"Vegetable Products",207,"Edible vegetables, roots, & tubers",20706,"Root Vegetables",2021,68135696
2,"Vegetable Products",207,"Edible vegetables, roots, & tubers",20707,"Cucumbers",2021,3895
2,"Vegetable Products",207,"Edible vegetables, roots, & tubers",20708,"Legumes",2021,142158
2,"Vegetable Products",207,"Edible vegetables, roots, & tubers",20709,"Other Vegetables",2021,139706643
2,"Vegetable Products",207,"Edible vegetables, roots, & tubers",20710,"Frozen Vegetables",2021,23058870
2,"Vegetable Products",207,"Edible vegetables, roots, & tubers",20711,"Preserved Vegetables",2021,222194
2,"Vegetable Products",207,"Edible vegetables, roots, & tubers",20712,"Dried Vegetables",2021,12892964
2,"Vegetable Products",207,"Edible vegetables, roots, & tubers",20713,"Dried Legumes",2021,1521792
2,"Vegetable Products",207,"Edible vegetables, roots, & tubers",20714,"Cassava",2021,3986607
2,"Vegetable Products",208,"Edible fruits, nuts & fruit peels",20801,"Coconuts, Brazil Nuts, and Cashews",2021,3437627
2,"Vegetable Products",208,"Edible fruits, nuts & fruit peels",20802,"Other Nuts",2021,16271423
2,"Vegetable Products",208,"Edible fruits, nuts & fruit peels",20803,"Bananas",2021,21115492
2,"Vegetable Products",208,"Edible fruits, nuts & fruit peels",20804,"Tropical Fruits",2021,521508641
2,"Vegetable Products",208,"Edible fruits, nuts & fruit peels",20805,"Citrus",2021,229474739
2,"Vegetable Products",208,"Edible fruits, nuts & fruit peels",20806,"Grapes",2021,1102043
2,"Vegetable Products",208,"Edible fruits, nuts & fruit peels",20807,"Melons",2021,306351
2,"Vegetable Products",208,"Edible fruits, nuts & fruit peels",20808,"Apples and Pears",2021,31530300
2,"Vegetable Products",208,"Edible fruits, nuts & fruit peels",20809,"Pitted Fruits",2021,6999045
2,"Vegetable Products",208,"Edible fruits, nuts & fruit peels",20810,"Other Fruits",2021,31792061
2,"Vegetable Products",208,"Edible fruits, nuts & fruit peels",20811,"Frozen Fruits and Nuts",2021,32761087
2,"Vegetable Products",208,"Edible fruits, nuts & fruit peels",20812,"Preserved Fruits and Nuts",2021,2987421
2,"Vegetable Products",208,"Edible fruits, nuts & fruit peels",20813,"Dried Fruits",2021,1459113
2,"Vegetable Products",208,"Edible fruits, nuts & fruit peels",20814,"Citrus and Melon Peels",2021,379329
2,"Vegetable Products",209,"Coffee, tea, mate & spices",20901,"Coffee",2021,13704363
2,"Vegetable Products",209,"Coffee, tea, mate & spices",20902,"Tea",2021,2056674
2,"Vegetable Products",209,"Coffee, tea, mate & spices",20903,"Mate",2021,148677
2,"Vegetable Products",209,"Coffee, tea, mate & spices",20904,"Pepper",2021,13502295
2,"Vegetable Products",209,"Coffee, tea, mate & spices",20905,"Vanilla",2021,155703.99999999997
2,"Vegetable Products",209,"Coffee, tea, mate & spices",20906,"Cinnamon",2021,887341
2,"Vegetable Products",209,"Coffee, tea, mate & spices",20907,"Cloves",2021,7642
2,"Vegetable Products",209,"Coffee, tea, mate & spices",20908,"Nutmeg, mace and cardamons",2021,61989
2,"Vegetable Products",209,"Coffee, tea, mate & spices",20909,"Spice Seeds",2021,306507
2,"Vegetable Products",209,"Coffee, tea, mate & spices",20910,"Spices",2021,8730383
2,"Vegetable Products",210,"Cereals",21001,"Wheat",2021,8498560
2,"Vegetable Products",210,"Cereals",21003,"Barley",2021,4559966
2,"Vegetable Products",210,"Cereals",21004,"Oats",2021,186391
2,"Vegetable Products",210,"Cereals",21005,"Corn",2021,7033705
2,"Vegetable Products",210,"Cereals",21006,"Rice",2021,34265944.00000001
2,"Vegetable Products",210,"Cereals",21007,"Sorghum",2021,1518739
2,"Vegetable Products",210,"Cereals",21008,"Buckwheat",2021,1658434
2,"Vegetable Products",211,"Products of the milling industry",21101,"Wheat Flours",2021,34577762
2,"Vegetable Products",211,"Products of the milling industry",21102,"Cereal Flours",2021,187236
2,"Vegetable Products",211,"Products of the milling industry",21103,"Cereal Meal and Pellets",2021,2002459
2,"Vegetable Products",211,"Products of the milling industry",21104,"Processed Cereals",2021,118161
2,"Vegetable Products",211,"Products of the milling industry",21105,"Potato Flours",2021,79337
2,"Vegetable Products",211,"Products of the milling industry",21106,"Legume Flours",2021,672920
2,"Vegetable Products",211,"Products of the milling industry",21107,"Malt",2021,82678
2,"Vegetable Products",211,"Products of the milling industry",21108,"Starches",2021,9210285
2,"Vegetable Products",211,"Products of the milling industry",21109,"Wheat Gluten",2021,6026.999999999999
2,"Vegetable Products",212,"Oils seeds, oleaginous fruits, grains, straw & fodder",21201,"Soybeans",2021,398015
2,"Vegetable Products",212,"Oils seeds, oleaginous fruits, grains, straw & fodder",21202,"Ground Nuts",2021,25380814
2,"Vegetable Products",212,"Oils seeds, oleaginous fruits, grains, straw & fodder",21204,"Linseed",2021,9575
2,"Vegetable Products",212,"Oils seeds, oleaginous fruits, grains, straw & fodder",21206,"Sunflower Seeds",2021,5381313
2,"Vegetable Products",212,"Oils seeds, oleaginous fruits, grains, straw & fodder",21207,"Other Oily Seeds",2021,22991569
2,"Vegetable Products",212,"Oils seeds, oleaginous fruits, grains, straw & fodder",21208,"Oil Seed Flower",2021,55991
2,"Vegetable Products",212,"Oils seeds, oleaginous fruits, grains, straw & fodder",21209,"Sowing Seeds",2021,109377110
2,"Vegetable Products",212,"Oils seeds, oleaginous fruits, grains, straw & fodder",21211,"Perfume Plants",2021,22826141
2,"Vegetable Products",212,"Oils seeds, oleaginous fruits, grains, straw & fodder",21212,"Locust beans, seaweed, sugar beet, cane, for food",2021,5248070
2,"Vegetable Products",212,"Oils seeds, oleaginous fruits, grains, straw & fodder",21213,"Cereal Straws",2021,14335928
2,"Vegetable Products",212,"Oils seeds, oleaginous fruits, grains, straw & fodder",21214,"Forage Crops",2021,80031
2,"Vegetable Products",213,"Natural gums, resins & other vegetable extracts",21301,"Insect Resins",2021,253358
2,"Vegetable Products",213,"Natural gums, resins & other vegetable extracts",21302,"Vegetable Saps",2021,22418979
2,"Vegetable Products",214,"Vegetable plaiting materials & products, n.e.s.",21401,"Vegetable Plaiting Materials",2021,124400
2,"Vegetable Products",214,"Vegetable plaiting materials & products, n.e.s.",21404,"Other Vegetable Products",2021,1360500
3,"Animal and Vegetable Bi-Products",315,"Animal or vegetable fats, oils, & waxes",31501,"Pig and Poultry Fat",2021,65070
3,"Animal and Vegetable Bi-Products",315,"Animal or vegetable fats, oils, & waxes",31502,"Bovine, Sheep, and Goat Fat",2021,438661
3,"Animal and Vegetable Bi-Products",315,"Animal or vegetable fats, oils, & waxes",31503,"Lard stearin and oils",2021,3000
3,"Animal and Vegetable Bi-Products",315,"Animal or vegetable fats, oils, & waxes",31504,"Fish Oil",2021,165654
3,"Animal and Vegetable Bi-Products",315,"Animal or vegetable fats, oils, & waxes",31505,"Wool Grease",2021,340031
3,"Animal and Vegetable Bi-Products",315,"Animal or vegetable fats, oils, & waxes",31506,"Other Animal Fats",2021,17974
3,"Animal and Vegetable Bi-Products",315,"Animal or vegetable fats, oils, & waxes",31507,"Soybean Oil",2021,6849544
3,"Animal and Vegetable Bi-Products",315,"Animal or vegetable fats, oils, & waxes",31508,"Ground Nut Oil",2021,41760
3,"Animal and Vegetable Bi-Products",315,"Animal or vegetable fats, oils, & waxes",31509,"Pure Olive Oil",2021,11198932
3,"Animal and Vegetable Bi-Products",315,"Animal or vegetable fats, oils, & waxes",31510,"Olive Oil",2021,29533
3,"Animal and Vegetable Bi-Products",315,"Animal or vegetable fats, oils, & waxes",31511,"Palm Oil",2021,67568
3,"Animal and Vegetable Bi-Products",315,"Animal or vegetable fats, oils, & waxes",31512,"Seed Oils",2021,546519
3,"Animal and Vegetable Bi-Products",315,"Animal or vegetable fats, oils, & waxes",31513,"Coconut Oil",2021,431096
3,"Animal and Vegetable Bi-Products",315,"Animal or vegetable fats, oils, & waxes",31514,"Rapeseed Oil",2021,83782
3,"Animal and Vegetable Bi-Products",315,"Animal or vegetable fats, oils, & waxes",31515,"Other Pure Vegetable Oils",2021,36519027
3,"Animal and Vegetable Bi-Products",315,"Animal or vegetable fats, oils, & waxes",31516,"Other Vegetable Oils",2021,1255704
3,"Animal and Vegetable Bi-Products",315,"Animal or vegetable fats, oils, & waxes",31517,"Margarine",2021,3689238
3,"Animal and Vegetable Bi-Products",315,"Animal or vegetable fats, oils, & waxes",31518,"Inedible Fats and Oils",2021,6416030
3,"Animal and Vegetable Bi-Products",315,"Animal or vegetable fats, oils, & waxes",31519,"Stearic Acid",2021,14322867
3,"Animal and Vegetable Bi-Products",315,"Animal or vegetable fats, oils, & waxes",31520,"Glycerol",2021,381438
3,"Animal and Vegetable Bi-Products",315,"Animal or vegetable fats, oils, & waxes",31521,"Vegetable waxes and beeswax",2021,11467
4,"Foodstuffs",416,"Preparations of fish, crustacenas, & molluscs",41601,"Sausages",2021,13120943
4,"Foodstuffs",416,"Preparations of fish, crustacenas, & molluscs",41602,"Other Prepared Meat",2021,24260783
4,"Foodstuffs",416,"Preparations of fish, crustacenas, & molluscs",41603,"Animal Extracts",2021,4300
4,"Foodstuffs",416,"Preparations of fish, crustacenas, & molluscs",41604,"Processed Fish",2021,10400245
4,"Foodstuffs",416,"Preparations of fish, crustacenas, & molluscs",41605,"Processed Crustaceans",2021,628800
4,"Foodstuffs",417,"Sugars & confectioneries",41701,"Raw Sugar",2021,11253924
4,"Foodstuffs",417,"Sugars & confectioneries",41702,"Other Sugars",2021,42652240
4,"Foodstuffs",417,"Sugars & confectioneries",41703,"Molasses",2021,5315034
4,"Foodstuffs",417,"Sugars & confectioneries",41704,"Confectionery Sugar",2021,29472294
4,"Foodstuffs",418,"Cocoa & cocoa preparations",41801,"Cocoa Beans",2021,7248
4,"Foodstuffs",418,"Cocoa & cocoa preparations",41803,"Cocoa Paste",2021,125673.99999999999
4,"Foodstuffs",418,"Cocoa & cocoa preparations",41804,"Cocoa Butter",2021,935785
4,"Foodstuffs",418,"Cocoa & cocoa preparations",41805,"Cocoa Powder",2021,750258
4,"Foodstuffs",418,"Cocoa & cocoa preparations",41806,"Chocolate",2021,85624057
4,"Foodstuffs",419,"Preparations of cereals, flour, starch or milk",41901,"Malt Extract",2021,7426775
4,"Foodstuffs",419,"Preparations of cereals, flour, starch or milk",41902,"Pasta",2021,14410598
4,"Foodstuffs",419,"Preparations of cereals, flour, starch or milk",41903,"Tapioca",2021,33173
4,"Foodstuffs",419,"Preparations of cereals, flour, starch or milk",41904,"Prepared Cereals",2021,5137512
4,"Foodstuffs",419,"Preparations of cereals, flour, starch or milk",41905,"Baked Goods",2021,128701226
4,"Foodstuffs",420,"Preparations of vegetables, fruit, nuts or other plant parts",42001,"Pickled Foods",2021,4023144
4,"Foodstuffs",420,"Preparations of vegetables, fruit, nuts or other plant parts",42002,"Processed Tomatoes",2021,6982480
4,"Foodstuffs",420,"Preparations of vegetables, fruit, nuts or other plant parts",42003,"Processed Mushrooms",2021,104467.00000000001
4,"Foodstuffs",420,"Preparations of vegetables, fruit, nuts or other plant parts",42004,"Other Frozen Vegetables",2021,3957547
4,"Foodstuffs",420,"Preparations of vegetables, fruit, nuts or other plant parts",42005,"Other Processed Vegetables",2021,38524361
4,"Foodstuffs",420,"Preparations of vegetables, fruit, nuts or other plant parts",42006,"Sugar Preserved Foods",2021,167206
4,"Foodstuffs",420,"Preparations of vegetables, fruit, nuts or other plant parts",42007,"Jams",2021,5014069
4,"Foodstuffs",420,"Preparations of vegetables, fruit, nuts or other plant parts",42008,"Other Processed Fruits and Nuts",2021,55789194
4,"Foodstuffs",420,"Preparations of vegetables, fruit, nuts or other plant parts",42009,"Fruit Juice",2021,264820677
4,"Foodstuffs",421,"Miscellaneous edible preparations",42101,"Coffee and Tea Extracts",2021,3968370.0000000005
4,"Foodstuffs",421,"Miscellaneous edible preparations",42102,"Yeast",2021,3774699
4,"Foodstuffs",421,"Miscellaneous edible preparations",42103,"Sauces and Seasonings",2021,13387268
4,"Foodstuffs",421,"Miscellaneous edible preparations",42104,"Soups and Broths",2021,10601469
4,"Foodstuffs",421,"Miscellaneous edible preparations",42105,"Ice Cream",2021,18792131.999999996
4,"Foodstuffs",421,"Miscellaneous edible preparations",42106,"Other Edible Preparations",2021,222188868
4,"Foodstuffs",422,"Beverages, spirits, & vinegar",42201,"Water",2021,97828298
4,"Foodstuffs",422,"Beverages, spirits, & vinegar",42202,"Flavored Water",2021,53369010
4,"Foodstuffs",422,"Beverages, spirits, & vinegar",42203,"Beer",2021,4613485
4,"Foodstuffs",422,"Beverages, spirits, & vinegar",42204,"Wine",2021,66360931
4,"Foodstuffs",422,"Beverages, spirits, & vinegar",42205,"Vermouth",2021,80966
4,"Foodstuffs",422,"Beverages, spirits, & vinegar",42206,"Other Fermented Beverages",2021,103290
4,"Foodstuffs",422,"Beverages, spirits, & vinegar",42207,"Alcohol > 80% ABV",2021,232386
4,"Foodstuffs",422,"Beverages, spirits, & vinegar",42208,"Hard Liquor",2021,8251909
4,"Foodstuffs",422,"Beverages, spirits, & vinegar",42209,"Vinegar",2021,280911
4,"Foodstuffs",423,"Food residues & wastes; animal fodder",42301,"Animal Meal and Pellets",2021,116265
4,"Foodstuffs",423,"Food residues & wastes; animal fodder",42302,"Bran",2021,4996868.000000001
4,"Foodstuffs",423,"Food residues & wastes; animal fodder",42303,"Starch Residue",2021,925001
4,"Foodstuffs",423,"Food residues & wastes; animal fodder",42304,"Soybean Meal",2021,4952671
4,"Foodstuffs",423,"Food residues & wastes; animal fodder",42305,"Ground Nut Meal",2021,155528
4,"Foodstuffs",423,"Food residues & wastes; animal fodder",42306,"Other Vegetable Residues",2021,3057826
4,"Foodstuffs",423,"Food residues & wastes; animal fodder",42307,"Wine Lees",2021,52954
4,"Foodstuffs",423,"Food residues & wastes; animal fodder",42308,"Other Vegetable Residues and Waste",2021,701093
4,"Foodstuffs",423,"Food residues & wastes; animal fodder",42309,"Animal Food",2021,442712818
4,"Foodstuffs",424,"Tobacco & substitutes",42401,"Raw Tobacco",2021,1000
4,"Foodstuffs",424,"Tobacco & substitutes",42402,"Rolled Tobacco",2021,8070011
4,"Foodstuffs",424,"Tobacco & substitutes",42403,"Processed Tobacco",2021,2337149
5,"Mineral Products",525,"Salt, sulphur, cement, lime, stone, & plaster",52501,"Salt",2021,36067668
5,"Mineral Products",525,"Salt, sulphur, cement, lime, stone, & plaster",52502,"Iron Pyrites",2021,1000
5,"Mineral Products",525,"Salt, sulphur, cement, lime, stone, & plaster",52503,"Sulphur",2021,4841
5,"Mineral Products",525,"Salt, sulphur, cement, lime, stone, & plaster",52504,"Graphite",2021,9198
5,"Mineral Products",525,"Salt, sulphur, cement, lime, stone, & plaster",52505,"Sand",2021,14197032
5,"Mineral Products",525,"Salt, sulphur, cement, lime, stone, & plaster",52506,"Quartz",2021,10921150
5,"Mineral Products",525,"Salt, sulphur, cement, lime, stone, & plaster",52507,"Kaolin",2021,79375
5,"Mineral Products",525,"Salt, sulphur, cement, lime, stone, & plaster",52508,"Clays",2021,3428618
5,"Mineral Products",525,"Salt, sulphur, cement, lime, stone, & plaster",52509,"Chalk",2021,13804
5,"Mineral Products",525,"Salt, sulphur, cement, lime, stone, & plaster",52510,"Calcium Phosphates",2021,46627006
5,"Mineral Products",525,"Salt, sulphur, cement, lime, stone, & plaster",52512,"Siliceous Fossil Meals",2021,3748.9999999999995
5,"Mineral Products",525,"Salt, sulphur, cement, lime, stone, & plaster",52513,"Pumice",2021,9407
5,"Mineral Products",525,"Salt, sulphur, cement, lime, stone, & plaster",52515,"Marble, Travertine and Alabaster",2021,543311
5,"Mineral Products",525,"Salt, sulphur, cement, lime, stone, & plaster",52516,"Granite",2021,3092177
5,"Mineral Products",525,"Salt, sulphur, cement, lime, stone, & plaster",52517,"Gravel and Crushed Stone",2021,7419840
5,"Mineral Products",525,"Salt, sulphur, cement, lime, stone, & plaster",52518,"Dolomite",2021,14276
5,"Mineral Products",525,"Salt, sulphur, cement, lime, stone, & plaster",52519,"Magnesium Carbonate",2021,73204307
5,"Mineral Products",525,"Salt, sulphur, cement, lime, stone, & plaster",52520,"Gypsum",2021,89631
5,"Mineral Products",525,"Salt, sulphur, cement, lime, stone, & plaster",52521,"Limestone",2021,58883
5,"Mineral Products",525,"Salt, sulphur, cement, lime, stone, & plaster",52522,"Quicklime",2021,3465817
5,"Mineral Products",525,"Salt, sulphur, cement, lime, stone, & plaster",52523,"Cement",2021,124806553
5,"Mineral Products",525,"Salt, sulphur, cement, lime, stone, & plaster",52525,"Mica",2021,4143
5,"Mineral Products",525,"Salt, sulphur, cement, lime, stone, & plaster",52526,"Soapstone",2021,100547
5,"Mineral Products",525,"Salt, sulphur, cement, lime, stone, & plaster",52528,"Borax",2021,3438563
5,"Mineral Products",525,"Salt, sulphur, cement, lime, stone, & plaster",52529,"Feldspar",2021,10222
5,"Mineral Products",525,"Salt, sulphur, cement, lime, stone, & plaster",52530,"Other Mineral",2021,668839
5,"Mineral Products",526,"Ores, slag and ash",52601,"Iron Ore",2021,47729
5,"Mineral Products",526,"Ores, slag and ash",52602,"Manganese Ore",2021,1000
5,"Mineral Products",526,"Ores, slag and ash",52603,"Copper Ore",2021,6985
5,"Mineral Products",526,"Ores, slag and ash",52606,"Aluminium Ore",2021,198868
5,"Mineral Products",526,"Ores, slag and ash",52611,"Tungsten Ore",2021,242327
5,"Mineral Products",526,"Ores, slag and ash",52612,"Uranium and Thorium Ore",2021,13158
5,"Mineral Products",526,"Ores, slag and ash",52615,"Niobium, Tantalum, Vanadium and Zirconium Ore",2021,3106.9999999999995
5,"Mineral Products",526,"Ores, slag and ash",52616,"Precious Metal Ore",2021,25373
5,"Mineral Products",526,"Ores, slag and ash",52617,"Other Ores",2021,228
5,"Mineral Products",526,"Ores, slag and ash",52618,"Granulated Slag",2021,11.000000000000002
5,"Mineral Products",526,"Ores, slag and ash",52619,"Slag Dross",2021,722361
5,"Mineral Products",526,"Ores, slag and ash",52620,"Non-Iron and Steel Slag, Ash and Residues",2021,11633947
5,"Mineral Products",526,"Ores, slag and ash",52621,"Other Slag and Ash",2021,327660
5,"Mineral Products",527,"Mineral fuels, mineral oils and products of their distillation",52701,"Coal Briquettes",2021,2008
5,"Mineral Products",527,"Mineral fuels, mineral oils and products of their distillation",52703,"Peat",2021,38823
5,"Mineral Products",527,"Mineral fuels, mineral oils and products of their distillation",52707,"Coal Tar Oil",2021,92558768
5,"Mineral Products",527,"Mineral fuels, mineral oils and products of their distillation",52708,"Pitch Coke",2021,354033
5,"Mineral Products",527,"Mineral fuels, mineral oils and products of their distillation",52709,"Crude Petroleum",2021,281410302
5,"Mineral Products",527,"Mineral fuels, mineral oils and products of their distillation",52710,"Refined Petroleum",2021,2722049988
5,"Mineral Products",527,"Mineral fuels, mineral oils and products of their distillation",52711,"Petroleum Gas",2021,97236325
5,"Mineral Products",527,"Mineral fuels, mineral oils and products of their distillation",52712,"Petroleum Jelly",2021,94075
5,"Mineral Products",527,"Mineral fuels, mineral oils and products of their distillation",52713,"Petroleum Coke",2021,22698275.000000004
5,"Mineral Products",527,"Mineral fuels, mineral oils and products of their distillation",52714,"Bitumen and asphalt",2021,34977
5,"Mineral Products",527,"Mineral fuels, mineral oils and products of their distillation",52715,"Asphalt Mixtures",2021,1745325
5,"Mineral Products",527,"Mineral fuels, mineral oils and products of their distillation",52716,"Electricity",2021,599903070
6,"Chemical Products",628,"Inorganic chemicals",62801,"Halogens",2021,234509800
6,"Chemical Products",628,"Inorganic chemicals",62803,"Carbon",2021,381506
6,"Chemical Products",628,"Inorganic chemicals",62804,"Hydrogen",2021,2929297
6,"Chemical Products",628,"Inorganic chemicals",62805,"Alkali, alkaline-earth, rare-earth metals, scandium, yttrium, and mercury",2021,1284223
6,"Chemical Products",628,"Inorganic chemicals",62806,"Hydrochloric Acid",2021,417072
6,"Chemical Products",628,"Inorganic chemicals",62807,"Sulfuric Acid",2021,101927
6,"Chemical Products",628,"Inorganic chemicals",62808,"Nitric Acids",2021,239969
6,"Chemical Products",628,"Inorganic chemicals",62809,"Phosphoric Acid",2021,314479107
6,"Chemical Products",628,"Inorganic chemicals",62810,"Boron",2021,7355
6,"Chemical Products",628,"Inorganic chemicals",62811,"Other Inorganic Acids",2021,112138129
6,"Chemical Products",628,"Inorganic chemicals",62812,"Halides",2021,975111
6,"Chemical Products",628,"Inorganic chemicals",62813,"Nonmetal Sulfides",2021,1000
6,"Chemical Products",628,"Inorganic chemicals",62814,"Ammonia",2021,27000
6,"Chemical Products",628,"Inorganic chemicals",62815,"Sodium or Potassium Peroxides",2021,1532287
6,"Chemical Products",628,"Inorganic chemicals",62816,"Magnesium Hydroxide and Peroxide",2021,16687281
6,"Chemical Products",628,"Inorganic chemicals",62817,"Zinc Oxide and Peroxide",2021,302146
6,"Chemical Products",628,"Inorganic chemicals",62818,"Aluminium Oxide",2021,658093
6,"Chemical Products",628,"Inorganic chemicals",62819,"Chromium Oxides and Hydroxides",2021,1310
6,"Chemical Products",628,"Inorganic chemicals",62820,"Manganese Oxides",2021,1728.0000000000002
6,"Chemical Products",628,"Inorganic chemicals",62821,"Iron Oxides and Hydroxides",2021,402452.99999999994
6,"Chemical Products",628,"Inorganic chemicals",62822,"Cobalt Oxides and Hydroxides",2021,72.00000000000001
6,"Chemical Products",628,"Inorganic chemicals",62823,"Titanium Oxides",2021,865670
6,"Chemical Products",628,"Inorganic chemicals",62824,"Lead Oxides",2021,2138
6,"Chemical Products",628,"Inorganic chemicals",62825,"Inorganic Salts",2021,175785
6,"Chemical Products",628,"Inorganic chemicals",62826,"Fluorides",2021,5056
6,"Chemical Products",628,"Inorganic chemicals",62827,"Chlorides",2021,192692774
6,"Chemical Products",628,"Inorganic chemicals",62828,"Hypochlorites",2021,677211
6,"Chemical Products",628,"Inorganic chemicals",62829,"Chlorates and Perchlorates",2021,53158
6,"Chemical Products",628,"Inorganic chemicals",62830,"Sulfides",2021,27296
6,"Chemical Products",628,"Inorganic chemicals",62831,"Dithionites and Sulfoxylates",2021,16247
6,"Chemical Products",628,"Inorganic chemicals",62832,"Sulfites",2021,418194
6,"Chemical Products",628,"Inorganic chemicals",62833,"Sulfates",2021,459493
6,"Chemical Products",628,"Inorganic chemicals",62834,"Nitrites and Nitrates",2021,112962644
6,"Chemical Products",628,"Inorganic chemicals",62835,"Phosphinates (hypophosphites) and phosphonates (phosphites)",2021,117981738
6,"Chemical Products",628,"Inorganic chemicals",62836,"Carbonates",2021,3057377
6,"Chemical Products",628,"Inorganic chemicals",62837,"Cyanides",2021,386
6,"Chemical Products",628,"Inorganic chemicals",62839,"Silicates",2021,64436
6,"Chemical Products",628,"Inorganic chemicals",62840,"Borates",2021,6.999999999999999
6,"Chemical Products",628,"Inorganic chemicals",62841,"Oxometallic or Peroxometallic Acid Salts",2021,343377
6,"Chemical Products",628,"Inorganic chemicals",62842,"Other Inorganic Acids Salts",2021,11135
6,"Chemical Products",628,"Inorganic chemicals",62843,"Precious Metal Compounds",2021,717233
6,"Chemical Products",628,"Inorganic chemicals",62844,"Radioactive Chemicals",2021,4468856
6,"Chemical Products",628,"Inorganic chemicals",62845,"Other Isotopes",2021,13334851
6,"Chemical Products",628,"Inorganic chemicals",62846,"Rare-Earth Metal Compounds",2021,33219
6,"Chemical Products",628,"Inorganic chemicals",62847,"Hydrogen peroxide",2021,4234221
6,"Chemical Products",628,"Inorganic chemicals",62849,"Carbides",2021,13502829
6,"Chemical Products",628,"Inorganic chemicals",62850,"Hydrides and other anions",2021,18391
6,"Chemical Products",628,"Inorganic chemicals",62851,"Inorganic Compounds",2021,1182756
6,"Chemical Products",629,"Organic chemicals",62901,"Acyclic Hydrocarbons",2021,20593036
6,"Chemical Products",629,"Organic chemicals",62902,"Cyclic Hydrocarbons",2021,271131273
6,"Chemical Products",629,"Organic chemicals",62903,"Halogenated Hydrocarbons",2021,37031008
6,"Chemical Products",629,"Organic chemicals",62904,"Sulfonated, Nitrated or Nitrosated Hydrocarbons",2021,1599
6,"Chemical Products",629,"Organic chemicals",62905,"Acyclic alcohol derivatives (halogenated, sulphonated, nitrated)",2021,19189239
6,"Chemical Products",629,"Organic chemicals",62906,"Cyclic Alcohols",2021,5739985
6,"Chemical Products",629,"Organic chemicals",62907,"Phenols",2021,549769
6,"Chemical Products",629,"Organic chemicals",62908,"Phenol Derivatives",2021,229705175
6,"Chemical Products",629,"Organic chemicals",62909,"Ethers",2021,20798296
6,"Chemical Products",629,"Organic chemicals",62910,"Epoxides",2021,2151304
6,"Chemical Products",629,"Organic chemicals",62911,"Acetals and Hemiacetals",2021,1423953
6,"Chemical Products",629,"Organic chemicals",62912,"Aldehydes, cyclic polymers, and paraformaldehyde",2021,913950
6,"Chemical Products",629,"Organic chemicals",62914,"Ketones and Quinones",2021,49058012
6,"Chemical Products",629,"Organic chemicals",62915,"Saturated Acyclic Monocarboxylic Acids",2021,20480477
6,"Chemical Products",629,"Organic chemicals",62916,"Unsaturated Acyclic Monocarboxylic Acids",2021,10979118
6,"Chemical Products",629,"Organic chemicals",62917,"Polycarboxylic Acids",2021,32162125
6,"Chemical Products",629,"Organic chemicals",62918,"Carboxylic Acids",2021,125423070
6,"Chemical Products",629,"Organic chemicals",62919,"Phosphoric Esters and Salts",2021,8613
6,"Chemical Products",629,"Organic chemicals",62920,"Other Esters",2021,1678452
6,"Chemical Products",629,"Organic chemicals",62921,"Amine Compounds",2021,3010126
6,"Chemical Products",629,"Organic chemicals",62922,"Oxygen Amino Compounds",2021,24744862
6,"Chemical Products",629,"Organic chemicals",62923,"Quaternary Ammonium Salts and Hydroxides",2021,26364050
6,"Chemical Products",629,"Organic chemicals",62924,"Carboxyamide Compounds",2021,39299691
6,"Chemical Products",629,"Organic chemicals",62925,"Carboxyimide Compounds",2021,1141593
6,"Chemical Products",629,"Organic chemicals",62926,"Nitrile Compounds",2021,20166338
6,"Chemical Products",629,"Organic chemicals",62927,"Diazo, Azo or Aoxy Compounds",2021,25434
6,"Chemical Products",629,"Organic chemicals",62928,"Hydrazine or Hydroxylamine Derivatives",2021,2332119
6,"Chemical Products",629,"Organic chemicals",62929,"Other Nitrogen Compounds",2021,71078
6,"Chemical Products",629,"Organic chemicals",62930,"Organo-Sulfur Compounds",2021,44187332
6,"Chemical Products",629,"Organic chemicals",62931,"Other Organo-Inorganic Compounds",2021,3525567
6,"Chemical Products",629,"Organic chemicals",62932,"Oxygen Heterocyclic Compounds",2021,52058631
6,"Chemical Products",629,"Organic chemicals",62933,"Nitrogen Heterocyclic Compounds",2021,310192485
6,"Chemical Products",629,"Organic chemicals",62934,"Nucleic Acids",2021,23083159
6,"Chemical Products",629,"Organic chemicals",62935,"Sulfonamides",2021,41469913
6,"Chemical Products",629,"Organic chemicals",62936,"Vitamins",2021,23712612
6,"Chemical Products",629,"Organic chemicals",62937,"Hormones",2021,20193714
6,"Chemical Products",629,"Organic chemicals",62938,"Glycosides",2021,2743867
6,"Chemical Products",629,"Organic chemicals",62939,"Vegetable Alkaloids",2021,7032632
6,"Chemical Products",629,"Organic chemicals",62940,"Chemically Pure Sugars",2021,11110239
6,"Chemical Products",629,"Organic chemicals",62941,"Antibiotics",2021,15673297
6,"Chemical Products",629,"Organic chemicals",62942,"Other Organic Compounds",2021,1956078
6,"Chemical Products",630,"Pharmaceutical products",63001,"Glands and Other Organs",2021,8259495.000000001
6,"Chemical Products",630,"Pharmaceutical products",63002,"Vaccines, blood, antisera, toxins and cultures",2021,396326329
6,"Chemical Products",630,"Pharmaceutical products",63003,"Unpackaged Medicaments",2021,435903334
6,"Chemical Products",630,"Pharmaceutical products",63004,"Packaged Medicaments",2021,1951768266
6,"Chemical Products",630,"Pharmaceutical products",63005,"Bandages",2021,38887247
6,"Chemical Products",630,"Pharmaceutical products",63006,"Special Pharmaceuticals",2021,94234479
6,"Chemical Products",631,"Fertilizers",63101,"Animal or Vegetable Fertilizers",2021,9520687
6,"Chemical Products",631,"Fertilizers",63102,"Nitrogenous Fertilizers",2021,8383717
6,"Chemical Products",631,"Fertilizers",63103,"Phosphatic Fertilizers",2021,334396148
6,"Chemical Products",631,"Fertilizers",63104,"Potassic Fertilizers",2021,1041543015
6,"Chemical Products",631,"Fertilizers",63105,"Mixed Mineral or Chemical Fertilizers",2021,620076183
6,"Chemical Products",632,"Paints, dyes, & varnishes",63201,"Vegetable Tanning Extracts",2021,14334
6,"Chemical Products",632,"Paints, dyes, & varnishes",63202,"Synthetic Tanning Extracts",2021,639698
6,"Chemical Products",632,"Paints, dyes, & varnishes",63203,"Vegetable or Animal Dyes",2021,32552335
6,"Chemical Products",632,"Paints, dyes, & varnishes",63204,"Synthetic Coloring Matter",2021,5455596
6,"Chemical Products",632,"Paints, dyes, & varnishes",63205,"Lake Pigments",2021,435346.00000000006
6,"Chemical Products",632,"Paints, dyes, & varnishes",63206,"Other Coloring Matter",2021,69995517
6,"Chemical Products",632,"Paints, dyes, & varnishes",63207,"Prepared Pigments",2021,5807230
6,"Chemical Products",632,"Paints, dyes, & varnishes",63208,"Nonaqueous Paints",2021,4751208
6,"Chemical Products",632,"Paints, dyes, & varnishes",63209,"Aqueous Paints",2021,13896150
6,"Chemical Products",632,"Paints, dyes, & varnishes",63210,"Other Paints",2021,5973316
6,"Chemical Products",632,"Paints, dyes, & varnishes",63211,"Prepared Paint Driers",2021,247461
6,"Chemical Products",632,"Paints, dyes, & varnishes",63212,"Nonaqueous Pigments",2021,893201
6,"Chemical Products",632,"Paints, dyes, & varnishes",63213,"Artistry Paints",2021,953076
6,"Chemical Products",632,"Paints, dyes, & varnishes",63214,"Glaziers Putty",2021,4477145
6,"Chemical Products",632,"Paints, dyes, & varnishes",63215,"Ink",2021,225126562
6,"Chemical Products",633,"Perfumery & cosmetics",63301,"Essential Oils",2021,14513520
6,"Chemical Products",633,"Perfumery & cosmetics",63302,"Scented Mixtures",2021,28328683
6,"Chemical Products",633,"Perfumery & cosmetics",63303,"Perfumes",2021,15395998
6,"Chemical Products",633,"Perfumery & cosmetics",63304,"Beauty Products",2021,239297935
6,"Chemical Products",633,"Perfumery & cosmetics",63305,"Hair Products",2021,216612724
6,"Chemical Products",633,"Perfumery & cosmetics",63306,"Dental Products",2021,3998735
6,"Chemical Products",633,"Perfumery & cosmetics",63307,"Shaving Products",2021,30496355
6,"Chemical Products",634,"Soap, cleaners, candles, dental, modelling pastes",63401,"Soap",2021,132261375
6,"Chemical Products",634,"Soap, cleaners, candles, dental, modelling pastes",63402,"Cleaning Products",2021,124375452
6,"Chemical Products",634,"Soap, cleaners, candles, dental, modelling pastes",63403,"Lubricating Products",2021,3613580
6,"Chemical Products",634,"Soap, cleaners, candles, dental, modelling pastes",63404,"Waxes",2021,925583
6,"Chemical Products",634,"Soap, cleaners, candles, dental, modelling pastes",63405,"Polishes and Creams",2021,5848382
6,"Chemical Products",634,"Soap, cleaners, candles, dental, modelling pastes",63406,"Candles",2021,2738925
6,"Chemical Products",634,"Soap, cleaners, candles, dental, modelling pastes",63407,"Pastes and Waxes",2021,986015
6,"Chemical Products",635,"Glues, starches, & albuminoid products",63501,"Casein",2021,1021
6,"Chemical Products",635,"Glues, starches, & albuminoid products",63502,"Water Soluble Proteins",2021,2433908
6,"Chemical Products",635,"Glues, starches, & albuminoid products",63503,"Gelatin",2021,63914
6,"Chemical Products",635,"Glues, starches, & albuminoid products",63504,"Peptones",2021,8940390
6,"Chemical Products",635,"Glues, starches, & albuminoid products",63505,"Dextrins",2021,3135733
6,"Chemical Products",635,"Glues, starches, & albuminoid products",63506,"Glues",2021,14191807
6,"Chemical Products",635,"Glues, starches, & albuminoid products",63507,"Enzymes",2021,31058185
6,"Chemical Products",636,"Explosives, matches, & fireworks",63602,"Prepared Explosives",2021,3527738
6,"Chemical Products",636,"Explosives, matches, & fireworks",63603,"Detonating Fuses",2021,2156886
6,"Chemical Products",636,"Explosives, matches, & fireworks",63604,"Fireworks",2021,16318841
6,"Chemical Products",636,"Explosives, matches, & fireworks",63605,"Matches",2021,2780022
6,"Chemical Products",636,"Explosives, matches, & fireworks",63606,"Pyrophoric Alloys",2021,16341
6,"Chemical Products",637,"Photo & movie goods",63701,"Photographic Plates",2021,4576472
6,"Chemical Products",637,"Photo & movie goods",63702,"Photographic Film",2021,6848361
6,"Chemical Products",637,"Photo & movie goods",63703,"Photographic Paper",2021,351952
6,"Chemical Products",637,"Photo & movie goods",63704,"Undeveloped Exposed Photographic Material",2021,57710
6,"Chemical Products",637,"Photo & movie goods",63705,"Developed Exposed Photographic Material",2021,2843473
6,"Chemical Products",637,"Photo & movie goods",63706,"Motion-picture film, exposed and developed",2021,6142
6,"Chemical Products",637,"Photo & movie goods",63707,"Photographic Chemicals",2021,1062584
6,"Chemical Products",638,"Chemical products n.e.s.",63801,"Artificial Graphite",2021,138879
6,"Chemical Products",638,"Chemical products n.e.s.",63802,"Activated Carbon",2021,108852
6,"Chemical Products",638,"Chemical products n.e.s.",63803,"Tall Oil",2021,157000
6,"Chemical Products",638,"Chemical products n.e.s.",63804,"Wood Pulp Lyes",2021,60099
6,"Chemical Products",638,"Chemical products n.e.s.",63805,"Turpentine",2021,6380586
6,"Chemical Products",638,"Chemical products n.e.s.",63806,"Rosin",2021,193936.00000000003
6,"Chemical Products",638,"Chemical products n.e.s.",63807,"Wood Tar, Oils and Pitch",2021,39680
6,"Chemical Products",638,"Chemical products n.e.s.",63808,"Pesticides",2021,1129310847
6,"Chemical Products",638,"Chemical products n.e.s.",63809,"Dyeing Finishing Agents",2021,9128198
6,"Chemical Products",638,"Chemical products n.e.s.",63810,"Metal Pickling Preparations",2021,471345
6,"Chemical Products",638,"Chemical products n.e.s.",63811,"Antiknock",2021,1036657
6,"Chemical Products",638,"Chemical products n.e.s.",63812,"Prepared Rubber Accelerators",2021,30860208.999999996
6,"Chemical Products",638,"Chemical products n.e.s.",63813,"Fire Extinguishers Preparations",2021,33819
6,"Chemical Products",638,"Chemical products n.e.s.",63814,"Organic Composite Solvents",2021,1523504
6,"Chemical Products",638,"Chemical products n.e.s.",63815,"Reaction and Catalytic Products",2021,5683842
6,"Chemical Products",638,"Chemical products n.e.s.",63816,"Refractory Cements",2021,24733.999999999996
6,"Chemical Products",638,"Chemical products n.e.s.",63817,"Alkylbenzenes and Alkylnaphthalenes",2021,135041
6,"Chemical Products",638,"Chemical products n.e.s.",63818,"Disc Chemicals for Electronics",2021,5112838
6,"Chemical Products",638,"Chemical products n.e.s.",63819,"Hydraulic Brake Fluid",2021,71230
6,"Chemical Products",638,"Chemical products n.e.s.",63820,"Antifreeze",2021,1187954
6,"Chemical Products",638,"Chemical products n.e.s.",63821,"Micro-Organism Culture Preparations",2021,12364453
6,"Chemical Products",638,"Chemical products n.e.s.",63822,"Laboratory Reagents",2021,49799867
6,"Chemical Products",638,"Chemical products n.e.s.",63823,"Industrial Fatty Acids, Oils and Alcohols",2021,90533699
7,"Plastics and Rubbers",739,"Plastics & articles thereof",73901,"Ethylene Polymers",2021,254371538
7,"Plastics and Rubbers",739,"Plastics & articles thereof",73902,"Propylene Polymers",2021,401999239
7,"Plastics and Rubbers",739,"Plastics & articles thereof",73903,"Styrene Polymers",2021,42420544
7,"Plastics and Rubbers",739,"Plastics & articles thereof",73904,"Vinyl Chloride Polymers",2021,50345616
7,"Plastics and Rubbers",739,"Plastics & articles thereof",73905,"Other Vinyl Polymers",2021,1017156
7,"Plastics and Rubbers",739,"Plastics & articles thereof",73906,"Acrylic Polymers",2021,73298809
7,"Plastics and Rubbers",739,"Plastics & articles thereof",73907,"Polyacetals",2021,117745192
7,"Plastics and Rubbers",739,"Plastics & articles thereof",73908,"Polyamides",2021,48726125
7,"Plastics and Rubbers",739,"Plastics & articles thereof",73909,"Amino-resins",2021,3304857
7,"Plastics and Rubbers",739,"Plastics & articles thereof",73910,"Silicone",2021,2606634
7,"Plastics and Rubbers",739,"Plastics & articles thereof",73911,"Petroleum Resins",2021,869773
7,"Plastics and Rubbers",739,"Plastics & articles thereof",73912,"Cellulose",2021,517838
7,"Plastics and Rubbers",739,"Plastics & articles thereof",73913,"Natural Polymers",2021,19284482
7,"Plastics and Rubbers",739,"Plastics & articles thereof",73914,"Polymer Ion-Exchangers",2021,523057
7,"Plastics and Rubbers",739,"Plastics & articles thereof",73915,"Scrap Plastic",2021,11582640
7,"Plastics and Rubbers",739,"Plastics & articles thereof",73916,"Monofilament",2021,46077329
7,"Plastics and Rubbers",739,"Plastics & articles thereof",73917,"Plastic Pipes",2021,294017076
7,"Plastics and Rubbers",739,"Plastics & articles thereof",73918,"Plastic Floor Coverings",2021,8326625
7,"Plastics and Rubbers",739,"Plastics & articles thereof",73919,"Self-adhesive Plastics",2021,97378672
7,"Plastics and Rubbers",739,"Plastics & articles thereof",73920,"Raw Plastic Sheeting",2021,577545759
7,"Plastics and Rubbers",739,"Plastics & articles thereof",73921,"Other Plastic Sheetings",2021,111100169
7,"Plastics and Rubbers",739,"Plastics & articles thereof",73922,"Plastic Wash Basins",2021,600545
7,"Plastics and Rubbers",739,"Plastics & articles thereof",73923,"Plastic Lids",2021,421154727
7,"Plastics and Rubbers",739,"Plastics & articles thereof",73924,"Plastic Housewares",2021,161510070
7,"Plastics and Rubbers",739,"Plastics & articles thereof",73925,"Plastic Building Materials",2021,46308998
7,"Plastics and Rubbers",739,"Plastics & articles thereof",73926,"Other Plastic Products",2021,624506442
7,"Plastics and Rubbers",740,"Rubber & articles thereof",74001,"Rubber",2021,100603
7,"Plastics and Rubbers",740,"Rubber & articles thereof",74002,"Synthetic Rubber",2021,720781
7,"Plastics and Rubbers",740,"Rubber & articles thereof",74003,"Reclaimed Rubber",2021,308188
7,"Plastics and Rubbers",740,"Rubber & articles thereof",74004,"Scrap Rubber",2021,142773
7,"Plastics and Rubbers",740,"Rubber & articles thereof",74005,"Compounded Unvulcanised Rubber",2021,700448
7,"Plastics and Rubbers",740,"Rubber & articles thereof",74006,"Unvulcanised Rubber Products",2021,228556.99999999997
7,"Plastics and Rubbers",740,"Rubber & articles thereof",74007,"Rubber Thread",2021,20445
7,"Plastics and Rubbers",740,"Rubber & articles thereof",74008,"Rubber Sheets",2021,5749940
7,"Plastics and Rubbers",740,"Rubber & articles thereof",74009,"Rubber Pipes",2021,6257259
7,"Plastics and Rubbers",740,"Rubber & articles thereof",74010,"Rubber Belting",2021,1829126
7,"Plastics and Rubbers",740,"Rubber & articles thereof",74011,"Rubber Tires",2021,152887441
7,"Plastics and Rubbers",740,"Rubber & articles thereof",74012,"Used Rubber Tires",2021,3684010
7,"Plastics and Rubbers",740,"Rubber & articles thereof",74013,"Rubber Inner Tubes",2021,80576
7,"Plastics and Rubbers",740,"Rubber & articles thereof",74014,"Pharmaceutical Rubber Products",2021,871393
7,"Plastics and Rubbers",740,"Rubber & articles thereof",74015,"Rubber Apparel",2021,1717818
7,"Plastics and Rubbers",740,"Rubber & articles thereof",74016,"Other Rubber Products",2021,23813793
7,"Plastics and Rubbers",740,"Rubber & articles thereof",74017,"Hard Rubber",2021,22156
8,"Animal Hides",841,"Raw hides & skin (non-fur)",84101,"Equine and Bovine Hides",2021,382197.99999999994
8,"Animal Hides",841,"Raw hides & skin (non-fur)",84102,"Sheep Hides",2021,56481
8,"Animal Hides",841,"Raw hides & skin (non-fur)",84104,"Tanned Equine and Bovine Hides",2021,15783165
8,"Animal Hides",841,"Raw hides & skin (non-fur)",84105,"Tanned Sheep Hides",2021,112581
8,"Animal Hides",841,"Raw hides & skin (non-fur)",84106,"Tanned Goat Hides",2021,18958
8,"Animal Hides",841,"Raw hides & skin (non-fur)",84107,"Leather of Other Animals",2021,11.000000000000002
8,"Animal Hides",841,"Raw hides & skin (non-fur)",84109,"Patent Leather",2021,26926
8,"Animal Hides",841,"Raw hides & skin (non-fur)",84110,"Leather Waste",2021,2059
8,"Animal Hides",841,"Raw hides & skin (non-fur)",84111,"Leather Sheets",2021,3000
8,"Animal Hides",842,"Leather articles",84201,"Saddlery",2021,664473
8,"Animal Hides",842,"Leather articles",84202,"Trunks and Cases",2021,47628741
8,"Animal Hides",842,"Leather articles",84203,"Leather Apparel",2021,746434
8,"Animal Hides",842,"Leather articles",84205,"Other Leather Articles",2021,1311905
8,"Animal Hides",843,"Furskins, articifial fur, & articles",84301,"Raw Furskins",2021,5000
8,"Animal Hides",843,"Furskins, articifial fur, & articles",84302,"Tanned Furskins",2021,4083
8,"Animal Hides",843,"Furskins, articifial fur, & articles",84303,"Furskin Apparel",2021,53096
8,"Animal Hides",843,"Furskins, articifial fur, & articles",84304,"Artificial Fur",2021,7826
9,"Wood Products",944,"Wood, wood articles, & charcoal",94401,"Fuel Wood",2021,1641188
9,"Wood Products",944,"Wood, wood articles, & charcoal",94402,"Wood Charcoal",2021,530982
9,"Wood Products",944,"Wood, wood articles, & charcoal",94403,"Rough Wood",2021,76386
9,"Wood Products",944,"Wood, wood articles, & charcoal",94404,"Wood Stakes",2021,592554
9,"Wood Products",944,"Wood, wood articles, & charcoal",94407,"Sawn Wood",2021,4749431
9,"Wood Products",944,"Wood, wood articles, & charcoal",94408,"Veneer Sheets",2021,6014894
9,"Wood Products",944,"Wood, wood articles, & charcoal",94409,"Shaped Wood",2021,277137
9,"Wood Products",944,"Wood, wood articles, & charcoal",94410,"Particle Board",2021,21260224.000000004
9,"Wood Products",944,"Wood, wood articles, & charcoal",94411,"Wood Fiberboard",2021,36572757.99999999
9,"Wood Products",944,"Wood, wood articles, & charcoal",94412,"Plywood",2021,48366567
9,"Wood Products",944,"Wood, wood articles, & charcoal",94413,"Densified Wood",2021,259065.00000000003
9,"Wood Products",944,"Wood, wood articles, & charcoal",94414,"Wood Frames",2021,184524
9,"Wood Products",944,"Wood, wood articles, & charcoal",94415,"Wood Crates",2021,2910303
9,"Wood Products",944,"Wood, wood articles, & charcoal",94416,"Wood Barrels",2021,39149
9,"Wood Products",944,"Wood, wood articles, & charcoal",94417,"Wooden Tool Handles",2021,22300
9,"Wood Products",944,"Wood, wood articles, & charcoal",94418,"Wood Carpentry",2021,26239312
9,"Wood Products",944,"Wood, wood articles, & charcoal",94419,"Wood Kitchenware",2021,595576
9,"Wood Products",944,"Wood, wood articles, & charcoal",94420,"Wood Ornaments",2021,4101647
9,"Wood Products",944,"Wood, wood articles, & charcoal",94421,"Other Wood Articles",2021,1527571
9,"Wood Products",945,"Cork & cork articles",94501,"Raw Cork",2021,105235
9,"Wood Products",945,"Cork & cork articles",94502,"Debacked Cork",2021,7510
9,"Wood Products",945,"Cork & cork articles",94503,"Natural Cork Articles",2021,117752
9,"Wood Products",945,"Cork & cork articles",94504,"Agglomerated Cork",2021,456352
9,"Wood Products",946,"Straw & esparto manufactures",94601,"Plaiting Products",2021,133799
9,"Wood Products",946,"Straw & esparto manufactures",94602,"Basketwork",2021,192818
10,"Paper Goods",1047,"Wood pulp & paper scrap",104701,"Mechanical Wood Pulp",2021,40000
10,"Paper Goods",1047,"Wood pulp & paper scrap",104704,"Sulfite Chemical Woodpulp",2021,1000
10,"Paper Goods",1047,"Wood pulp & paper scrap",104705,"Semi chemical Woodpulp",2021,1000
10,"Paper Goods",1047,"Wood pulp & paper scrap",104706,"Recovered Paper Pulp",2021,55683
10,"Paper Goods",1047,"Wood pulp & paper scrap",104707,"Recovered Paper",2021,23022845
10,"Paper Goods",1048,"Paper articles",104801,"Newsprint",2021,4839028.999999999
10,"Paper Goods",1048,"Paper articles",104802,"Uncoated Paper",2021,60982627
10,"Paper Goods",1048,"Paper articles",104803,"Tissue",2021,1146232
10,"Paper Goods",1048,"Paper articles",104804,"Kraft Paper",2021,11292784
10,"Paper Goods",1048,"Paper articles",104805,"Other Uncoated Paper",2021,46670665
10,"Paper Goods",1048,"Paper articles",104806,"Vegetable Parchment",2021,616429
10,"Paper Goods",1048,"Paper articles",104807,"Composite Paper",2021,43886
10,"Paper Goods",1048,"Paper articles",104808,"Corrugated Paper",2021,76906
10,"Paper Goods",1048,"Paper articles",104809,"Carbon Paper",2021,37599
10,"Paper Goods",1048,"Paper articles",104810,"Kaolin Coated Paper",2021,2452090
10,"Paper Goods",1048,"Paper articles",104811,"Cellulose Fibers Paper",2021,16458024
10,"Paper Goods",1048,"Paper articles",104812,"Paper Pulp Filter Blocks",2021,9755
10,"Paper Goods",1048,"Paper articles",104813,"Cigarette Paper",2021,1569785
10,"Paper Goods",1048,"Paper articles",104814,"Wallpaper",2021,381303
10,"Paper Goods",1048,"Paper articles",104816,"Other Carbon Paper",2021,83445
10,"Paper Goods",1048,"Paper articles",104817,"Letter Stock",2021,274674
10,"Paper Goods",1048,"Paper articles",104818,"Toilet Paper",2021,72341337
10,"Paper Goods",1048,"Paper articles",104819,"Paper Containers",2021,35294858
10,"Paper Goods",1048,"Paper articles",104820,"Paper Notebooks",2021,849169
10,"Paper Goods",1048,"Paper articles",104821,"Paper Labels",2021,8270405
10,"Paper Goods",1048,"Paper articles",104822,"Paper Spools",2021,391744
10,"Paper Goods",1048,"Paper articles",104823,"Shaped Paper",2021,11363202
10,"Paper Goods",1049,"Books, newspapers, & other prints",104901,"Brochures",2021,73160415
10,"Paper Goods",1049,"Books, newspapers, & other prints",104902,"Newspapers",2021,732733
10,"Paper Goods",1049,"Books, newspapers, & other prints",104903,"Children's Picture Books",2021,292429
10,"Paper Goods",1049,"Books, newspapers, & other prints",104904,"Sheet Music",2021,13569
10,"Paper Goods",1049,"Books, newspapers, & other prints",104905,"Maps",2021,351961
10,"Paper Goods",1049,"Books, newspapers, & other prints",104906,"Architectural Plans",2021,4003531
10,"Paper Goods",1049,"Books, newspapers, & other prints",104907,"Documents of title (bonds etc) and unused stamps",2021,13112292.999999998
10,"Paper Goods",1049,"Books, newspapers, & other prints",104908,"Decals",2021,194761
10,"Paper Goods",1049,"Books, newspapers, & other prints",104909,"Postcards",2021,797821
10,"Paper Goods",1049,"Books, newspapers, & other prints",104910,"Calendars",2021,687123
10,"Paper Goods",1049,"Books, newspapers, & other prints",104911,"Other Printed Material",2021,12384085
11,"Textiles",1150,"Silk",115001,"Silk-worm Cocoons",2021,11000
11,"Textiles",1150,"Silk",115006,"Retail Silk Yarn",2021,833
11,"Textiles",1150,"Silk",115007,"Silk Fabrics",2021,36575
11,"Textiles",1151,"Wool & animal hair",115101,"Wool",2021,140630
11,"Textiles",1151,"Wool & animal hair",115102,"Animal Hair",2021,4000
11,"Textiles",1151,"Wool & animal hair",115105,"Prepared Wool or Animal Hair",2021,15316
11,"Textiles",1151,"Wool & animal hair",115106,"Non-Retail Carded Wool Yarn",2021,82
11,"Textiles",1151,"Wool & animal hair",115107,"Non-Retail Combed Wool Yarn",2021,67618
11,"Textiles",1151,"Wool & animal hair",115108,"Non-Retail Animal Hair Yarn",2021,14206
11,"Textiles",1151,"Wool & animal hair",115109,"Retail Wool or Animal Hair Yarn",2021,11359
11,"Textiles",1151,"Wool & animal hair",115110,"Horsehair Yarn",2021,8737
11,"Textiles",1151,"Wool & animal hair",115111,"Carded Wool or Animal Hair Fabric",2021,40949
11,"Textiles",1151,"Wool & animal hair",115112,"Combed Wool or Animal Hair Fabric",2021,3746
11,"Textiles",1151,"Wool & animal hair",115113,"Horsehair Fabric",2021,1475
11,"Textiles",1152,"Cotton",115201,"Raw Cotton",2021,54391870
11,"Textiles",1152,"Cotton",115202,"Cotton Waste",2021,1038
11,"Textiles",1152,"Cotton",115203,"Prepared Cotton",2021,17543
11,"Textiles",1152,"Cotton",115204,"Cotton Sewing Thread",2021,50875.99999999999
11,"Textiles",1152,"Cotton",115205,"Non-Retail Pure Cotton Yarn",2021,6212750
11,"Textiles",1152,"Cotton",115206,"Non-Retail Mixed Cotton Yarn",2021,378330.99999999994
11,"Textiles",1152,"Cotton",115207,"Retail Cotton Yarn",2021,227486
11,"Textiles",1152,"Cotton",115208,"Light Pure Woven Cotton",2021,9414093
11,"Textiles",1152,"Cotton",115209,"Heavy Pure Woven Cotton",2021,2084675
11,"Textiles",1152,"Cotton",115210,"Light Mixed Woven Cotton",2021,281856
11,"Textiles",1152,"Cotton",115211,"Heavy Mixed Woven Cotton",2021,508184
11,"Textiles",1152,"Cotton",115212,"Other Cotton Fabrics",2021,1037
11,"Textiles",1153,"Vegetable textile fibers, paper yarn & fabrics",115301,"Flax Fibers",2021,1029
11,"Textiles",1153,"Vegetable textile fibers, paper yarn & fabrics",115303,"Jute and Other Textile Fibers",2021,338.99999999999994
11,"Textiles",1153,"Vegetable textile fibers, paper yarn & fabrics",115305,"Coconut and Other Vegetable Fibers",2021,20197
11,"Textiles",1153,"Vegetable textile fibers, paper yarn & fabrics",115306,"Flax Yarn",2021,1441
11,"Textiles",1153,"Vegetable textile fibers, paper yarn & fabrics",115307,"Jute Yarn",2021,9427.999999999998
11,"Textiles",1153,"Vegetable textile fibers, paper yarn & fabrics",115309,"Flax Woven Fabric",2021,30650
11,"Textiles",1153,"Vegetable textile fibers, paper yarn & fabrics",115310,"Jute Woven Fabric",2021,7015
11,"Textiles",1153,"Vegetable textile fibers, paper yarn & fabrics",115311,"Other Vegetable Fibers Fabric",2021,46329.00000000001
11,"Textiles",1154,"Man-made filaments",115401,"Artificial Filament Sewing Thread",2021,902642
11,"Textiles",1154,"Man-made filaments",115402,"Non-Retail Synthetic Filament Yarn",2021,145111929
11,"Textiles",1154,"Man-made filaments",115403,"Non-Retail Artificial Filament Yarn",2021,41670
11,"Textiles",1154,"Man-made filaments",115404,"Synthetic Monofilament",2021,634936
11,"Textiles",1154,"Man-made filaments",115406,"Retail Artificial Filament Yarn",2021,87750
11,"Textiles",1154,"Man-made filaments",115407,"Synthetic Filament Yarn Woven Fabric",2021,17661913
11,"Textiles",1154,"Man-made filaments",115408,"Artificial Filament Yarn Woven Fabric",2021,1524922
11,"Textiles",1155,"Man-made staple fibres",115501,"Synthetic Filament Tow",2021,58903
11,"Textiles",1155,"Man-made staple fibres",115503,"Unprocessed Synthetic Staple Fibers",2021,4138764
11,"Textiles",1155,"Man-made staple fibres",115504,"Unprocessed Artificial Staple Fibers",2021,157296
11,"Textiles",1155,"Man-made staple fibres",115505,"Artificial Fibers Waste",2021,3199810
11,"Textiles",1155,"Man-made staple fibres",115506,"Processed Synthetic Staple Fibers",2021,508196
11,"Textiles",1155,"Man-made staple fibres",115508,"Non-Retail Artificial Staple Fibers Sewing Thread",2021,17887026
11,"Textiles",1155,"Man-made staple fibres",115509,"Non-Retail Synthetic Staple Fibers Yarn",2021,210915.00000000003
11,"Textiles",1155,"Man-made staple fibres",115510,"Non-Retail Artificial Staple Fibers Yarn",2021,31300
11,"Textiles",1155,"Man-made staple fibres",115511,"Retail Artificial Staple Fibers Yarn",2021,83361
11,"Textiles",1155,"Man-made staple fibres",115512,"Synthetic Fabrics",2021,8666617
11,"Textiles",1155,"Man-made staple fibres",115513,"Light Synthetic Cotton Fabrics",2021,2126397
11,"Textiles",1155,"Man-made staple fibres",115514,"Heavy Synthetic Cotton Fabrics",2021,228951
11,"Textiles",1155,"Man-made staple fibres",115515,"Other Synthetic Fabrics",2021,1031526.0000000001
11,"Textiles",1155,"Man-made staple fibres",115516,"Woven Fabric of Synthetic Staple Fibers",2021,22271
11,"Textiles",1156,"Wadding, felt, nonwovens, twin, ropes, & articles thereof",115601,"Wadding",2021,538559
11,"Textiles",1156,"Wadding, felt, nonwovens, twin, ropes, & articles thereof",115602,"Felt",2021,327527
11,"Textiles",1156,"Wadding, felt, nonwovens, twin, ropes, & articles thereof",115603,"Non-woven Textiles",2021,290182824
11,"Textiles",1156,"Wadding, felt, nonwovens, twin, ropes, & articles thereof",115604,"Rubber Textiles",2021,667833
11,"Textiles",1156,"Wadding, felt, nonwovens, twin, ropes, & articles thereof",115605,"Metallic Yarn",2021,3000
11,"Textiles",1156,"Wadding, felt, nonwovens, twin, ropes, & articles thereof",115606,"Gimp Yarn",2021,307117
11,"Textiles",1156,"Wadding, felt, nonwovens, twin, ropes, & articles thereof",115607,"Twine and Rope",2021,6974337
11,"Textiles",1156,"Wadding, felt, nonwovens, twin, ropes, & articles thereof",115608,"Twine, cordage or rope; knotted netting, made up fishing nets and other made up nets, of textile materials",2021,7369200
11,"Textiles",1156,"Wadding, felt, nonwovens, twin, ropes, & articles thereof",115609,"Other Articles of Twine and Rope",2021,260821
11,"Textiles",1157,"Carpets & textile floor covers",115701,"Knotted Carpets",2021,469625
11,"Textiles",1157,"Carpets & textile floor covers",115702,"Hand-Woven Rugs",2021,811386
11,"Textiles",1157,"Carpets & textile floor covers",115703,"Tufted Carpets",2021,1167135
11,"Textiles",1157,"Carpets & textile floor covers",115704,"Felt Carpets",2021,428477
11,"Textiles",1157,"Carpets & textile floor covers",115705,"Other Carpets",2021,178645
11,"Textiles",1158,"Special woven fabrics and tapestries",115801,"Woven Fabrics",2021,120021
11,"Textiles",1158,"Special woven fabrics and tapestries",115802,"Terry Fabric",2021,620933
11,"Textiles",1158,"Special woven fabrics and tapestries",115803,"Gauze",2021,6815
11,"Textiles",1158,"Special woven fabrics and tapestries",115804,"Tulles and Net Fabric",2021,68395
11,"Textiles",1158,"Special woven fabrics and tapestries",115805,"Hand-Woven Tapestries",2021,32099
11,"Textiles",1158,"Special woven fabrics and tapestries",115806,"Narrow Woven Fabric",2021,193823
11,"Textiles",1158,"Special woven fabrics and tapestries",115807,"Labels",2021,628912
11,"Textiles",1158,"Special woven fabrics and tapestries",115808,"Ornamental Trimmings",2021,19539
11,"Textiles",1158,"Special woven fabrics and tapestries",115809,"Metallic Fabric",2021,2039267
11,"Textiles",1158,"Special woven fabrics and tapestries",115810,"Embroidery",2021,133237
11,"Textiles",1158,"Special woven fabrics and tapestries",115811,"Quilted Textiles",2021,155601
11,"Textiles",1159,"Coated, covered, & laminated fabrics for industrial use",115901,"Gum Coated Textile Fabric",2021,7087191
11,"Textiles",1159,"Coated, covered, & laminated fabrics for industrial use",115902,"Polyamide Fabric",2021,434380
11,"Textiles",1159,"Coated, covered, & laminated fabrics for industrial use",115903,"Plastic Coated Textile Fabric",2021,17937278
11,"Textiles",1159,"Coated, covered, & laminated fabrics for industrial use",115904,"Linoleum",2021,1585.0000000000002
11,"Textiles",1159,"Coated, covered, & laminated fabrics for industrial use",115905,"Textile Wall Coverings",2021,917320.9999999999
11,"Textiles",1159,"Coated, covered, & laminated fabrics for industrial use",115906,"Rubber Textile Fabric",2021,823703
11,"Textiles",1159,"Coated, covered, & laminated fabrics for industrial use",115907,"Coated Textile Fabric",2021,13872609
11,"Textiles",1159,"Coated, covered, & laminated fabrics for industrial use",115908,"Textile Wicks",2021,308819
11,"Textiles",1159,"Coated, covered, & laminated fabrics for industrial use",115909,"Hose Piping Textiles",2021,5552650
11,"Textiles",1159,"Coated, covered, & laminated fabrics for industrial use",115910,"Conveyor Belt Textiles",2021,1556274
11,"Textiles",1159,"Coated, covered, & laminated fabrics for industrial use",115911,"Textiles for technical uses",2021,114773006
11,"Textiles",1160,"Knitted fabrics",116001,"Pile Fabric",2021,2727980
11,"Textiles",1160,"Knitted fabrics",116002,"Light Rubberized Knitted Fabric",2021,139595303
11,"Textiles",1161,"Knitted clothing accesories",116101,"Knit Men's Coats",2021,526060
11,"Textiles",1161,"Knitted clothing accesories",116102,"Knit Women's Coats",2021,618755
11,"Textiles",1161,"Knitted clothing accesories",116103,"Knit Men's Suits",2021,3193743
11,"Textiles",1161,"Knitted clothing accesories",116104,"Knit Women's Suits",2021,12204994
11,"Textiles",1161,"Knitted clothing accesories",116105,"Knit Men's Shirts",2021,176826
11,"Textiles",1161,"Knitted clothing accesories",116106,"Knit Women's Shirts",2021,538527
11,"Textiles",1161,"Knitted clothing accesories",116107,"Knit Men's Undergarments",2021,1320811
11,"Textiles",1161,"Knitted clothing accesories",116108,"Knit Women's Undergarments",2021,168466
11,"Textiles",1161,"Knitted clothing accesories",116109,"Knit T-shirts",2021,18468320
11,"Textiles",1161,"Knitted clothing accesories",116110,"Knit Sweaters",2021,5288540
11,"Textiles",1161,"Knitted clothing accesories",116111,"Knit Babies' Garments",2021,2108953
11,"Textiles",1161,"Knitted clothing accesories",116112,"Knit Active Wear",2021,2018972
11,"Textiles",1161,"Knitted clothing accesories",116113,"Garments of Impregnated Fabric",2021,53739
11,"Textiles",1161,"Knitted clothing accesories",116114,"Other Knit Garments",2021,3734794
11,"Textiles",1161,"Knitted clothing accesories",116115,"Knit Socks and Hosiery",2021,1952173
11,"Textiles",1161,"Knitted clothing accesories",116116,"Knit Gloves",2021,23868
11,"Textiles",1161,"Knitted clothing accesories",116117,"Other Knit Clothing Accessories",2021,343227
11,"Textiles",1162,"Non-knitted clothing accesories",116201,"Non-Knit Men's Coats",2021,927760
11,"Textiles",1162,"Non-knitted clothing accesories",116202,"Non-Knit Women's Coats",2021,812550
11,"Textiles",1162,"Non-knitted clothing accesories",116203,"Non-Knit Men's Suits",2021,8923498
11,"Textiles",1162,"Non-knitted clothing accesories",116204,"Non-Knit Women's Suits",2021,33884996
11,"Textiles",1162,"Non-knitted clothing accesories",116205,"Non-Knit Men's Shirts",2021,509934
11,"Textiles",1162,"Non-knitted clothing accesories",116206,"Non-Knit Women's Shirts",2021,1816387
11,"Textiles",1162,"Non-knitted clothing accesories",116207,"Non-Knit Men's Undergarments",2021,426870
11,"Textiles",1162,"Non-knitted clothing accesories",116208,"Non-Knit Women's Undergarments",2021,732820.9999999999
11,"Textiles",1162,"Non-knitted clothing accesories",116209,"Non-Knit Babies' Garments",2021,3619885.9999999995
11,"Textiles",1162,"Non-knitted clothing accesories",116210,"Felt or Coated Fabric Garments",2021,2686877
11,"Textiles",1162,"Non-knitted clothing accesories",116211,"Non-Knit Active Wear",2021,7431226
11,"Textiles",1162,"Non-knitted clothing accesories",116212,"Other Women's Undergarments",2021,1917225
11,"Textiles",1162,"Non-knitted clothing accesories",116213,"Handkerchiefs",2021,1742857
11,"Textiles",1162,"Non-knitted clothing accesories",116214,"Scarves",2021,1052227
11,"Textiles",1162,"Non-knitted clothing accesories",116215,"Neck Ties",2021,19243
11,"Textiles",1162,"Non-knitted clothing accesories",116216,"Non-Knit Gloves",2021,43956
11,"Textiles",1162,"Non-knitted clothing accesories",116217,"Other Non-Knit Clothing Accessories",2021,4264411
11,"Textiles",1163,"Used clothes & textile articles",116301,"Blankets",2021,95158
11,"Textiles",1163,"Used clothes & textile articles",116302,"House Linens",2021,31468742.000000004
11,"Textiles",1163,"Used clothes & textile articles",116303,"Window Dressings",2021,5084127
11,"Textiles",1163,"Used clothes & textile articles",116304,"Bedspreads",2021,756580
11,"Textiles",1163,"Used clothes & textile articles",116305,"Packing Bags",2021,560780
11,"Textiles",1163,"Used clothes & textile articles",116306,"Awnings, Tents, and Sails",2021,2546031
11,"Textiles",1163,"Used clothes & textile articles",116307,"Other Cloth Articles",2021,28878362
11,"Textiles",1163,"Used clothes & textile articles",116308,"Packaged Sewing Sets",2021,66337
11,"Textiles",1163,"Used clothes & textile articles",116309,"Used Clothing",2021,7538331
11,"Textiles",1163,"Used clothes & textile articles",116310,"Textile Scraps",2021,421839
12,"Footwear and Headwear",1264,"Footwear",126401,"Waterproof Footwear",2021,436822
12,"Footwear and Headwear",1264,"Footwear",126402,"Rubber Footwear",2021,3692875
12,"Footwear and Headwear",1264,"Footwear",126403,"Leather Footwear",2021,8387715
12,"Footwear and Headwear",1264,"Footwear",126404,"Textile Footwear",2021,20509967
12,"Footwear and Headwear",1264,"Footwear",126405,"Other Footwear",2021,7964554.000000001
12,"Footwear and Headwear",1264,"Footwear",126406,"Footwear Parts",2021,1099775
12,"Footwear and Headwear",1265,"Headgear",126501,"Hat Forms",2021,18251
12,"Footwear and Headwear",1265,"Headgear",126502,"Hat Shapes",2021,16707
12,"Footwear and Headwear",1265,"Headgear",126504,"Hats",2021,41262
12,"Footwear and Headwear",1265,"Headgear",126505,"Knitted Hats",2021,703963
12,"Footwear and Headwear",1265,"Headgear",126506,"Other Headwear",2021,14113267
12,"Footwear and Headwear",1265,"Headgear",126507,"Headbands and Linings",2021,829813
12,"Footwear and Headwear",1266,"Umbrellas, walking sticks, & whips",126601,"Umbrellas",2021,113060
12,"Footwear and Headwear",1266,"Umbrellas, walking sticks, & whips",126602,"Walking Sticks",2021,12584
12,"Footwear and Headwear",1266,"Umbrellas, walking sticks, & whips",126603,"Umbrella and Walking Stick Accessories",2021,7523
12,"Footwear and Headwear",1267,"Feather articles, feathers, artificial flowers, & articles of human hair",126701,"Bird Skins and Feathers",2021,28244.999999999996
12,"Footwear and Headwear",1267,"Feather articles, feathers, artificial flowers, & articles of human hair",126702,"Artificial Vegetation",2021,475788
12,"Footwear and Headwear",1267,"Feather articles, feathers, artificial flowers, & articles of human hair",126703,"Processed Hair",2021,1179057
12,"Footwear and Headwear",1267,"Feather articles, feathers, artificial flowers, & articles of human hair",126704,"Fake Hair",2021,9106149
13,"Stone And Glass",1368,"Stone, plaster, cement, asbestos, mica.",136801,"Curbstones",2021,206032.99999999997
13,"Stone And Glass",1368,"Stone, plaster, cement, asbestos, mica.",136802,"Building Stone",2021,13656562
13,"Stone And Glass",1368,"Stone, plaster, cement, asbestos, mica.",136803,"Worked Slate",2021,60
13,"Stone And Glass",1368,"Stone, plaster, cement, asbestos, mica.",136804,"Milling Stones",2021,21879556
13,"Stone And Glass",1368,"Stone, plaster, cement, asbestos, mica.",136805,"Abrasive Powder",2021,2932343
13,"Stone And Glass",1368,"Stone, plaster, cement, asbestos, mica.",136806,"Rock Wool",2021,1258248
13,"Stone And Glass",1368,"Stone, plaster, cement, asbestos, mica.",136807,"Asphalt",2021,24211
13,"Stone And Glass",1368,"Stone, plaster, cement, asbestos, mica.",136808,"Vegetable Fiber",2021,5167
13,"Stone And Glass",1368,"Stone, plaster, cement, asbestos, mica.",136809,"Plaster Articles",2021,3599765
13,"Stone And Glass",1368,"Stone, plaster, cement, asbestos, mica.",136810,"Cement Articles",2021,269570787
13,"Stone And Glass",1368,"Stone, plaster, cement, asbestos, mica.",136811,"Asbestos Cement Articles",2021,473484
13,"Stone And Glass",1368,"Stone, plaster, cement, asbestos, mica.",136812,"Asbestos Fibres",2021,28978
13,"Stone And Glass",1368,"Stone, plaster, cement, asbestos, mica.",136813,"Friction Material",2021,241321
13,"Stone And Glass",1368,"Stone, plaster, cement, asbestos, mica.",136814,"Processed Mica",2021,186577
13,"Stone And Glass",1368,"Stone, plaster, cement, asbestos, mica.",136815,"Other Stone Articles",2021,3851968
13,"Stone And Glass",1369,"Ceramic products",136901,"Bricks",2021,238947
13,"Stone And Glass",1369,"Ceramic products",136902,"Refractory Bricks",2021,833382
13,"Stone And Glass",1369,"Ceramic products",136903,"Refractory Ceramics",2021,851501
13,"Stone And Glass",1369,"Ceramic products",136904,"Ceramic Bricks",2021,27299
13,"Stone And Glass",1369,"Ceramic products",136905,"Roofing Tiles",2021,1751505
13,"Stone And Glass",1369,"Ceramic products",136906,"Ceramic Pipes",2021,281443
13,"Stone And Glass",1369,"Ceramic products",136907,"Unglazed Ceramics",2021,361863
13,"Stone And Glass",1369,"Ceramic products",136908,"Glazed Ceramics",2021,2057631.0000000002
13,"Stone And Glass",1369,"Ceramic products",136909,"Laboratory Ceramic Ware",2021,8836815
13,"Stone And Glass",1369,"Ceramic products",136910,"Bathroom Ceramics",2021,5574648
13,"Stone And Glass",1369,"Ceramic products",136911,"Porcelain Tableware",2021,1412653
13,"Stone And Glass",1369,"Ceramic products",136912,"Ceramic Tableware",2021,703480
13,"Stone And Glass",1369,"Ceramic products",136913,"Ornamental Ceramics",2021,597892
13,"Stone And Glass",1369,"Ceramic products",136914,"Other Ceramic Articles",2021,3274493
13,"Stone And Glass",1370,"Glass & glassware",137001,"Glass Scraps",2021,2882846
13,"Stone And Glass",1370,"Glass & glassware",137002,"Glass Balls",2021,394308
13,"Stone And Glass",1370,"Glass & glassware",137003,"Cast or Rolled Glass",2021,1180918
13,"Stone And Glass",1370,"Glass & glassware",137004,"Blown Glass",2021,117877
13,"Stone And Glass",1370,"Glass & glassware",137005,"Float Glass",2021,16545864
13,"Stone And Glass",1370,"Glass & glassware",137006,"Glass with Edge Workings",2021,162198
13,"Stone And Glass",1370,"Glass & glassware",137007,"Safety Glass",2021,14033383
13,"Stone And Glass",1370,"Glass & glassware",137008,"Insulating Glass",2021,119935
13,"Stone And Glass",1370,"Glass & glassware",137009,"Glass Mirrors",2021,907538
13,"Stone And Glass",1370,"Glass & glassware",137010,"Glass Bottles",2021,17642153
13,"Stone And Glass",1370,"Glass & glassware",137011,"Glass Bulbs",2021,8994
13,"Stone And Glass",1370,"Glass & glassware",137013,"Interior Decorative Glassware",2021,2124942
13,"Stone And Glass",1370,"Glass & glassware",137014,"Signaling Glassware",2021,326719
13,"Stone And Glass",1370,"Glass & glassware",137015,"Eyewear and Clock Glass",2021,128699
13,"Stone And Glass",1370,"Glass & glassware",137016,"Glass Bricks",2021,1104177
13,"Stone And Glass",1370,"Glass & glassware",137017,"Laboratory Glassware",2021,585608
13,"Stone And Glass",1370,"Glass & glassware",137018,"Glass Beads",2021,1154715
13,"Stone And Glass",1370,"Glass & glassware",137019,"Glass Fibers",2021,2837550
13,"Stone And Glass",1370,"Glass & glassware",137020,"Other Glass Articles",2021,7309273
14,"Precious Metals",1471,"Precious stones, metals, & pearls",147101,"Pearls",2021,99258
14,"Precious Metals",1471,"Precious stones, metals, & pearls",147102,"Diamonds",2021,9536053521
14,"Precious Metals",1471,"Precious stones, metals, & pearls",147103,"Precious Stones",2021,94173348
14,"Precious Metals",1471,"Precious stones, metals, & pearls",147104,"Synthetic Reconstructed Jewellery Stones",2021,115313666
14,"Precious Metals",1471,"Precious stones, metals, & pearls",147105,"Precious Stone Dust",2021,5050487
14,"Precious Metals",1471,"Precious stones, metals, & pearls",147106,"Silver",2021,12911069
14,"Precious Metals",1471,"Precious stones, metals, & pearls",147107,"Silver Clad Metals",2021,106206
14,"Precious Metals",1471,"Precious stones, metals, & pearls",147108,"Gold",2021,17432358
14,"Precious Metals",1471,"Precious stones, metals, & pearls",147109,"Gold Clad Metals",2021,20761
14,"Precious Metals",1471,"Precious stones, metals, & pearls",147110,"Platinum",2021,1196923
14,"Precious Metals",1471,"Precious stones, metals, & pearls",147111,"Platinum Clad Metals",2021,33267
14,"Precious Metals",1471,"Precious stones, metals, & pearls",147112,"Precious Metal Scraps",2021,43328452
14,"Precious Metals",1471,"Precious stones, metals, & pearls",147113,"Jewellery",2021,297918138
14,"Precious Metals",1471,"Precious stones, metals, & pearls",147114,"Metal-Clad Products",2021,18538716
14,"Precious Metals",1471,"Precious stones, metals, & pearls",147115,"Other Precious Metal Products",2021,409806
14,"Precious Metals",1471,"Precious stones, metals, & pearls",147116,"Pearl Products",2021,8189539
14,"Precious Metals",1471,"Precious stones, metals, & pearls",147117,"Imitation Jewellery",2021,24363852
14,"Precious Metals",1471,"Precious stones, metals, & pearls",147118,"Coin",2021,101717
15,"Metals",1572,"Iron & steel",157201,"Pig Iron",2021,202842
15,"Metals",1572,"Iron & steel",157202,"Ferroalloys",2021,185479
15,"Metals",1572,"Iron & steel",157204,"Scrap Iron",2021,312219139
15,"Metals",1572,"Iron & steel",157205,"Iron Powder",2021,4848622
15,"Metals",1572,"Iron & steel",157206,"Iron Ingots",2021,8443
15,"Metals",1572,"Iron & steel",157207,"Semi-Finished Iron",2021,259395.99999999997
15,"Metals",1572,"Iron & steel",157208,"Hot-Rolled Iron",2021,32323495.999999996
15,"Metals",1572,"Iron & steel",157209,"Cold-Rolled Iron",2021,52349
15,"Metals",1572,"Iron & steel",157210,"Coated Flat-Rolled Iron",2021,1841177
15,"Metals",1572,"Iron & steel",157211,"Large Flat-Rolled Iron",2021,378648
15,"Metals",1572,"Iron & steel",157212,"Large Coated Flat-Rolled Iron",2021,61867
15,"Metals",1572,"Iron & steel",157213,"Hot-Rolled Iron Bars",2021,9091668
15,"Metals",1572,"Iron & steel",157214,"Raw Iron Bars",2021,11192
15,"Metals",1572,"Iron & steel",157215,"Other Iron Bars",2021,5262293
15,"Metals",1572,"Iron & steel",157216,"Iron Blocks",2021,950768
15,"Metals",1572,"Iron & steel",157217,"Iron Wire",2021,867594
15,"Metals",1572,"Iron & steel",157218,"Stainless Steel Ingots",2021,372110
15,"Metals",1572,"Iron & steel",157219,"Large Flat-Rolled Stainless Steel",2021,1351676
15,"Metals",1572,"Iron & steel",157220,"Flat-Rolled Stainless Steel",2021,40658
15,"Metals",1572,"Iron & steel",157221,"Hot-Rolled Stainless Steel Bars",2021,131092
15,"Metals",1572,"Iron & steel",157222,"Other Stainless Steel Bars",2021,1668217
15,"Metals",1572,"Iron & steel",157223,"Stainless Steel Wire",2021,53468.99999999999
15,"Metals",1572,"Iron & steel",157224,"Steel Ingots",2021,1384484
15,"Metals",1572,"Iron & steel",157225,"Flat Flat-Rolled Steel",2021,138145
15,"Metals",1572,"Iron & steel",157226,"Flat-Rolled Iron",2021,9551844
15,"Metals",1572,"Iron & steel",157227,"Steel Bars",2021,1033
15,"Metals",1572,"Iron & steel",157228,"Other Steel Bars",2021,818447
15,"Metals",1572,"Iron & steel",157229,"Steel Wire",2021,51056
15,"Metals",1573,"Iron/Steel Articles",157301,"Iron Sheet Piling",2021,359778
15,"Metals",1573,"Iron/Steel Articles",157302,"Iron Railway Products",2021,245741
15,"Metals",1573,"Iron/Steel Articles",157303,"Cast Iron Pipes",2021,5964892
15,"Metals",1573,"Iron/Steel Articles",157304,"Iron Pipes",2021,15404757.000000002
15,"Metals",1573,"Iron/Steel Articles",157305,"Other Large Iron Pipes",2021,542654
15,"Metals",1573,"Iron/Steel Articles",157306,"Other Small Iron Pipes",2021,889055
15,"Metals",1573,"Iron/Steel Articles",157307,"Iron Pipe Fittings",2021,177887391
15,"Metals",1573,"Iron/Steel Articles",157308,"Iron Structures",2021,36656839
15,"Metals",1573,"Iron/Steel Articles",157309,"Large Iron Containers",2021,4191242
15,"Metals",1573,"Iron/Steel Articles",157310,"Small Iron Containers",2021,13453166
15,"Metals",1573,"Iron/Steel Articles",157311,"Iron Gas Containers",2021,28776144
15,"Metals",1573,"Iron/Steel Articles",157312,"Stranded Iron Wire",2021,3161655.9999999995
15,"Metals",1573,"Iron/Steel Articles",157313,"Barbed Wire",2021,265413
15,"Metals",1573,"Iron/Steel Articles",157314,"Iron Cloth",2021,5744581
15,"Metals",1573,"Iron/Steel Articles",157315,"Iron Chains",2021,327734
15,"Metals",1573,"Iron/Steel Articles",157316,"Iron Anchors",2021,103624.99999999999
15,"Metals",1573,"Iron/Steel Articles",157317,"Iron Nails",2021,1168780
15,"Metals",1573,"Iron/Steel Articles",157318,"Iron Fasteners",2021,26646540
15,"Metals",1573,"Iron/Steel Articles",157319,"Iron Sewing Needles",2021,132021
15,"Metals",1573,"Iron/Steel Articles",157320,"Iron Springs",2021,6777506
15,"Metals",1573,"Iron/Steel Articles",157321,"Iron Stovetops",2021,24997847
15,"Metals",1573,"Iron/Steel Articles",157322,"Iron Radiators",2021,492638
15,"Metals",1573,"Iron/Steel Articles",157323,"Iron Housewares",2021,2859259
15,"Metals",1573,"Iron/Steel Articles",157324,"Iron Toiletry",2021,3585650
15,"Metals",1573,"Iron/Steel Articles",157325,"Other Cast Iron Products",2021,1606076
15,"Metals",1573,"Iron/Steel Articles",157326,"Other Iron Products",2021,55371629
15,"Metals",1574,"Copper articles",157401,"Precipitated Copper",2021,11369.000000000002
15,"Metals",1574,"Copper articles",157402,"Raw Copper",2021,65681
15,"Metals",1574,"Copper articles",157403,"Refined Copper",2021,36434498.00000001
15,"Metals",1574,"Copper articles",157404,"Scrap Copper",2021,166927792
15,"Metals",1574,"Copper articles",157405,"Copper Alloys",2021,52000
15,"Metals",1574,"Copper articles",157406,"Copper Powder",2021,11176156
15,"Metals",1574,"Copper articles",157407,"Copper Bars",2021,3577912
15,"Metals",1574,"Copper articles",157408,"Copper Wire",2021,492180
15,"Metals",1574,"Copper articles",157409,"Copper Plating",2021,651484
15,"Metals",1574,"Copper articles",157410,"Copper Foil",2021,108543
15,"Metals",1574,"Copper articles",157411,"Copper Pipes",2021,1773771
15,"Metals",1574,"Copper articles",157412,"Copper Pipe Fittings",2021,7047339
15,"Metals",1574,"Copper articles",157413,"Stranded Copper Wire",2021,954409
15,"Metals",1574,"Copper articles",157415,"Copper Fasteners",2021,1907348
15,"Metals",1574,"Copper articles",157418,"Copper Housewares",2021,2554491
15,"Metals",1574,"Copper articles",157419,"Other Copper Products",2021,3570963
15,"Metals",1575,"Nickel articles",157501,"Nickel Mattes",2021,84702
15,"Metals",1575,"Nickel articles",157502,"Raw Nickel",2021,1278766
15,"Metals",1575,"Nickel articles",157503,"Scrap Nickel",2021,3422454
15,"Metals",1575,"Nickel articles",157504,"Nickel Powder",2021,150587.00000000003
15,"Metals",1575,"Nickel articles",157505,"Nickel Bars",2021,7351757
15,"Metals",1575,"Nickel articles",157506,"Nickel Sheets",2021,45249
15,"Metals",1575,"Nickel articles",157507,"Nickel Pipes",2021,1572064
15,"Metals",1575,"Nickel articles",157508,"Other Nickel Products",2021,4554811
15,"Metals",1576,"Aluminum articles",157601,"Raw Aluminium",2021,5088015
15,"Metals",1576,"Aluminum articles",157602,"Scrap Aluminium",2021,152482795
15,"Metals",1576,"Aluminum articles",157603,"Aluminium Powder",2021,3255367
15,"Metals",1576,"Aluminum articles",157604,"Aluminium Bars",2021,38708251
15,"Metals",1576,"Aluminum articles",157605,"Aluminium Wire",2021,586545
15,"Metals",1576,"Aluminum articles",157606,"Aluminium Plating",2021,1467498
15,"Metals",1576,"Aluminum articles",157607,"Aluminium Foil",2021,11183880
15,"Metals",1576,"Aluminum articles",157608,"Aluminium Pipes",2021,48649847
15,"Metals",1576,"Aluminum articles",157609,"Aluminium Pipe Fittings",2021,211546
15,"Metals",1576,"Aluminum articles",157610,"Aluminium Structures",2021,13039647
15,"Metals",1576,"Aluminum articles",157611,"Large Aluminium Containers",2021,731729
15,"Metals",1576,"Aluminum articles",157612,"Aluminium Cans",2021,8439419
15,"Metals",1576,"Aluminum articles",157613,"Aluminium Gas Containers",2021,114610529
15,"Metals",1576,"Aluminum articles",157614,"Stranded Aluminium Wire",2021,11246
15,"Metals",1576,"Aluminum articles",157615,"Aluminium Housewares",2021,512957
15,"Metals",1576,"Aluminum articles",157616,"Other Aluminium Products",2021,32413453
15,"Metals",1578,"Lead articles",157801,"Raw Lead",2021,59273183
15,"Metals",1578,"Lead articles",157802,"Scrap Lead",2021,639412
15,"Metals",1578,"Lead articles",157804,"Lead Sheets",2021,33373
15,"Metals",1578,"Lead articles",157806,"Other Lead Products",2021,124142
15,"Metals",1579,"Zinc articles",157901,"Raw Zinc",2021,699610
15,"Metals",1579,"Zinc articles",157902,"Scrap Waste",2021,306448
15,"Metals",1579,"Zinc articles",157903,"Zinc Powder",2021,796144
15,"Metals",1579,"Zinc articles",157904,"Zinc Bars",2021,1876
15,"Metals",1579,"Zinc articles",157905,"Zinc Sheets",2021,26701
15,"Metals",1579,"Zinc articles",157907,"Other Zinc Products",2021,33083
15,"Metals",1580,"Tin articles",158001,"Raw Tin",2021,267536
15,"Metals",1580,"Tin articles",158002,"Scrap Tin",2021,1581897
15,"Metals",1580,"Tin articles",158003,"Tin Bars",2021,54445
15,"Metals",1580,"Tin articles",158007,"Other Tin Products",2021,693883
15,"Metals",1581,"Cermet articles",158101,"Tungsten",2021,8946096
15,"Metals",1581,"Cermet articles",158102,"Molybdenum",2021,991996
15,"Metals",1581,"Cermet articles",158103,"Tantalum",2021,45766322
15,"Metals",1581,"Cermet articles",158104,"Magnesium",2021,103408685
15,"Metals",1581,"Cermet articles",158105,"Cobalt",2021,158721
15,"Metals",1581,"Cermet articles",158107,"Cadmium",2021,3153
15,"Metals",1581,"Cermet articles",158108,"Titanium",2021,3878505
15,"Metals",1581,"Cermet articles",158109,"Zirconium",2021,52576
15,"Metals",1581,"Cermet articles",158110,"Antimony",2021,3361
15,"Metals",1581,"Cermet articles",158112,"Other Metals",2021,846393
15,"Metals",1581,"Cermet articles",158113,"Cermets",2021,4149568
15,"Metals",1582,"Tools & cutlery",158201,"Garden Tools",2021,5657553.000000001
15,"Metals",1582,"Tools & cutlery",158202,"Hand Saws",2021,12448161
15,"Metals",1582,"Tools & cutlery",158203,"Hand Tools",2021,2672668
15,"Metals",1582,"Tools & cutlery",158204,"Wrenches",2021,1177089
15,"Metals",1582,"Tools & cutlery",158205,"Other Hand Tools",2021,13718296
15,"Metals",1582,"Tools & cutlery",158206,"Tool Sets",2021,789689
15,"Metals",1582,"Tools & cutlery",158207,"Interchangeable Tool Parts",2021,198546231
15,"Metals",1582,"Tools & cutlery",158208,"Cutting Blades",2021,82051922
15,"Metals",1582,"Tools & cutlery",158209,"Tool Plates",2021,478036856
15,"Metals",1582,"Tools & cutlery",158210,"Cooking Hand Tools",2021,3856063
15,"Metals",1582,"Tools & cutlery",158211,"Knives",2021,3906933
15,"Metals",1582,"Tools & cutlery",158212,"Razor Blades",2021,26913096
15,"Metals",1582,"Tools & cutlery",158213,"Scissors",2021,69945
15,"Metals",1582,"Tools & cutlery",158214,"Other Cutlery",2021,226992
15,"Metals",1582,"Tools & cutlery",158215,"Cutlery Sets",2021,294357
15,"Metals",1583,"Miscellaneous metal products",158301,"Padlocks",2021,32605652
15,"Metals",1583,"Miscellaneous metal products",158302,"Metal Mountings",2021,29917356
15,"Metals",1583,"Miscellaneous metal products",158303,"Safes",2021,767246
15,"Metals",1583,"Miscellaneous metal products",158304,"Filing Cabinets",2021,84259
15,"Metals",1583,"Miscellaneous metal products",158305,"Metal Office Supplies",2021,342164
15,"Metals",1583,"Miscellaneous metal products",158306,"Bells and Other Metal Ornaments",2021,1913676
15,"Metals",1583,"Miscellaneous metal products",158307,"Flexible Metal Tubing",2021,32203348
15,"Metals",1583,"Miscellaneous metal products",158308,"Other Metal Fasteners",2021,6152683
15,"Metals",1583,"Miscellaneous metal products",158309,"Metal Stoppers",2021,867611
15,"Metals",1583,"Miscellaneous metal products",158310,"Metal Signs",2021,3404824.9999999995
15,"Metals",1583,"Miscellaneous metal products",158311,"Coated Metal Soldering Products",2021,14576507
16,"Machines",1684,"Machinery, mechanical appliances, & parts",168401,"Nuclear Reactors",2021,7031
16,"Machines",1684,"Machinery, mechanical appliances, & parts",168402,"Steam Boilers",2021,16914317
16,"Machines",1684,"Machinery, mechanical appliances, & parts",168403,"Central Heating Boilers",2021,1499487.0000000002
16,"Machines",1684,"Machinery, mechanical appliances, & parts",168404,"Boiler Plants",2021,39526402
16,"Machines",1684,"Machinery, mechanical appliances, & parts",168405,"Water and Gas Generators",2021,3069174
16,"Machines",1684,"Machinery, mechanical appliances, & parts",168406,"Steam Turbines",2021,15504732
16,"Machines",1684,"Machinery, mechanical appliances, & parts",168407,"Spark-Ignition Engines",2021,25445545
16,"Machines",1684,"Machinery, mechanical appliances, & parts",168408,"Combustion Engines",2021,4075279
16,"Machines",1684,"Machinery, mechanical appliances, & parts",168409,"Engine Parts",2021,35593579
16,"Machines",1684,"Machinery, mechanical appliances, & parts",168410,"Hydraulic Turbines",2021,261725
16,"Machines",1684,"Machinery, mechanical appliances, & parts",168411,"Gas Turbines",2021,768807518
16,"Machines",1684,"Machinery, mechanical appliances, & parts",168412,"Other Engines",2021,17421229
16,"Machines",1684,"Machinery, mechanical appliances, & parts",168413,"Liquid Pumps",2021,33029324
16,"Machines",1684,"Machinery, mechanical appliances, & parts",168414,"Air Pumps",2021,30559346
16,"Machines",1684,"Machinery, mechanical appliances, & parts",168415,"Air Conditioners",2021,56537581
16,"Machines",1684,"Machinery, mechanical appliances, & parts",168416,"Liquid Fuel Furnaces",2021,1141468
16,"Machines",1684,"Machinery, mechanical appliances, & parts",168417,"Industrial Furnaces",2021,2050560
16,"Machines",1684,"Machinery, mechanical appliances, & parts",168418,"Refrigerators",2021,52351042
16,"Machines",1684,"Machinery, mechanical appliances, & parts",168419,"Other Heating Machinery",2021,109381549
16,"Machines",1684,"Machinery, mechanical appliances, & parts",168420,"Rolling Machines",2021,1822507
16,"Machines",1684,"Machinery, mechanical appliances, & parts",168421,"Centrifuges",2021,342858479
16,"Machines",1684,"Machinery, mechanical appliances, & parts",168422,"Washing and Bottling Machines",2021,404255354
16,"Machines",1684,"Machinery, mechanical appliances, & parts",168423,"Scales",2021,4448056
16,"Machines",1684,"Machinery, mechanical appliances, & parts",168424,"Liquid Dispersing Machines",2021,402184450
16,"Machines",1684,"Machinery, mechanical appliances, & parts",168425,"Pulley Systems",2021,5474400
16,"Machines",1684,"Machinery, mechanical appliances, & parts",168426,"Cranes",2021,6927246
16,"Machines",1684,"Machinery, mechanical appliances, & parts",168427,"Fork-Lifts",2021,3901528.0000000005
16,"Machines",1684,"Machinery, mechanical appliances, & parts",168428,"Lifting Machinery",2021,51381026
16,"Machines",1684,"Machinery, mechanical appliances, & parts",168429,"Large Construction Vehicles",2021,6549646
16,"Machines",1684,"Machinery, mechanical appliances, & parts",168430,"Other Construction Vehicles",2021,6873925
16,"Machines",1684,"Machinery, mechanical appliances, & parts",168431,"Excavation Machinery",2021,28000741
16,"Machines",1684,"Machinery, mechanical appliances, & parts",168432,"Soil Preparation Machinery",2021,5892694
16,"Machines",1684,"Machinery, mechanical appliances, & parts",168433,"Harvesting Machinery",2021,60650096
16,"Machines",1684,"Machinery, mechanical appliances, & parts",168434,"Dairy Machinery",2021,60757464
16,"Machines",1684,"Machinery, mechanical appliances, & parts",168435,"Fruit Pressing Machinery",2021,100473
16,"Machines",1684,"Machinery, mechanical appliances, & parts",168436,"Other Agricultural Machinery",2021,73993969
16,"Machines",1684,"Machinery, mechanical appliances, & parts",168437,"Mill Machinery",2021,1142695
16,"Machines",1684,"Machinery, mechanical appliances, & parts",168438,"Industrial Food Preperation Machinery",2021,6045310
16,"Machines",1684,"Machinery, mechanical appliances, & parts",168439,"Papermaking Machines",2021,454621
16,"Machines",1684,"Machinery, mechanical appliances, & parts",168440,"Book-binding Machines",2021,451494
16,"Machines",1684,"Machinery, mechanical appliances, & parts",168441,"Other Paper Machinery",2021,13749759
16,"Machines",1684,"Machinery, mechanical appliances, & parts",168442,"Print Production Machinery",2021,5266197
16,"Machines",1684,"Machinery, mechanical appliances, & parts",168443,"Industrial Printers",2021,536287933
16,"Machines",1684,"Machinery, mechanical appliances, & parts",168444,"Artificial Textile Machinery",2021,348255
16,"Machines",1684,"Machinery, mechanical appliances, & parts",168445,"Textile Fiber Machinery",2021,1051989
16,"Machines",1684,"Machinery, mechanical appliances, & parts",168446,"Looms",2021,519079
16,"Machines",1684,"Machinery, mechanical appliances, & parts",168447,"Knitting Machines",2021,291605
16,"Machines",1684,"Machinery, mechanical appliances, & parts",168448,"Knitting Machine Accessories",2021,1279072
16,"Machines",1684,"Machinery, mechanical appliances, & parts",168449,"Felt Machinery",2021,5173709
16,"Machines",1684,"Machinery, mechanical appliances, & parts",168450,"Household Washing Machines",2021,11609095
16,"Machines",1684,"Machinery, mechanical appliances, & parts",168451,"Textile Processing Machines",2021,5896797
16,"Machines",1684,"Machinery, mechanical appliances, & parts",168452,"Sewing Machines",2021,162878
16,"Machines",1684,"Machinery, mechanical appliances, & parts",168453,"Leather Machinery",2021,103253
16,"Machines",1684,"Machinery, mechanical appliances, & parts",168454,"Casting Machines",2021,882347
16,"Machines",1684,"Machinery, mechanical appliances, & parts",168455,"Metal-Rolling Mills",2021,1732272
16,"Machines",1684,"Machinery, mechanical appliances, & parts",168456,"Non-Mechanical Removal Machinery",2021,38025609
16,"Machines",1684,"Machinery, mechanical appliances, & parts",168457,"Metalworking Transfer Machines",2021,52750147
16,"Machines",1684,"Machinery, mechanical appliances, & parts",168458,"Metal Lathes",2021,1386088
16,"Machines",1684,"Machinery, mechanical appliances, & parts",168459,"Drilling Machines",2021,855944
16,"Machines",1684,"Machinery, mechanical appliances, & parts",168460,"Metal Finishing Machines",2021,2534289
16,"Machines",1684,"Machinery, mechanical appliances, & parts",168461,"Metalworking Machines",2021,966920
16,"Machines",1684,"Machinery, mechanical appliances, & parts",168462,"Forging Machines",2021,3446969
16,"Machines",1684,"Machinery, mechanical appliances, & parts",168463,"Other Non-Metal Removal Machinery",2021,712868
16,"Machines",1684,"Machinery, mechanical appliances, & parts",168464,"Stone Working Machines",2021,18695636
16,"Machines",1684,"Machinery, mechanical appliances, & parts",168465,"Woodworking machines",2021,2364417
16,"Machines",1684,"Machinery, mechanical appliances, & parts",168466,"Metalworking Machine Parts",2021,111482658
16,"Machines",1684,"Machinery, mechanical appliances, & parts",168467,"Motor-working Tools",2021,3914914
16,"Machines",1684,"Machinery, mechanical appliances, & parts",168468,"Soldering and Welding Machinery",2021,452632
16,"Machines",1684,"Machinery, mechanical appliances, & parts",168470,"Calculators",2021,8293785
16,"Machines",1684,"Machinery, mechanical appliances, & parts",168471,"Computers",2021,501439078
16,"Machines",1684,"Machinery, mechanical appliances, & parts",168472,"Other Office Machines",2021,2093639
16,"Machines",1684,"Machinery, mechanical appliances, & parts",168473,"Office Machine Parts",2021,514488276
16,"Machines",1684,"Machinery, mechanical appliances, & parts",168474,"Stone Processing Machines",2021,5176332
16,"Machines",1684,"Machinery, mechanical appliances, & parts",168475,"Glass Working Machines",2021,844661
16,"Machines",1684,"Machinery, mechanical appliances, & parts",168476,"Vending Machines",2021,44893066
16,"Machines",1684,"Machinery, mechanical appliances, & parts",168477,"Rubberworking Machinery",2021,151419289
16,"Machines",1684,"Machinery, mechanical appliances, & parts",168478,"Tobacco Processing Machines",2021,636040
16,"Machines",1684,"Machinery, mechanical appliances, & parts",168479,"Machinery Having Individual Functions",2021,282450691
16,"Machines",1684,"Machinery, mechanical appliances, & parts",168480,"Metal Molds",2021,10229483
16,"Machines",1684,"Machinery, mechanical appliances, & parts",168481,"Valves",2021,395676294
16,"Machines",1684,"Machinery, mechanical appliances, & parts",168482,"Ball Bearings",2021,7556795
16,"Machines",1684,"Machinery, mechanical appliances, & parts",168483,"Transmissions",2021,51225824
16,"Machines",1684,"Machinery, mechanical appliances, & parts",168484,"Gaskets",2021,4131484
16,"Machines",1684,"Machinery, mechanical appliances, & parts",168485,"Boat Propellers",2021,3994224
16,"Machines",1685,"Electrical machinery and electronics",168501,"Electric Motors",2021,34266516
16,"Machines",1685,"Electrical machinery and electronics",168502,"Electric Generating Sets",2021,21179371
16,"Machines",1685,"Electrical machinery and electronics",168503,"Electric Motor Parts",2021,5271476
16,"Machines",1685,"Electrical machinery and electronics",168504,"Electrical Transformers",2021,407573083
16,"Machines",1685,"Electrical machinery and electronics",168505,"Electromagnets",2021,10236474
16,"Machines",1685,"Electrical machinery and electronics",168506,"Batteries",2021,135241332
16,"Machines",1685,"Electrical machinery and electronics",168507,"Electric Batteries",2021,29359758
16,"Machines",1685,"Electrical machinery and electronics",168508,"Vacuum Cleaners",2021,5240253
16,"Machines",1685,"Electrical machinery and electronics",168509,"Other Domestic Electric Housewares",2021,65377101
16,"Machines",1685,"Electrical machinery and electronics",168510,"Hair Trimmers",2021,3569847
16,"Machines",1685,"Electrical machinery and electronics",168511,"Electrical Ignitions",2021,7305818
16,"Machines",1685,"Electrical machinery and electronics",168512,"Electrical Lighting and Signalling Equipment",2021,6713070
16,"Machines",1685,"Electrical machinery and electronics",168513,"Portable Lighting",2021,4312239
16,"Machines",1685,"Electrical machinery and electronics",168514,"Electric Furnaces",2021,11922488
16,"Machines",1685,"Electrical machinery and electronics",168515,"Electric Soldering Equipment",2021,8217301
16,"Machines",1685,"Electrical machinery and electronics",168516,"Electric Heaters",2021,20418625
16,"Machines",1685,"Electrical machinery and electronics",168517,"Telephones",2021,281968348
16,"Machines",1685,"Electrical machinery and electronics",168518,"Microphones and Headphones",2021,60441444
16,"Machines",1685,"Electrical machinery and electronics",168519,"Sound Recording Equipment",2021,431579
16,"Machines",1685,"Electrical machinery and electronics",168520,"Dictation Machines",2021,1589857
16,"Machines",1685,"Electrical machinery and electronics",168521,"Video Recording Equipment",2021,229091036
16,"Machines",1685,"Electrical machinery and electronics",168522,"Audio and Video Recording Accessories",2021,1658406
16,"Machines",1685,"Electrical machinery and electronics",168523,"Blank Audio Media",2021,146567234
16,"Machines",1685,"Electrical machinery and electronics",168524,"Sound Recordings",2021,8455552
16,"Machines",1685,"Electrical machinery and electronics",168525,"Broadcasting Equipment",2021,1474540715
16,"Machines",1685,"Electrical machinery and electronics",168526,"Navigation Equipment",2021,650306293
16,"Machines",1685,"Electrical machinery and electronics",168527,"Radio Receivers",2021,6614732
16,"Machines",1685,"Electrical machinery and electronics",168528,"Video Displays",2021,167466131
16,"Machines",1685,"Electrical machinery and electronics",168529,"Broadcasting Accessories",2021,336683375
16,"Machines",1685,"Electrical machinery and electronics",168530,"Traffic Signals",2021,10948482
16,"Machines",1685,"Electrical machinery and electronics",168531,"Audio Alarms",2021,193762482
16,"Machines",1685,"Electrical machinery and electronics",168532,"Electrical Capacitors",2021,163441182
16,"Machines",1685,"Electrical machinery and electronics",168533,"Electrical Resistors",2021,324852575
16,"Machines",1685,"Electrical machinery and electronics",168534,"Printed Circuit Boards",2021,117764210
16,"Machines",1685,"Electrical machinery and electronics",168535,"High-voltage Protection Equipment",2021,6901971
16,"Machines",1685,"Electrical machinery and electronics",168536,"Low-voltage Protection Equipment",2021,105450107
16,"Machines",1685,"Electrical machinery and electronics",168537,"Electrical Control Boards",2021,208325743
16,"Machines",1685,"Electrical machinery and electronics",168538,"Electrical Power Accessories",2021,39920555
16,"Machines",1685,"Electrical machinery and electronics",168539,"Electric Filament",2021,8026147
16,"Machines",1685,"Electrical machinery and electronics",168540,"Cathode Tubes",2021,5774224
16,"Machines",1685,"Electrical machinery and electronics",168541,"Semiconductor Devices",2021,672854917
16,"Machines",1685,"Electrical machinery and electronics",168542,"Integrated Circuits",2021,7651712738
16,"Machines",1685,"Electrical machinery and electronics",168543,"Other Electrical Machinery",2021,412083742
16,"Machines",1685,"Electrical machinery and electronics",168544,"Insulated Wire",2021,175391973
16,"Machines",1685,"Electrical machinery and electronics",168545,"Carbon-based Electronics",2021,1059660
16,"Machines",1685,"Electrical machinery and electronics",168546,"Electrical Insulators",2021,1476229
16,"Machines",1685,"Electrical machinery and electronics",168547,"Metal Insulating Fittings",2021,1399489
16,"Machines",1685,"Electrical machinery and electronics",168548,"Electrical Parts",2021,5251414
17,"Transportation",1786,"Railway and trams",178601,"Electric Locomotives",2021,51220
17,"Transportation",1786,"Railway and trams",178602,"Other Locomotives",2021,138000
17,"Transportation",1786,"Railway and trams",178603,"Self-Propelled Rail Transport",2021,134957
17,"Transportation",1786,"Railway and trams",178604,"Railway Maintenance Vehicles",2021,133011
17,"Transportation",1786,"Railway and trams",178605,"Railway Passenger Cars",2021,127130
17,"Transportation",1786,"Railway and trams",178606,"Railway Freight Cars",2021,5000
17,"Transportation",1786,"Railway and trams",178607,"Locomotive Parts",2021,6939061
17,"Transportation",1786,"Railway and trams",178608,"Railway Track Fixtures",2021,2474315
17,"Transportation",1786,"Railway and trams",178609,"Railway Cargo Containers",2021,6104242
17,"Transportation",1787,"Cars, tractors, trucks & parts thereof.",178701,"Tractors",2021,866752
17,"Transportation",1787,"Cars, tractors, trucks & parts thereof.",178702,"Buses",2021,25176828
17,"Transportation",1787,"Cars, tractors, trucks & parts thereof.",178703,"Cars",2021,13686118
17,"Transportation",1787,"Cars, tractors, trucks & parts thereof.",178704,"Delivery Trucks",2021,22750991
17,"Transportation",1787,"Cars, tractors, trucks & parts thereof.",178705,"Special purpose motor vehicles",2021,13835674
17,"Transportation",1787,"Cars, tractors, trucks & parts thereof.",178706,"Motor vehicle (8701 to 8705) chassis fitted with engine",2021,2438000
17,"Transportation",1787,"Cars, tractors, trucks & parts thereof.",178707,"Vehicle Bodies (including cabs) for the motor vehicles (8701 to 8705)",2021,3412765
17,"Transportation",1787,"Cars, tractors, trucks & parts thereof.",178708,"Motor vehicles; parts and accessories (8701 to 8705)",2021,91113492
17,"Transportation",1787,"Cars, tractors, trucks & parts thereof.",178709,"Work Trucks",2021,3452821
17,"Transportation",1787,"Cars, tractors, trucks & parts thereof.",178710,"Tanks and Armored vehicles",2021,70702819
17,"Transportation",1787,"Cars, tractors, trucks & parts thereof.",178711,"Motorcycles and cycles",2021,1498939
17,"Transportation",1787,"Cars, tractors, trucks & parts thereof.",178712,"Bicycles, delivery tricycles, other cycles",2021,471222.00000000006
17,"Transportation",1787,"Cars, tractors, trucks & parts thereof.",178713,"Wheelchairs",2021,686868
17,"Transportation",1787,"Cars, tractors, trucks & parts thereof.",178714,"Bi-Wheel Vehicle Parts",2021,2728757
17,"Transportation",1787,"Cars, tractors, trucks & parts thereof.",178715,"Baby Carriages",2021,447403
17,"Transportation",1787,"Cars, tractors, trucks & parts thereof.",178716,"Trailers and semi-trailers, not mechanically propelled vehicles",2021,21909046
17,"Transportation",1788,"Aircraft and Spacecraft",178801,"Non-powered Aircraft",2021,2358108
17,"Transportation",1788,"Aircraft and Spacecraft",178802,"Planes, Helicopters, and/or Spacecraft",2021,805480488
17,"Transportation",1788,"Aircraft and Spacecraft",178803,"Aircraft parts (gliders, balloons, and powered aircraft)",2021,511147467
17,"Transportation",1788,"Aircraft and Spacecraft",178804,"Parachutes",2021,2342152
17,"Transportation",1788,"Aircraft and Spacecraft",178805,"Aircraft Launch Gear",2021,12749229
17,"Transportation",1789,"Ships, boats, & floating structures",178901,"Passenger and Cargo Ships",2021,8812695
17,"Transportation",1789,"Ships, boats, & floating structures",178902,"Fishing Ships",2021,90000
17,"Transportation",1789,"Ships, boats, & floating structures",178903,"Recreational Boats",2021,187351
17,"Transportation",1789,"Ships, boats, & floating structures",178905,"Special Purpose Ships",2021,232400.99999999997
17,"Transportation",1789,"Ships, boats, & floating structures",178906,"Other Sea Vessels",2021,1126327
17,"Transportation",1789,"Ships, boats, & floating structures",178907,"Other Floating Structures",2021,524811
18,"Instruments",1890,"Optical, photo, & film equipment; medical instruments",189001,"Optical Fibers and optical fibre bundles",2021,110069629
18,"Instruments",1890,"Optical, photo, & film equipment; medical instruments",189002,"Mirrors and Lenses",2021,91228726
18,"Instruments",1890,"Optical, photo, & film equipment; medical instruments",189003,"Eyewear Frames",2021,2423761
18,"Instruments",1890,"Optical, photo, & film equipment; medical instruments",189004,"Eyewear",2021,51427655
18,"Instruments",1890,"Optical, photo, & film equipment; medical instruments",189005,"Binoculars and Telescopes",2021,31937601
18,"Instruments",1890,"Optical, photo, & film equipment; medical instruments",189006,"Cameras",2021,76386644
18,"Instruments",1890,"Optical, photo, & film equipment; medical instruments",189007,"Video Cameras",2021,2728979
18,"Instruments",1890,"Optical, photo, & film equipment; medical instruments",189008,"Image Projectors",2021,1181085
18,"Instruments",1890,"Optical, photo, & film equipment; medical instruments",189009,"Photocopiers",2021,12556649
18,"Instruments",1890,"Optical, photo, & film equipment; medical instruments",189010,"Photo Lab Equipment",2021,209813819
18,"Instruments",1890,"Optical, photo, & film equipment; medical instruments",189011,"Microscopes",2021,11047438
18,"Instruments",1890,"Optical, photo, & film equipment; medical instruments",189012,"Non-optical Microscopes",2021,251071447.99999997
18,"Instruments",1890,"Optical, photo, & film equipment; medical instruments",189013,"LCDs",2021,235948485
18,"Instruments",1890,"Optical, photo, & film equipment; medical instruments",189014,"Compasses",2021,69942945
18,"Instruments",1890,"Optical, photo, & film equipment; medical instruments",189015,"Surveying Equipment",2021,78672165
18,"Instruments",1890,"Optical, photo, & film equipment; medical instruments",189016,"Balances",2021,198826
18,"Instruments",1890,"Optical, photo, & film equipment; medical instruments",189017,"Drafting Tools",2021,3777241
18,"Instruments",1890,"Optical, photo, & film equipment; medical instruments",189018,"Medical Instruments",2021,2393309625
18,"Instruments",1890,"Optical, photo, & film equipment; medical instruments",189019,"Therapeutic Appliances",2021,65626088
18,"Instruments",1890,"Optical, photo, & film equipment; medical instruments",189020,"Breathing Appliances",2021,4303649
18,"Instruments",1890,"Optical, photo, & film equipment; medical instruments",189021,"Orthopedic Appliances",2021,290237167
18,"Instruments",1890,"Optical, photo, & film equipment; medical instruments",189022,"X-Ray Equipment",2021,626373081
18,"Instruments",1890,"Optical, photo, & film equipment; medical instruments",189023,"Instructional Models",2021,55786703
18,"Instruments",1890,"Optical, photo, & film equipment; medical instruments",189024,"Tensile Testing Machines",2021,79713091
18,"Instruments",1890,"Optical, photo, & film equipment; medical instruments",189025,"Hydrometers",2021,25015607
18,"Instruments",1890,"Optical, photo, & film equipment; medical instruments",189026,"Gas and Liquid Flow Measuring Instruments",2021,30114804
18,"Instruments",1890,"Optical, photo, & film equipment; medical instruments",189027,"Chemical Analysis Instruments",2021,437390912
18,"Instruments",1890,"Optical, photo, & film equipment; medical instruments",189028,"Utility Meters",2021,102807678
18,"Instruments",1890,"Optical, photo, & film equipment; medical instruments",189029,"Revolution Counters",2021,11379048
18,"Instruments",1890,"Optical, photo, & film equipment; medical instruments",189030,"Oscilloscopes",2021,355338360
18,"Instruments",1890,"Optical, photo, & film equipment; medical instruments",189031,"Other Measuring Instruments",2021,2252510864
18,"Instruments",1890,"Optical, photo, & film equipment; medical instruments",189032,"Thermostats",2021,218407722
18,"Instruments",1890,"Optical, photo, & film equipment; medical instruments",189033,"Opto-Electric Instrument Parts",2021,14177474
18,"Instruments",1891,"Clocks, watches, & parts",189101,"Precious Metal Watches",2021,26674593
18,"Instruments",1891,"Clocks, watches, & parts",189102,"Base Metal Watches",2021,23905723
18,"Instruments",1891,"Clocks, watches, & parts",189103,"Clocks with Watch Movements",2021,29321
18,"Instruments",1891,"Clocks, watches, & parts",189104,"Dashboard Clocks",2021,44754
18,"Instruments",1891,"Clocks, watches, & parts",189105,"Other Clocks",2021,87138
18,"Instruments",1891,"Clocks, watches, & parts",189106,"Time Recording Instruments",2021,378915
18,"Instruments",1891,"Clocks, watches, & parts",189107,"Time Switches",2021,1778601
18,"Instruments",1891,"Clocks, watches, & parts",189108,"Watch Movements",2021,237808
18,"Instruments",1891,"Clocks, watches, & parts",189109,"Clock Movements",2021,20558
18,"Instruments",1891,"Clocks, watches, & parts",189110,"Incomplete Movement Sets",2021,856041
18,"Instruments",1891,"Clocks, watches, & parts",189111,"Watch Cases and Parts",2021,439083
18,"Instruments",1891,"Clocks, watches, & parts",189112,"Clock Cases and Parts",2021,263
18,"Instruments",1891,"Clocks, watches, & parts",189113,"Watch Straps",2021,137416
18,"Instruments",1891,"Clocks, watches, & parts",189114,"Other Clocks and Watches",2021,2282185
18,"Instruments",1892,"Musical instruments",189201,"Pianos",2021,224957
18,"Instruments",1892,"Musical instruments",189202,"String Instruments",2021,946473
18,"Instruments",1892,"Musical instruments",189205,"Wind Instruments",2021,607067
18,"Instruments",1892,"Musical instruments",189206,"Percussion",2021,746201
18,"Instruments",1892,"Musical instruments",189207,"Electric Musical Instruments",2021,721067
18,"Instruments",1892,"Musical instruments",189208,"Other Musical Instruments",2021,721096
18,"Instruments",1892,"Musical instruments",189209,"Musical Instrument Parts",2021,450898
19,"Weapons",1993,"Weapons",199301,"Military Weapons",2021,97788736
19,"Weapons",1993,"Weapons",199302,"Handguns",2021,36055743
19,"Weapons",1993,"Weapons",199303,"Other Firearms",2021,10834882
19,"Weapons",1993,"Weapons",199304,"Spring, Air, and Gas Guns",2021,2132716
19,"Weapons",1993,"Weapons",199305,"Weapons Parts and Accessories",2021,130006595
19,"Weapons",1993,"Weapons",199306,"Explosive Ammunition",2021,174657749
19,"Weapons",1993,"Weapons",199307,"Bladed Weapons and Accessories",2021,2147
20,"Miscellaneous",2094,"Furniture, bedding, lamps, & prefab buildings",209401,"Seats",2021,58202977
20,"Miscellaneous",2094,"Furniture, bedding, lamps, & prefab buildings",209402,"Medical Furniture",2021,11563597
20,"Miscellaneous",2094,"Furniture, bedding, lamps, & prefab buildings",209403,"Other Furniture",2021,194749436
20,"Miscellaneous",2094,"Furniture, bedding, lamps, & prefab buildings",209404,"Mattresses",2021,8918645
20,"Miscellaneous",2094,"Furniture, bedding, lamps, & prefab buildings",209405,"Light Fixtures",2021,20519491
20,"Miscellaneous",2094,"Furniture, bedding, lamps, & prefab buildings",209406,"Prefabricated Buildings",2021,259012604
20,"Miscellaneous",2095,"Toys, games, & sports",209503,"Other toys",2021,25237188
20,"Miscellaneous",2095,"Toys, games, & sports",209504,"Video and Card Games",2021,26294900
20,"Miscellaneous",2095,"Toys, games, & sports",209505,"Party Decorations",2021,1479704
20,"Miscellaneous",2095,"Toys, games, & sports",209506,"Sports Equipment",2021,148645058
20,"Miscellaneous",2095,"Toys, games, & sports",209507,"Fishing and Hunting Equipment",2021,283629
20,"Miscellaneous",2095,"Toys, games, & sports",209508,"Fairground Amusements",2021,195874
20,"Miscellaneous",2096,"Misc. manufactures",209601,"Worked Ivory and Bone",2021,260274
20,"Miscellaneous",2096,"Misc. manufactures",209602,"Vegetable and Mineral Carvings",2021,43582
20,"Miscellaneous",2096,"Misc. manufactures",209603,"Brooms",2021,4401315
20,"Miscellaneous",2096,"Misc. manufactures",209604,"Hand Sifters",2021,5114
20,"Miscellaneous",2096,"Misc. manufactures",209605,"Travel Kits",2021,77315
20,"Miscellaneous",2096,"Misc. manufactures",209606,"Buttons",2021,179608
20,"Miscellaneous",2096,"Misc. manufactures",209607,"Zippers",2021,4891881
20,"Miscellaneous",2096,"Misc. manufactures",209608,"Pens",2021,3866419
20,"Miscellaneous",2096,"Misc. manufactures",209609,"Pencils and Crayons",2021,235412
20,"Miscellaneous",2096,"Misc. manufactures",209610,"Chalkboards",2021,42744
20,"Miscellaneous",2096,"Misc. manufactures",209611,"Rubber Stamps",2021,115822
20,"Miscellaneous",2096,"Misc. manufactures",209612,"Ink Ribbons",2021,379364
20,"Miscellaneous",2096,"Misc. manufactures",209613,"Lighters",2021,212791
20,"Miscellaneous",2096,"Misc. manufactures",209614,"Smoking Pipes",2021,860103.9999999999
20,"Miscellaneous",2096,"Misc. manufactures",209615,"Combs",2021,2132786
20,"Miscellaneous",2096,"Misc. manufactures",209616,"Scent Sprays",2021,284811
20,"Miscellaneous",2096,"Misc. manufactures",209617,"Vacuum Flask",2021,104404
20,"Miscellaneous",2096,"Misc. manufactures",209618,"Mannequins",2021,89235
21,"Arts and Antiques",2197,"Art & antiques",219701,"Paintings",2021,29880746
21,"Arts and Antiques",2197,"Art & antiques",219702,"Prints",2021,5187646
21,"Arts and Antiques",2197,"Art & antiques",219703,"Sculptures",2021,18186764
21,"Arts and Antiques",2197,"Art & antiques",219704,"Revenue Stamps",2021,168367
21,"Arts and Antiques",2197,"Art & antiques",219705,"Collector's Items",2021,8481415
21,"Arts and Antiques",2197,"Art & antiques",219706,"Antiques",2021,787772