Section ID,Section,HS2 ID,HS2,HS4 ID,HS4,Year,Trade Value
1,"Animal Products",101,"Live animals",10101,"Horses",2021,27282
1,"Animal Products",101,"Live animals",10102,"Bovine",2021,389070
1,"Animal Products",101,"Live animals",10103,"Pigs",2021,41686
1,"Animal Products",101,"Live animals",10104,"Sheep and Goats",2021,2975557
1,"Animal Products",101,"Live animals",10105,"Poultry",2021,3944441
1,"Animal Products",101,"Live animals",10106,"Other Animals",2021,10049580
1,"Animal Products",102,"Meat & edible offal",10201,"Bovine Meat",2021,5846466
1,"Animal Products",102,"Meat & edible offal",10202,"Frozen Bovine Meat",2021,5705277
1,"Animal Products",102,"Meat & edible offal",10203,"Pig Meat",2021,889987
1,"Animal Products",102,"Meat & edible offal",10204,"Sheep and Goat Meat",2021,81883142
1,"Animal Products",102,"Meat & edible offal",10205,"Horse Meat",2021,42129
1,"Animal Products",102,"Meat & edible offal",10206,"Edible Offal",2021,2176524
1,"Animal Products",102,"Meat & edible offal",10207,"Poultry Meat",2021,306826
1,"Animal Products",102,"Meat & edible offal",10208,"Other Meat",2021,2534.0000000000005
1,"Animal Products",102,"Meat & edible offal",10210,"Preserved Meat",2021,2000056
1,"Animal Products",103,"Fish, Crustaceans & Molluscs",10301,"Live Fish",2021,4555905
1,"Animal Products",103,"Fish, Crustaceans & Molluscs",10302,"Non-fillet Fresh Fish",2021,1225113
1,"Animal Products",103,"Fish, Crustaceans & Molluscs",10303,"Non-fillet Frozen Fish",2021,4280661
1,"Animal Products",103,"Fish, Crustaceans & Molluscs",10304,"Fish Fillets",2021,17160835
1,"Animal Products",103,"Fish, Crustaceans & Molluscs",10305,"Dried/Salted/Smoked/Brined Fish",2021,8111563
1,"Animal Products",103,"Fish, Crustaceans & Molluscs",10306,"Crustaceans",2021,4306666
1,"Animal Products",103,"Fish, Crustaceans & Molluscs",10307,"Molluscs",2021,4589114
1,"Animal Products",104,"Edible products of animal origin, n.e.s.",10401,"Milk",2021,433266.99999999994
1,"Animal Products",104,"Edible products of animal origin, n.e.s.",10402,"Concentrated Milk",2021,746108
1,"Animal Products",104,"Edible products of animal origin, n.e.s.",10403,"Fermented Milk Products",2021,309438
1,"Animal Products",104,"Edible products of animal origin, n.e.s.",10404,"Whey and other milk products",2021,375421
1,"Animal Products",104,"Edible products of animal origin, n.e.s.",10405,"Butter",2021,1411840
1,"Animal Products",104,"Edible products of animal origin, n.e.s.",10406,"Cheese",2021,379639
1,"Animal Products",104,"Edible products of animal origin, n.e.s.",10407,"Eggs",2021,39211
1,"Animal Products",104,"Edible products of animal origin, n.e.s.",10408,"Processed Egg Products",2021,2138
1,"Animal Products",104,"Edible products of animal origin, n.e.s.",10409,"Honey",2021,648634.9999999999
1,"Animal Products",105,"Animal originated products, n.e.s.",10501,"Human Hair",2021,306
1,"Animal Products",105,"Animal originated products, n.e.s.",10505,"Bird Feathers and Skins",2021,3881
1,"Animal Products",105,"Animal originated products, n.e.s.",10506,"Processed Bones",2021,6511
1,"Animal Products",105,"Animal originated products, n.e.s.",10507,"Raw Bones",2021,19397
1,"Animal Products",105,"Animal originated products, n.e.s.",10508,"Coral and Shells",2021,282966
1,"Animal Products",105,"Animal originated products, n.e.s.",10510,"Pharmaceutical Animal Products",2021,633052
1,"Animal Products",105,"Animal originated products, n.e.s.",10511,"Other Inedible Animal Products",2021,399837
2,"Vegetable Products",206,"Live trees, plants, bulbs, cut flowers, & ornamental foliage",20601,"Bulbs and Roots",2021,204920.00000000003
2,"Vegetable Products",206,"Live trees, plants, bulbs, cut flowers, & ornamental foliage",20602,"Other live plants, cuttings and slips;
mushroom spawn",2021,88153233
2,"Vegetable Products",206,"Live trees, plants, bulbs, cut flowers, & ornamental foliage",20603,"Cut Flowers",2021,877043605
2,"Vegetable Products",206,"Live trees, plants, bulbs, cut flowers, & ornamental foliage",20604,"Plant foliage",2021,12654743
2,"Vegetable Products",207,"Edible vegetables, roots, & tubers",20701,"Potatoes",2021,12989665.000000002
2,"Vegetable Products",207,"Edible vegetables, roots, & tubers",20702,"Tomatoes",2021,27513
2,"Vegetable Products",207,"Edible vegetables, roots, & tubers",20703,"Onions",2021,8148204
2,"Vegetable Products",207,"Edible vegetables, roots, & tubers",20704,"Cabbages",2021,33643399
2,"Vegetable Products",207,"Edible vegetables, roots, & tubers",20705,"Lettuce",2021,525540
2,"Vegetable Products",207,"Edible vegetables, roots, & tubers",20706,"Root Vegetables",2021,8791149
2,"Vegetable Products",207,"Edible vegetables, roots, & tubers",20707,"Cucumbers",2021,29035
2,"Vegetable Products",207,"Edible vegetables, roots, & tubers",20708,"Legumes",2021,97369434
2,"Vegetable Products",207,"Edible vegetables, roots, & tubers",20709,"Other Vegetables",2021,53129556
2,"Vegetable Products",207,"Edible vegetables, roots, & tubers",20710,"Frozen Vegetables",2021,21133892
2,"Vegetable Products",207,"Edible vegetables, roots, & tubers",20711,"Preserved Vegetables",2021,47694
2,"Vegetable Products",207,"Edible vegetables, roots, & tubers",20712,"Dried Vegetables",2021,234183
2,"Vegetable Products",207,"Edible vegetables, roots, & tubers",20713,"Dried Legumes",2021,91868048
2,"Vegetable Products",207,"Edible vegetables, roots, & tubers",20714,"Cassava",2021,1414579
2,"Vegetable Products",208,"Edible fruits, nuts & fruit peels",20801,"Coconuts, Brazil Nuts, and Cashews",2021,3320180
2,"Vegetable Products",208,"Edible fruits, nuts & fruit peels",20802,"Other Nuts",2021,105578131
2,"Vegetable Products",208,"Edible fruits, nuts & fruit peels",20803,"Bananas",2021,116452
2,"Vegetable Products",208,"Edible fruits, nuts & fruit peels",20804,"Tropical Fruits",2021,233436428
2,"Vegetable Products",208,"Edible fruits, nuts & fruit peels",20805,"Citrus",2021,1630727
2,"Vegetable Products",208,"Edible fruits, nuts & fruit peels",20806,"Grapes",2021,146326
2,"Vegetable Products",208,"Edible fruits, nuts & fruit peels",20807,"Melons",2021,79233
2,"Vegetable Products",208,"Edible fruits, nuts & fruit peels",20808,"Apples and Pears",2021,215753
2,"Vegetable Products",208,"Edible fruits, nuts & fruit peels",20809,"Pitted Fruits",2021,145917
2,"Vegetable Products",208,"Edible fruits, nuts & fruit peels",20810,"Other Fruits",2021,5732183
2,"Vegetable Products",208,"Edible fruits, nuts & fruit peels",20811,"Frozen Fruits and Nuts",2021,637027
2,"Vegetable Products",208,"Edible fruits, nuts & fruit peels",20812,"Preserved Fruits and Nuts",2021,33535
2,"Vegetable Products",208,"Edible fruits, nuts & fruit peels",20813,"Dried Fruits",2021,379731
2,"Vegetable Products",208,"Edible fruits, nuts & fruit peels",20814,"Citrus and Melon Peels",2021,156
2,"Vegetable Products",209,"Coffee, tea, mate & spices",20901,"Coffee",2021,275305246
2,"Vegetable Products",209,"Coffee, tea, mate & spices",20902,"Tea",2021,1271838080
2,"Vegetable Products",209,"Coffee, tea, mate & spices",20903,"Mate",2021,2807
2,"Vegetable Products",209,"Coffee, tea, mate & spices",20904,"Pepper",2021,4688560
2,"Vegetable Products",209,"Coffee, tea, mate & spices",20905,"Vanilla",2021,9615
2,"Vegetable Products",209,"Coffee, tea, mate & spices",20906,"Cinnamon",2021,90565.99999999999
2,"Vegetable Products",209,"Coffee, tea, mate & spices",20907,"Cloves",2021,110956
2,"Vegetable Products",209,"Coffee, tea, mate & spices",20908,"Nutmeg, mace and cardamons",2021,108118
2,"Vegetable Products",209,"Coffee, tea, mate & spices",20909,"Spice Seeds",2021,31906
2,"Vegetable Products",209,"Coffee, tea, mate & spices",20910,"Spices",2021,21325153
2,"Vegetable Products",210,"Cereals",21001,"Wheat",2021,461312
2,"Vegetable Products",210,"Cereals",21002,"Rye",2021,2597433
2,"Vegetable Products",210,"Cereals",21003,"Barley",2021,1980896
2,"Vegetable Products",210,"Cereals",21004,"Oats",2021,1498
2,"Vegetable Products",210,"Cereals",21005,"Corn",2021,7464713
2,"Vegetable Products",210,"Cereals",21006,"Rice",2021,216797
2,"Vegetable Products",210,"Cereals",21007,"Sorghum",2021,23018354
2,"Vegetable Products",210,"Cereals",21008,"Buckwheat",2021,1297262
2,"Vegetable Products",211,"Products of the milling industry",21101,"Wheat Flours",2021,794805
2,"Vegetable Products",211,"Products of the milling industry",21102,"Cereal Flours",2021,5516526
2,"Vegetable Products",211,"Products of the milling industry",21103,"Cereal Meal and Pellets",2021,429031
2,"Vegetable Products",211,"Products of the milling industry",21104,"Processed Cereals",2021,225209
2,"Vegetable Products",211,"Products of the milling industry",21105,"Potato Flours",2021,48283
2,"Vegetable Products",211,"Products of the milling industry",21106,"Legume Flours",2021,161825
2,"Vegetable Products",211,"Products of the milling industry",21107,"Malt",2021,1326860
2,"Vegetable Products",211,"Products of the milling industry",21108,"Starches",2021,102069
2,"Vegetable Products",212,"Oils seeds, oleaginous fruits, grains, straw & fodder",21201,"Soybeans",2021,468887
2,"Vegetable Products",212,"Oils seeds, oleaginous fruits, grains, straw & fodder",21202,"Ground Nuts",2021,85341
2,"Vegetable Products",212,"Oils seeds, oleaginous fruits, grains, straw & fodder",21204,"Linseed",2021,2938
2,"Vegetable Products",212,"Oils seeds, oleaginous fruits, grains, straw & fodder",21205,"Rapeseed",2021,86355
2,"Vegetable Products",212,"Oils seeds, oleaginous fruits, grains, straw & fodder",21206,"Sunflower Seeds",2021,1271387
2,"Vegetable Products",212,"Oils seeds, oleaginous fruits, grains, straw & fodder",21207,"Other Oily Seeds",2021,7736236
2,"Vegetable Products",212,"Oils seeds, oleaginous fruits, grains, straw & fodder",21208,"Oil Seed Flower",2021,3586
2,"Vegetable Products",212,"Oils seeds, oleaginous fruits, grains, straw & fodder",21209,"Sowing Seeds",2021,51099156
2,"Vegetable Products",212,"Oils seeds, oleaginous fruits, grains, straw & fodder",21210,"Hops",2021,24802
2,"Vegetable Products",212,"Oils seeds, oleaginous fruits, grains, straw & fodder",21211,"Perfume Plants",2021,27115919
2,"Vegetable Products",212,"Oils seeds, oleaginous fruits, grains, straw & fodder",21212,"Locust beans, seaweed, sugar beet, cane, for food",2021,465006
2,"Vegetable Products",212,"Oils seeds, oleaginous fruits, grains, straw & fodder",21213,"Cereal Straws",2021,177
2,"Vegetable Products",212,"Oils seeds, oleaginous fruits, grains, straw & fodder",21214,"Forage Crops",2021,35830
2,"Vegetable Products",213,"Natural gums, resins & other vegetable extracts",21301,"Insect Resins",2021,15491503
2,"Vegetable Products",213,"Natural gums, resins & other vegetable extracts",21302,"Vegetable Saps",2021,11208403
2,"Vegetable Products",214,"Vegetable plaiting materials & products, n.e.s.",21401,"Vegetable Plaiting Materials",2021,31127
2,"Vegetable Products",214,"Vegetable plaiting materials & products, n.e.s.",21404,"Other Vegetable Products",2021,377750
3,"Animal and Vegetable Bi-Products",315,"Animal or vegetable fats, oils, & waxes",31501,"Pig and Poultry Fat",2021,12
3,"Animal and Vegetable Bi-Products",315,"Animal or vegetable fats, oils, & waxes",31502,"Bovine, Sheep, and Goat Fat",2021,169
3,"Animal and Vegetable Bi-Products",315,"Animal or vegetable fats, oils, & waxes",31504,"Fish Oil",2021,1543
3,"Animal and Vegetable Bi-Products",315,"Animal or vegetable fats, oils, & waxes",31505,"Wool Grease",2021,56177
3,"Animal and Vegetable Bi-Products",315,"Animal or vegetable fats, oils, & waxes",31506,"Other Animal Fats",2021,10889
3,"Animal and Vegetable Bi-Products",315,"Animal or vegetable fats, oils, & waxes",31507,"Soybean Oil",2021,315183
3,"Animal and Vegetable Bi-Products",315,"Animal or vegetable fats, oils, & waxes",31508,"Ground Nut Oil",2021,57954
3,"Animal and Vegetable Bi-Products",315,"Animal or vegetable fats, oils, & waxes",31509,"Pure Olive Oil",2021,71826
3,"Animal and Vegetable Bi-Products",315,"Animal or vegetable fats, oils, & waxes",31510,"Olive Oil",2021,398
3,"Animal and Vegetable Bi-Products",315,"Animal or vegetable fats, oils, & waxes",31511,"Palm Oil",2021,106352019
3,"Animal and Vegetable Bi-Products",315,"Animal or vegetable fats, oils, & waxes",31512,"Seed Oils",2021,1346521
3,"Animal and Vegetable Bi-Products",315,"Animal or vegetable fats, oils, & waxes",31513,"Coconut Oil",2021,1464920
3,"Animal and Vegetable Bi-Products",315,"Animal or vegetable fats, oils, & waxes",31514,"Rapeseed Oil",2021,15294
3,"Animal and Vegetable Bi-Products",315,"Animal or vegetable fats, oils, & waxes",31515,"Other Pure Vegetable Oils",2021,28062533
3,"Animal and Vegetable Bi-Products",315,"Animal or vegetable fats, oils, & waxes",31516,"Other Vegetable Oils",2021,18628634
3,"Animal and Vegetable Bi-Products",315,"Animal or vegetable fats, oils, & waxes",31517,"Margarine",2021,44817546
3,"Animal and Vegetable Bi-Products",315,"Animal or vegetable fats, oils, & waxes",31518,"Inedible Fats and Oils",2021,1205414
3,"Animal and Vegetable Bi-Products",315,"Animal or vegetable fats, oils, & waxes",31519,"Stearic Acid",2021,6059106.000000001
3,"Animal and Vegetable Bi-Products",315,"Animal or vegetable fats, oils, & waxes",31520,"Glycerol",2021,547510
3,"Animal and Vegetable Bi-Products",315,"Animal or vegetable fats, oils, & waxes",31521,"Vegetable waxes and beeswax",2021,1862028
3,"Animal and Vegetable Bi-Products",315,"Animal or vegetable fats, oils, & waxes",31522,"Fat and Oil Residues",2021,25235
4,"Foodstuffs",416,"Preparations of fish, crustacenas, & molluscs",41601,"Sausages",2021,4215048
4,"Foodstuffs",416,"Preparations of fish, crustacenas, & molluscs",41602,"Other Prepared Meat",2021,174696
4,"Foodstuffs",416,"Preparations of fish, crustacenas, & molluscs",41604,"Processed Fish",2021,77178
4,"Foodstuffs",416,"Preparations of fish, crustacenas, & molluscs",41605,"Processed Crustaceans",2021,7607587
4,"Foodstuffs",417,"Sugars & confectioneries",41701,"Raw Sugar",2021,767680
4,"Foodstuffs",417,"Sugars & confectioneries",41702,"Other Sugars",2021,409793
4,"Foodstuffs",417,"Sugars & confectioneries",41703,"Molasses",2021,1668908.0000000002
4,"Foodstuffs",417,"Sugars & confectioneries",41704,"Confectionery Sugar",2021,63931335
4,"Foodstuffs",418,"Cocoa & cocoa preparations",41801,"Cocoa Beans",2021,12429433
4,"Foodstuffs",418,"Cocoa & cocoa preparations",41802,"Cocoa Shells",2021,106
4,"Foodstuffs",418,"Cocoa & cocoa preparations",41804,"Cocoa Butter",2021,2921
4,"Foodstuffs",418,"Cocoa & cocoa preparations",41805,"Cocoa Powder",2021,124678
4,"Foodstuffs",418,"Cocoa & cocoa preparations",41806,"Chocolate",2021,1071343
4,"Foodstuffs",419,"Preparations of cereals, flour, starch or milk",41901,"Malt Extract",2021,22074249
4,"Foodstuffs",419,"Preparations of cereals, flour, starch or milk",41902,"Pasta",2021,2446986
4,"Foodstuffs",419,"Preparations of cereals, flour, starch or milk",41903,"Tapioca",2021,446
4,"Foodstuffs",419,"Preparations of cereals, flour, starch or milk",41904,"Prepared Cereals",2021,4099386
4,"Foodstuffs",419,"Preparations of cereals, flour, starch or milk",41905,"Baked Goods",2021,2497293
4,"Foodstuffs",420,"Preparations of vegetables, fruit, nuts or other plant parts",42001,"Pickled Foods",2021,67003
4,"Foodstuffs",420,"Preparations of vegetables, fruit, nuts or other plant parts",42002,"Processed Tomatoes",2021,78867
4,"Foodstuffs",420,"Preparations of vegetables, fruit, nuts or other plant parts",42003,"Processed Mushrooms",2021,355
4,"Foodstuffs",420,"Preparations of vegetables, fruit, nuts or other plant parts",42004,"Other Frozen Vegetables",2021,42045
4,"Foodstuffs",420,"Preparations of vegetables, fruit, nuts or other plant parts",42005,"Other Processed Vegetables",2021,42051697
4,"Foodstuffs",420,"Preparations of vegetables, fruit, nuts or other plant parts",42006,"Sugar Preserved Foods",2021,6892
4,"Foodstuffs",420,"Preparations of vegetables, fruit, nuts or other plant parts",42007,"Jams",2021,2098983
4,"Foodstuffs",420,"Preparations of vegetables, fruit, nuts or other plant parts",42008,"Other Processed Fruits and Nuts",2021,69243636
4,"Foodstuffs",420,"Preparations of vegetables, fruit, nuts or other plant parts",42009,"Fruit Juice",2021,25871784
4,"Foodstuffs",421,"Miscellaneous edible preparations",42101,"Coffee and Tea Extracts",2021,19824591
4,"Foodstuffs",421,"Miscellaneous edible preparations",42102,"Yeast",2021,9261286
4,"Foodstuffs",421,"Miscellaneous edible preparations",42103,"Sauces and Seasonings",2021,16853080
4,"Foodstuffs",421,"Miscellaneous edible preparations",42104,"Soups and Broths",2021,486034
4,"Foodstuffs",421,"Miscellaneous edible preparations",42105,"Ice Cream",2021,2822236
4,"Foodstuffs",421,"Miscellaneous edible preparations",42106,"Other Edible Preparations",2021,79709110
4,"Foodstuffs",422,"Beverages, spirits, & vinegar",42201,"Water",2021,66070
4,"Foodstuffs",422,"Beverages, spirits, & vinegar",42202,"Flavored Water",2021,9140608
4,"Foodstuffs",422,"Beverages, spirits, & vinegar",42203,"Beer",2021,17879557
4,"Foodstuffs",422,"Beverages, spirits, & vinegar",42204,"Wine",2021,619245
4,"Foodstuffs",422,"Beverages, spirits, & vinegar",42205,"Vermouth",2021,27886.000000000004
4,"Foodstuffs",422,"Beverages, spirits, & vinegar",42206,"Other Fermented Beverages",2021,338322
4,"Foodstuffs",422,"Beverages, spirits, & vinegar",42207,"Alcohol > 80% ABV",2021,822168
4,"Foodstuffs",422,"Beverages, spirits, & vinegar",42208,"Hard Liquor",2021,9977644
4,"Foodstuffs",422,"Beverages, spirits, & vinegar",42209,"Vinegar",2021,33648
4,"Foodstuffs",423,"Food residues & wastes; animal fodder",42301,"Animal Meal and Pellets",2021,32762
4,"Foodstuffs",423,"Food residues & wastes; animal fodder",42302,"Bran",2021,24826259
4,"Foodstuffs",423,"Food residues & wastes; animal fodder",42303,"Starch Residue",2021,6851
4,"Foodstuffs",423,"Food residues & wastes; animal fodder",42304,"Soybean Meal",2021,131729
4,"Foodstuffs",423,"Food residues & wastes; animal fodder",42306,"Other Vegetable Residues",2021,1273
4,"Foodstuffs",423,"Food residues & wastes; animal fodder",42309,"Animal Food",2021,4805342
4,"Foodstuffs",424,"Tobacco & substitutes",42401,"Raw Tobacco",2021,19715334
4,"Foodstuffs",424,"Tobacco & substitutes",42402,"Rolled Tobacco",2021,118132058
4,"Foodstuffs",424,"Tobacco & substitutes",42403,"Processed Tobacco",2021,31528554
5,"Mineral Products",525,"Salt, sulphur, cement, lime, stone, & plaster",52501,"Salt",2021,39594038
5,"Mineral Products",525,"Salt, sulphur, cement, lime, stone, & plaster",52502,"Iron Pyrites",2021,20166
5,"Mineral Products",525,"Salt, sulphur, cement, lime, stone, & plaster",52503,"Sulphur",2021,3385
5,"Mineral Products",525,"Salt, sulphur, cement, lime, stone, & plaster",52504,"Graphite",2021,213
5,"Mineral Products",525,"Salt, sulphur, cement, lime, stone, & plaster",52505,"Sand",2021,268774.99999999994
5,"Mineral Products",525,"Salt, sulphur, cement, lime, stone, & plaster",52506,"Quartz",2021,5752
5,"Mineral Products",525,"Salt, sulphur, cement, lime, stone, & plaster",52507,"Kaolin",2021,286489
5,"Mineral Products",525,"Salt, sulphur, cement, lime, stone, & plaster",52508,"Clays",2021,54054
5,"Mineral Products",525,"Salt, sulphur, cement, lime, stone, & plaster",52509,"Chalk",2021,86117
5,"Mineral Products",525,"Salt, sulphur, cement, lime, stone, & plaster",52510,"Calcium Phosphates",2021,394
5,"Mineral Products",525,"Salt, sulphur, cement, lime, stone, & plaster",52511,"Barium Sulphate",2021,893
5,"Mineral Products",525,"Salt, sulphur, cement, lime, stone, & plaster",52512,"Siliceous Fossil Meals",2021,154825
5,"Mineral Products",525,"Salt, sulphur, cement, lime, stone, & plaster",52513,"Pumice",2021,16763.999999999996
5,"Mineral Products",525,"Salt, sulphur, cement, lime, stone, & plaster",52514,"Slate",2021,6411
5,"Mineral Products",525,"Salt, sulphur, cement, lime, stone, & plaster",52515,"Marble, Travertine and Alabaster",2021,28633
5,"Mineral Products",525,"Salt, sulphur, cement, lime, stone, & plaster",52516,"Granite",2021,87391
5,"Mineral Products",525,"Salt, sulphur, cement, lime, stone, & plaster",52517,"Gravel and Crushed Stone",2021,455896
5,"Mineral Products",525,"Salt, sulphur, cement, lime, stone, & plaster",52518,"Dolomite",2021,71111
5,"Mineral Products",525,"Salt, sulphur, cement, lime, stone, & plaster",52519,"Magnesium Carbonate",2021,83
5,"Mineral Products",525,"Salt, sulphur, cement, lime, stone, & plaster",52520,"Gypsum",2021,10293089
5,"Mineral Products",525,"Salt, sulphur, cement, lime, stone, & plaster",52521,"Limestone",2021,229744
5,"Mineral Products",525,"Salt, sulphur, cement, lime, stone, & plaster",52522,"Quicklime",2021,1645974
5,"Mineral Products",525,"Salt, sulphur, cement, lime, stone, & plaster",52523,"Cement",2021,102800007
5,"Mineral Products",525,"Salt, sulphur, cement, lime, stone, & plaster",52524,"Asbestos",2021,4
5,"Mineral Products",525,"Salt, sulphur, cement, lime, stone, & plaster",52525,"Mica",2021,10517
5,"Mineral Products",525,"Salt, sulphur, cement, lime, stone, & plaster",52526,"Soapstone",2021,63464
5,"Mineral Products",525,"Salt, sulphur, cement, lime, stone, & plaster",52528,"Borax",2021,368
5,"Mineral Products",525,"Salt, sulphur, cement, lime, stone, & plaster",52529,"Feldspar",2021,3058714
5,"Mineral Products",525,"Salt, sulphur, cement, lime, stone, & plaster",52530,"Other Mineral",2021,4921153
5,"Mineral Products",526,"Ores, slag and ash",52601,"Iron Ore",2021,13557800
5,"Mineral Products",526,"Ores, slag and ash",52602,"Manganese Ore",2021,7895829.000000001
5,"Mineral Products",526,"Ores, slag and ash",52603,"Copper Ore",2021,1059421
5,"Mineral Products",526,"Ores, slag and ash",52606,"Aluminium Ore",2021,14765.999999999998
5,"Mineral Products",526,"Ores, slag and ash",52607,"Lead Ore",2021,4
5,"Mineral Products",526,"Ores, slag and ash",52608,"Zinc Ore",2021,7705
5,"Mineral Products",526,"Ores, slag and ash",52609,"Tin Ores",2021,11651011
5,"Mineral Products",526,"Ores, slag and ash",52614,"Titanium Ore",2021,194804913
5,"Mineral Products",526,"Ores, slag and ash",52615,"Niobium, Tantalum, Vanadium and Zirconium Ore",2021,40853557
5,"Mineral Products",526,"Ores, slag and ash",52616,"Precious Metal Ore",2021,349669.99999999994
5,"Mineral Products",526,"Ores, slag and ash",52617,"Other Ores",2021,19431249
5,"Mineral Products",526,"Ores, slag and ash",52619,"Slag Dross",2021,9883
5,"Mineral Products",526,"Ores, slag and ash",52620,"Non-Iron and Steel Slag, Ash and Residues",2021,6716928
5,"Mineral Products",526,"Ores, slag and ash",52621,"Other Slag and Ash",2021,1712
5,"Mineral Products",527,"Mineral fuels, mineral oils and products of their distillation",52701,"Coal Briquettes",2021,119836
5,"Mineral Products",527,"Mineral fuels, mineral oils and products of their distillation",52703,"Peat",2021,38929
5,"Mineral Products",527,"Mineral fuels, mineral oils and products of their distillation",52704,"Coke",2021,5506
5,"Mineral Products",527,"Mineral fuels, mineral oils and products of their distillation",52707,"Coal Tar Oil",2021,245173
5,"Mineral Products",527,"Mineral fuels, mineral oils and products of their distillation",52709,"Crude Petroleum",2021,11731
5,"Mineral Products",527,"Mineral fuels, mineral oils and products of their distillation",52710,"Refined Petroleum",2021,213549550
5,"Mineral Products",527,"Mineral fuels, mineral oils and products of their distillation",52711,"Petroleum Gas",2021,2976652
5,"Mineral Products",527,"Mineral fuels, mineral oils and products of their distillation",52712,"Petroleum Jelly",2021,1690158
5,"Mineral Products",527,"Mineral fuels, mineral oils and products of their distillation",52713,"Petroleum Coke",2021,822725
5,"Mineral Products",527,"Mineral fuels, mineral oils and products of their distillation",52714,"Bitumen and asphalt",2021,87579
5,"Mineral Products",527,"Mineral fuels, mineral oils and products of their distillation",52715,"Asphalt Mixtures",2021,1785268
5,"Mineral Products",527,"Mineral fuels, mineral oils and products of their distillation",52716,"Electricity",2021,1831049
6,"Chemical Products",628,"Inorganic chemicals",62801,"Halogens",2021,946535
6,"Chemical Products",628,"Inorganic chemicals",62802,"Sulfur",2021,684
6,"Chemical Products",628,"Inorganic chemicals",62803,"Carbon",2021,108305
6,"Chemical Products",628,"Inorganic chemicals",62804,"Hydrogen",2021,713015
6,"Chemical Products",628,"Inorganic chemicals",62805,"Alkali, alkaline-earth, rare-earth metals, scandium, yttrium, and mercury",2021,28247
6,"Chemical Products",628,"Inorganic chemicals",62806,"Hydrochloric Acid",2021,216658
6,"Chemical Products",628,"Inorganic chemicals",62807,"Sulfuric Acid",2021,2028467
6,"Chemical Products",628,"Inorganic chemicals",62808,"Nitric Acids",2021,132879
6,"Chemical Products",628,"Inorganic chemicals",62809,"Phosphoric Acid",2021,227393
6,"Chemical Products",628,"Inorganic chemicals",62810,"Boron",2021,62471
6,"Chemical Products",628,"Inorganic chemicals",62811,"Other Inorganic Acids",2021,5555353
6,"Chemical Products",628,"Inorganic chemicals",62812,"Halides",2021,111.99999999999999
6,"Chemical Products",628,"Inorganic chemicals",62814,"Ammonia",2021,157931
6,"Chemical Products",628,"Inorganic chemicals",62815,"Sodium or Potassium Peroxides",2021,550267
6,"Chemical Products",628,"Inorganic chemicals",62816,"Magnesium Hydroxide and Peroxide",2021,3346
6,"Chemical Products",628,"Inorganic chemicals",62817,"Zinc Oxide and Peroxide",2021,21642
6,"Chemical Products",628,"Inorganic chemicals",62818,"Aluminium Oxide",2021,38486
6,"Chemical Products",628,"Inorganic chemicals",62819,"Chromium Oxides and Hydroxides",2021,2208
6,"Chemical Products",628,"Inorganic chemicals",62820,"Manganese Oxides",2021,250
6,"Chemical Products",628,"Inorganic chemicals",62821,"Iron Oxides and Hydroxides",2021,184919
6,"Chemical Products",628,"Inorganic chemicals",62822,"Cobalt Oxides and Hydroxides",2021,8971
6,"Chemical Products",628,"Inorganic chemicals",62823,"Titanium Oxides",2021,98987
6,"Chemical Products",628,"Inorganic chemicals",62824,"Lead Oxides",2021,26173
6,"Chemical Products",628,"Inorganic chemicals",62825,"Inorganic Salts",2021,19065
6,"Chemical Products",628,"Inorganic chemicals",62826,"Fluorides",2021,1738
6,"Chemical Products",628,"Inorganic chemicals",62827,"Chlorides",2021,384852
6,"Chemical Products",628,"Inorganic chemicals",62828,"Hypochlorites",2021,882935
6,"Chemical Products",628,"Inorganic chemicals",62829,"Chlorates and Perchlorates",2021,3344
6,"Chemical Products",628,"Inorganic chemicals",62830,"Sulfides",2021,17918
6,"Chemical Products",628,"Inorganic chemicals",62831,"Dithionites and Sulfoxylates",2021,1646
6,"Chemical Products",628,"Inorganic chemicals",62832,"Sulfites",2021,57444
6,"Chemical Products",628,"Inorganic chemicals",62833,"Sulfates",2021,2965491
6,"Chemical Products",628,"Inorganic chemicals",62834,"Nitrites and Nitrates",2021,120897
6,"Chemical Products",628,"Inorganic chemicals",62835,"Phosphinates (hypophosphites) and phosphonates (phosphites)",2021,405887
6,"Chemical Products",628,"Inorganic chemicals",62836,"Carbonates",2021,61926567
6,"Chemical Products",628,"Inorganic chemicals",62837,"Cyanides",2021,494
6,"Chemical Products",628,"Inorganic chemicals",62839,"Silicates",2021,6107886
6,"Chemical Products",628,"Inorganic chemicals",62840,"Borates",2021,58340
6,"Chemical Products",628,"Inorganic chemicals",62841,"Oxometallic or Peroxometallic Acid Salts",2021,68702
6,"Chemical Products",628,"Inorganic chemicals",62842,"Other Inorganic Acids Salts",2021,152318
6,"Chemical Products",628,"Inorganic chemicals",62843,"Precious Metal Compounds",2021,28190
6,"Chemical Products",628,"Inorganic chemicals",62844,"Radioactive Chemicals",2021,3666
6,"Chemical Products",628,"Inorganic chemicals",62846,"Rare-Earth Metal Compounds",2021,20921.999999999996
6,"Chemical Products",628,"Inorganic chemicals",62847,"Hydrogen peroxide",2021,105698
6,"Chemical Products",628,"Inorganic chemicals",62850,"Hydrides and other anions",2021,1283
6,"Chemical Products",628,"Inorganic chemicals",62851,"Inorganic Compounds",2021,30131
6,"Chemical Products",629,"Organic chemicals",62901,"Acyclic Hydrocarbons",2021,273464
6,"Chemical Products",629,"Organic chemicals",62902,"Cyclic Hydrocarbons",2021,291222
6,"Chemical Products",629,"Organic chemicals",62903,"Halogenated Hydrocarbons",2021,124725
6,"Chemical Products",629,"Organic chemicals",62904,"Sulfonated, Nitrated or Nitrosated Hydrocarbons",2021,32386
6,"Chemical Products",629,"Organic chemicals",62905,"Acyclic alcohol derivatives (halogenated, sulphonated, nitrated)",2021,414015
6,"Chemical Products",629,"Organic chemicals",62906,"Cyclic Alcohols",2021,18482
6,"Chemical Products",629,"Organic chemicals",62907,"Phenols",2021,186809
6,"Chemical Products",629,"Organic chemicals",62908,"Phenol Derivatives",2021,13900
6,"Chemical Products",629,"Organic chemicals",62909,"Ethers",2021,144614
6,"Chemical Products",629,"Organic chemicals",62912,"Aldehydes, cyclic polymers, and paraformaldehyde",2021,118510.00000000001
6,"Chemical Products",629,"Organic chemicals",62914,"Ketones and Quinones",2021,213226
6,"Chemical Products",629,"Organic chemicals",62915,"Saturated Acyclic Monocarboxylic Acids",2021,2992356
6,"Chemical Products",629,"Organic chemicals",62916,"Unsaturated Acyclic Monocarboxylic Acids",2021,185874
6,"Chemical Products",629,"Organic chemicals",62917,"Polycarboxylic Acids",2021,126373
6,"Chemical Products",629,"Organic chemicals",62918,"Carboxylic Acids",2021,218247
6,"Chemical Products",629,"Organic chemicals",62919,"Phosphoric Esters and Salts",2021,1548
6,"Chemical Products",629,"Organic chemicals",62920,"Other Esters",2021,8063
6,"Chemical Products",629,"Organic chemicals",62921,"Amine Compounds",2021,320350
6,"Chemical Products",629,"Organic chemicals",62922,"Oxygen Amino Compounds",2021,240950
6,"Chemical Products",629,"Organic chemicals",62923,"Quaternary Ammonium Salts and Hydroxides",2021,55295
6,"Chemical Products",629,"Organic chemicals",62924,"Carboxyamide Compounds",2021,131668
6,"Chemical Products",629,"Organic chemicals",62925,"Carboxyimide Compounds",2021,262334
6,"Chemical Products",629,"Organic chemicals",62926,"Nitrile Compounds",2021,24762
6,"Chemical Products",629,"Organic chemicals",62927,"Diazo, Azo or Aoxy Compounds",2021,398
6,"Chemical Products",629,"Organic chemicals",62928,"Hydrazine or Hydroxylamine Derivatives",2021,23141.999999999996
6,"Chemical Products",629,"Organic chemicals",62929,"Other Nitrogen Compounds",2021,338784
6,"Chemical Products",629,"Organic chemicals",62930,"Organo-Sulfur Compounds",2021,141699
6,"Chemical Products",629,"Organic chemicals",62931,"Other Organo-Inorganic Compounds",2021,38251
6,"Chemical Products",629,"Organic chemicals",62932,"Oxygen Heterocyclic Compounds",2021,171585.00000000003
6,"Chemical Products",629,"Organic chemicals",62933,"Nitrogen Heterocyclic Compounds",2021,331719
6,"Chemical Products",629,"Organic chemicals",62934,"Nucleic Acids",2021,139062
6,"Chemical Products",629,"Organic chemicals",62935,"Sulfonamides",2021,1451
6,"Chemical Products",629,"Organic chemicals",62936,"Vitamins",2021,722815
6,"Chemical Products",629,"Organic chemicals",62937,"Hormones",2021,315
6,"Chemical Products",629,"Organic chemicals",62938,"Glycosides",2021,10957
6,"Chemical Products",629,"Organic chemicals",62939,"Vegetable Alkaloids",2021,107027
6,"Chemical Products",629,"Organic chemicals",62940,"Chemically Pure Sugars",2021,911
6,"Chemical Products",629,"Organic chemicals",62941,"Antibiotics",2021,277103
6,"Chemical Products",629,"Organic chemicals",62942,"Other Organic Compounds",2021,213325
6,"Chemical Products",630,"Pharmaceutical products",63001,"Glands and Other Organs",2021,93249.99999999999
6,"Chemical Products",630,"Pharmaceutical products",63002,"Vaccines, blood, antisera, toxins and cultures",2021,17985475
6,"Chemical Products",630,"Pharmaceutical products",63003,"Unpackaged Medicaments",2021,4412131
6,"Chemical Products",630,"Pharmaceutical products",63004,"Packaged Medicaments",2021,122544323
6,"Chemical Products",630,"Pharmaceutical products",63005,"Bandages",2021,1261074
6,"Chemical Products",630,"Pharmaceutical products",63006,"Special Pharmaceuticals",2021,1232505
6,"Chemical Products",631,"Fertilizers",63101,"Animal or Vegetable Fertilizers",2021,1843900
6,"Chemical Products",631,"Fertilizers",63102,"Nitrogenous Fertilizers",2021,2083328
6,"Chemical Products",631,"Fertilizers",63103,"Phosphatic Fertilizers",2021,4240354
6,"Chemical Products",631,"Fertilizers",63104,"Potassic Fertilizers",2021,967740
6,"Chemical Products",631,"Fertilizers",63105,"Mixed Mineral or Chemical Fertilizers",2021,26321922
6,"Chemical Products",632,"Paints, dyes, & varnishes",63201,"Vegetable Tanning Extracts",2021,50015
6,"Chemical Products",632,"Paints, dyes, & varnishes",63202,"Synthetic Tanning Extracts",2021,29312
6,"Chemical Products",632,"Paints, dyes, & varnishes",63203,"Vegetable or Animal Dyes",2021,3136751
6,"Chemical Products",632,"Paints, dyes, & varnishes",63204,"Synthetic Coloring Matter",2021,1742814
6,"Chemical Products",632,"Paints, dyes, & varnishes",63206,"Other Coloring Matter",2021,1245651
6,"Chemical Products",632,"Paints, dyes, & varnishes",63207,"Prepared Pigments",2021,55667
6,"Chemical Products",632,"Paints, dyes, & varnishes",63208,"Nonaqueous Paints",2021,3612982
6,"Chemical Products",632,"Paints, dyes, & varnishes",63209,"Aqueous Paints",2021,8574315
6,"Chemical Products",632,"Paints, dyes, & varnishes",63210,"Other Paints",2021,1614143
6,"Chemical Products",632,"Paints, dyes, & varnishes",63211,"Prepared Paint Driers",2021,74988
6,"Chemical Products",632,"Paints, dyes, & varnishes",63212,"Nonaqueous Pigments",2021,1139013
6,"Chemical Products",632,"Paints, dyes, & varnishes",63213,"Artistry Paints",2021,18043
6,"Chemical Products",632,"Paints, dyes, & varnishes",63214,"Glaziers Putty",2021,2257301
6,"Chemical Products",632,"Paints, dyes, & varnishes",63215,"Ink",2021,5272101
6,"Chemical Products",633,"Perfumery & cosmetics",63301,"Essential Oils",2021,17219531
6,"Chemical Products",633,"Perfumery & cosmetics",63302,"Scented Mixtures",2021,2987292
6,"Chemical Products",633,"Perfumery & cosmetics",63303,"Perfumes",2021,390551
6,"Chemical Products",633,"Perfumery & cosmetics",63304,"Beauty Products",2021,14885874
6,"Chemical Products",633,"Perfumery & cosmetics",63305,"Hair Products",2021,4118410
6,"Chemical Products",633,"Perfumery & cosmetics",63306,"Dental Products",2021,1674972
6,"Chemical Products",633,"Perfumery & cosmetics",63307,"Shaving Products",2021,2035381
6,"Chemical Products",634,"Soap, cleaners, candles, dental, modelling pastes",63401,"Soap",2021,95407622
6,"Chemical Products",634,"Soap, cleaners, candles, dental, modelling pastes",63402,"Cleaning Products",2021,32923850
6,"Chemical Products",634,"Soap, cleaners, candles, dental, modelling pastes",63403,"Lubricating Products",2021,1918205
6,"Chemical Products",634,"Soap, cleaners, candles, dental, modelling pastes",63404,"Waxes",2021,86555
6,"Chemical Products",634,"Soap, cleaners, candles, dental, modelling pastes",63405,"Polishes and Creams",2021,6806382
6,"Chemical Products",634,"Soap, cleaners, candles, dental, modelling pastes",63406,"Candles",2021,27742
6,"Chemical Products",634,"Soap, cleaners, candles, dental, modelling pastes",63407,"Pastes and Waxes",2021,3294
6,"Chemical Products",635,"Glues, starches, & albuminoid products",63501,"Casein",2021,877118
6,"Chemical Products",635,"Glues, starches, & albuminoid products",63502,"Water Soluble Proteins",2021,24033
6,"Chemical Products",635,"Glues, starches, & albuminoid products",63503,"Gelatin",2021,347996
6,"Chemical Products",635,"Glues, starches, & albuminoid products",63504,"Peptones",2021,196
6,"Chemical Products",635,"Glues, starches, & albuminoid products",63505,"Dextrins",2021,3613806
6,"Chemical Products",635,"Glues, starches, & albuminoid products",63506,"Glues",2021,3955319
6,"Chemical Products",635,"Glues, starches, & albuminoid products",63507,"Enzymes",2021,575786
6,"Chemical Products",636,"Explosives, matches, & fireworks",63601,"Propellant Powders",2021,3310
6,"Chemical Products",636,"Explosives, matches, & fireworks",63602,"Prepared Explosives",2021,832657
6,"Chemical Products",636,"Explosives, matches, & fireworks",63603,"Detonating Fuses",2021,486281
6,"Chemical Products",636,"Explosives, matches, & fireworks",63604,"Fireworks",2021,399
6,"Chemical Products",636,"Explosives, matches, & fireworks",63605,"Matches",2021,9112181
6,"Chemical Products",636,"Explosives, matches, & fireworks",63606,"Pyrophoric Alloys",2021,3522
6,"Chemical Products",637,"Photo & movie goods",63701,"Photographic Plates",2021,308389
6,"Chemical Products",637,"Photo & movie goods",63702,"Photographic Film",2021,4880
6,"Chemical Products",637,"Photo & movie goods",63703,"Photographic Paper",2021,257
6,"Chemical Products",637,"Photo & movie goods",63705,"Developed Exposed Photographic Material",2021,1009
6,"Chemical Products",637,"Photo & movie goods",63707,"Photographic Chemicals",2021,194771
6,"Chemical Products",638,"Chemical products n.e.s.",63802,"Activated Carbon",2021,180056
6,"Chemical Products",638,"Chemical products n.e.s.",63804,"Wood Pulp Lyes",2021,1112
6,"Chemical Products",638,"Chemical products n.e.s.",63805,"Turpentine",2021,19487.999999999996
6,"Chemical Products",638,"Chemical products n.e.s.",63806,"Rosin",2021,56502
6,"Chemical Products",638,"Chemical products n.e.s.",63808,"Pesticides",2021,28147797
6,"Chemical Products",638,"Chemical products n.e.s.",63809,"Dyeing Finishing Agents",2021,274808
6,"Chemical Products",638,"Chemical products n.e.s.",63810,"Metal Pickling Preparations",2021,15510
6,"Chemical Products",638,"Chemical products n.e.s.",63811,"Antiknock",2021,639964
6,"Chemical Products",638,"Chemical products n.e.s.",63812,"Prepared Rubber Accelerators",2021,60114
6,"Chemical Products",638,"Chemical products n.e.s.",63813,"Fire Extinguishers Preparations",2021,1093
6,"Chemical Products",638,"Chemical products n.e.s.",63814,"Organic Composite Solvents",2021,2218947
6,"Chemical Products",638,"Chemical products n.e.s.",63815,"Reaction and Catalytic Products",2021,279903
6,"Chemical Products",638,"Chemical products n.e.s.",63816,"Refractory Cements",2021,148398
6,"Chemical Products",638,"Chemical products n.e.s.",63817,"Alkylbenzenes and Alkylnaphthalenes",2021,1799.0000000000002
6,"Chemical Products",638,"Chemical products n.e.s.",63818,"Disc Chemicals for Electronics",2021,1210
6,"Chemical Products",638,"Chemical products n.e.s.",63819,"Hydraulic Brake Fluid",2021,63376
6,"Chemical Products",638,"Chemical products n.e.s.",63820,"Antifreeze",2021,405012
6,"Chemical Products",638,"Chemical products n.e.s.",63821,"Micro-Organism Culture Preparations",2021,145523
6,"Chemical Products",638,"Chemical products n.e.s.",63822,"Laboratory Reagents",2021,2548551
6,"Chemical Products",638,"Chemical products n.e.s.",63823,"Industrial Fatty Acids, Oils and Alcohols",2021,6185693
7,"Plastics and Rubbers",739,"Plastics & articles thereof",73901,"Ethylene Polymers",2021,7151159
7,"Plastics and Rubbers",739,"Plastics & articles thereof",73902,"Propylene Polymers",2021,1204609
7,"Plastics and Rubbers",739,"Plastics & articles thereof",73903,"Styrene Polymers",2021,1166356
7,"Plastics and Rubbers",739,"Plastics & articles thereof",73904,"Vinyl Chloride Polymers",2021,1675540
7,"Plastics and Rubbers",739,"Plastics & articles thereof",73905,"Other Vinyl Polymers",2021,1266772
7,"Plastics and Rubbers",739,"Plastics & articles thereof",73906,"Acrylic Polymers",2021,1194303
7,"Plastics and Rubbers",739,"Plastics & articles thereof",73907,"Polyacetals",2021,9147981
7,"Plastics and Rubbers",739,"Plastics & articles thereof",73908,"Polyamides",2021,90533
7,"Plastics and Rubbers",739,"Plastics & articles thereof",73909,"Amino-resins",2021,327104
7,"Plastics and Rubbers",739,"Plastics & articles thereof",73910,"Silicone",2021,487365
7,"Plastics and Rubbers",739,"Plastics & articles thereof",73911,"Petroleum Resins",2021,297489
7,"Plastics and Rubbers",739,"Plastics & articles thereof",73912,"Cellulose",2021,1488296
7,"Plastics and Rubbers",739,"Plastics & articles thereof",73913,"Natural Polymers",2021,30703
7,"Plastics and Rubbers",739,"Plastics & articles thereof",73914,"Polymer Ion-Exchangers",2021,38703
7,"Plastics and Rubbers",739,"Plastics & articles thereof",73915,"Scrap Plastic",2021,5412448
7,"Plastics and Rubbers",739,"Plastics & articles thereof",73916,"Monofilament",2021,50281
7,"Plastics and Rubbers",739,"Plastics & articles thereof",73917,"Plastic Pipes",2021,8150149
7,"Plastics and Rubbers",739,"Plastics & articles thereof",73918,"Plastic Floor Coverings",2021,690752
7,"Plastics and Rubbers",739,"Plastics & articles thereof",73919,"Self-adhesive Plastics",2021,2847178
7,"Plastics and Rubbers",739,"Plastics & articles thereof",73920,"Raw Plastic Sheeting",2021,18750630
7,"Plastics and Rubbers",739,"Plastics & articles thereof",73921,"Other Plastic Sheetings",2021,3474295
7,"Plastics and Rubbers",739,"Plastics & articles thereof",73922,"Plastic Wash Basins",2021,3208073
7,"Plastics and Rubbers",739,"Plastics & articles thereof",73923,"Plastic Lids",2021,53713711
7,"Plastics and Rubbers",739,"Plastics & articles thereof",73924,"Plastic Housewares",2021,12896299
7,"Plastics and Rubbers",739,"Plastics & articles thereof",73925,"Plastic Building Materials",2021,6430379
7,"Plastics and Rubbers",739,"Plastics & articles thereof",73926,"Other Plastic Products",2021,4651121
7,"Plastics and Rubbers",740,"Rubber & articles thereof",74001,"Rubber",2021,5876
7,"Plastics and Rubbers",740,"Rubber & articles thereof",74002,"Synthetic Rubber",2021,217998
7,"Plastics and Rubbers",740,"Rubber & articles thereof",74003,"Reclaimed Rubber",2021,313221
7,"Plastics and Rubbers",740,"Rubber & articles thereof",74004,"Scrap Rubber",2021,211295
7,"Plastics and Rubbers",740,"Rubber & articles thereof",74005,"Compounded Unvulcanised Rubber",2021,172872
7,"Plastics and Rubbers",740,"Rubber & articles thereof",74006,"Unvulcanised Rubber Products",2021,131313
7,"Plastics and Rubbers",740,"Rubber & articles thereof",74007,"Rubber Thread",2021,91007
7,"Plastics and Rubbers",740,"Rubber & articles thereof",74008,"Rubber Sheets",2021,40679
7,"Plastics and Rubbers",740,"Rubber & articles thereof",74009,"Rubber Pipes",2021,105505
7,"Plastics and Rubbers",740,"Rubber & articles thereof",74010,"Rubber Belting",2021,165802
7,"Plastics and Rubbers",740,"Rubber & articles thereof",74011,"Rubber Tires",2021,843322
7,"Plastics and Rubbers",740,"Rubber & articles thereof",74012,"Used Rubber Tires",2021,19164
7,"Plastics and Rubbers",740,"Rubber & articles thereof",74013,"Rubber Inner Tubes",2021,26033
7,"Plastics and Rubbers",740,"Rubber & articles thereof",74014,"Pharmaceutical Rubber Products",2021,70456
7,"Plastics and Rubbers",740,"Rubber & articles thereof",74015,"Rubber Apparel",2021,1690403
7,"Plastics and Rubbers",740,"Rubber & articles thereof",74016,"Other Rubber Products",2021,941073
7,"Plastics and Rubbers",740,"Rubber & articles thereof",74017,"Hard Rubber",2021,43087
8,"Animal Hides",841,"Raw hides & skin (non-fur)",84101,"Equine and Bovine Hides",2021,1023199
8,"Animal Hides",841,"Raw hides & skin (non-fur)",84102,"Sheep Hides",2021,42620
8,"Animal Hides",841,"Raw hides & skin (non-fur)",84103,"Other Hides and Skins",2021,1379130
8,"Animal Hides",841,"Raw hides & skin (non-fur)",84104,"Tanned Equine and Bovine Hides",2021,10338002
8,"Animal Hides",841,"Raw hides & skin (non-fur)",84105,"Tanned Sheep Hides",2021,7192459
8,"Animal Hides",841,"Raw hides & skin (non-fur)",84106,"Tanned Goat Hides",2021,5562687
8,"Animal Hides",841,"Raw hides & skin (non-fur)",84107,"Leather of Other Animals",2021,1023314
8,"Animal Hides",841,"Raw hides & skin (non-fur)",84109,"Patent Leather",2021,310
8,"Animal Hides",841,"Raw hides & skin (non-fur)",84110,"Leather Waste",2021,32636
8,"Animal Hides",841,"Raw hides & skin (non-fur)",84111,"Leather Sheets",2021,31861.999999999996
8,"Animal Hides",842,"Leather articles",84201,"Saddlery",2021,383389
8,"Animal Hides",842,"Leather articles",84202,"Trunks and Cases",2021,3113677
8,"Animal Hides",842,"Leather articles",84203,"Leather Apparel",2021,185759
8,"Animal Hides",842,"Leather articles",84205,"Other Leather Articles",2021,107343
8,"Animal Hides",843,"Furskins, articifial fur, & articles",84302,"Tanned Furskins",2021,241
8,"Animal Hides",843,"Furskins, articifial fur, & articles",84303,"Furskin Apparel",2021,27303
9,"Wood Products",944,"Wood, wood articles, & charcoal",94401,"Fuel Wood",2021,4818
9,"Wood Products",944,"Wood, wood articles, & charcoal",94402,"Wood Charcoal",2021,28883
9,"Wood Products",944,"Wood, wood articles, & charcoal",94403,"Rough Wood",2021,2348903
9,"Wood Products",944,"Wood, wood articles, & charcoal",94404,"Wood Stakes",2021,48613
9,"Wood Products",944,"Wood, wood articles, & charcoal",94407,"Sawn Wood",2021,1091014
9,"Wood Products",944,"Wood, wood articles, & charcoal",94408,"Veneer Sheets",2021,34924
9,"Wood Products",944,"Wood, wood articles, & charcoal",94409,"Shaped Wood",2021,132472.99999999997
9,"Wood Products",944,"Wood, wood articles, & charcoal",94410,"Particle Board",2021,326283
9,"Wood Products",944,"Wood, wood articles, & charcoal",94411,"Wood Fiberboard",2021,8440108
9,"Wood Products",944,"Wood, wood articles, & charcoal",94412,"Plywood",2021,116034
9,"Wood Products",944,"Wood, wood articles, & charcoal",94413,"Densified Wood",2021,1827
9,"Wood Products",944,"Wood, wood articles, & charcoal",94414,"Wood Frames",2021,10538
9,"Wood Products",944,"Wood, wood articles, & charcoal",94415,"Wood Crates",2021,247643
9,"Wood Products",944,"Wood, wood articles, & charcoal",94416,"Wood Barrels",2021,1
9,"Wood Products",944,"Wood, wood articles, & charcoal",94417,"Wooden Tool Handles",2021,10444
9,"Wood Products",944,"Wood, wood articles, & charcoal",94418,"Wood Carpentry",2021,228250
9,"Wood Products",944,"Wood, wood articles, & charcoal",94419,"Wood Kitchenware",2021,201766
9,"Wood Products",944,"Wood, wood articles, & charcoal",94420,"Wood Ornaments",2021,588349
9,"Wood Products",944,"Wood, wood articles, & charcoal",94421,"Other Wood Articles",2021,116201.99999999999
9,"Wood Products",945,"Cork & cork articles",94503,"Natural Cork Articles",2021,5410
9,"Wood Products",945,"Cork & cork articles",94504,"Agglomerated Cork",2021,41558
9,"Wood Products",946,"Straw & esparto manufactures",94601,"Plaiting Products",2021,1599065
9,"Wood Products",946,"Straw & esparto manufactures",94602,"Basketwork",2021,5082742
10,"Paper Goods",1047,"Wood pulp & paper scrap",104703,"Sulfate Chemical Woodpulp",2021,210686
10,"Paper Goods",1047,"Wood pulp & paper scrap",104706,"Recovered Paper Pulp",2021,6340
10,"Paper Goods",1047,"Wood pulp & paper scrap",104707,"Recovered Paper",2021,1488218
10,"Paper Goods",1048,"Paper articles",104801,"Newsprint",2021,346741
10,"Paper Goods",1048,"Paper articles",104802,"Uncoated Paper",2021,1924541.9999999998
10,"Paper Goods",1048,"Paper articles",104803,"Tissue",2021,457438
10,"Paper Goods",1048,"Paper articles",104804,"Kraft Paper",2021,1487471
10,"Paper Goods",1048,"Paper articles",104805,"Other Uncoated Paper",2021,7665249
10,"Paper Goods",1048,"Paper articles",104806,"Vegetable Parchment",2021,1903
10,"Paper Goods",1048,"Paper articles",104807,"Composite Paper",2021,26636
10,"Paper Goods",1048,"Paper articles",104808,"Corrugated Paper",2021,59428
10,"Paper Goods",1048,"Paper articles",104809,"Carbon Paper",2021,61544
10,"Paper Goods",1048,"Paper articles",104810,"Kaolin Coated Paper",2021,619618
10,"Paper Goods",1048,"Paper articles",104811,"Cellulose Fibers Paper",2021,13694727
10,"Paper Goods",1048,"Paper articles",104812,"Paper Pulp Filter Blocks",2021,313
10,"Paper Goods",1048,"Paper articles",104813,"Cigarette Paper",2021,41163
10,"Paper Goods",1048,"Paper articles",104814,"Wallpaper",2021,55909.00000000001
10,"Paper Goods",1048,"Paper articles",104816,"Other Carbon Paper",2021,1605
10,"Paper Goods",1048,"Paper articles",104817,"Letter Stock",2021,117016
10,"Paper Goods",1048,"Paper articles",104818,"Toilet Paper",2021,17423882
10,"Paper Goods",1048,"Paper articles",104819,"Paper Containers",2021,24178777
10,"Paper Goods",1048,"Paper articles",104820,"Paper Notebooks",2021,6749384
10,"Paper Goods",1048,"Paper articles",104821,"Paper Labels",2021,11904572
10,"Paper Goods",1048,"Paper articles",104822,"Paper Spools",2021,90747
10,"Paper Goods",1048,"Paper articles",104823,"Shaped Paper",2021,1046588
10,"Paper Goods",1049,"Books, newspapers, & other prints",104901,"Brochures",2021,11337506
10,"Paper Goods",1049,"Books, newspapers, & other prints",104902,"Newspapers",2021,266737
10,"Paper Goods",1049,"Books, newspapers, & other prints",104903,"Children's Picture Books",2021,9229
10,"Paper Goods",1049,"Books, newspapers, & other prints",104905,"Maps",2021,5169
10,"Paper Goods",1049,"Books, newspapers, & other prints",104906,"Architectural Plans",2021,6682.999999999999
10,"Paper Goods",1049,"Books, newspapers, & other prints",104907,"Documents of title (bonds etc) and unused stamps",2021,27149106
10,"Paper Goods",1049,"Books, newspapers, & other prints",104908,"Decals",2021,5070
10,"Paper Goods",1049,"Books, newspapers, & other prints",104909,"Postcards",2021,34034
10,"Paper Goods",1049,"Books, newspapers, & other prints",104910,"Calendars",2021,123111
10,"Paper Goods",1049,"Books, newspapers, & other prints",104911,"Other Printed Material",2021,6619054
11,"Textiles",1150,"Silk",115004,"Non-Retail Silk Yarn",2021,6
11,"Textiles",1150,"Silk",115007,"Silk Fabrics",2021,55408
11,"Textiles",1151,"Wool & animal hair",115101,"Wool",2021,3920148
11,"Textiles",1151,"Wool & animal hair",115102,"Animal Hair",2021,316
11,"Textiles",1151,"Wool & animal hair",115105,"Prepared Wool or Animal Hair",2021,31766
11,"Textiles",1151,"Wool & animal hair",115106,"Non-Retail Carded Wool Yarn",2021,89.00000000000001
11,"Textiles",1151,"Wool & animal hair",115107,"Non-Retail Combed Wool Yarn",2021,38688
11,"Textiles",1151,"Wool & animal hair",115109,"Retail Wool or Animal Hair Yarn",2021,4176
11,"Textiles",1151,"Wool & animal hair",115110,"Horsehair Yarn",2021,68
11,"Textiles",1151,"Wool & animal hair",115111,"Carded Wool or Animal Hair Fabric",2021,640
11,"Textiles",1152,"Cotton",115201,"Raw Cotton",2021,1179427
11,"Textiles",1152,"Cotton",115202,"Cotton Waste",2021,39430
11,"Textiles",1152,"Cotton",115203,"Prepared Cotton",2021,1418
11,"Textiles",1152,"Cotton",115204,"Cotton Sewing Thread",2021,25554
11,"Textiles",1152,"Cotton",115205,"Non-Retail Pure Cotton Yarn",2021,109535
11,"Textiles",1152,"Cotton",115207,"Retail Cotton Yarn",2021,304
11,"Textiles",1152,"Cotton",115208,"Light Pure Woven Cotton",2021,757560
11,"Textiles",1152,"Cotton",115209,"Heavy Pure Woven Cotton",2021,40436
11,"Textiles",1152,"Cotton",115210,"Light Mixed Woven Cotton",2021,173984.99999999997
11,"Textiles",1152,"Cotton",115211,"Heavy Mixed Woven Cotton",2021,63337
11,"Textiles",1152,"Cotton",115212,"Other Cotton Fabrics",2021,846805
11,"Textiles",1153,"Vegetable textile fibers, paper yarn & fabrics",115301,"Flax Fibers",2021,50887
11,"Textiles",1153,"Vegetable textile fibers, paper yarn & fabrics",115303,"Jute and Other Textile Fibers",2021,1722994
11,"Textiles",1153,"Vegetable textile fibers, paper yarn & fabrics",115305,"Coconut and Other Vegetable Fibers",2021,50011535
11,"Textiles",1153,"Vegetable textile fibers, paper yarn & fabrics",115306,"Flax Yarn",2021,16580
11,"Textiles",1153,"Vegetable textile fibers, paper yarn & fabrics",115307,"Jute Yarn",2021,24989
11,"Textiles",1153,"Vegetable textile fibers, paper yarn & fabrics",115308,"Other Vegetable Fibers Yarn",2021,2517426
11,"Textiles",1153,"Vegetable textile fibers, paper yarn & fabrics",115309,"Flax Woven Fabric",2021,70466
11,"Textiles",1153,"Vegetable textile fibers, paper yarn & fabrics",115310,"Jute Woven Fabric",2021,80408
11,"Textiles",1153,"Vegetable textile fibers, paper yarn & fabrics",115311,"Other Vegetable Fibers Fabric",2021,4589
11,"Textiles",1154,"Man-made filaments",115401,"Artificial Filament Sewing Thread",2021,69533
11,"Textiles",1154,"Man-made filaments",115402,"Non-Retail Synthetic Filament Yarn",2021,25385
11,"Textiles",1154,"Man-made filaments",115404,"Synthetic Monofilament",2021,755.0000000000001
11,"Textiles",1154,"Man-made filaments",115405,"Artificial Monofilament",2021,1654.0000000000002
11,"Textiles",1154,"Man-made filaments",115407,"Synthetic Filament Yarn Woven Fabric",2021,724953
11,"Textiles",1154,"Man-made filaments",115408,"Artificial Filament Yarn Woven Fabric",2021,9054
11,"Textiles",1155,"Man-made staple fibres",115501,"Synthetic Filament Tow",2021,881258
11,"Textiles",1155,"Man-made staple fibres",115502,"Artificial Filament Tow",2021,128040.00000000001
11,"Textiles",1155,"Man-made staple fibres",115503,"Unprocessed Synthetic Staple Fibers",2021,174991
11,"Textiles",1155,"Man-made staple fibres",115505,"Artificial Fibers Waste",2021,25841
11,"Textiles",1155,"Man-made staple fibres",115506,"Processed Synthetic Staple Fibers",2021,28.999999999999996
11,"Textiles",1155,"Man-made staple fibres",115508,"Non-Retail Artificial Staple Fibers Sewing Thread",2021,17381
11,"Textiles",1155,"Man-made staple fibres",115509,"Non-Retail Synthetic Staple Fibers Yarn",2021,456274
11,"Textiles",1155,"Man-made staple fibres",115510,"Non-Retail Artificial Staple Fibers Yarn",2021,15799
11,"Textiles",1155,"Man-made staple fibres",115511,"Retail Artificial Staple Fibers Yarn",2021,8422907
11,"Textiles",1155,"Man-made staple fibres",115512,"Synthetic Fabrics",2021,74076
11,"Textiles",1155,"Man-made staple fibres",115513,"Light Synthetic Cotton Fabrics",2021,256284
11,"Textiles",1155,"Man-made staple fibres",115514,"Heavy Synthetic Cotton Fabrics",2021,108649
11,"Textiles",1155,"Man-made staple fibres",115515,"Other Synthetic Fabrics",2021,107409
11,"Textiles",1155,"Man-made staple fibres",115516,"Woven Fabric of Synthetic Staple Fibers",2021,37489
11,"Textiles",1156,"Wadding, felt, nonwovens, twin, ropes, & articles thereof",115601,"Wadding",2021,15273
11,"Textiles",1156,"Wadding, felt, nonwovens, twin, ropes, & articles thereof",115602,"Felt",2021,33027
11,"Textiles",1156,"Wadding, felt, nonwovens, twin, ropes, & articles thereof",115603,"Non-woven Textiles",2021,866696
11,"Textiles",1156,"Wadding, felt, nonwovens, twin, ropes, & articles thereof",115604,"Rubber Textiles",2021,5791
11,"Textiles",1156,"Wadding, felt, nonwovens, twin, ropes, & articles thereof",115605,"Metallic Yarn",2021,1643
11,"Textiles",1156,"Wadding, felt, nonwovens, twin, ropes, & articles thereof",115606,"Gimp Yarn",2021,207
11,"Textiles",1156,"Wadding, felt, nonwovens, twin, ropes, & articles thereof",115607,"Twine and Rope",2021,1876595
11,"Textiles",1156,"Wadding, felt, nonwovens, twin, ropes, & articles thereof",115608,"Twine, cordage or rope; knotted netting, made up fishing nets and other made up nets, of textile materials",2021,1161128
11,"Textiles",1156,"Wadding, felt, nonwovens, twin, ropes, & articles thereof",115609,"Other Articles of Twine and Rope",2021,70180
11,"Textiles",1157,"Carpets & textile floor covers",115701,"Knotted Carpets",2021,24788
11,"Textiles",1157,"Carpets & textile floor covers",115702,"Hand-Woven Rugs",2021,131850
11,"Textiles",1157,"Carpets & textile floor covers",115703,"Tufted Carpets",2021,189593
11,"Textiles",1157,"Carpets & textile floor covers",115704,"Felt Carpets",2021,9763
11,"Textiles",1157,"Carpets & textile floor covers",115705,"Other Carpets",2021,21940
11,"Textiles",1158,"Special woven fabrics and tapestries",115801,"Woven Fabrics",2021,23835.999999999996
11,"Textiles",1158,"Special woven fabrics and tapestries",115802,"Terry Fabric",2021,6287
11,"Textiles",1158,"Special woven fabrics and tapestries",115803,"Gauze",2021,671
11,"Textiles",1158,"Special woven fabrics and tapestries",115804,"Tulles and Net Fabric",2021,22263
11,"Textiles",1158,"Special woven fabrics and tapestries",115805,"Hand-Woven Tapestries",2021,7658
11,"Textiles",1158,"Special woven fabrics and tapestries",115806,"Narrow Woven Fabric",2021,155274
11,"Textiles",1158,"Special woven fabrics and tapestries",115807,"Labels",2021,24797
11,"Textiles",1158,"Special woven fabrics and tapestries",115808,"Ornamental Trimmings",2021,32667
11,"Textiles",1158,"Special woven fabrics and tapestries",115809,"Metallic Fabric",2021,725
11,"Textiles",1158,"Special woven fabrics and tapestries",115810,"Embroidery",2021,10266
11,"Textiles",1158,"Special woven fabrics and tapestries",115811,"Quilted Textiles",2021,21656
11,"Textiles",1159,"Coated, covered, & laminated fabrics for industrial use",115901,"Gum Coated Textile Fabric",2021,5201
11,"Textiles",1159,"Coated, covered, & laminated fabrics for industrial use",115902,"Polyamide Fabric",2021,429
11,"Textiles",1159,"Coated, covered, & laminated fabrics for industrial use",115903,"Plastic Coated Textile Fabric",2021,190212
11,"Textiles",1159,"Coated, covered, & laminated fabrics for industrial use",115904,"Linoleum",2021,1571.9999999999998
11,"Textiles",1159,"Coated, covered, & laminated fabrics for industrial use",115905,"Textile Wall Coverings",2021,193
11,"Textiles",1159,"Coated, covered, & laminated fabrics for industrial use",115906,"Rubber Textile Fabric",2021,14943
11,"Textiles",1159,"Coated, covered, & laminated fabrics for industrial use",115907,"Coated Textile Fabric",2021,77259
11,"Textiles",1159,"Coated, covered, & laminated fabrics for industrial use",115908,"Textile Wicks",2021,14678
11,"Textiles",1159,"Coated, covered, & laminated fabrics for industrial use",115909,"Hose Piping Textiles",2021,6915
11,"Textiles",1159,"Coated, covered, & laminated fabrics for industrial use",115910,"Conveyor Belt Textiles",2021,13268
11,"Textiles",1159,"Coated, covered, & laminated fabrics for industrial use",115911,"Textiles for technical uses",2021,50158
11,"Textiles",1160,"Knitted fabrics",116001,"Pile Fabric",2021,65766
11,"Textiles",1160,"Knitted fabrics",116002,"Light Rubberized Knitted Fabric",2021,874401
11,"Textiles",1161,"Knitted clothing accesories",116101,"Knit Men's Coats",2021,6847172
11,"Textiles",1161,"Knitted clothing accesories",116102,"Knit Women's Coats",2021,5767564
11,"Textiles",1161,"Knitted clothing accesories",116103,"Knit Men's Suits",2021,22345177
11,"Textiles",1161,"Knitted clothing accesories",116104,"Knit Women's Suits",2021,10779474
11,"Textiles",1161,"Knitted clothing accesories",116105,"Knit Men's Shirts",2021,13009689
11,"Textiles",1161,"Knitted clothing accesories",116106,"Knit Women's Shirts",2021,1068665
11,"Textiles",1161,"Knitted clothing accesories",116107,"Knit Men's Undergarments",2021,36162137
11,"Textiles",1161,"Knitted clothing accesories",116108,"Knit Women's Undergarments",2021,1418104
11,"Textiles",1161,"Knitted clothing accesories",116109,"Knit T-shirts",2021,35780557
11,"Textiles",1161,"Knitted clothing accesories",116110,"Knit Sweaters",2021,73187093
11,"Textiles",1161,"Knitted clothing accesories",116111,"Knit Babies' Garments",2021,1037136
11,"Textiles",1161,"Knitted clothing accesories",116112,"Knit Active Wear",2021,32984
11,"Textiles",1161,"Knitted clothing accesories",116113,"Garments of Impregnated Fabric",2021,72099
11,"Textiles",1161,"Knitted clothing accesories",116114,"Other Knit Garments",2021,23269808
11,"Textiles",1161,"Knitted clothing accesories",116115,"Knit Socks and Hosiery",2021,200820
11,"Textiles",1161,"Knitted clothing accesories",116116,"Knit Gloves",2021,52889
11,"Textiles",1161,"Knitted clothing accesories",116117,"Other Knit Clothing Accessories",2021,233194
11,"Textiles",1162,"Non-knitted clothing accesories",116201,"Non-Knit Men's Coats",2021,2759548
11,"Textiles",1162,"Non-knitted clothing accesories",116202,"Non-Knit Women's Coats",2021,733303
11,"Textiles",1162,"Non-knitted clothing accesories",116203,"Non-Knit Men's Suits",2021,142517624
11,"Textiles",1162,"Non-knitted clothing accesories",116204,"Non-Knit Women's Suits",2021,81057642
11,"Textiles",1162,"Non-knitted clothing accesories",116205,"Non-Knit Men's Shirts",2021,28883231
11,"Textiles",1162,"Non-knitted clothing accesories",116206,"Non-Knit Women's Shirts",2021,4886332
11,"Textiles",1162,"Non-knitted clothing accesories",116207,"Non-Knit Men's Undergarments",2021,6881060
11,"Textiles",1162,"Non-knitted clothing accesories",116208,"Non-Knit Women's Undergarments",2021,6885069
11,"Textiles",1162,"Non-knitted clothing accesories",116209,"Non-Knit Babies' Garments",2021,1038312
11,"Textiles",1162,"Non-knitted clothing accesories",116210,"Felt or Coated Fabric Garments",2021,901996
11,"Textiles",1162,"Non-knitted clothing accesories",116211,"Non-Knit Active Wear",2021,17879676
11,"Textiles",1162,"Non-knitted clothing accesories",116212,"Other Women's Undergarments",2021,475878
11,"Textiles",1162,"Non-knitted clothing accesories",116213,"Handkerchiefs",2021,4643
11,"Textiles",1162,"Non-knitted clothing accesories",116214,"Scarves",2021,3156878
11,"Textiles",1162,"Non-knitted clothing accesories",116215,"Neck Ties",2021,22817
11,"Textiles",1162,"Non-knitted clothing accesories",116216,"Non-Knit Gloves",2021,2920
11,"Textiles",1162,"Non-knitted clothing accesories",116217,"Other Non-Knit Clothing Accessories",2021,211953
11,"Textiles",1163,"Used clothes & textile articles",116301,"Blankets",2021,5704145
11,"Textiles",1163,"Used clothes & textile articles",116302,"House Linens",2021,658196
11,"Textiles",1163,"Used clothes & textile articles",116303,"Window Dressings",2021,239267
11,"Textiles",1163,"Used clothes & textile articles",116304,"Bedspreads",2021,2579304
11,"Textiles",1163,"Used clothes & textile articles",116305,"Packing Bags",2021,7593100
11,"Textiles",1163,"Used clothes & textile articles",116306,"Awnings, Tents, and Sails",2021,9523935
11,"Textiles",1163,"Used clothes & textile articles",116307,"Other Cloth Articles",2021,3803686
11,"Textiles",1163,"Used clothes & textile articles",116308,"Packaged Sewing Sets",2021,25347
11,"Textiles",1163,"Used clothes & textile articles",116309,"Used Clothing",2021,1568076
11,"Textiles",1163,"Used clothes & textile articles",116310,"Textile Scraps",2021,258120
12,"Footwear and Headwear",1264,"Footwear",126401,"Waterproof Footwear",2021,5282407
12,"Footwear and Headwear",1264,"Footwear",126402,"Rubber Footwear",2021,26446949
12,"Footwear and Headwear",1264,"Footwear",126403,"Leather Footwear",2021,1543744
12,"Footwear and Headwear",1264,"Footwear",126404,"Textile Footwear",2021,510111
12,"Footwear and Headwear",1264,"Footwear",126405,"Other Footwear",2021,1872493
12,"Footwear and Headwear",1264,"Footwear",126406,"Footwear Parts",2021,327550
12,"Footwear and Headwear",1265,"Headgear",126501,"Hat Forms",2021,30.000000000000004
12,"Footwear and Headwear",1265,"Headgear",126504,"Hats",2021,89126
12,"Footwear and Headwear",1265,"Headgear",126505,"Knitted Hats",2021,230510
12,"Footwear and Headwear",1265,"Headgear",126506,"Other Headwear",2021,238282
12,"Footwear and Headwear",1265,"Headgear",126507,"Headbands and Linings",2021,2615
12,"Footwear and Headwear",1266,"Umbrellas, walking sticks, & whips",126601,"Umbrellas",2021,188015
12,"Footwear and Headwear",1266,"Umbrellas, walking sticks, & whips",126602,"Walking Sticks",2021,12575
12,"Footwear and Headwear",1266,"Umbrellas, walking sticks, & whips",126603,"Umbrella and Walking Stick Accessories",2021,4757
12,"Footwear and Headwear",1267,"Feather articles, feathers, artificial flowers, & articles of human hair",126701,"Bird Skins and Feathers",2021,69
12,"Footwear and Headwear",1267,"Feather articles, feathers, artificial flowers, & articles of human hair",126702,"Artificial Vegetation",2021,19280
12,"Footwear and Headwear",1267,"Feather articles, feathers, artificial flowers, & articles of human hair",126703,"Processed Hair",2021,529196
12,"Footwear and Headwear",1267,"Feather articles, feathers, artificial flowers, & articles of human hair",126704,"Fake Hair",2021,21502812
13,"Stone And Glass",1368,"Stone, plaster, cement, asbestos, mica.",136801,"Curbstones",2021,115
13,"Stone And Glass",1368,"Stone, plaster, cement, asbestos, mica.",136802,"Building Stone",2021,400827
13,"Stone And Glass",1368,"Stone, plaster, cement, asbestos, mica.",136803,"Worked Slate",2021,878
13,"Stone And Glass",1368,"Stone, plaster, cement, asbestos, mica.",136804,"Milling Stones",2021,138202
13,"Stone And Glass",1368,"Stone, plaster, cement, asbestos, mica.",136805,"Abrasive Powder",2021,282801
13,"Stone And Glass",1368,"Stone, plaster, cement, asbestos, mica.",136806,"Rock Wool",2021,766821
13,"Stone And Glass",1368,"Stone, plaster, cement, asbestos, mica.",136807,"Asphalt",2021,38513
13,"Stone And Glass",1368,"Stone, plaster, cement, asbestos, mica.",136808,"Vegetable Fiber",2021,21602
13,"Stone And Glass",1368,"Stone, plaster, cement, asbestos, mica.",136809,"Plaster Articles",2021,74664
13,"Stone And Glass",1368,"Stone, plaster, cement, asbestos, mica.",136810,"Cement Articles",2021,285549
13,"Stone And Glass",1368,"Stone, plaster, cement, asbestos, mica.",136811,"Asbestos Cement Articles",2021,1032043
13,"Stone And Glass",1368,"Stone, plaster, cement, asbestos, mica.",136812,"Asbestos Fibres",2021,6023
13,"Stone And Glass",1368,"Stone, plaster, cement, asbestos, mica.",136813,"Friction Material",2021,52569
13,"Stone And Glass",1368,"Stone, plaster, cement, asbestos, mica.",136814,"Processed Mica",2021,22742
13,"Stone And Glass",1368,"Stone, plaster, cement, asbestos, mica.",136815,"Other Stone Articles",2021,457871
13,"Stone And Glass",1369,"Ceramic products",136901,"Bricks",2021,958033
13,"Stone And Glass",1369,"Ceramic products",136902,"Refractory Bricks",2021,221062
13,"Stone And Glass",1369,"Ceramic products",136903,"Refractory Ceramics",2021,2646598
13,"Stone And Glass",1369,"Ceramic products",136904,"Ceramic Bricks",2021,415170
13,"Stone And Glass",1369,"Ceramic products",136905,"Roofing Tiles",2021,82541
13,"Stone And Glass",1369,"Ceramic products",136906,"Ceramic Pipes",2021,1331
13,"Stone And Glass",1369,"Ceramic products",136907,"Unglazed Ceramics",2021,8352309.000000001
13,"Stone And Glass",1369,"Ceramic products",136908,"Glazed Ceramics",2021,163308
13,"Stone And Glass",1369,"Ceramic products",136909,"Laboratory Ceramic Ware",2021,31840
13,"Stone And Glass",1369,"Ceramic products",136910,"Bathroom Ceramics",2021,37200
13,"Stone And Glass",1369,"Ceramic products",136911,"Porcelain Tableware",2021,170157
13,"Stone And Glass",1369,"Ceramic products",136912,"Ceramic Tableware",2021,202478
13,"Stone And Glass",1369,"Ceramic products",136913,"Ornamental Ceramics",2021,38304
13,"Stone And Glass",1369,"Ceramic products",136914,"Other Ceramic Articles",2021,33929
13,"Stone And Glass",1370,"Glass & glassware",137001,"Glass Scraps",2021,14656.000000000002
13,"Stone And Glass",1370,"Glass & glassware",137002,"Glass Balls",2021,7384
13,"Stone And Glass",1370,"Glass & glassware",137003,"Cast or Rolled Glass",2021,1627.0000000000002
13,"Stone And Glass",1370,"Glass & glassware",137004,"Blown Glass",2021,3531
13,"Stone And Glass",1370,"Glass & glassware",137005,"Float Glass",2021,1113060
13,"Stone And Glass",1370,"Glass & glassware",137006,"Glass with Edge Workings",2021,1827
13,"Stone And Glass",1370,"Glass & glassware",137007,"Safety Glass",2021,1004154
13,"Stone And Glass",1370,"Glass & glassware",137008,"Insulating Glass",2021,15009
13,"Stone And Glass",1370,"Glass & glassware",137009,"Glass Mirrors",2021,128538
13,"Stone And Glass",1370,"Glass & glassware",137010,"Glass Bottles",2021,13520058
13,"Stone And Glass",1370,"Glass & glassware",137011,"Glass Bulbs",2021,12029
13,"Stone And Glass",1370,"Glass & glassware",137013,"Interior Decorative Glassware",2021,121948
13,"Stone And Glass",1370,"Glass & glassware",137014,"Signaling Glassware",2021,14834
13,"Stone And Glass",1370,"Glass & glassware",137016,"Glass Bricks",2021,46177
13,"Stone And Glass",1370,"Glass & glassware",137017,"Laboratory Glassware",2021,48771
13,"Stone And Glass",1370,"Glass & glassware",137018,"Glass Beads",2021,52500
13,"Stone And Glass",1370,"Glass & glassware",137019,"Glass Fibers",2021,339465
13,"Stone And Glass",1370,"Glass & glassware",137020,"Other Glass Articles",2021,58641
14,"Precious Metals",1471,"Precious stones, metals, & pearls",147101,"Pearls",2021,5
14,"Precious Metals",1471,"Precious stones, metals, & pearls",147102,"Diamonds",2021,8748
14,"Precious Metals",1471,"Precious stones, metals, & pearls",147103,"Precious Stones",2021,8268812
14,"Precious Metals",1471,"Precious stones, metals, & pearls",147104,"Synthetic Reconstructed Jewellery Stones",2021,165074
14,"Precious Metals",1471,"Precious stones, metals, & pearls",147106,"Silver",2021,178409
14,"Precious Metals",1471,"Precious stones, metals, & pearls",147108,"Gold",2021,250614382
14,"Precious Metals",1471,"Precious stones, metals, & pearls",147109,"Gold Clad Metals",2021,92
14,"Precious Metals",1471,"Precious stones, metals, & pearls",147112,"Precious Metal Scraps",2021,23252000
14,"Precious Metals",1471,"Precious stones, metals, & pearls",147113,"Jewellery",2021,189319
14,"Precious Metals",1471,"Precious stones, metals, & pearls",147114,"Metal-Clad Products",2021,241
14,"Precious Metals",1471,"Precious stones, metals, & pearls",147115,"Other Precious Metal Products",2021,4599
14,"Precious Metals",1471,"Precious stones, metals, & pearls",147116,"Pearl Products",2021,901336
14,"Precious Metals",1471,"Precious stones, metals, & pearls",147117,"Imitation Jewellery",2021,2156299
14,"Precious Metals",1471,"Precious stones, metals, & pearls",147118,"Coin",2021,1180
15,"Metals",1572,"Iron & steel",157202,"Ferroalloys",2021,457693
15,"Metals",1572,"Iron & steel",157203,"Iron Reductions",2021,1563
15,"Metals",1572,"Iron & steel",157204,"Scrap Iron",2021,24304573
15,"Metals",1572,"Iron & steel",157205,"Iron Powder",2021,21376
15,"Metals",1572,"Iron & steel",157206,"Iron Ingots",2021,1442
15,"Metals",1572,"Iron & steel",157207,"Semi-Finished Iron",2021,49540
15,"Metals",1572,"Iron & steel",157208,"Hot-Rolled Iron",2021,5777643
15,"Metals",1572,"Iron & steel",157209,"Cold-Rolled Iron",2021,3402647
15,"Metals",1572,"Iron & steel",157210,"Coated Flat-Rolled Iron",2021,130069874
15,"Metals",1572,"Iron & steel",157211,"Large Flat-Rolled Iron",2021,266955
15,"Metals",1572,"Iron & steel",157212,"Large Coated Flat-Rolled Iron",2021,1590918
15,"Metals",1572,"Iron & steel",157213,"Hot-Rolled Iron Bars",2021,3572864
15,"Metals",1572,"Iron & steel",157214,"Raw Iron Bars",2021,14463456
15,"Metals",1572,"Iron & steel",157215,"Other Iron Bars",2021,103672
15,"Metals",1572,"Iron & steel",157216,"Iron Blocks",2021,3647608
15,"Metals",1572,"Iron & steel",157217,"Iron Wire",2021,2753377
15,"Metals",1572,"Iron & steel",157218,"Stainless Steel Ingots",2021,7952.000000000001
15,"Metals",1572,"Iron & steel",157219,"Large Flat-Rolled Stainless Steel",2021,131177
15,"Metals",1572,"Iron & steel",157220,"Flat-Rolled Stainless Steel",2021,64983
15,"Metals",1572,"Iron & steel",157221,"Hot-Rolled Stainless Steel Bars",2021,17
15,"Metals",1572,"Iron & steel",157222,"Other Stainless Steel Bars",2021,1209337
15,"Metals",1572,"Iron & steel",157223,"Stainless Steel Wire",2021,5026
15,"Metals",1572,"Iron & steel",157224,"Steel Ingots",2021,155
15,"Metals",1572,"Iron & steel",157225,"Flat Flat-Rolled Steel",2021,32976
15,"Metals",1572,"Iron & steel",157226,"Flat-Rolled Iron",2021,5431
15,"Metals",1572,"Iron & steel",157227,"Steel Bars",2021,30
15,"Metals",1572,"Iron & steel",157228,"Other Steel Bars",2021,369597
15,"Metals",1572,"Iron & steel",157229,"Steel Wire",2021,381273
15,"Metals",1573,"Iron/Steel Articles",157301,"Iron Sheet Piling",2021,24851
15,"Metals",1573,"Iron/Steel Articles",157302,"Iron Railway Products",2021,12623.999999999998
15,"Metals",1573,"Iron/Steel Articles",157303,"Cast Iron Pipes",2021,518966
15,"Metals",1573,"Iron/Steel Articles",157304,"Iron Pipes",2021,2458602
15,"Metals",1573,"Iron/Steel Articles",157305,"Other Large Iron Pipes",2021,134034
15,"Metals",1573,"Iron/Steel Articles",157306,"Other Small Iron Pipes",2021,16223820
15,"Metals",1573,"Iron/Steel Articles",157307,"Iron Pipe Fittings",2021,489044
15,"Metals",1573,"Iron/Steel Articles",157308,"Iron Structures",2021,8688661
15,"Metals",1573,"Iron/Steel Articles",157309,"Large Iron Containers",2021,3106118
15,"Metals",1573,"Iron/Steel Articles",157310,"Small Iron Containers",2021,2875091
15,"Metals",1573,"Iron/Steel Articles",157311,"Iron Gas Containers",2021,4366017
15,"Metals",1573,"Iron/Steel Articles",157312,"Stranded Iron Wire",2021,617945
15,"Metals",1573,"Iron/Steel Articles",157313,"Barbed Wire",2021,289878
15,"Metals",1573,"Iron/Steel Articles",157314,"Iron Cloth",2021,1781664
15,"Metals",1573,"Iron/Steel Articles",157315,"Iron Chains",2021,122456
15,"Metals",1573,"Iron/Steel Articles",157316,"Iron Anchors",2021,33349
15,"Metals",1573,"Iron/Steel Articles",157317,"Iron Nails",2021,9711696
15,"Metals",1573,"Iron/Steel Articles",157318,"Iron Fasteners",2021,656434
15,"Metals",1573,"Iron/Steel Articles",157319,"Iron Sewing Needles",2021,22370
15,"Metals",1573,"Iron/Steel Articles",157320,"Iron Springs",2021,1004291
15,"Metals",1573,"Iron/Steel Articles",157321,"Iron Stovetops",2021,4875958
15,"Metals",1573,"Iron/Steel Articles",157322,"Iron Radiators",2021,2167
15,"Metals",1573,"Iron/Steel Articles",157323,"Iron Housewares",2021,4668497
15,"Metals",1573,"Iron/Steel Articles",157324,"Iron Toiletry",2021,86926
15,"Metals",1573,"Iron/Steel Articles",157325,"Other Cast Iron Products",2021,360739
15,"Metals",1573,"Iron/Steel Articles",157326,"Other Iron Products",2021,2167571
15,"Metals",1574,"Copper articles",157402,"Raw Copper",2021,250
15,"Metals",1574,"Copper articles",157403,"Refined Copper",2021,13859801
15,"Metals",1574,"Copper articles",157404,"Scrap Copper",2021,50261664
15,"Metals",1574,"Copper articles",157406,"Copper Powder",2021,2
15,"Metals",1574,"Copper articles",157407,"Copper Bars",2021,11484
15,"Metals",1574,"Copper articles",157408,"Copper Wire",2021,1549499
15,"Metals",1574,"Copper articles",157409,"Copper Plating",2021,16994
15,"Metals",1574,"Copper articles",157410,"Copper Foil",2021,81
15,"Metals",1574,"Copper articles",157411,"Copper Pipes",2021,42931
15,"Metals",1574,"Copper articles",157412,"Copper Pipe Fittings",2021,5623
15,"Metals",1574,"Copper articles",157413,"Stranded Copper Wire",2021,4221
15,"Metals",1574,"Copper articles",157415,"Copper Fasteners",2021,11333
15,"Metals",1574,"Copper articles",157418,"Copper Housewares",2021,28963
15,"Metals",1574,"Copper articles",157419,"Other Copper Products",2021,104958
15,"Metals",1575,"Nickel articles",157503,"Scrap Nickel",2021,327.99999999999994
15,"Metals",1575,"Nickel articles",157505,"Nickel Bars",2021,185
15,"Metals",1575,"Nickel articles",157506,"Nickel Sheets",2021,5746
15,"Metals",1575,"Nickel articles",157508,"Other Nickel Products",2021,4400
15,"Metals",1576,"Aluminum articles",157601,"Raw Aluminium",2021,313918
15,"Metals",1576,"Aluminum articles",157602,"Scrap Aluminium",2021,12750356
15,"Metals",1576,"Aluminum articles",157604,"Aluminium Bars",2021,1274524
15,"Metals",1576,"Aluminum articles",157605,"Aluminium Wire",2021,9432
15,"Metals",1576,"Aluminum articles",157606,"Aluminium Plating",2021,903902
15,"Metals",1576,"Aluminum articles",157607,"Aluminium Foil",2021,1683865
15,"Metals",1576,"Aluminum articles",157608,"Aluminium Pipes",2021,19981
15,"Metals",1576,"Aluminum articles",157609,"Aluminium Pipe Fittings",2021,1612
15,"Metals",1576,"Aluminum articles",157610,"Aluminium Structures",2021,386060
15,"Metals",1576,"Aluminum articles",157611,"Large Aluminium Containers",2021,54928
15,"Metals",1576,"Aluminum articles",157612,"Aluminium Cans",2021,177021
15,"Metals",1576,"Aluminum articles",157613,"Aluminium Gas Containers",2021,8820
15,"Metals",1576,"Aluminum articles",157614,"Stranded Aluminium Wire",2021,319010
15,"Metals",1576,"Aluminum articles",157615,"Aluminium Housewares",2021,9865722
15,"Metals",1576,"Aluminum articles",157616,"Other Aluminium Products",2021,186876
15,"Metals",1578,"Lead articles",157801,"Raw Lead",2021,1534041
15,"Metals",1578,"Lead articles",157802,"Scrap Lead",2021,1184855
15,"Metals",1578,"Lead articles",157804,"Lead Sheets",2021,349
15,"Metals",1578,"Lead articles",157806,"Other Lead Products",2021,6903
15,"Metals",1579,"Zinc articles",157901,"Raw Zinc",2021,2947675
15,"Metals",1579,"Zinc articles",157902,"Scrap Waste",2021,45044
15,"Metals",1579,"Zinc articles",157903,"Zinc Powder",2021,850450
15,"Metals",1579,"Zinc articles",157904,"Zinc Bars",2021,23
15,"Metals",1579,"Zinc articles",157905,"Zinc Sheets",2021,2674.0000000000005
15,"Metals",1579,"Zinc articles",157907,"Other Zinc Products",2021,1270211
15,"Metals",1580,"Tin articles",158001,"Raw Tin",2021,351.00000000000006
15,"Metals",1580,"Tin articles",158007,"Other Tin Products",2021,133539.00000000003
15,"Metals",1581,"Cermet articles",158101,"Tungsten",2021,63228.99999999999
15,"Metals",1581,"Cermet articles",158104,"Magnesium",2021,99
15,"Metals",1581,"Cermet articles",158105,"Cobalt",2021,3201
15,"Metals",1581,"Cermet articles",158108,"Titanium",2021,922.9999999999999
15,"Metals",1581,"Cermet articles",158113,"Cermets",2021,211467
15,"Metals",1582,"Tools & cutlery",158201,"Garden Tools",2021,277145
15,"Metals",1582,"Tools & cutlery",158202,"Hand Saws",2021,23145
15,"Metals",1582,"Tools & cutlery",158203,"Hand Tools",2021,29636
15,"Metals",1582,"Tools & cutlery",158204,"Wrenches",2021,53315
15,"Metals",1582,"Tools & cutlery",158205,"Other Hand Tools",2021,691088
15,"Metals",1582,"Tools & cutlery",158206,"Tool Sets",2021,89796
15,"Metals",1582,"Tools & cutlery",158207,"Interchangeable Tool Parts",2021,659769
15,"Metals",1582,"Tools & cutlery",158208,"Cutting Blades",2021,139531
15,"Metals",1582,"Tools & cutlery",158209,"Tool Plates",2021,10142
15,"Metals",1582,"Tools & cutlery",158210,"Cooking Hand Tools",2021,10629
15,"Metals",1582,"Tools & cutlery",158211,"Knives",2021,29814
15,"Metals",1582,"Tools & cutlery",158212,"Razor Blades",2021,915706
15,"Metals",1582,"Tools & cutlery",158213,"Scissors",2021,2539
15,"Metals",1582,"Tools & cutlery",158214,"Other Cutlery",2021,20940
15,"Metals",1582,"Tools & cutlery",158215,"Cutlery Sets",2021,152059
15,"Metals",1583,"Miscellaneous metal products",158301,"Padlocks",2021,172313
15,"Metals",1583,"Miscellaneous metal products",158302,"Metal Mountings",2021,311070
15,"Metals",1583,"Miscellaneous metal products",158303,"Safes",2021,10616
15,"Metals",1583,"Miscellaneous metal products",158304,"Filing Cabinets",2021,70767
15,"Metals",1583,"Miscellaneous metal products",158305,"Metal Office Supplies",2021,24116
15,"Metals",1583,"Miscellaneous metal products",158306,"Bells and Other Metal Ornaments",2021,338543
15,"Metals",1583,"Miscellaneous metal products",158307,"Flexible Metal Tubing",2021,60847
15,"Metals",1583,"Miscellaneous metal products",158308,"Other Metal Fasteners",2021,49344
15,"Metals",1583,"Miscellaneous metal products",158309,"Metal Stoppers",2021,14742113
15,"Metals",1583,"Miscellaneous metal products",158310,"Metal Signs",2021,614332
15,"Metals",1583,"Miscellaneous metal products",158311,"Coated Metal Soldering Products",2021,525674
16,"Machines",1684,"Machinery, mechanical appliances, & parts",168401,"Nuclear Reactors",2021,1956.9999999999998
16,"Machines",1684,"Machinery, mechanical appliances, & parts",168402,"Steam Boilers",2021,770348
16,"Machines",1684,"Machinery, mechanical appliances, & parts",168403,"Central Heating Boilers",2021,155109
16,"Machines",1684,"Machinery, mechanical appliances, & parts",168404,"Boiler Plants",2021,31245
16,"Machines",1684,"Machinery, mechanical appliances, & parts",168405,"Water and Gas Generators",2021,60549
16,"Machines",1684,"Machinery, mechanical appliances, & parts",168406,"Steam Turbines",2021,100625
16,"Machines",1684,"Machinery, mechanical appliances, & parts",168407,"Spark-Ignition Engines",2021,2195654
16,"Machines",1684,"Machinery, mechanical appliances, & parts",168408,"Combustion Engines",2021,862644
16,"Machines",1684,"Machinery, mechanical appliances, & parts",168409,"Engine Parts",2021,881092
16,"Machines",1684,"Machinery, mechanical appliances, & parts",168410,"Hydraulic Turbines",2021,140
16,"Machines",1684,"Machinery, mechanical appliances, & parts",168411,"Gas Turbines",2021,8037312
16,"Machines",1684,"Machinery, mechanical appliances, & parts",168412,"Other Engines",2021,340815
16,"Machines",1684,"Machinery, mechanical appliances, & parts",168413,"Liquid Pumps",2021,11788051
16,"Machines",1684,"Machinery, mechanical appliances, & parts",168414,"Air Pumps",2021,1972375
16,"Machines",1684,"Machinery, mechanical appliances, & parts",168415,"Air Conditioners",2021,396031
16,"Machines",1684,"Machinery, mechanical appliances, & parts",168416,"Liquid Fuel Furnaces",2021,59820.00000000001
16,"Machines",1684,"Machinery, mechanical appliances, & parts",168417,"Industrial Furnaces",2021,249523
16,"Machines",1684,"Machinery, mechanical appliances, & parts",168418,"Refrigerators",2021,2112837
16,"Machines",1684,"Machinery, mechanical appliances, & parts",168419,"Other Heating Machinery",2021,1609764
16,"Machines",1684,"Machinery, mechanical appliances, & parts",168420,"Rolling Machines",2021,62269
16,"Machines",1684,"Machinery, mechanical appliances, & parts",168421,"Centrifuges",2021,3105604
16,"Machines",1684,"Machinery, mechanical appliances, & parts",168422,"Washing and Bottling Machines",2021,2074530
16,"Machines",1684,"Machinery, mechanical appliances, & parts",168423,"Scales",2021,312906
16,"Machines",1684,"Machinery, mechanical appliances, & parts",168424,"Liquid Dispersing Machines",2021,1597591
16,"Machines",1684,"Machinery, mechanical appliances, & parts",168425,"Pulley Systems",2021,537196
16,"Machines",1684,"Machinery, mechanical appliances, & parts",168426,"Cranes",2021,1312561
16,"Machines",1684,"Machinery, mechanical appliances, & parts",168427,"Fork-Lifts",2021,881034
16,"Machines",1684,"Machinery, mechanical appliances, & parts",168428,"Lifting Machinery",2021,205287
16,"Machines",1684,"Machinery, mechanical appliances, & parts",168429,"Large Construction Vehicles",2021,25655792
16,"Machines",1684,"Machinery, mechanical appliances, & parts",168430,"Other Construction Vehicles",2021,15199054
16,"Machines",1684,"Machinery, mechanical appliances, & parts",168431,"Excavation Machinery",2021,9387290
16,"Machines",1684,"Machinery, mechanical appliances, & parts",168432,"Soil Preparation Machinery",2021,716234
16,"Machines",1684,"Machinery, mechanical appliances, & parts",168433,"Harvesting Machinery",2021,1120906
16,"Machines",1684,"Machinery, mechanical appliances, & parts",168434,"Dairy Machinery",2021,75525
16,"Machines",1684,"Machinery, mechanical appliances, & parts",168435,"Fruit Pressing Machinery",2021,496546.99999999994
16,"Machines",1684,"Machinery, mechanical appliances, & parts",168436,"Other Agricultural Machinery",2021,368906
16,"Machines",1684,"Machinery, mechanical appliances, & parts",168437,"Mill Machinery",2021,502346
16,"Machines",1684,"Machinery, mechanical appliances, & parts",168438,"Industrial Food Preperation Machinery",2021,2390212
16,"Machines",1684,"Machinery, mechanical appliances, & parts",168439,"Papermaking Machines",2021,6640
16,"Machines",1684,"Machinery, mechanical appliances, & parts",168440,"Book-binding Machines",2021,185206
16,"Machines",1684,"Machinery, mechanical appliances, & parts",168441,"Other Paper Machinery",2021,817440
16,"Machines",1684,"Machinery, mechanical appliances, & parts",168442,"Print Production Machinery",2021,1358147
16,"Machines",1684,"Machinery, mechanical appliances, & parts",168443,"Industrial Printers",2021,2593395
16,"Machines",1684,"Machinery, mechanical appliances, & parts",168444,"Artificial Textile Machinery",2021,1732
16,"Machines",1684,"Machinery, mechanical appliances, & parts",168445,"Textile Fiber Machinery",2021,32675.999999999996
16,"Machines",1684,"Machinery, mechanical appliances, & parts",168446,"Looms",2021,90
16,"Machines",1684,"Machinery, mechanical appliances, & parts",168447,"Knitting Machines",2021,27507
16,"Machines",1684,"Machinery, mechanical appliances, & parts",168448,"Knitting Machine Accessories",2021,31882
16,"Machines",1684,"Machinery, mechanical appliances, & parts",168449,"Felt Machinery",2021,4478
16,"Machines",1684,"Machinery, mechanical appliances, & parts",168450,"Household Washing Machines",2021,227854
16,"Machines",1684,"Machinery, mechanical appliances, & parts",168451,"Textile Processing Machines",2021,511771
16,"Machines",1684,"Machinery, mechanical appliances, & parts",168452,"Sewing Machines",2021,358919
16,"Machines",1684,"Machinery, mechanical appliances, & parts",168453,"Leather Machinery",2021,216808
16,"Machines",1684,"Machinery, mechanical appliances, & parts",168454,"Casting Machines",2021,48612
16,"Machines",1684,"Machinery, mechanical appliances, & parts",168455,"Metal-Rolling Mills",2021,222537.99999999997
16,"Machines",1684,"Machinery, mechanical appliances, & parts",168456,"Non-Mechanical Removal Machinery",2021,46874
16,"Machines",1684,"Machinery, mechanical appliances, & parts",168457,"Metalworking Transfer Machines",2021,821
16,"Machines",1684,"Machinery, mechanical appliances, & parts",168458,"Metal Lathes",2021,305226
16,"Machines",1684,"Machinery, mechanical appliances, & parts",168459,"Drilling Machines",2021,4756037
16,"Machines",1684,"Machinery, mechanical appliances, & parts",168460,"Metal Finishing Machines",2021,41757
16,"Machines",1684,"Machinery, mechanical appliances, & parts",168461,"Metalworking Machines",2021,17533
16,"Machines",1684,"Machinery, mechanical appliances, & parts",168462,"Forging Machines",2021,864485
16,"Machines",1684,"Machinery, mechanical appliances, & parts",168463,"Other Non-Metal Removal Machinery",2021,196863.00000000003
16,"Machines",1684,"Machinery, mechanical appliances, & parts",168464,"Stone Working Machines",2021,64202
16,"Machines",1684,"Machinery, mechanical appliances, & parts",168465,"Woodworking machines",2021,110005
16,"Machines",1684,"Machinery, mechanical appliances, & parts",168466,"Metalworking Machine Parts",2021,2448472
16,"Machines",1684,"Machinery, mechanical appliances, & parts",168467,"Motor-working Tools",2021,130419
16,"Machines",1684,"Machinery, mechanical appliances, & parts",168468,"Soldering and Welding Machinery",2021,42859
16,"Machines",1684,"Machinery, mechanical appliances, & parts",168470,"Calculators",2021,483957
16,"Machines",1684,"Machinery, mechanical appliances, & parts",168471,"Computers",2021,4320736
16,"Machines",1684,"Machinery, mechanical appliances, & parts",168472,"Other Office Machines",2021,285694
16,"Machines",1684,"Machinery, mechanical appliances, & parts",168473,"Office Machine Parts",2021,2848034
16,"Machines",1684,"Machinery, mechanical appliances, & parts",168474,"Stone Processing Machines",2021,4902465
16,"Machines",1684,"Machinery, mechanical appliances, & parts",168475,"Glass Working Machines",2021,108350.00000000001
16,"Machines",1684,"Machinery, mechanical appliances, & parts",168476,"Vending Machines",2021,76206
16,"Machines",1684,"Machinery, mechanical appliances, & parts",168477,"Rubberworking Machinery",2021,1170655
16,"Machines",1684,"Machinery, mechanical appliances, & parts",168478,"Tobacco Processing Machines",2021,37618
16,"Machines",1684,"Machinery, mechanical appliances, & parts",168479,"Machinery Having Individual Functions",2021,3646904
16,"Machines",1684,"Machinery, mechanical appliances, & parts",168480,"Metal Molds",2021,1201933
16,"Machines",1684,"Machinery, mechanical appliances, & parts",168481,"Valves",2021,1071901
16,"Machines",1684,"Machinery, mechanical appliances, & parts",168482,"Ball Bearings",2021,241360
16,"Machines",1684,"Machinery, mechanical appliances, & parts",168483,"Transmissions",2021,948663
16,"Machines",1684,"Machinery, mechanical appliances, & parts",168484,"Gaskets",2021,267286
16,"Machines",1684,"Machinery, mechanical appliances, & parts",168485,"Boat Propellers",2021,207801.00000000003
16,"Machines",1685,"Electrical machinery and electronics",168501,"Electric Motors",2021,7074312
16,"Machines",1685,"Electrical machinery and electronics",168502,"Electric Generating Sets",2021,8173276
16,"Machines",1685,"Electrical machinery and electronics",168503,"Electric Motor Parts",2021,332320
16,"Machines",1685,"Electrical machinery and electronics",168504,"Electrical Transformers",2021,3815988
16,"Machines",1685,"Electrical machinery and electronics",168505,"Electromagnets",2021,26585
16,"Machines",1685,"Electrical machinery and electronics",168506,"Batteries",2021,305976
16,"Machines",1685,"Electrical machinery and electronics",168507,"Electric Batteries",2021,26397517
16,"Machines",1685,"Electrical machinery and electronics",168508,"Vacuum Cleaners",2021,553736
16,"Machines",1685,"Electrical machinery and electronics",168509,"Other Domestic Electric Housewares",2021,309197
16,"Machines",1685,"Electrical machinery and electronics",168510,"Hair Trimmers",2021,12870
16,"Machines",1685,"Electrical machinery and electronics",168511,"Electrical Ignitions",2021,509564
16,"Machines",1685,"Electrical machinery and electronics",168512,"Electrical Lighting and Signalling Equipment",2021,123026
16,"Machines",1685,"Electrical machinery and electronics",168513,"Portable Lighting",2021,1091497
16,"Machines",1685,"Electrical machinery and electronics",168514,"Electric Furnaces",2021,128564
16,"Machines",1685,"Electrical machinery and electronics",168515,"Electric Soldering Equipment",2021,174325
16,"Machines",1685,"Electrical machinery and electronics",168516,"Electric Heaters",2021,716961
16,"Machines",1685,"Electrical machinery and electronics",168517,"Telephones",2021,1934707
16,"Machines",1685,"Electrical machinery and electronics",168518,"Microphones and Headphones",2021,424259
16,"Machines",1685,"Electrical machinery and electronics",168519,"Sound Recording Equipment",2021,6201
16,"Machines",1685,"Electrical machinery and electronics",168520,"Dictation Machines",2021,685
16,"Machines",1685,"Electrical machinery and electronics",168521,"Video Recording Equipment",2021,351903
16,"Machines",1685,"Electrical machinery and electronics",168522,"Audio and Video Recording Accessories",2021,4009
16,"Machines",1685,"Electrical machinery and electronics",168523,"Blank Audio Media",2021,591733
16,"Machines",1685,"Electrical machinery and electronics",168524,"Sound Recordings",2021,209415
16,"Machines",1685,"Electrical machinery and electronics",168525,"Broadcasting Equipment",2021,5818707
16,"Machines",1685,"Electrical machinery and electronics",168526,"Navigation Equipment",2021,771708
16,"Machines",1685,"Electrical machinery and electronics",168527,"Radio Receivers",2021,748958
16,"Machines",1685,"Electrical machinery and electronics",168528,"Video Displays",2021,2459496
16,"Machines",1685,"Electrical machinery and electronics",168529,"Broadcasting Accessories",2021,195801
16,"Machines",1685,"Electrical machinery and electronics",168530,"Traffic Signals",2021,98000
16,"Machines",1685,"Electrical machinery and electronics",168531,"Audio Alarms",2021,530362
16,"Machines",1685,"Electrical machinery and electronics",168532,"Electrical Capacitors",2021,78290
16,"Machines",1685,"Electrical machinery and electronics",168533,"Electrical Resistors",2021,33400
16,"Machines",1685,"Electrical machinery and electronics",168534,"Printed Circuit Boards",2021,84467
16,"Machines",1685,"Electrical machinery and electronics",168535,"High-voltage Protection Equipment",2021,217983
16,"Machines",1685,"Electrical machinery and electronics",168536,"Low-voltage Protection Equipment",2021,1414282
16,"Machines",1685,"Electrical machinery and electronics",168537,"Electrical Control Boards",2021,3205518
16,"Machines",1685,"Electrical machinery and electronics",168538,"Electrical Power Accessories",2021,4097316
16,"Machines",1685,"Electrical machinery and electronics",168539,"Electric Filament",2021,124676
16,"Machines",1685,"Electrical machinery and electronics",168540,"Cathode Tubes",2021,4405
16,"Machines",1685,"Electrical machinery and electronics",168541,"Semiconductor Devices",2021,2541984
16,"Machines",1685,"Electrical machinery and electronics",168542,"Integrated Circuits",2021,1515120
16,"Machines",1685,"Electrical machinery and electronics",168543,"Other Electrical Machinery",2021,678061
16,"Machines",1685,"Electrical machinery and electronics",168544,"Insulated Wire",2021,5820451
16,"Machines",1685,"Electrical machinery and electronics",168545,"Carbon-based Electronics",2021,18579
16,"Machines",1685,"Electrical machinery and electronics",168546,"Electrical Insulators",2021,60820
16,"Machines",1685,"Electrical machinery and electronics",168547,"Metal Insulating Fittings",2021,58547
16,"Machines",1685,"Electrical machinery and electronics",168548,"Electrical Parts",2021,1020
17,"Transportation",1786,"Railway and trams",178607,"Locomotive Parts",2021,645
17,"Transportation",1786,"Railway and trams",178609,"Railway Cargo Containers",2021,600259
17,"Transportation",1787,"Cars, tractors, trucks & parts thereof.",178701,"Tractors",2021,9441776
17,"Transportation",1787,"Cars, tractors, trucks & parts thereof.",178702,"Buses",2021,9581331
17,"Transportation",1787,"Cars, tractors, trucks & parts thereof.",178703,"Cars",2021,14767295
17,"Transportation",1787,"Cars, tractors, trucks & parts thereof.",178704,"Delivery Trucks",2021,17606483
17,"Transportation",1787,"Cars, tractors, trucks & parts thereof.",178705,"Special purpose motor vehicles",2021,3916957
17,"Transportation",1787,"Cars, tractors, trucks & parts thereof.",178706,"Motor vehicle (8701 to 8705) chassis fitted with engine",2021,842991
17,"Transportation",1787,"Cars, tractors, trucks & parts thereof.",178707,"Vehicle Bodies (including cabs) for the motor vehicles (8701 to 8705)",2021,669688
17,"Transportation",1787,"Cars, tractors, trucks & parts thereof.",178708,"Motor vehicles; parts and accessories (8701 to 8705)",2021,4041579
17,"Transportation",1787,"Cars, tractors, trucks & parts thereof.",178709,"Work Trucks",2021,467
17,"Transportation",1787,"Cars, tractors, trucks & parts thereof.",178711,"Motorcycles and cycles",2021,3041236
17,"Transportation",1787,"Cars, tractors, trucks & parts thereof.",178712,"Bicycles, delivery tricycles, other cycles",2021,144512
17,"Transportation",1787,"Cars, tractors, trucks & parts thereof.",178713,"Wheelchairs",2021,103424
17,"Transportation",1787,"Cars, tractors, trucks & parts thereof.",178714,"Bi-Wheel Vehicle Parts",2021,620552
17,"Transportation",1787,"Cars, tractors, trucks & parts thereof.",178715,"Baby Carriages",2021,2419
17,"Transportation",1787,"Cars, tractors, trucks & parts thereof.",178716,"Trailers and semi-trailers, not mechanically propelled vehicles",2021,15581131
17,"Transportation",1788,"Aircraft and Spacecraft",178801,"Non-powered Aircraft",2021,766678
17,"Transportation",1788,"Aircraft and Spacecraft",178802,"Planes, Helicopters, and/or Spacecraft",2021,3326482
17,"Transportation",1788,"Aircraft and Spacecraft",178803,"Aircraft parts (gliders, balloons, and powered aircraft)",2021,5672194
17,"Transportation",1788,"Aircraft and Spacecraft",178804,"Parachutes",2021,7295
17,"Transportation",1788,"Aircraft and Spacecraft",178805,"Aircraft Launch Gear",2021,1586710
17,"Transportation",1789,"Ships, boats, & floating structures",178901,"Passenger and Cargo Ships",2021,6629
17,"Transportation",1789,"Ships, boats, & floating structures",178902,"Fishing Ships",2021,194130
17,"Transportation",1789,"Ships, boats, & floating structures",178903,"Recreational Boats",2021,5297256
17,"Transportation",1789,"Ships, boats, & floating structures",178905,"Special Purpose Ships",2021,101228
17,"Transportation",1789,"Ships, boats, & floating structures",178906,"Other Sea Vessels",2021,6295633
17,"Transportation",1789,"Ships, boats, & floating structures",178907,"Other Floating Structures",2021,9756
18,"Instruments",1890,"Optical, photo, & film equipment; medical instruments",189001,"Optical Fibers and optical fibre bundles",2021,76673
18,"Instruments",1890,"Optical, photo, & film equipment; medical instruments",189002,"Mirrors and Lenses",2021,18504
18,"Instruments",1890,"Optical, photo, & film equipment; medical instruments",189003,"Eyewear Frames",2021,490331
18,"Instruments",1890,"Optical, photo, & film equipment; medical instruments",189004,"Eyewear",2021,264737
18,"Instruments",1890,"Optical, photo, & film equipment; medical instruments",189005,"Binoculars and Telescopes",2021,17242
18,"Instruments",1890,"Optical, photo, & film equipment; medical instruments",189006,"Cameras",2021,41277
18,"Instruments",1890,"Optical, photo, & film equipment; medical instruments",189007,"Video Cameras",2021,18934
18,"Instruments",1890,"Optical, photo, & film equipment; medical instruments",189008,"Image Projectors",2021,10259
18,"Instruments",1890,"Optical, photo, & film equipment; medical instruments",189009,"Photocopiers",2021,330610
18,"Instruments",1890,"Optical, photo, & film equipment; medical instruments",189010,"Photo Lab Equipment",2021,105359
18,"Instruments",1890,"Optical, photo, & film equipment; medical instruments",189011,"Microscopes",2021,8051
18,"Instruments",1890,"Optical, photo, & film equipment; medical instruments",189012,"Non-optical Microscopes",2021,1305.9999999999998
18,"Instruments",1890,"Optical, photo, & film equipment; medical instruments",189013,"LCDs",2021,77212
18,"Instruments",1890,"Optical, photo, & film equipment; medical instruments",189014,"Compasses",2021,538989
18,"Instruments",1890,"Optical, photo, & film equipment; medical instruments",189015,"Surveying Equipment",2021,1439885
18,"Instruments",1890,"Optical, photo, & film equipment; medical instruments",189016,"Balances",2021,13113
18,"Instruments",1890,"Optical, photo, & film equipment; medical instruments",189017,"Drafting Tools",2021,175945
18,"Instruments",1890,"Optical, photo, & film equipment; medical instruments",189018,"Medical Instruments",2021,19773634
18,"Instruments",1890,"Optical, photo, & film equipment; medical instruments",189019,"Therapeutic Appliances",2021,606721
18,"Instruments",1890,"Optical, photo, & film equipment; medical instruments",189020,"Breathing Appliances",2021,391684
18,"Instruments",1890,"Optical, photo, & film equipment; medical instruments",189021,"Orthopedic Appliances",2021,1131576
18,"Instruments",1890,"Optical, photo, & film equipment; medical instruments",189022,"X-Ray Equipment",2021,2145466
18,"Instruments",1890,"Optical, photo, & film equipment; medical instruments",189023,"Instructional Models",2021,3325381
18,"Instruments",1890,"Optical, photo, & film equipment; medical instruments",189024,"Tensile Testing Machines",2021,34405
18,"Instruments",1890,"Optical, photo, & film equipment; medical instruments",189025,"Hydrometers",2021,125397
18,"Instruments",1890,"Optical, photo, & film equipment; medical instruments",189026,"Gas and Liquid Flow Measuring Instruments",2021,600445
18,"Instruments",1890,"Optical, photo, & film equipment; medical instruments",189027,"Chemical Analysis Instruments",2021,1416896
18,"Instruments",1890,"Optical, photo, & film equipment; medical instruments",189028,"Utility Meters",2021,298650
18,"Instruments",1890,"Optical, photo, & film equipment; medical instruments",189029,"Revolution Counters",2021,30717
18,"Instruments",1890,"Optical, photo, & film equipment; medical instruments",189030,"Oscilloscopes",2021,918820
18,"Instruments",1890,"Optical, photo, & film equipment; medical instruments",189031,"Other Measuring Instruments",2021,1214923
18,"Instruments",1890,"Optical, photo, & film equipment; medical instruments",189032,"Thermostats",2021,782270
18,"Instruments",1890,"Optical, photo, & film equipment; medical instruments",189033,"Opto-Electric Instrument Parts",2021,77205
18,"Instruments",1891,"Clocks, watches, & parts",189101,"Precious Metal Watches",2021,28434
18,"Instruments",1891,"Clocks, watches, & parts",189102,"Base Metal Watches",2021,160341
18,"Instruments",1891,"Clocks, watches, & parts",189103,"Clocks with Watch Movements",2021,620
18,"Instruments",1891,"Clocks, watches, & parts",189104,"Dashboard Clocks",2021,34
18,"Instruments",1891,"Clocks, watches, & parts",189105,"Other Clocks",2021,9621
18,"Instruments",1891,"Clocks, watches, & parts",189106,"Time Recording Instruments",2021,1123
18,"Instruments",1891,"Clocks, watches, & parts",189107,"Time Switches",2021,2648
18,"Instruments",1891,"Clocks, watches, & parts",189109,"Clock Movements",2021,69
18,"Instruments",1891,"Clocks, watches, & parts",189113,"Watch Straps",2021,2703
18,"Instruments",1891,"Clocks, watches, & parts",189114,"Other Clocks and Watches",2021,448
18,"Instruments",1892,"Musical instruments",189201,"Pianos",2021,20905
18,"Instruments",1892,"Musical instruments",189202,"String Instruments",2021,5343
18,"Instruments",1892,"Musical instruments",189205,"Wind Instruments",2021,2960
18,"Instruments",1892,"Musical instruments",189206,"Percussion",2021,77009
18,"Instruments",1892,"Musical instruments",189207,"Electric Musical Instruments",2021,47074
18,"Instruments",1892,"Musical instruments",189208,"Other Musical Instruments",2021,430
18,"Instruments",1892,"Musical instruments",189209,"Musical Instrument Parts",2021,4763
19,"Weapons",1993,"Weapons",199302,"Handguns",2021,1183
19,"Weapons",1993,"Weapons",199303,"Other Firearms",2021,95448
19,"Weapons",1993,"Weapons",199305,"Weapons Parts and Accessories",2021,1122
19,"Weapons",1993,"Weapons",199306,"Explosive Ammunition",2021,1200688
19,"Weapons",1993,"Weapons",199307,"Bladed Weapons and Accessories",2021,529
20,"Miscellaneous",2094,"Furniture, bedding, lamps, & prefab buildings",209401,"Seats",2021,964144
20,"Miscellaneous",2094,"Furniture, bedding, lamps, & prefab buildings",209402,"Medical Furniture",2021,413148
20,"Miscellaneous",2094,"Furniture, bedding, lamps, & prefab buildings",209403,"Other Furniture",2021,9405685
20,"Miscellaneous",2094,"Furniture, bedding, lamps, & prefab buildings",209404,"Mattresses",2021,694437
20,"Miscellaneous",2094,"Furniture, bedding, lamps, & prefab buildings",209405,"Light Fixtures",2021,7942583
20,"Miscellaneous",2094,"Furniture, bedding, lamps, & prefab buildings",209406,"Prefabricated Buildings",2021,6283494
20,"Miscellaneous",2095,"Toys, games, & sports",209503,"Other toys",2021,225598
20,"Miscellaneous",2095,"Toys, games, & sports",209504,"Video and Card Games",2021,32819716
20,"Miscellaneous",2095,"Toys, games, & sports",209505,"Party Decorations",2021,128036
20,"Miscellaneous",2095,"Toys, games, & sports",209506,"Sports Equipment",2021,810840
20,"Miscellaneous",2095,"Toys, games, & sports",209507,"Fishing and Hunting Equipment",2021,3324639
20,"Miscellaneous",2095,"Toys, games, & sports",209508,"Fairground Amusements",2021,5953
20,"Miscellaneous",2096,"Misc. manufactures",209601,"Worked Ivory and Bone",2021,51235
20,"Miscellaneous",2096,"Misc. manufactures",209602,"Vegetable and Mineral Carvings",2021,52835
20,"Miscellaneous",2096,"Misc. manufactures",209603,"Brooms",2021,1198046
20,"Miscellaneous",2096,"Misc. manufactures",209604,"Hand Sifters",2021,587
20,"Miscellaneous",2096,"Misc. manufactures",209605,"Travel Kits",2021,454318
20,"Miscellaneous",2096,"Misc. manufactures",209606,"Buttons",2021,65180
20,"Miscellaneous",2096,"Misc. manufactures",209607,"Zippers",2021,22400
20,"Miscellaneous",2096,"Misc. manufactures",209608,"Pens",2021,11560646
20,"Miscellaneous",2096,"Misc. manufactures",209609,"Pencils and Crayons",2021,85460.00000000001
20,"Miscellaneous",2096,"Misc. manufactures",209610,"Chalkboards",2021,40667
20,"Miscellaneous",2096,"Misc. manufactures",209611,"Rubber Stamps",2021,32622
20,"Miscellaneous",2096,"Misc. manufactures",209612,"Ink Ribbons",2021,56151
20,"Miscellaneous",2096,"Misc. manufactures",209613,"Lighters",2021,24353
20,"Miscellaneous",2096,"Misc. manufactures",209614,"Smoking Pipes",2021,946.0000000000001
20,"Miscellaneous",2096,"Misc. manufactures",209615,"Combs",2021,59721
20,"Miscellaneous",2096,"Misc. manufactures",209616,"Scent Sprays",2021,3529
20,"Miscellaneous",2096,"Misc. manufactures",209617,"Vacuum Flask",2021,151543
20,"Miscellaneous",2096,"Misc. manufactures",209618,"Mannequins",2021,1734403
21,"Arts and Antiques",2197,"Art & antiques",219701,"Paintings",2021,1852010
21,"Arts and Antiques",2197,"Art & antiques",219702,"Prints",2021,5614
21,"Arts and Antiques",2197,"Art & antiques",219703,"Sculptures",2021,720638
21,"Arts and Antiques",2197,"Art & antiques",219704,"Revenue Stamps",2021,10508
21,"Arts and Antiques",2197,"Art & antiques",219705,"Collector's Items",2021,60284
21,"Arts and Antiques",2197,"Art & antiques",219706,"Antiques",2021,36570.00000000001