Section ID,Section,HS2 ID,HS2,HS4 ID,HS4,Year,Trade Value
1,"Animal Products",101,"Live animals",10101,"Horses",2021,31439
1,"Animal Products",101,"Live animals",10102,"Bovine",2021,1874
1,"Animal Products",101,"Live animals",10104,"Sheep and Goats",2021,32060058
1,"Animal Products",101,"Live animals",10105,"Poultry",2021,8503
1,"Animal Products",101,"Live animals",10106,"Other Animals",2021,4024182
1,"Animal Products",102,"Meat & edible offal",10201,"Bovine Meat",2021,93914.99999999999
1,"Animal Products",102,"Meat & edible offal",10202,"Frozen Bovine Meat",2021,390693
1,"Animal Products",102,"Meat & edible offal",10203,"Pig Meat",2021,149058
1,"Animal Products",102,"Meat & edible offal",10204,"Sheep and Goat Meat",2021,147707
1,"Animal Products",102,"Meat & edible offal",10205,"Horse Meat",2021,73
1,"Animal Products",102,"Meat & edible offal",10206,"Edible Offal",2021,342011
1,"Animal Products",102,"Meat & edible offal",10207,"Poultry Meat",2021,2465867
1,"Animal Products",102,"Meat & edible offal",10208,"Other Meat",2021,142084
1,"Animal Products",102,"Meat & edible offal",10210,"Preserved Meat",2021,35881
1,"Animal Products",103,"Fish, Crustaceans & Molluscs",10301,"Live Fish",2021,11449.000000000002
1,"Animal Products",103,"Fish, Crustaceans & Molluscs",10302,"Non-fillet Fresh Fish",2021,460321
1,"Animal Products",103,"Fish, Crustaceans & Molluscs",10303,"Non-fillet Frozen Fish",2021,2482358
1,"Animal Products",103,"Fish, Crustaceans & Molluscs",10304,"Fish Fillets",2021,259336
1,"Animal Products",103,"Fish, Crustaceans & Molluscs",10305,"Dried/Salted/Smoked/Brined Fish",2021,289221
1,"Animal Products",103,"Fish, Crustaceans & Molluscs",10306,"Crustaceans",2021,2179
1,"Animal Products",103,"Fish, Crustaceans & Molluscs",10307,"Molluscs",2021,2315
1,"Animal Products",104,"Edible products of animal origin, n.e.s.",10401,"Milk",2021,125178
1,"Animal Products",104,"Edible products of animal origin, n.e.s.",10402,"Concentrated Milk",2021,332582
1,"Animal Products",104,"Edible products of animal origin, n.e.s.",10403,"Fermented Milk Products",2021,590705
1,"Animal Products",104,"Edible products of animal origin, n.e.s.",10404,"Whey and other milk products",2021,27262
1,"Animal Products",104,"Edible products of animal origin, n.e.s.",10405,"Butter",2021,143710
1,"Animal Products",104,"Edible products of animal origin, n.e.s.",10406,"Cheese",2021,1776187
1,"Animal Products",104,"Edible products of animal origin, n.e.s.",10407,"Eggs",2021,270002
1,"Animal Products",104,"Edible products of animal origin, n.e.s.",10408,"Processed Egg Products",2021,1094
1,"Animal Products",104,"Edible products of animal origin, n.e.s.",10409,"Honey",2021,992218
1,"Animal Products",104,"Edible products of animal origin, n.e.s.",10410,"Other Edible Animal Products",2021,4592
1,"Animal Products",105,"Animal originated products, n.e.s.",10502,"Pig Hair",2021,3
1,"Animal Products",105,"Animal originated products, n.e.s.",10504,"Animal Organs",2021,24467824
1,"Animal Products",105,"Animal originated products, n.e.s.",10505,"Bird Feathers and Skins",2021,209777
1,"Animal Products",105,"Animal originated products, n.e.s.",10506,"Processed Bones",2021,55.99999999999999
1,"Animal Products",105,"Animal originated products, n.e.s.",10511,"Other Inedible Animal Products",2021,34681
2,"Vegetable Products",206,"Live trees, plants, bulbs, cut flowers, & ornamental foliage",20601,"Bulbs and Roots",2021,56497
2,"Vegetable Products",206,"Live trees, plants, bulbs, cut flowers, & ornamental foliage",20602,"Other live plants, cuttings and slips;
mushroom spawn",2021,574766
2,"Vegetable Products",206,"Live trees, plants, bulbs, cut flowers, & ornamental foliage",20603,"Cut Flowers",2021,1047963
2,"Vegetable Products",206,"Live trees, plants, bulbs, cut flowers, & ornamental foliage",20604,"Plant foliage",2021,675422
2,"Vegetable Products",207,"Edible vegetables, roots, & tubers",20701,"Potatoes",2021,16454838
2,"Vegetable Products",207,"Edible vegetables, roots, & tubers",20702,"Tomatoes",2021,4342074
2,"Vegetable Products",207,"Edible vegetables, roots, & tubers",20703,"Onions",2021,3973678
2,"Vegetable Products",207,"Edible vegetables, roots, & tubers",20704,"Cabbages",2021,528542
2,"Vegetable Products",207,"Edible vegetables, roots, & tubers",20705,"Lettuce",2021,4003203
2,"Vegetable Products",207,"Edible vegetables, roots, & tubers",20706,"Root Vegetables",2021,1354037
2,"Vegetable Products",207,"Edible vegetables, roots, & tubers",20707,"Cucumbers",2021,1477345
2,"Vegetable Products",207,"Edible vegetables, roots, & tubers",20708,"Legumes",2021,2607549
2,"Vegetable Products",207,"Edible vegetables, roots, & tubers",20709,"Other Vegetables",2021,17163756
2,"Vegetable Products",207,"Edible vegetables, roots, & tubers",20710,"Frozen Vegetables",2021,3772847
2,"Vegetable Products",207,"Edible vegetables, roots, & tubers",20711,"Preserved Vegetables",2021,241613
2,"Vegetable Products",207,"Edible vegetables, roots, & tubers",20712,"Dried Vegetables",2021,366991
2,"Vegetable Products",207,"Edible vegetables, roots, & tubers",20713,"Dried Legumes",2021,2036571
2,"Vegetable Products",207,"Edible vegetables, roots, & tubers",20714,"Cassava",2021,278287
2,"Vegetable Products",208,"Edible fruits, nuts & fruit peels",20801,"Coconuts, Brazil Nuts, and Cashews",2021,543875
2,"Vegetable Products",208,"Edible fruits, nuts & fruit peels",20802,"Other Nuts",2021,10345592
2,"Vegetable Products",208,"Edible fruits, nuts & fruit peels",20803,"Bananas",2021,38219562
2,"Vegetable Products",208,"Edible fruits, nuts & fruit peels",20804,"Tropical Fruits",2021,20395430
2,"Vegetable Products",208,"Edible fruits, nuts & fruit peels",20805,"Citrus",2021,34742307
2,"Vegetable Products",208,"Edible fruits, nuts & fruit peels",20806,"Grapes",2021,106311762
2,"Vegetable Products",208,"Edible fruits, nuts & fruit peels",20807,"Melons",2021,651673
2,"Vegetable Products",208,"Edible fruits, nuts & fruit peels",20808,"Apples and Pears",2021,50101575
2,"Vegetable Products",208,"Edible fruits, nuts & fruit peels",20809,"Pitted Fruits",2021,47536478
2,"Vegetable Products",208,"Edible fruits, nuts & fruit peels",20810,"Other Fruits",2021,53801921
2,"Vegetable Products",208,"Edible fruits, nuts & fruit peels",20811,"Frozen Fruits and Nuts",2021,862640
2,"Vegetable Products",208,"Edible fruits, nuts & fruit peels",20812,"Preserved Fruits and Nuts",2021,56915
2,"Vegetable Products",208,"Edible fruits, nuts & fruit peels",20813,"Dried Fruits",2021,780087
2,"Vegetable Products",208,"Edible fruits, nuts & fruit peels",20814,"Citrus and Melon Peels",2021,6789
2,"Vegetable Products",209,"Coffee, tea, mate & spices",20901,"Coffee",2021,21212633
2,"Vegetable Products",209,"Coffee, tea, mate & spices",20902,"Tea",2021,853453
2,"Vegetable Products",209,"Coffee, tea, mate & spices",20903,"Mate",2021,161382
2,"Vegetable Products",209,"Coffee, tea, mate & spices",20904,"Pepper",2021,588862
2,"Vegetable Products",209,"Coffee, tea, mate & spices",20905,"Vanilla",2021,50864
2,"Vegetable Products",209,"Coffee, tea, mate & spices",20906,"Cinnamon",2021,186578
2,"Vegetable Products",209,"Coffee, tea, mate & spices",20907,"Cloves",2021,34432
2,"Vegetable Products",209,"Coffee, tea, mate & spices",20908,"Nutmeg, mace and cardamons",2021,236830
2,"Vegetable Products",209,"Coffee, tea, mate & spices",20909,"Spice Seeds",2021,728395
2,"Vegetable Products",209,"Coffee, tea, mate & spices",20910,"Spices",2021,12510410
2,"Vegetable Products",210,"Cereals",21001,"Wheat",2021,1529516
2,"Vegetable Products",210,"Cereals",21002,"Rye",2021,109
2,"Vegetable Products",210,"Cereals",21003,"Barley",2021,3498
2,"Vegetable Products",210,"Cereals",21004,"Oats",2021,5138
2,"Vegetable Products",210,"Cereals",21005,"Corn",2021,195902
2,"Vegetable Products",210,"Cereals",21006,"Rice",2021,8306153
2,"Vegetable Products",210,"Cereals",21008,"Buckwheat",2021,113137
2,"Vegetable Products",211,"Products of the milling industry",21101,"Wheat Flours",2021,5114679
2,"Vegetable Products",211,"Products of the milling industry",21102,"Cereal Flours",2021,229699
2,"Vegetable Products",211,"Products of the milling industry",21103,"Cereal Meal and Pellets",2021,1003772
2,"Vegetable Products",211,"Products of the milling industry",21104,"Processed Cereals",2021,222502
2,"Vegetable Products",211,"Products of the milling industry",21105,"Potato Flours",2021,5070620
2,"Vegetable Products",211,"Products of the milling industry",21106,"Legume Flours",2021,301956
2,"Vegetable Products",211,"Products of the milling industry",21107,"Malt",2021,21219
2,"Vegetable Products",211,"Products of the milling industry",21108,"Starches",2021,241842
2,"Vegetable Products",211,"Products of the milling industry",21109,"Wheat Gluten",2021,19582
2,"Vegetable Products",212,"Oils seeds, oleaginous fruits, grains, straw & fodder",21201,"Soybeans",2021,3937
2,"Vegetable Products",212,"Oils seeds, oleaginous fruits, grains, straw & fodder",21202,"Ground Nuts",2021,242902
2,"Vegetable Products",212,"Oils seeds, oleaginous fruits, grains, straw & fodder",21204,"Linseed",2021,11993
2,"Vegetable Products",212,"Oils seeds, oleaginous fruits, grains, straw & fodder",21205,"Rapeseed",2021,6790
2,"Vegetable Products",212,"Oils seeds, oleaginous fruits, grains, straw & fodder",21206,"Sunflower Seeds",2021,625155
2,"Vegetable Products",212,"Oils seeds, oleaginous fruits, grains, straw & fodder",21207,"Other Oily Seeds",2021,2370174
2,"Vegetable Products",212,"Oils seeds, oleaginous fruits, grains, straw & fodder",21208,"Oil Seed Flower",2021,168202
2,"Vegetable Products",212,"Oils seeds, oleaginous fruits, grains, straw & fodder",21209,"Sowing Seeds",2021,3005100
2,"Vegetable Products",212,"Oils seeds, oleaginous fruits, grains, straw & fodder",21211,"Perfume Plants",2021,3734954
2,"Vegetable Products",212,"Oils seeds, oleaginous fruits, grains, straw & fodder",21212,"Locust beans, seaweed, sugar beet, cane, for food",2021,7467432
2,"Vegetable Products",212,"Oils seeds, oleaginous fruits, grains, straw & fodder",21213,"Cereal Straws",2021,4541
2,"Vegetable Products",212,"Oils seeds, oleaginous fruits, grains, straw & fodder",21214,"Forage Crops",2021,482491
2,"Vegetable Products",213,"Natural gums, resins & other vegetable extracts",21301,"Insect Resins",2021,130628
2,"Vegetable Products",213,"Natural gums, resins & other vegetable extracts",21302,"Vegetable Saps",2021,3847611
2,"Vegetable Products",214,"Vegetable plaiting materials & products, n.e.s.",21401,"Vegetable Plaiting Materials",2021,5436
2,"Vegetable Products",214,"Vegetable plaiting materials & products, n.e.s.",21404,"Other Vegetable Products",2021,209047
3,"Animal and Vegetable Bi-Products",315,"Animal or vegetable fats, oils, & waxes",31501,"Pig and Poultry Fat",2021,450
3,"Animal and Vegetable Bi-Products",315,"Animal or vegetable fats, oils, & waxes",31502,"Bovine, Sheep, and Goat Fat",2021,365919
3,"Animal and Vegetable Bi-Products",315,"Animal or vegetable fats, oils, & waxes",31505,"Wool Grease",2021,1480.9999999999998
3,"Animal and Vegetable Bi-Products",315,"Animal or vegetable fats, oils, & waxes",31507,"Soybean Oil",2021,7920
3,"Animal and Vegetable Bi-Products",315,"Animal or vegetable fats, oils, & waxes",31509,"Pure Olive Oil",2021,17795002
3,"Animal and Vegetable Bi-Products",315,"Animal or vegetable fats, oils, & waxes",31510,"Olive Oil",2021,222647
3,"Animal and Vegetable Bi-Products",315,"Animal or vegetable fats, oils, & waxes",31511,"Palm Oil",2021,319091
3,"Animal and Vegetable Bi-Products",315,"Animal or vegetable fats, oils, & waxes",31512,"Seed Oils",2021,7739653
3,"Animal and Vegetable Bi-Products",315,"Animal or vegetable fats, oils, & waxes",31513,"Coconut Oil",2021,172576
3,"Animal and Vegetable Bi-Products",315,"Animal or vegetable fats, oils, & waxes",31514,"Rapeseed Oil",2021,8675
3,"Animal and Vegetable Bi-Products",315,"Animal or vegetable fats, oils, & waxes",31515,"Other Pure Vegetable Oils",2021,2587918
3,"Animal and Vegetable Bi-Products",315,"Animal or vegetable fats, oils, & waxes",31516,"Other Vegetable Oils",2021,400892
3,"Animal and Vegetable Bi-Products",315,"Animal or vegetable fats, oils, & waxes",31517,"Margarine",2021,183755
3,"Animal and Vegetable Bi-Products",315,"Animal or vegetable fats, oils, & waxes",31518,"Inedible Fats and Oils",2021,4793624
3,"Animal and Vegetable Bi-Products",315,"Animal or vegetable fats, oils, & waxes",31519,"Stearic Acid",2021,157718
3,"Animal and Vegetable Bi-Products",315,"Animal or vegetable fats, oils, & waxes",31521,"Vegetable waxes and beeswax",2021,2227
3,"Animal and Vegetable Bi-Products",315,"Animal or vegetable fats, oils, & waxes",31522,"Fat and Oil Residues",2021,117
4,"Foodstuffs",416,"Preparations of fish, crustacenas, & molluscs",41601,"Sausages",2021,270338
4,"Foodstuffs",416,"Preparations of fish, crustacenas, & molluscs",41602,"Other Prepared Meat",2021,8979582
4,"Foodstuffs",416,"Preparations of fish, crustacenas, & molluscs",41604,"Processed Fish",2021,579603
4,"Foodstuffs",416,"Preparations of fish, crustacenas, & molluscs",41605,"Processed Crustaceans",2021,176899
4,"Foodstuffs",417,"Sugars & confectioneries",41701,"Raw Sugar",2021,783777
4,"Foodstuffs",417,"Sugars & confectioneries",41702,"Other Sugars",2021,876276
4,"Foodstuffs",417,"Sugars & confectioneries",41703,"Molasses",2021,3916447
4,"Foodstuffs",417,"Sugars & confectioneries",41704,"Confectionery Sugar",2021,11993027
4,"Foodstuffs",418,"Cocoa & cocoa preparations",41801,"Cocoa Beans",2021,578480
4,"Foodstuffs",418,"Cocoa & cocoa preparations",41802,"Cocoa Shells",2021,550
4,"Foodstuffs",418,"Cocoa & cocoa preparations",41803,"Cocoa Paste",2021,68910
4,"Foodstuffs",418,"Cocoa & cocoa preparations",41804,"Cocoa Butter",2021,360284
4,"Foodstuffs",418,"Cocoa & cocoa preparations",41805,"Cocoa Powder",2021,1290003
4,"Foodstuffs",418,"Cocoa & cocoa preparations",41806,"Chocolate",2021,38250774
4,"Foodstuffs",419,"Preparations of cereals, flour, starch or milk",41901,"Malt Extract",2021,3238545
4,"Foodstuffs",419,"Preparations of cereals, flour, starch or milk",41902,"Pasta",2021,6144279
4,"Foodstuffs",419,"Preparations of cereals, flour, starch or milk",41903,"Tapioca",2021,153189
4,"Foodstuffs",419,"Preparations of cereals, flour, starch or milk",41904,"Prepared Cereals",2021,8255871
4,"Foodstuffs",419,"Preparations of cereals, flour, starch or milk",41905,"Baked Goods",2021,18502847
4,"Foodstuffs",420,"Preparations of vegetables, fruit, nuts or other plant parts",42001,"Pickled Foods",2021,15396006
4,"Foodstuffs",420,"Preparations of vegetables, fruit, nuts or other plant parts",42002,"Processed Tomatoes",2021,719018
4,"Foodstuffs",420,"Preparations of vegetables, fruit, nuts or other plant parts",42003,"Processed Mushrooms",2021,176150
4,"Foodstuffs",420,"Preparations of vegetables, fruit, nuts or other plant parts",42004,"Other Frozen Vegetables",2021,2152345
4,"Foodstuffs",420,"Preparations of vegetables, fruit, nuts or other plant parts",42005,"Other Processed Vegetables",2021,34014624
4,"Foodstuffs",420,"Preparations of vegetables, fruit, nuts or other plant parts",42006,"Sugar Preserved Foods",2021,2392295
4,"Foodstuffs",420,"Preparations of vegetables, fruit, nuts or other plant parts",42007,"Jams",2021,10971159
4,"Foodstuffs",420,"Preparations of vegetables, fruit, nuts or other plant parts",42008,"Other Processed Fruits and Nuts",2021,62733492
4,"Foodstuffs",420,"Preparations of vegetables, fruit, nuts or other plant parts",42009,"Fruit Juice",2021,10632959
4,"Foodstuffs",421,"Miscellaneous edible preparations",42101,"Coffee and Tea Extracts",2021,1840411
4,"Foodstuffs",421,"Miscellaneous edible preparations",42102,"Yeast",2021,321553
4,"Foodstuffs",421,"Miscellaneous edible preparations",42103,"Sauces and Seasonings",2021,17555776
4,"Foodstuffs",421,"Miscellaneous edible preparations",42104,"Soups and Broths",2021,1171822
4,"Foodstuffs",421,"Miscellaneous edible preparations",42105,"Ice Cream",2021,139640
4,"Foodstuffs",421,"Miscellaneous edible preparations",42106,"Other Edible Preparations",2021,18351235
4,"Foodstuffs",422,"Beverages, spirits, & vinegar",42201,"Water",2021,5079754
4,"Foodstuffs",422,"Beverages, spirits, & vinegar",42202,"Flavored Water",2021,41058711
4,"Foodstuffs",422,"Beverages, spirits, & vinegar",42203,"Beer",2021,2489368
4,"Foodstuffs",422,"Beverages, spirits, & vinegar",42204,"Wine",2021,20659953
4,"Foodstuffs",422,"Beverages, spirits, & vinegar",42206,"Other Fermented Beverages",2021,3196
4,"Foodstuffs",422,"Beverages, spirits, & vinegar",42207,"Alcohol > 80% ABV",2021,121096
4,"Foodstuffs",422,"Beverages, spirits, & vinegar",42208,"Hard Liquor",2021,8502796
4,"Foodstuffs",422,"Beverages, spirits, & vinegar",42209,"Vinegar",2021,2055183
4,"Foodstuffs",423,"Food residues & wastes; animal fodder",42301,"Animal Meal and Pellets",2021,7475.999999999999
4,"Foodstuffs",423,"Food residues & wastes; animal fodder",42302,"Bran",2021,394384
4,"Foodstuffs",423,"Food residues & wastes; animal fodder",42304,"Soybean Meal",2021,4451510
4,"Foodstuffs",423,"Food residues & wastes; animal fodder",42306,"Other Vegetable Residues",2021,6728
4,"Foodstuffs",423,"Food residues & wastes; animal fodder",42308,"Other Vegetable Residues and Waste",2021,80192
4,"Foodstuffs",423,"Food residues & wastes; animal fodder",42309,"Animal Food",2021,851518
4,"Foodstuffs",424,"Tobacco & substitutes",42401,"Raw Tobacco",2021,37402039
4,"Foodstuffs",424,"Tobacco & substitutes",42402,"Rolled Tobacco",2021,6830810.000000001
4,"Foodstuffs",424,"Tobacco & substitutes",42403,"Processed Tobacco",2021,718449
5,"Mineral Products",525,"Salt, sulphur, cement, lime, stone, & plaster",52501,"Salt",2021,76800
5,"Mineral Products",525,"Salt, sulphur, cement, lime, stone, & plaster",52502,"Iron Pyrites",2021,5120
5,"Mineral Products",525,"Salt, sulphur, cement, lime, stone, & plaster",52505,"Sand",2021,69276
5,"Mineral Products",525,"Salt, sulphur, cement, lime, stone, & plaster",52506,"Quartz",2021,39572
5,"Mineral Products",525,"Salt, sulphur, cement, lime, stone, & plaster",52507,"Kaolin",2021,22679
5,"Mineral Products",525,"Salt, sulphur, cement, lime, stone, & plaster",52508,"Clays",2021,50301.99999999999
5,"Mineral Products",525,"Salt, sulphur, cement, lime, stone, & plaster",52509,"Chalk",2021,16166
5,"Mineral Products",525,"Salt, sulphur, cement, lime, stone, & plaster",52510,"Calcium Phosphates",2021,6604
5,"Mineral Products",525,"Salt, sulphur, cement, lime, stone, & plaster",52511,"Barium Sulphate",2021,7053
5,"Mineral Products",525,"Salt, sulphur, cement, lime, stone, & plaster",52512,"Siliceous Fossil Meals",2021,7094
5,"Mineral Products",525,"Salt, sulphur, cement, lime, stone, & plaster",52513,"Pumice",2021,15538.000000000002
5,"Mineral Products",525,"Salt, sulphur, cement, lime, stone, & plaster",52515,"Marble, Travertine and Alabaster",2021,1437821
5,"Mineral Products",525,"Salt, sulphur, cement, lime, stone, & plaster",52516,"Granite",2021,108705
5,"Mineral Products",525,"Salt, sulphur, cement, lime, stone, & plaster",52517,"Gravel and Crushed Stone",2021,41403
5,"Mineral Products",525,"Salt, sulphur, cement, lime, stone, & plaster",52518,"Dolomite",2021,114
5,"Mineral Products",525,"Salt, sulphur, cement, lime, stone, & plaster",52519,"Magnesium Carbonate",2021,2514
5,"Mineral Products",525,"Salt, sulphur, cement, lime, stone, & plaster",52520,"Gypsum",2021,63340
5,"Mineral Products",525,"Salt, sulphur, cement, lime, stone, & plaster",52522,"Quicklime",2021,117
5,"Mineral Products",525,"Salt, sulphur, cement, lime, stone, & plaster",52523,"Cement",2021,1599546
5,"Mineral Products",525,"Salt, sulphur, cement, lime, stone, & plaster",52525,"Mica",2021,2911.0000000000005
5,"Mineral Products",525,"Salt, sulphur, cement, lime, stone, & plaster",52526,"Soapstone",2021,64315
5,"Mineral Products",525,"Salt, sulphur, cement, lime, stone, & plaster",52530,"Other Mineral",2021,23097
5,"Mineral Products",526,"Ores, slag and ash",52601,"Iron Ore",2021,176.00000000000003
5,"Mineral Products",526,"Ores, slag and ash",52604,"Nickel Ore",2021,163
5,"Mineral Products",526,"Ores, slag and ash",52613,"Molybdenum Ore",2021,256
5,"Mineral Products",526,"Ores, slag and ash",52615,"Niobium, Tantalum, Vanadium and Zirconium Ore",2021,2407
5,"Mineral Products",526,"Ores, slag and ash",52616,"Precious Metal Ore",2021,35
5,"Mineral Products",526,"Ores, slag and ash",52620,"Non-Iron and Steel Slag, Ash and Residues",2021,17929077
5,"Mineral Products",527,"Mineral fuels, mineral oils and products of their distillation",52701,"Coal Briquettes",2021,1204060
5,"Mineral Products",527,"Mineral fuels, mineral oils and products of their distillation",52702,"Lignite",2021,174859
5,"Mineral Products",527,"Mineral fuels, mineral oils and products of their distillation",52703,"Peat",2021,400
5,"Mineral Products",527,"Mineral fuels, mineral oils and products of their distillation",52704,"Coke",2021,126883
5,"Mineral Products",527,"Mineral fuels, mineral oils and products of their distillation",52705,"Non-Petroleum Gas",2021,977
5,"Mineral Products",527,"Mineral fuels, mineral oils and products of their distillation",52706,"Tar",2021,108.00000000000001
5,"Mineral Products",527,"Mineral fuels, mineral oils and products of their distillation",52707,"Coal Tar Oil",2021,92169
5,"Mineral Products",527,"Mineral fuels, mineral oils and products of their distillation",52708,"Pitch Coke",2021,193.99999999999997
5,"Mineral Products",527,"Mineral fuels, mineral oils and products of their distillation",52709,"Crude Petroleum",2021,3276.0000000000005
5,"Mineral Products",527,"Mineral fuels, mineral oils and products of their distillation",52710,"Refined Petroleum",2021,2140817
5,"Mineral Products",527,"Mineral fuels, mineral oils and products of their distillation",52711,"Petroleum Gas",2021,2260923.9999999995
5,"Mineral Products",527,"Mineral fuels, mineral oils and products of their distillation",52712,"Petroleum Jelly",2021,7795.999999999999
5,"Mineral Products",527,"Mineral fuels, mineral oils and products of their distillation",52713,"Petroleum Coke",2021,1065.9999999999998
5,"Mineral Products",527,"Mineral fuels, mineral oils and products of their distillation",52714,"Bitumen and asphalt",2021,9.000000000000002
5,"Mineral Products",527,"Mineral fuels, mineral oils and products of their distillation",52715,"Asphalt Mixtures",2021,3796
6,"Chemical Products",628,"Inorganic chemicals",62801,"Halogens",2021,52954
6,"Chemical Products",628,"Inorganic chemicals",62803,"Carbon",2021,50674
6,"Chemical Products",628,"Inorganic chemicals",62804,"Hydrogen",2021,48121
6,"Chemical Products",628,"Inorganic chemicals",62805,"Alkali, alkaline-earth, rare-earth metals, scandium, yttrium, and mercury",2021,67318
6,"Chemical Products",628,"Inorganic chemicals",62806,"Hydrochloric Acid",2021,15807
6,"Chemical Products",628,"Inorganic chemicals",62807,"Sulfuric Acid",2021,791
6,"Chemical Products",628,"Inorganic chemicals",62808,"Nitric Acids",2021,12096
6,"Chemical Products",628,"Inorganic chemicals",62809,"Phosphoric Acid",2021,56346666.00000001
6,"Chemical Products",628,"Inorganic chemicals",62811,"Other Inorganic Acids",2021,1309261
6,"Chemical Products",628,"Inorganic chemicals",62814,"Ammonia",2021,18584
6,"Chemical Products",628,"Inorganic chemicals",62815,"Sodium or Potassium Peroxides",2021,117796
6,"Chemical Products",628,"Inorganic chemicals",62817,"Zinc Oxide and Peroxide",2021,470
6,"Chemical Products",628,"Inorganic chemicals",62818,"Aluminium Oxide",2021,6820
6,"Chemical Products",628,"Inorganic chemicals",62819,"Chromium Oxides and Hydroxides",2021,236.00000000000003
6,"Chemical Products",628,"Inorganic chemicals",62820,"Manganese Oxides",2021,1281
6,"Chemical Products",628,"Inorganic chemicals",62821,"Iron Oxides and Hydroxides",2021,196352
6,"Chemical Products",628,"Inorganic chemicals",62822,"Cobalt Oxides and Hydroxides",2021,3623
6,"Chemical Products",628,"Inorganic chemicals",62823,"Titanium Oxides",2021,177455
6,"Chemical Products",628,"Inorganic chemicals",62825,"Inorganic Salts",2021,1544
6,"Chemical Products",628,"Inorganic chemicals",62826,"Fluorides",2021,1935
6,"Chemical Products",628,"Inorganic chemicals",62827,"Chlorides",2021,24103
6,"Chemical Products",628,"Inorganic chemicals",62828,"Hypochlorites",2021,391713
6,"Chemical Products",628,"Inorganic chemicals",62829,"Chlorates and Perchlorates",2021,297
6,"Chemical Products",628,"Inorganic chemicals",62832,"Sulfites",2021,55
6,"Chemical Products",628,"Inorganic chemicals",62833,"Sulfates",2021,585630
6,"Chemical Products",628,"Inorganic chemicals",62835,"Phosphinates (hypophosphites) and phosphonates (phosphites)",2021,179979
6,"Chemical Products",628,"Inorganic chemicals",62836,"Carbonates",2021,165473
6,"Chemical Products",628,"Inorganic chemicals",62839,"Silicates",2021,8329
6,"Chemical Products",628,"Inorganic chemicals",62840,"Borates",2021,5888
6,"Chemical Products",628,"Inorganic chemicals",62841,"Oxometallic or Peroxometallic Acid Salts",2021,10139
6,"Chemical Products",628,"Inorganic chemicals",62842,"Other Inorganic Acids Salts",2021,12864
6,"Chemical Products",628,"Inorganic chemicals",62844,"Radioactive Chemicals",2021,16431
6,"Chemical Products",628,"Inorganic chemicals",62849,"Carbides",2021,30350
6,"Chemical Products",628,"Inorganic chemicals",62851,"Inorganic Compounds",2021,29214
6,"Chemical Products",629,"Organic chemicals",62901,"Acyclic Hydrocarbons",2021,4283
6,"Chemical Products",629,"Organic chemicals",62902,"Cyclic Hydrocarbons",2021,63159
6,"Chemical Products",629,"Organic chemicals",62903,"Halogenated Hydrocarbons",2021,252252
6,"Chemical Products",629,"Organic chemicals",62904,"Sulfonated, Nitrated or Nitrosated Hydrocarbons",2021,78939
6,"Chemical Products",629,"Organic chemicals",62905,"Acyclic alcohol derivatives (halogenated, sulphonated, nitrated)",2021,289500
6,"Chemical Products",629,"Organic chemicals",62906,"Cyclic Alcohols",2021,884
6,"Chemical Products",629,"Organic chemicals",62907,"Phenols",2021,12808
6,"Chemical Products",629,"Organic chemicals",62909,"Ethers",2021,75789
6,"Chemical Products",629,"Organic chemicals",62910,"Epoxides",2021,15291
6,"Chemical Products",629,"Organic chemicals",62911,"Acetals and Hemiacetals",2021,71
6,"Chemical Products",629,"Organic chemicals",62912,"Aldehydes, cyclic polymers, and paraformaldehyde",2021,1902
6,"Chemical Products",629,"Organic chemicals",62914,"Ketones and Quinones",2021,76688
6,"Chemical Products",629,"Organic chemicals",62915,"Saturated Acyclic Monocarboxylic Acids",2021,338716
6,"Chemical Products",629,"Organic chemicals",62916,"Unsaturated Acyclic Monocarboxylic Acids",2021,569
6,"Chemical Products",629,"Organic chemicals",62917,"Polycarboxylic Acids",2021,72482
6,"Chemical Products",629,"Organic chemicals",62918,"Carboxylic Acids",2021,1516991
6,"Chemical Products",629,"Organic chemicals",62922,"Oxygen Amino Compounds",2021,69565
6,"Chemical Products",629,"Organic chemicals",62923,"Quaternary Ammonium Salts and Hydroxides",2021,41837
6,"Chemical Products",629,"Organic chemicals",62924,"Carboxyamide Compounds",2021,70933
6,"Chemical Products",629,"Organic chemicals",62926,"Nitrile Compounds",2021,66023
6,"Chemical Products",629,"Organic chemicals",62928,"Hydrazine or Hydroxylamine Derivatives",2021,91796
6,"Chemical Products",629,"Organic chemicals",62929,"Other Nitrogen Compounds",2021,602244
6,"Chemical Products",629,"Organic chemicals",62930,"Organo-Sulfur Compounds",2021,32761
6,"Chemical Products",629,"Organic chemicals",62932,"Oxygen Heterocyclic Compounds",2021,38399
6,"Chemical Products",629,"Organic chemicals",62933,"Nitrogen Heterocyclic Compounds",2021,26374.999999999996
6,"Chemical Products",629,"Organic chemicals",62934,"Nucleic Acids",2021,1055
6,"Chemical Products",629,"Organic chemicals",62935,"Sulfonamides",2021,320
6,"Chemical Products",629,"Organic chemicals",62936,"Vitamins",2021,502800
6,"Chemical Products",629,"Organic chemicals",62937,"Hormones",2021,184
6,"Chemical Products",629,"Organic chemicals",62939,"Vegetable Alkaloids",2021,37712
6,"Chemical Products",629,"Organic chemicals",62941,"Antibiotics",2021,10.000000000000002
6,"Chemical Products",630,"Pharmaceutical products",63001,"Glands and Other Organs",2021,4720
6,"Chemical Products",630,"Pharmaceutical products",63002,"Vaccines, blood, antisera, toxins and cultures",2021,376962
6,"Chemical Products",630,"Pharmaceutical products",63003,"Unpackaged Medicaments",2021,298738
6,"Chemical Products",630,"Pharmaceutical products",63004,"Packaged Medicaments",2021,39741883
6,"Chemical Products",630,"Pharmaceutical products",63005,"Bandages",2021,206268
6,"Chemical Products",630,"Pharmaceutical products",63006,"Special Pharmaceuticals",2021,246420
6,"Chemical Products",631,"Fertilizers",63101,"Animal or Vegetable Fertilizers",2021,22740
6,"Chemical Products",631,"Fertilizers",63102,"Nitrogenous Fertilizers",2021,1894991
6,"Chemical Products",631,"Fertilizers",63103,"Phosphatic Fertilizers",2021,89022777
6,"Chemical Products",631,"Fertilizers",63104,"Potassic Fertilizers",2021,3335027.9999999995
6,"Chemical Products",631,"Fertilizers",63105,"Mixed Mineral or Chemical Fertilizers",2021,3532902
6,"Chemical Products",632,"Paints, dyes, & varnishes",63201,"Vegetable Tanning Extracts",2021,69853
6,"Chemical Products",632,"Paints, dyes, & varnishes",63202,"Synthetic Tanning Extracts",2021,134767
6,"Chemical Products",632,"Paints, dyes, & varnishes",63203,"Vegetable or Animal Dyes",2021,354
6,"Chemical Products",632,"Paints, dyes, & varnishes",63204,"Synthetic Coloring Matter",2021,717855
6,"Chemical Products",632,"Paints, dyes, & varnishes",63205,"Lake Pigments",2021,2528
6,"Chemical Products",632,"Paints, dyes, & varnishes",63206,"Other Coloring Matter",2021,3515619
6,"Chemical Products",632,"Paints, dyes, & varnishes",63207,"Prepared Pigments",2021,709604
6,"Chemical Products",632,"Paints, dyes, & varnishes",63208,"Nonaqueous Paints",2021,20886020
6,"Chemical Products",632,"Paints, dyes, & varnishes",63209,"Aqueous Paints",2021,4686811
6,"Chemical Products",632,"Paints, dyes, & varnishes",63210,"Other Paints",2021,166838
6,"Chemical Products",632,"Paints, dyes, & varnishes",63211,"Prepared Paint Driers",2021,202081
6,"Chemical Products",632,"Paints, dyes, & varnishes",63212,"Nonaqueous Pigments",2021,937808
6,"Chemical Products",632,"Paints, dyes, & varnishes",63213,"Artistry Paints",2021,15786
6,"Chemical Products",632,"Paints, dyes, & varnishes",63214,"Glaziers Putty",2021,3865756
6,"Chemical Products",632,"Paints, dyes, & varnishes",63215,"Ink",2021,3886686
6,"Chemical Products",633,"Perfumery & cosmetics",63301,"Essential Oils",2021,6349718
6,"Chemical Products",633,"Perfumery & cosmetics",63302,"Scented Mixtures",2021,2017823
6,"Chemical Products",633,"Perfumery & cosmetics",63303,"Perfumes",2021,8847133
6,"Chemical Products",633,"Perfumery & cosmetics",63304,"Beauty Products",2021,27182768
6,"Chemical Products",633,"Perfumery & cosmetics",63305,"Hair Products",2021,32052289
6,"Chemical Products",633,"Perfumery & cosmetics",63306,"Dental Products",2021,466912
6,"Chemical Products",633,"Perfumery & cosmetics",63307,"Shaving Products",2021,15775435
6,"Chemical Products",634,"Soap, cleaners, candles, dental, modelling pastes",63401,"Soap",2021,6959223
6,"Chemical Products",634,"Soap, cleaners, candles, dental, modelling pastes",63402,"Cleaning Products",2021,16647978
6,"Chemical Products",634,"Soap, cleaners, candles, dental, modelling pastes",63403,"Lubricating Products",2021,337304
6,"Chemical Products",634,"Soap, cleaners, candles, dental, modelling pastes",63404,"Waxes",2021,128703
6,"Chemical Products",634,"Soap, cleaners, candles, dental, modelling pastes",63405,"Polishes and Creams",2021,362554
6,"Chemical Products",634,"Soap, cleaners, candles, dental, modelling pastes",63406,"Candles",2021,105381
6,"Chemical Products",634,"Soap, cleaners, candles, dental, modelling pastes",63407,"Pastes and Waxes",2021,37675
6,"Chemical Products",635,"Glues, starches, & albuminoid products",63501,"Casein",2021,5794
6,"Chemical Products",635,"Glues, starches, & albuminoid products",63502,"Water Soluble Proteins",2021,17333
6,"Chemical Products",635,"Glues, starches, & albuminoid products",63503,"Gelatin",2021,1455
6,"Chemical Products",635,"Glues, starches, & albuminoid products",63504,"Peptones",2021,33
6,"Chemical Products",635,"Glues, starches, & albuminoid products",63505,"Dextrins",2021,68573
6,"Chemical Products",635,"Glues, starches, & albuminoid products",63506,"Glues",2021,594493
6,"Chemical Products",635,"Glues, starches, & albuminoid products",63507,"Enzymes",2021,5938
6,"Chemical Products",636,"Explosives, matches, & fireworks",63604,"Fireworks",2021,174454
6,"Chemical Products",636,"Explosives, matches, & fireworks",63605,"Matches",2021,1205
6,"Chemical Products",636,"Explosives, matches, & fireworks",63606,"Pyrophoric Alloys",2021,17070
6,"Chemical Products",637,"Photo & movie goods",63701,"Photographic Plates",2021,104514
6,"Chemical Products",637,"Photo & movie goods",63702,"Photographic Film",2021,193
6,"Chemical Products",637,"Photo & movie goods",63703,"Photographic Paper",2021,14880
6,"Chemical Products",637,"Photo & movie goods",63705,"Developed Exposed Photographic Material",2021,214318.00000000003
6,"Chemical Products",637,"Photo & movie goods",63706,"Motion-picture film, exposed and developed",2021,190
6,"Chemical Products",637,"Photo & movie goods",63707,"Photographic Chemicals",2021,5702
6,"Chemical Products",638,"Chemical products n.e.s.",63801,"Artificial Graphite",2021,920.9999999999999
6,"Chemical Products",638,"Chemical products n.e.s.",63802,"Activated Carbon",2021,89144
6,"Chemical Products",638,"Chemical products n.e.s.",63804,"Wood Pulp Lyes",2021,43533
6,"Chemical Products",638,"Chemical products n.e.s.",63805,"Turpentine",2021,2203
6,"Chemical Products",638,"Chemical products n.e.s.",63806,"Rosin",2021,3326
6,"Chemical Products",638,"Chemical products n.e.s.",63808,"Pesticides",2021,2393771
6,"Chemical Products",638,"Chemical products n.e.s.",63809,"Dyeing Finishing Agents",2021,472620
6,"Chemical Products",638,"Chemical products n.e.s.",63810,"Metal Pickling Preparations",2021,54272
6,"Chemical Products",638,"Chemical products n.e.s.",63811,"Antiknock",2021,293458
6,"Chemical Products",638,"Chemical products n.e.s.",63812,"Prepared Rubber Accelerators",2021,62004
6,"Chemical Products",638,"Chemical products n.e.s.",63813,"Fire Extinguishers Preparations",2021,20822
6,"Chemical Products",638,"Chemical products n.e.s.",63814,"Organic Composite Solvents",2021,2810774
6,"Chemical Products",638,"Chemical products n.e.s.",63815,"Reaction and Catalytic Products",2021,57460
6,"Chemical Products",638,"Chemical products n.e.s.",63816,"Refractory Cements",2021,94810
6,"Chemical Products",638,"Chemical products n.e.s.",63818,"Disc Chemicals for Electronics",2021,2172
6,"Chemical Products",638,"Chemical products n.e.s.",63819,"Hydraulic Brake Fluid",2021,29355
6,"Chemical Products",638,"Chemical products n.e.s.",63820,"Antifreeze",2021,62823
6,"Chemical Products",638,"Chemical products n.e.s.",63821,"Micro-Organism Culture Preparations",2021,844
6,"Chemical Products",638,"Chemical products n.e.s.",63822,"Laboratory Reagents",2021,519877
6,"Chemical Products",638,"Chemical products n.e.s.",63823,"Industrial Fatty Acids, Oils and Alcohols",2021,7733180
7,"Plastics and Rubbers",739,"Plastics & articles thereof",73901,"Ethylene Polymers",2021,5376538
7,"Plastics and Rubbers",739,"Plastics & articles thereof",73902,"Propylene Polymers",2021,10151965
7,"Plastics and Rubbers",739,"Plastics & articles thereof",73903,"Styrene Polymers",2021,580650
7,"Plastics and Rubbers",739,"Plastics & articles thereof",73904,"Vinyl Chloride Polymers",2021,2324809
7,"Plastics and Rubbers",739,"Plastics & articles thereof",73905,"Other Vinyl Polymers",2021,327067
7,"Plastics and Rubbers",739,"Plastics & articles thereof",73906,"Acrylic Polymers",2021,537745
7,"Plastics and Rubbers",739,"Plastics & articles thereof",73907,"Polyacetals",2021,5090761
7,"Plastics and Rubbers",739,"Plastics & articles thereof",73908,"Polyamides",2021,6095
7,"Plastics and Rubbers",739,"Plastics & articles thereof",73909,"Amino-resins",2021,1889041.9999999998
7,"Plastics and Rubbers",739,"Plastics & articles thereof",73910,"Silicone",2021,72424
7,"Plastics and Rubbers",739,"Plastics & articles thereof",73911,"Petroleum Resins",2021,54540
7,"Plastics and Rubbers",739,"Plastics & articles thereof",73912,"Cellulose",2021,3061443
7,"Plastics and Rubbers",739,"Plastics & articles thereof",73913,"Natural Polymers",2021,17786
7,"Plastics and Rubbers",739,"Plastics & articles thereof",73915,"Scrap Plastic",2021,6516687
7,"Plastics and Rubbers",739,"Plastics & articles thereof",73916,"Monofilament",2021,107530
7,"Plastics and Rubbers",739,"Plastics & articles thereof",73917,"Plastic Pipes",2021,3769264
7,"Plastics and Rubbers",739,"Plastics & articles thereof",73918,"Plastic Floor Coverings",2021,279446
7,"Plastics and Rubbers",739,"Plastics & articles thereof",73919,"Self-adhesive Plastics",2021,10689750
7,"Plastics and Rubbers",739,"Plastics & articles thereof",73920,"Raw Plastic Sheeting",2021,32599797
7,"Plastics and Rubbers",739,"Plastics & articles thereof",73921,"Other Plastic Sheetings",2021,6955131
7,"Plastics and Rubbers",739,"Plastics & articles thereof",73922,"Plastic Wash Basins",2021,104940
7,"Plastics and Rubbers",739,"Plastics & articles thereof",73923,"Plastic Lids",2021,24421549
7,"Plastics and Rubbers",739,"Plastics & articles thereof",73924,"Plastic Housewares",2021,11358012
7,"Plastics and Rubbers",739,"Plastics & articles thereof",73925,"Plastic Building Materials",2021,613857
7,"Plastics and Rubbers",739,"Plastics & articles thereof",73926,"Other Plastic Products",2021,7153983
7,"Plastics and Rubbers",740,"Rubber & articles thereof",74001,"Rubber",2021,62138.00000000001
7,"Plastics and Rubbers",740,"Rubber & articles thereof",74002,"Synthetic Rubber",2021,433061.00000000006
7,"Plastics and Rubbers",740,"Rubber & articles thereof",74004,"Scrap Rubber",2021,25186
7,"Plastics and Rubbers",740,"Rubber & articles thereof",74005,"Compounded Unvulcanised Rubber",2021,3229
7,"Plastics and Rubbers",740,"Rubber & articles thereof",74006,"Unvulcanised Rubber Products",2021,7396
7,"Plastics and Rubbers",740,"Rubber & articles thereof",74007,"Rubber Thread",2021,3238
7,"Plastics and Rubbers",740,"Rubber & articles thereof",74008,"Rubber Sheets",2021,187183
7,"Plastics and Rubbers",740,"Rubber & articles thereof",74009,"Rubber Pipes",2021,156684
7,"Plastics and Rubbers",740,"Rubber & articles thereof",74010,"Rubber Belting",2021,241943
7,"Plastics and Rubbers",740,"Rubber & articles thereof",74011,"Rubber Tires",2021,36480031
7,"Plastics and Rubbers",740,"Rubber & articles thereof",74012,"Used Rubber Tires",2021,229681
7,"Plastics and Rubbers",740,"Rubber & articles thereof",74013,"Rubber Inner Tubes",2021,40018
7,"Plastics and Rubbers",740,"Rubber & articles thereof",74014,"Pharmaceutical Rubber Products",2021,198203
7,"Plastics and Rubbers",740,"Rubber & articles thereof",74015,"Rubber Apparel",2021,256818
7,"Plastics and Rubbers",740,"Rubber & articles thereof",74016,"Other Rubber Products",2021,646226
7,"Plastics and Rubbers",740,"Rubber & articles thereof",74017,"Hard Rubber",2021,11934.000000000002
8,"Animal Hides",841,"Raw hides & skin (non-fur)",84101,"Equine and Bovine Hides",2021,1834114
8,"Animal Hides",841,"Raw hides & skin (non-fur)",84102,"Sheep Hides",2021,2892005
8,"Animal Hides",841,"Raw hides & skin (non-fur)",84103,"Other Hides and Skins",2021,12800
8,"Animal Hides",841,"Raw hides & skin (non-fur)",84104,"Tanned Equine and Bovine Hides",2021,3654030
8,"Animal Hides",841,"Raw hides & skin (non-fur)",84105,"Tanned Sheep Hides",2021,216403
8,"Animal Hides",841,"Raw hides & skin (non-fur)",84106,"Tanned Goat Hides",2021,95
8,"Animal Hides",841,"Raw hides & skin (non-fur)",84107,"Leather of Other Animals",2021,10472
8,"Animal Hides",841,"Raw hides & skin (non-fur)",84108,"Chamois Leather",2021,4163
8,"Animal Hides",841,"Raw hides & skin (non-fur)",84111,"Leather Sheets",2021,62
8,"Animal Hides",842,"Leather articles",84201,"Saddlery",2021,18609
8,"Animal Hides",842,"Leather articles",84202,"Trunks and Cases",2021,5127626
8,"Animal Hides",842,"Leather articles",84203,"Leather Apparel",2021,1605921
8,"Animal Hides",842,"Leather articles",84205,"Other Leather Articles",2021,1002089
8,"Animal Hides",843,"Furskins, articifial fur, & articles",84302,"Tanned Furskins",2021,38
8,"Animal Hides",843,"Furskins, articifial fur, & articles",84303,"Furskin Apparel",2021,610544
8,"Animal Hides",843,"Furskins, articifial fur, & articles",84304,"Artificial Fur",2021,21
9,"Wood Products",944,"Wood, wood articles, & charcoal",94401,"Fuel Wood",2021,13489
9,"Wood Products",944,"Wood, wood articles, & charcoal",94402,"Wood Charcoal",2021,467547
9,"Wood Products",944,"Wood, wood articles, & charcoal",94403,"Rough Wood",2021,14180
9,"Wood Products",944,"Wood, wood articles, & charcoal",94404,"Wood Stakes",2021,24900.000000000004
9,"Wood Products",944,"Wood, wood articles, & charcoal",94407,"Sawn Wood",2021,939036
9,"Wood Products",944,"Wood, wood articles, & charcoal",94408,"Veneer Sheets",2021,1118079
9,"Wood Products",944,"Wood, wood articles, & charcoal",94409,"Shaped Wood",2021,182327
9,"Wood Products",944,"Wood, wood articles, & charcoal",94410,"Particle Board",2021,1021850
9,"Wood Products",944,"Wood, wood articles, & charcoal",94411,"Wood Fiberboard",2021,744338
9,"Wood Products",944,"Wood, wood articles, & charcoal",94412,"Plywood",2021,932742
9,"Wood Products",944,"Wood, wood articles, & charcoal",94413,"Densified Wood",2021,52886.99999999999
9,"Wood Products",944,"Wood, wood articles, & charcoal",94414,"Wood Frames",2021,18572
9,"Wood Products",944,"Wood, wood articles, & charcoal",94415,"Wood Crates",2021,85712
9,"Wood Products",944,"Wood, wood articles, & charcoal",94416,"Wood Barrels",2021,5257
9,"Wood Products",944,"Wood, wood articles, & charcoal",94417,"Wooden Tool Handles",2021,8450
9,"Wood Products",944,"Wood, wood articles, & charcoal",94418,"Wood Carpentry",2021,8854984
9,"Wood Products",944,"Wood, wood articles, & charcoal",94419,"Wood Kitchenware",2021,256610
9,"Wood Products",944,"Wood, wood articles, & charcoal",94420,"Wood Ornaments",2021,1056044
9,"Wood Products",944,"Wood, wood articles, & charcoal",94421,"Other Wood Articles",2021,197984
9,"Wood Products",945,"Cork & cork articles",94501,"Raw Cork",2021,32879
9,"Wood Products",945,"Cork & cork articles",94502,"Debacked Cork",2021,27255.000000000004
9,"Wood Products",945,"Cork & cork articles",94503,"Natural Cork Articles",2021,53888
9,"Wood Products",945,"Cork & cork articles",94504,"Agglomerated Cork",2021,134738
9,"Wood Products",946,"Straw & esparto manufactures",94601,"Plaiting Products",2021,35224
9,"Wood Products",946,"Straw & esparto manufactures",94602,"Basketwork",2021,190703
10,"Paper Goods",1047,"Wood pulp & paper scrap",104705,"Semi chemical Woodpulp",2021,64441.99999999999
10,"Paper Goods",1047,"Wood pulp & paper scrap",104706,"Recovered Paper Pulp",2021,344
10,"Paper Goods",1047,"Wood pulp & paper scrap",104707,"Recovered Paper",2021,168852
10,"Paper Goods",1048,"Paper articles",104801,"Newsprint",2021,568401
10,"Paper Goods",1048,"Paper articles",104802,"Uncoated Paper",2021,2656192
10,"Paper Goods",1048,"Paper articles",104803,"Tissue",2021,562896
10,"Paper Goods",1048,"Paper articles",104804,"Kraft Paper",2021,1142530
10,"Paper Goods",1048,"Paper articles",104805,"Other Uncoated Paper",2021,1112522
10,"Paper Goods",1048,"Paper articles",104806,"Vegetable Parchment",2021,243980
10,"Paper Goods",1048,"Paper articles",104807,"Composite Paper",2021,4102266
10,"Paper Goods",1048,"Paper articles",104808,"Corrugated Paper",2021,531139
10,"Paper Goods",1048,"Paper articles",104809,"Carbon Paper",2021,6511
10,"Paper Goods",1048,"Paper articles",104810,"Kaolin Coated Paper",2021,3104862
10,"Paper Goods",1048,"Paper articles",104811,"Cellulose Fibers Paper",2021,6344505
10,"Paper Goods",1048,"Paper articles",104812,"Paper Pulp Filter Blocks",2021,11614.000000000002
10,"Paper Goods",1048,"Paper articles",104813,"Cigarette Paper",2021,1338747
10,"Paper Goods",1048,"Paper articles",104814,"Wallpaper",2021,135890
10,"Paper Goods",1048,"Paper articles",104816,"Other Carbon Paper",2021,24225
10,"Paper Goods",1048,"Paper articles",104817,"Letter Stock",2021,233041
10,"Paper Goods",1048,"Paper articles",104818,"Toilet Paper",2021,27778232
10,"Paper Goods",1048,"Paper articles",104819,"Paper Containers",2021,21264559
10,"Paper Goods",1048,"Paper articles",104820,"Paper Notebooks",2021,6193670
10,"Paper Goods",1048,"Paper articles",104821,"Paper Labels",2021,2942447
10,"Paper Goods",1048,"Paper articles",104822,"Paper Spools",2021,1270199
10,"Paper Goods",1048,"Paper articles",104823,"Shaped Paper",2021,2501817
10,"Paper Goods",1049,"Books, newspapers, & other prints",104901,"Brochures",2021,42649605
10,"Paper Goods",1049,"Books, newspapers, & other prints",104902,"Newspapers",2021,196044
10,"Paper Goods",1049,"Books, newspapers, & other prints",104903,"Children's Picture Books",2021,30461
10,"Paper Goods",1049,"Books, newspapers, & other prints",104904,"Sheet Music",2021,487.00000000000006
10,"Paper Goods",1049,"Books, newspapers, & other prints",104905,"Maps",2021,28899
10,"Paper Goods",1049,"Books, newspapers, & other prints",104906,"Architectural Plans",2021,518389
10,"Paper Goods",1049,"Books, newspapers, & other prints",104907,"Documents of title (bonds etc) and unused stamps",2021,5646597
10,"Paper Goods",1049,"Books, newspapers, & other prints",104908,"Decals",2021,19785
10,"Paper Goods",1049,"Books, newspapers, & other prints",104909,"Postcards",2021,98848.99999999999
10,"Paper Goods",1049,"Books, newspapers, & other prints",104910,"Calendars",2021,185942
10,"Paper Goods",1049,"Books, newspapers, & other prints",104911,"Other Printed Material",2021,1649991
11,"Textiles",1150,"Silk",115006,"Retail Silk Yarn",2021,1965
11,"Textiles",1150,"Silk",115007,"Silk Fabrics",2021,40454
11,"Textiles",1151,"Wool & animal hair",115101,"Wool",2021,54367
11,"Textiles",1151,"Wool & animal hair",115105,"Prepared Wool or Animal Hair",2021,471
11,"Textiles",1151,"Wool & animal hair",115106,"Non-Retail Carded Wool Yarn",2021,6
11,"Textiles",1151,"Wool & animal hair",115107,"Non-Retail Combed Wool Yarn",2021,8
11,"Textiles",1151,"Wool & animal hair",115109,"Retail Wool or Animal Hair Yarn",2021,1004.9999999999999
11,"Textiles",1151,"Wool & animal hair",115110,"Horsehair Yarn",2021,20
11,"Textiles",1151,"Wool & animal hair",115111,"Carded Wool or Animal Hair Fabric",2021,8200
11,"Textiles",1151,"Wool & animal hair",115112,"Combed Wool or Animal Hair Fabric",2021,158469
11,"Textiles",1151,"Wool & animal hair",115113,"Horsehair Fabric",2021,1132
11,"Textiles",1152,"Cotton",115201,"Raw Cotton",2021,11987
11,"Textiles",1152,"Cotton",115202,"Cotton Waste",2021,190
11,"Textiles",1152,"Cotton",115203,"Prepared Cotton",2021,5941
11,"Textiles",1152,"Cotton",115204,"Cotton Sewing Thread",2021,3204
11,"Textiles",1152,"Cotton",115205,"Non-Retail Pure Cotton Yarn",2021,1246
11,"Textiles",1152,"Cotton",115206,"Non-Retail Mixed Cotton Yarn",2021,41412
11,"Textiles",1152,"Cotton",115207,"Retail Cotton Yarn",2021,8119
11,"Textiles",1152,"Cotton",115208,"Light Pure Woven Cotton",2021,176334
11,"Textiles",1152,"Cotton",115209,"Heavy Pure Woven Cotton",2021,390491
11,"Textiles",1152,"Cotton",115210,"Light Mixed Woven Cotton",2021,52923
11,"Textiles",1152,"Cotton",115211,"Heavy Mixed Woven Cotton",2021,233732
11,"Textiles",1152,"Cotton",115212,"Other Cotton Fabrics",2021,25246
11,"Textiles",1153,"Vegetable textile fibers, paper yarn & fabrics",115303,"Jute and Other Textile Fibers",2021,45165
11,"Textiles",1153,"Vegetable textile fibers, paper yarn & fabrics",115305,"Coconut and Other Vegetable Fibers",2021,16920
11,"Textiles",1153,"Vegetable textile fibers, paper yarn & fabrics",115307,"Jute Yarn",2021,54523
11,"Textiles",1153,"Vegetable textile fibers, paper yarn & fabrics",115308,"Other Vegetable Fibers Yarn",2021,355
11,"Textiles",1153,"Vegetable textile fibers, paper yarn & fabrics",115309,"Flax Woven Fabric",2021,30692
11,"Textiles",1153,"Vegetable textile fibers, paper yarn & fabrics",115310,"Jute Woven Fabric",2021,1818
11,"Textiles",1153,"Vegetable textile fibers, paper yarn & fabrics",115311,"Other Vegetable Fibers Fabric",2021,2755
11,"Textiles",1154,"Man-made filaments",115401,"Artificial Filament Sewing Thread",2021,76151
11,"Textiles",1154,"Man-made filaments",115402,"Non-Retail Synthetic Filament Yarn",2021,23998
11,"Textiles",1154,"Man-made filaments",115403,"Non-Retail Artificial Filament Yarn",2021,603
11,"Textiles",1154,"Man-made filaments",115404,"Synthetic Monofilament",2021,13.000000000000002
11,"Textiles",1154,"Man-made filaments",115407,"Synthetic Filament Yarn Woven Fabric",2021,3675709
11,"Textiles",1154,"Man-made filaments",115408,"Artificial Filament Yarn Woven Fabric",2021,133837
11,"Textiles",1155,"Man-made staple fibres",115501,"Synthetic Filament Tow",2021,1670
11,"Textiles",1155,"Man-made staple fibres",115503,"Unprocessed Synthetic Staple Fibers",2021,482078.00000000006
11,"Textiles",1155,"Man-made staple fibres",115504,"Unprocessed Artificial Staple Fibers",2021,990
11,"Textiles",1155,"Man-made staple fibres",115506,"Processed Synthetic Staple Fibers",2021,22014
11,"Textiles",1155,"Man-made staple fibres",115508,"Non-Retail Artificial Staple Fibers Sewing Thread",2021,11693
11,"Textiles",1155,"Man-made staple fibres",115509,"Non-Retail Synthetic Staple Fibers Yarn",2021,81723
11,"Textiles",1155,"Man-made staple fibres",115510,"Non-Retail Artificial Staple Fibers Yarn",2021,60
11,"Textiles",1155,"Man-made staple fibres",115511,"Retail Artificial Staple Fibers Yarn",2021,42865
11,"Textiles",1155,"Man-made staple fibres",115512,"Synthetic Fabrics",2021,768687
11,"Textiles",1155,"Man-made staple fibres",115513,"Light Synthetic Cotton Fabrics",2021,192250
11,"Textiles",1155,"Man-made staple fibres",115514,"Heavy Synthetic Cotton Fabrics",2021,204864
11,"Textiles",1155,"Man-made staple fibres",115515,"Other Synthetic Fabrics",2021,701602
11,"Textiles",1155,"Man-made staple fibres",115516,"Woven Fabric of Synthetic Staple Fibers",2021,129756
11,"Textiles",1156,"Wadding, felt, nonwovens, twin, ropes, & articles thereof",115601,"Wadding",2021,4252942
11,"Textiles",1156,"Wadding, felt, nonwovens, twin, ropes, & articles thereof",115602,"Felt",2021,18441
11,"Textiles",1156,"Wadding, felt, nonwovens, twin, ropes, & articles thereof",115603,"Non-woven Textiles",2021,1047546
11,"Textiles",1156,"Wadding, felt, nonwovens, twin, ropes, & articles thereof",115604,"Rubber Textiles",2021,6372
11,"Textiles",1156,"Wadding, felt, nonwovens, twin, ropes, & articles thereof",115607,"Twine and Rope",2021,20170
11,"Textiles",1156,"Wadding, felt, nonwovens, twin, ropes, & articles thereof",115608,"Twine, cordage or rope; knotted netting, made up fishing nets and other made up nets, of textile materials",2021,15194
11,"Textiles",1156,"Wadding, felt, nonwovens, twin, ropes, & articles thereof",115609,"Other Articles of Twine and Rope",2021,3097.9999999999995
11,"Textiles",1157,"Carpets & textile floor covers",115701,"Knotted Carpets",2021,811279
11,"Textiles",1157,"Carpets & textile floor covers",115702,"Hand-Woven Rugs",2021,2629573
11,"Textiles",1157,"Carpets & textile floor covers",115703,"Tufted Carpets",2021,826023
11,"Textiles",1157,"Carpets & textile floor covers",115704,"Felt Carpets",2021,27112
11,"Textiles",1157,"Carpets & textile floor covers",115705,"Other Carpets",2021,1177163
11,"Textiles",1158,"Special woven fabrics and tapestries",115801,"Woven Fabrics",2021,110551
11,"Textiles",1158,"Special woven fabrics and tapestries",115802,"Terry Fabric",2021,378350
11,"Textiles",1158,"Special woven fabrics and tapestries",115803,"Gauze",2021,91
11,"Textiles",1158,"Special woven fabrics and tapestries",115804,"Tulles and Net Fabric",2021,68275
11,"Textiles",1158,"Special woven fabrics and tapestries",115805,"Hand-Woven Tapestries",2021,731
11,"Textiles",1158,"Special woven fabrics and tapestries",115806,"Narrow Woven Fabric",2021,247636
11,"Textiles",1158,"Special woven fabrics and tapestries",115807,"Labels",2021,12965
11,"Textiles",1158,"Special woven fabrics and tapestries",115808,"Ornamental Trimmings",2021,46660
11,"Textiles",1158,"Special woven fabrics and tapestries",115809,"Metallic Fabric",2021,24922
11,"Textiles",1158,"Special woven fabrics and tapestries",115810,"Embroidery",2021,222619
11,"Textiles",1158,"Special woven fabrics and tapestries",115811,"Quilted Textiles",2021,5442
11,"Textiles",1159,"Coated, covered, & laminated fabrics for industrial use",115901,"Gum Coated Textile Fabric",2021,50294
11,"Textiles",1159,"Coated, covered, & laminated fabrics for industrial use",115902,"Polyamide Fabric",2021,606
11,"Textiles",1159,"Coated, covered, & laminated fabrics for industrial use",115903,"Plastic Coated Textile Fabric",2021,324446
11,"Textiles",1159,"Coated, covered, & laminated fabrics for industrial use",115904,"Linoleum",2021,40
11,"Textiles",1159,"Coated, covered, & laminated fabrics for industrial use",115906,"Rubber Textile Fabric",2021,465505
11,"Textiles",1159,"Coated, covered, & laminated fabrics for industrial use",115907,"Coated Textile Fabric",2021,54817
11,"Textiles",1159,"Coated, covered, & laminated fabrics for industrial use",115909,"Hose Piping Textiles",2021,2968.9999999999995
11,"Textiles",1159,"Coated, covered, & laminated fabrics for industrial use",115910,"Conveyor Belt Textiles",2021,79011
11,"Textiles",1159,"Coated, covered, & laminated fabrics for industrial use",115911,"Textiles for technical uses",2021,416471
11,"Textiles",1160,"Knitted fabrics",116001,"Pile Fabric",2021,1088574
11,"Textiles",1160,"Knitted fabrics",116002,"Light Rubberized Knitted Fabric",2021,685433
11,"Textiles",1161,"Knitted clothing accesories",116101,"Knit Men's Coats",2021,83498
11,"Textiles",1161,"Knitted clothing accesories",116102,"Knit Women's Coats",2021,87063
11,"Textiles",1161,"Knitted clothing accesories",116103,"Knit Men's Suits",2021,1452412
11,"Textiles",1161,"Knitted clothing accesories",116104,"Knit Women's Suits",2021,2868469
11,"Textiles",1161,"Knitted clothing accesories",116105,"Knit Men's Shirts",2021,693406
11,"Textiles",1161,"Knitted clothing accesories",116106,"Knit Women's Shirts",2021,220117
11,"Textiles",1161,"Knitted clothing accesories",116107,"Knit Men's Undergarments",2021,660660
11,"Textiles",1161,"Knitted clothing accesories",116108,"Knit Women's Undergarments",2021,1482877
11,"Textiles",1161,"Knitted clothing accesories",116109,"Knit T-shirts",2021,1514191
11,"Textiles",1161,"Knitted clothing accesories",116110,"Knit Sweaters",2021,1696763
11,"Textiles",1161,"Knitted clothing accesories",116111,"Knit Babies' Garments",2021,138131
11,"Textiles",1161,"Knitted clothing accesories",116112,"Knit Active Wear",2021,461272
11,"Textiles",1161,"Knitted clothing accesories",116113,"Garments of Impregnated Fabric",2021,2170301
11,"Textiles",1161,"Knitted clothing accesories",116114,"Other Knit Garments",2021,5327457
11,"Textiles",1161,"Knitted clothing accesories",116115,"Knit Socks and Hosiery",2021,1135611
11,"Textiles",1161,"Knitted clothing accesories",116116,"Knit Gloves",2021,25886
11,"Textiles",1161,"Knitted clothing accesories",116117,"Other Knit Clothing Accessories",2021,113074
11,"Textiles",1162,"Non-knitted clothing accesories",116201,"Non-Knit Men's Coats",2021,246864
11,"Textiles",1162,"Non-knitted clothing accesories",116202,"Non-Knit Women's Coats",2021,423127
11,"Textiles",1162,"Non-knitted clothing accesories",116203,"Non-Knit Men's Suits",2021,3042114
11,"Textiles",1162,"Non-knitted clothing accesories",116204,"Non-Knit Women's Suits",2021,17866394
11,"Textiles",1162,"Non-knitted clothing accesories",116205,"Non-Knit Men's Shirts",2021,1069357
11,"Textiles",1162,"Non-knitted clothing accesories",116206,"Non-Knit Women's Shirts",2021,1063140
11,"Textiles",1162,"Non-knitted clothing accesories",116207,"Non-Knit Men's Undergarments",2021,1201098
11,"Textiles",1162,"Non-knitted clothing accesories",116208,"Non-Knit Women's Undergarments",2021,925001
11,"Textiles",1162,"Non-knitted clothing accesories",116209,"Non-Knit Babies' Garments",2021,438208
11,"Textiles",1162,"Non-knitted clothing accesories",116210,"Felt or Coated Fabric Garments",2021,2613826
11,"Textiles",1162,"Non-knitted clothing accesories",116211,"Non-Knit Active Wear",2021,3835292
11,"Textiles",1162,"Non-knitted clothing accesories",116212,"Other Women's Undergarments",2021,749512
11,"Textiles",1162,"Non-knitted clothing accesories",116213,"Handkerchiefs",2021,20211
11,"Textiles",1162,"Non-knitted clothing accesories",116214,"Scarves",2021,489210
11,"Textiles",1162,"Non-knitted clothing accesories",116215,"Neck Ties",2021,127262
11,"Textiles",1162,"Non-knitted clothing accesories",116216,"Non-Knit Gloves",2021,4752
11,"Textiles",1162,"Non-knitted clothing accesories",116217,"Other Non-Knit Clothing Accessories",2021,174371
11,"Textiles",1163,"Used clothes & textile articles",116301,"Blankets",2021,585120
11,"Textiles",1163,"Used clothes & textile articles",116302,"House Linens",2021,1610608
11,"Textiles",1163,"Used clothes & textile articles",116303,"Window Dressings",2021,764067
11,"Textiles",1163,"Used clothes & textile articles",116304,"Bedspreads",2021,347330
11,"Textiles",1163,"Used clothes & textile articles",116305,"Packing Bags",2021,268386
11,"Textiles",1163,"Used clothes & textile articles",116306,"Awnings, Tents, and Sails",2021,249528
11,"Textiles",1163,"Used clothes & textile articles",116307,"Other Cloth Articles",2021,2149616
11,"Textiles",1163,"Used clothes & textile articles",116308,"Packaged Sewing Sets",2021,2839
11,"Textiles",1163,"Used clothes & textile articles",116309,"Used Clothing",2021,2160989
11,"Textiles",1163,"Used clothes & textile articles",116310,"Textile Scraps",2021,24933
12,"Footwear and Headwear",1264,"Footwear",126401,"Waterproof Footwear",2021,55940
12,"Footwear and Headwear",1264,"Footwear",126402,"Rubber Footwear",2021,772983
12,"Footwear and Headwear",1264,"Footwear",126403,"Leather Footwear",2021,2796869
12,"Footwear and Headwear",1264,"Footwear",126404,"Textile Footwear",2021,349922
12,"Footwear and Headwear",1264,"Footwear",126405,"Other Footwear",2021,642943
12,"Footwear and Headwear",1264,"Footwear",126406,"Footwear Parts",2021,110322
12,"Footwear and Headwear",1265,"Headgear",126501,"Hat Forms",2021,2347
12,"Footwear and Headwear",1265,"Headgear",126502,"Hat Shapes",2021,70
12,"Footwear and Headwear",1265,"Headgear",126504,"Hats",2021,9912
12,"Footwear and Headwear",1265,"Headgear",126505,"Knitted Hats",2021,69244
12,"Footwear and Headwear",1265,"Headgear",126506,"Other Headwear",2021,125430
12,"Footwear and Headwear",1265,"Headgear",126507,"Headbands and Linings",2021,64376
12,"Footwear and Headwear",1266,"Umbrellas, walking sticks, & whips",126601,"Umbrellas",2021,91303
12,"Footwear and Headwear",1266,"Umbrellas, walking sticks, & whips",126602,"Walking Sticks",2021,655
12,"Footwear and Headwear",1266,"Umbrellas, walking sticks, & whips",126603,"Umbrella and Walking Stick Accessories",2021,1194
12,"Footwear and Headwear",1267,"Feather articles, feathers, artificial flowers, & articles of human hair",126701,"Bird Skins and Feathers",2021,230003
12,"Footwear and Headwear",1267,"Feather articles, feathers, artificial flowers, & articles of human hair",126702,"Artificial Vegetation",2021,374739
12,"Footwear and Headwear",1267,"Feather articles, feathers, artificial flowers, & articles of human hair",126703,"Processed Hair",2021,229
12,"Footwear and Headwear",1267,"Feather articles, feathers, artificial flowers, & articles of human hair",126704,"Fake Hair",2021,5927592
13,"Stone And Glass",1368,"Stone, plaster, cement, asbestos, mica.",136801,"Curbstones",2021,134045
13,"Stone And Glass",1368,"Stone, plaster, cement, asbestos, mica.",136802,"Building Stone",2021,11906460
13,"Stone And Glass",1368,"Stone, plaster, cement, asbestos, mica.",136803,"Worked Slate",2021,29402
13,"Stone And Glass",1368,"Stone, plaster, cement, asbestos, mica.",136804,"Milling Stones",2021,257730
13,"Stone And Glass",1368,"Stone, plaster, cement, asbestos, mica.",136805,"Abrasive Powder",2021,244168
13,"Stone And Glass",1368,"Stone, plaster, cement, asbestos, mica.",136806,"Rock Wool",2021,224883
13,"Stone And Glass",1368,"Stone, plaster, cement, asbestos, mica.",136807,"Asphalt",2021,658252
13,"Stone And Glass",1368,"Stone, plaster, cement, asbestos, mica.",136808,"Vegetable Fiber",2021,14896
13,"Stone And Glass",1368,"Stone, plaster, cement, asbestos, mica.",136809,"Plaster Articles",2021,1187817
13,"Stone And Glass",1368,"Stone, plaster, cement, asbestos, mica.",136810,"Cement Articles",2021,894294
13,"Stone And Glass",1368,"Stone, plaster, cement, asbestos, mica.",136811,"Asbestos Cement Articles",2021,135837
13,"Stone And Glass",1368,"Stone, plaster, cement, asbestos, mica.",136812,"Asbestos Fibres",2021,9191
13,"Stone And Glass",1368,"Stone, plaster, cement, asbestos, mica.",136813,"Friction Material",2021,4274
13,"Stone And Glass",1368,"Stone, plaster, cement, asbestos, mica.",136814,"Processed Mica",2021,70946
13,"Stone And Glass",1368,"Stone, plaster, cement, asbestos, mica.",136815,"Other Stone Articles",2021,129843
13,"Stone And Glass",1369,"Ceramic products",136901,"Bricks",2021,1473.9999999999998
13,"Stone And Glass",1369,"Ceramic products",136902,"Refractory Bricks",2021,44879
13,"Stone And Glass",1369,"Ceramic products",136903,"Refractory Ceramics",2021,37310
13,"Stone And Glass",1369,"Ceramic products",136904,"Ceramic Bricks",2021,5625
13,"Stone And Glass",1369,"Ceramic products",136905,"Roofing Tiles",2021,20877
13,"Stone And Glass",1369,"Ceramic products",136906,"Ceramic Pipes",2021,113
13,"Stone And Glass",1369,"Ceramic products",136907,"Unglazed Ceramics",2021,1452800
13,"Stone And Glass",1369,"Ceramic products",136908,"Glazed Ceramics",2021,29630.999999999996
13,"Stone And Glass",1369,"Ceramic products",136909,"Laboratory Ceramic Ware",2021,277181
13,"Stone And Glass",1369,"Ceramic products",136910,"Bathroom Ceramics",2021,798704
13,"Stone And Glass",1369,"Ceramic products",136911,"Porcelain Tableware",2021,584692
13,"Stone And Glass",1369,"Ceramic products",136912,"Ceramic Tableware",2021,268584
13,"Stone And Glass",1369,"Ceramic products",136913,"Ornamental Ceramics",2021,391763
13,"Stone And Glass",1369,"Ceramic products",136914,"Other Ceramic Articles",2021,488726
13,"Stone And Glass",1370,"Glass & glassware",137001,"Glass Scraps",2021,155964
13,"Stone And Glass",1370,"Glass & glassware",137002,"Glass Balls",2021,33336
13,"Stone And Glass",1370,"Glass & glassware",137003,"Cast or Rolled Glass",2021,784333
13,"Stone And Glass",1370,"Glass & glassware",137004,"Blown Glass",2021,450909
13,"Stone And Glass",1370,"Glass & glassware",137005,"Float Glass",2021,2646931
13,"Stone And Glass",1370,"Glass & glassware",137006,"Glass with Edge Workings",2021,217496
13,"Stone And Glass",1370,"Glass & glassware",137007,"Safety Glass",2021,933465
13,"Stone And Glass",1370,"Glass & glassware",137008,"Insulating Glass",2021,1067064
13,"Stone And Glass",1370,"Glass & glassware",137009,"Glass Mirrors",2021,600283
13,"Stone And Glass",1370,"Glass & glassware",137010,"Glass Bottles",2021,586369
13,"Stone And Glass",1370,"Glass & glassware",137011,"Glass Bulbs",2021,29038
13,"Stone And Glass",1370,"Glass & glassware",137013,"Interior Decorative Glassware",2021,1611998
13,"Stone And Glass",1370,"Glass & glassware",137015,"Eyewear and Clock Glass",2021,3
13,"Stone And Glass",1370,"Glass & glassware",137016,"Glass Bricks",2021,40238
13,"Stone And Glass",1370,"Glass & glassware",137017,"Laboratory Glassware",2021,16743
13,"Stone And Glass",1370,"Glass & glassware",137018,"Glass Beads",2021,76016
13,"Stone And Glass",1370,"Glass & glassware",137019,"Glass Fibers",2021,447056
13,"Stone And Glass",1370,"Glass & glassware",137020,"Other Glass Articles",2021,130231
14,"Precious Metals",1471,"Precious stones, metals, & pearls",147101,"Pearls",2021,950220
14,"Precious Metals",1471,"Precious stones, metals, & pearls",147102,"Diamonds",2021,421643284
14,"Precious Metals",1471,"Precious stones, metals, & pearls",147103,"Precious Stones",2021,6656952
14,"Precious Metals",1471,"Precious stones, metals, & pearls",147104,"Synthetic Reconstructed Jewellery Stones",2021,108662
14,"Precious Metals",1471,"Precious stones, metals, & pearls",147105,"Precious Stone Dust",2021,276880
14,"Precious Metals",1471,"Precious stones, metals, & pearls",147106,"Silver",2021,2850344
14,"Precious Metals",1471,"Precious stones, metals, & pearls",147108,"Gold",2021,448120602
14,"Precious Metals",1471,"Precious stones, metals, & pearls",147110,"Platinum",2021,2360169
14,"Precious Metals",1471,"Precious stones, metals, & pearls",147111,"Platinum Clad Metals",2021,250
14,"Precious Metals",1471,"Precious stones, metals, & pearls",147112,"Precious Metal Scraps",2021,16279557
14,"Precious Metals",1471,"Precious stones, metals, & pearls",147113,"Jewellery",2021,174372462
14,"Precious Metals",1471,"Precious stones, metals, & pearls",147114,"Metal-Clad Products",2021,1323369
14,"Precious Metals",1471,"Precious stones, metals, & pearls",147115,"Other Precious Metal Products",2021,3613
14,"Precious Metals",1471,"Precious stones, metals, & pearls",147116,"Pearl Products",2021,373133
14,"Precious Metals",1471,"Precious stones, metals, & pearls",147117,"Imitation Jewellery",2021,1381331
14,"Precious Metals",1471,"Precious stones, metals, & pearls",147118,"Coin",2021,11665.999999999998
15,"Metals",1572,"Iron & steel",157202,"Ferroalloys",2021,90840
15,"Metals",1572,"Iron & steel",157203,"Iron Reductions",2021,738984.9999999999
15,"Metals",1572,"Iron & steel",157204,"Scrap Iron",2021,350748983
15,"Metals",1572,"Iron & steel",157205,"Iron Powder",2021,3562
15,"Metals",1572,"Iron & steel",157206,"Iron Ingots",2021,6360548
15,"Metals",1572,"Iron & steel",157207,"Semi-Finished Iron",2021,2280940
15,"Metals",1572,"Iron & steel",157208,"Hot-Rolled Iron",2021,907049
15,"Metals",1572,"Iron & steel",157209,"Cold-Rolled Iron",2021,736844
15,"Metals",1572,"Iron & steel",157210,"Coated Flat-Rolled Iron",2021,1657385
15,"Metals",1572,"Iron & steel",157211,"Large Flat-Rolled Iron",2021,530353.0000000001
15,"Metals",1572,"Iron & steel",157212,"Large Coated Flat-Rolled Iron",2021,397909
15,"Metals",1572,"Iron & steel",157213,"Hot-Rolled Iron Bars",2021,57189
15,"Metals",1572,"Iron & steel",157214,"Raw Iron Bars",2021,1800772.9999999998
15,"Metals",1572,"Iron & steel",157215,"Other Iron Bars",2021,147442
15,"Metals",1572,"Iron & steel",157216,"Iron Blocks",2021,989982
15,"Metals",1572,"Iron & steel",157217,"Iron Wire",2021,657221
15,"Metals",1572,"Iron & steel",157218,"Stainless Steel Ingots",2021,15091
15,"Metals",1572,"Iron & steel",157219,"Large Flat-Rolled Stainless Steel",2021,348383
15,"Metals",1572,"Iron & steel",157220,"Flat-Rolled Stainless Steel",2021,73341
15,"Metals",1572,"Iron & steel",157222,"Other Stainless Steel Bars",2021,177545
15,"Metals",1572,"Iron & steel",157223,"Stainless Steel Wire",2021,1437
15,"Metals",1572,"Iron & steel",157225,"Flat Flat-Rolled Steel",2021,1119
15,"Metals",1572,"Iron & steel",157226,"Flat-Rolled Iron",2021,15120
15,"Metals",1572,"Iron & steel",157228,"Other Steel Bars",2021,1401859
15,"Metals",1572,"Iron & steel",157229,"Steel Wire",2021,44199
15,"Metals",1573,"Iron/Steel Articles",157301,"Iron Sheet Piling",2021,236821
15,"Metals",1573,"Iron/Steel Articles",157302,"Iron Railway Products",2021,190636.00000000003
15,"Metals",1573,"Iron/Steel Articles",157303,"Cast Iron Pipes",2021,292894
15,"Metals",1573,"Iron/Steel Articles",157304,"Iron Pipes",2021,498357
15,"Metals",1573,"Iron/Steel Articles",157305,"Other Large Iron Pipes",2021,77078
15,"Metals",1573,"Iron/Steel Articles",157306,"Other Small Iron Pipes",2021,1926115
15,"Metals",1573,"Iron/Steel Articles",157307,"Iron Pipe Fittings",2021,671295
15,"Metals",1573,"Iron/Steel Articles",157308,"Iron Structures",2021,20413007
15,"Metals",1573,"Iron/Steel Articles",157309,"Large Iron Containers",2021,1609393
15,"Metals",1573,"Iron/Steel Articles",157310,"Small Iron Containers",2021,1994335
15,"Metals",1573,"Iron/Steel Articles",157311,"Iron Gas Containers",2021,6706813
15,"Metals",1573,"Iron/Steel Articles",157312,"Stranded Iron Wire",2021,215823
15,"Metals",1573,"Iron/Steel Articles",157313,"Barbed Wire",2021,8438
15,"Metals",1573,"Iron/Steel Articles",157314,"Iron Cloth",2021,133636
15,"Metals",1573,"Iron/Steel Articles",157315,"Iron Chains",2021,112003
15,"Metals",1573,"Iron/Steel Articles",157316,"Iron Anchors",2021,15902
15,"Metals",1573,"Iron/Steel Articles",157317,"Iron Nails",2021,57928
15,"Metals",1573,"Iron/Steel Articles",157318,"Iron Fasteners",2021,1402178
15,"Metals",1573,"Iron/Steel Articles",157319,"Iron Sewing Needles",2021,24011
15,"Metals",1573,"Iron/Steel Articles",157320,"Iron Springs",2021,34579
15,"Metals",1573,"Iron/Steel Articles",157321,"Iron Stovetops",2021,2755613
15,"Metals",1573,"Iron/Steel Articles",157322,"Iron Radiators",2021,1043192.0000000001
15,"Metals",1573,"Iron/Steel Articles",157323,"Iron Housewares",2021,4005849
15,"Metals",1573,"Iron/Steel Articles",157324,"Iron Toiletry",2021,411171
15,"Metals",1573,"Iron/Steel Articles",157325,"Other Cast Iron Products",2021,272016
15,"Metals",1573,"Iron/Steel Articles",157326,"Other Iron Products",2021,3812067
15,"Metals",1574,"Copper articles",157402,"Raw Copper",2021,573540.9999999999
15,"Metals",1574,"Copper articles",157403,"Refined Copper",2021,9548207
15,"Metals",1574,"Copper articles",157404,"Scrap Copper",2021,132514513
15,"Metals",1574,"Copper articles",157406,"Copper Powder",2021,12225
15,"Metals",1574,"Copper articles",157407,"Copper Bars",2021,222336
15,"Metals",1574,"Copper articles",157408,"Copper Wire",2021,574782
15,"Metals",1574,"Copper articles",157409,"Copper Plating",2021,115132
15,"Metals",1574,"Copper articles",157410,"Copper Foil",2021,116882
15,"Metals",1574,"Copper articles",157411,"Copper Pipes",2021,110826
15,"Metals",1574,"Copper articles",157412,"Copper Pipe Fittings",2021,1510721
15,"Metals",1574,"Copper articles",157413,"Stranded Copper Wire",2021,4720
15,"Metals",1574,"Copper articles",157415,"Copper Fasteners",2021,97968
15,"Metals",1574,"Copper articles",157418,"Copper Housewares",2021,206888
15,"Metals",1574,"Copper articles",157419,"Other Copper Products",2021,792315
15,"Metals",1575,"Nickel articles",157503,"Scrap Nickel",2021,313477.00000000006
15,"Metals",1575,"Nickel articles",157504,"Nickel Powder",2021,16122
15,"Metals",1575,"Nickel articles",157505,"Nickel Bars",2021,66655
15,"Metals",1575,"Nickel articles",157506,"Nickel Sheets",2021,1250
15,"Metals",1575,"Nickel articles",157508,"Other Nickel Products",2021,24041
15,"Metals",1576,"Aluminum articles",157601,"Raw Aluminium",2021,7978438
15,"Metals",1576,"Aluminum articles",157602,"Scrap Aluminium",2021,29369234
15,"Metals",1576,"Aluminum articles",157604,"Aluminium Bars",2021,5630130
15,"Metals",1576,"Aluminum articles",157605,"Aluminium Wire",2021,4382
15,"Metals",1576,"Aluminum articles",157606,"Aluminium Plating",2021,1195740
15,"Metals",1576,"Aluminum articles",157607,"Aluminium Foil",2021,6838170
15,"Metals",1576,"Aluminum articles",157608,"Aluminium Pipes",2021,126603
15,"Metals",1576,"Aluminum articles",157609,"Aluminium Pipe Fittings",2021,37774
15,"Metals",1576,"Aluminum articles",157610,"Aluminium Structures",2021,11365903
15,"Metals",1576,"Aluminum articles",157611,"Large Aluminium Containers",2021,10921
15,"Metals",1576,"Aluminum articles",157612,"Aluminium Cans",2021,1909444
15,"Metals",1576,"Aluminum articles",157613,"Aluminium Gas Containers",2021,122038.99999999999
15,"Metals",1576,"Aluminum articles",157614,"Stranded Aluminium Wire",2021,12793
15,"Metals",1576,"Aluminum articles",157615,"Aluminium Housewares",2021,301651
15,"Metals",1576,"Aluminum articles",157616,"Other Aluminium Products",2021,5250629
15,"Metals",1578,"Lead articles",157801,"Raw Lead",2021,67624378
15,"Metals",1578,"Lead articles",157804,"Lead Sheets",2021,28715.999999999996
15,"Metals",1578,"Lead articles",157806,"Other Lead Products",2021,1131417
15,"Metals",1579,"Zinc articles",157901,"Raw Zinc",2021,229744
15,"Metals",1579,"Zinc articles",157902,"Scrap Waste",2021,866604
15,"Metals",1579,"Zinc articles",157905,"Zinc Sheets",2021,18265
15,"Metals",1579,"Zinc articles",157907,"Other Zinc Products",2021,66594
15,"Metals",1580,"Tin articles",158007,"Other Tin Products",2021,101652
15,"Metals",1581,"Cermet articles",158104,"Magnesium",2021,41074.99999999999
15,"Metals",1581,"Cermet articles",158105,"Cobalt",2021,19774.999999999996
15,"Metals",1581,"Cermet articles",158108,"Titanium",2021,111403
15,"Metals",1581,"Cermet articles",158113,"Cermets",2021,268.99999999999994
15,"Metals",1582,"Tools & cutlery",158201,"Garden Tools",2021,90810
15,"Metals",1582,"Tools & cutlery",158202,"Hand Saws",2021,257539
15,"Metals",1582,"Tools & cutlery",158203,"Hand Tools",2021,159982
15,"Metals",1582,"Tools & cutlery",158204,"Wrenches",2021,51842
15,"Metals",1582,"Tools & cutlery",158205,"Other Hand Tools",2021,2058700
15,"Metals",1582,"Tools & cutlery",158206,"Tool Sets",2021,233093
15,"Metals",1582,"Tools & cutlery",158207,"Interchangeable Tool Parts",2021,555977
15,"Metals",1582,"Tools & cutlery",158208,"Cutting Blades",2021,128986
15,"Metals",1582,"Tools & cutlery",158209,"Tool Plates",2021,30431
15,"Metals",1582,"Tools & cutlery",158210,"Cooking Hand Tools",2021,80938
15,"Metals",1582,"Tools & cutlery",158211,"Knives",2021,78753
15,"Metals",1582,"Tools & cutlery",158212,"Razor Blades",2021,88858
15,"Metals",1582,"Tools & cutlery",158213,"Scissors",2021,12816
15,"Metals",1582,"Tools & cutlery",158214,"Other Cutlery",2021,58964
15,"Metals",1582,"Tools & cutlery",158215,"Cutlery Sets",2021,190843
15,"Metals",1583,"Miscellaneous metal products",158301,"Padlocks",2021,429590
15,"Metals",1583,"Miscellaneous metal products",158302,"Metal Mountings",2021,5990217
15,"Metals",1583,"Miscellaneous metal products",158303,"Safes",2021,76395
15,"Metals",1583,"Miscellaneous metal products",158304,"Filing Cabinets",2021,15716
15,"Metals",1583,"Miscellaneous metal products",158305,"Metal Office Supplies",2021,16159
15,"Metals",1583,"Miscellaneous metal products",158306,"Bells and Other Metal Ornaments",2021,837667
15,"Metals",1583,"Miscellaneous metal products",158307,"Flexible Metal Tubing",2021,76031
15,"Metals",1583,"Miscellaneous metal products",158308,"Other Metal Fasteners",2021,116156
15,"Metals",1583,"Miscellaneous metal products",158309,"Metal Stoppers",2021,423930
15,"Metals",1583,"Miscellaneous metal products",158310,"Metal Signs",2021,140251
15,"Metals",1583,"Miscellaneous metal products",158311,"Coated Metal Soldering Products",2021,385312
16,"Machines",1684,"Machinery, mechanical appliances, & parts",168401,"Nuclear Reactors",2021,4346
16,"Machines",1684,"Machinery, mechanical appliances, & parts",168402,"Steam Boilers",2021,498861
16,"Machines",1684,"Machinery, mechanical appliances, & parts",168403,"Central Heating Boilers",2021,193707
16,"Machines",1684,"Machinery, mechanical appliances, & parts",168404,"Boiler Plants",2021,296428
16,"Machines",1684,"Machinery, mechanical appliances, & parts",168405,"Water and Gas Generators",2021,1974.9999999999998
16,"Machines",1684,"Machinery, mechanical appliances, & parts",168406,"Steam Turbines",2021,3400
16,"Machines",1684,"Machinery, mechanical appliances, & parts",168407,"Spark-Ignition Engines",2021,515514
16,"Machines",1684,"Machinery, mechanical appliances, & parts",168408,"Combustion Engines",2021,7853554
16,"Machines",1684,"Machinery, mechanical appliances, & parts",168409,"Engine Parts",2021,1091513
16,"Machines",1684,"Machinery, mechanical appliances, & parts",168410,"Hydraulic Turbines",2021,2291
16,"Machines",1684,"Machinery, mechanical appliances, & parts",168411,"Gas Turbines",2021,17592311
16,"Machines",1684,"Machinery, mechanical appliances, & parts",168412,"Other Engines",2021,303564
16,"Machines",1684,"Machinery, mechanical appliances, & parts",168413,"Liquid Pumps",2021,3098408
16,"Machines",1684,"Machinery, mechanical appliances, & parts",168414,"Air Pumps",2021,3246303
16,"Machines",1684,"Machinery, mechanical appliances, & parts",168415,"Air Conditioners",2021,3407986
16,"Machines",1684,"Machinery, mechanical appliances, & parts",168416,"Liquid Fuel Furnaces",2021,268358
16,"Machines",1684,"Machinery, mechanical appliances, & parts",168417,"Industrial Furnaces",2021,3734078
16,"Machines",1684,"Machinery, mechanical appliances, & parts",168418,"Refrigerators",2021,27501572
16,"Machines",1684,"Machinery, mechanical appliances, & parts",168419,"Other Heating Machinery",2021,2897853
16,"Machines",1684,"Machinery, mechanical appliances, & parts",168420,"Rolling Machines",2021,33056
16,"Machines",1684,"Machinery, mechanical appliances, & parts",168421,"Centrifuges",2021,15622469.000000002
16,"Machines",1684,"Machinery, mechanical appliances, & parts",168422,"Washing and Bottling Machines",2021,15754084
16,"Machines",1684,"Machinery, mechanical appliances, & parts",168423,"Scales",2021,320507
16,"Machines",1684,"Machinery, mechanical appliances, & parts",168424,"Liquid Dispersing Machines",2021,471039
16,"Machines",1684,"Machinery, mechanical appliances, & parts",168425,"Pulley Systems",2021,622972
16,"Machines",1684,"Machinery, mechanical appliances, & parts",168426,"Cranes",2021,2579337
16,"Machines",1684,"Machinery, mechanical appliances, & parts",168427,"Fork-Lifts",2021,777347
16,"Machines",1684,"Machinery, mechanical appliances, & parts",168428,"Lifting Machinery",2021,8905949
16,"Machines",1684,"Machinery, mechanical appliances, & parts",168429,"Large Construction Vehicles",2021,10135460
16,"Machines",1684,"Machinery, mechanical appliances, & parts",168430,"Other Construction Vehicles",2021,2392349
16,"Machines",1684,"Machinery, mechanical appliances, & parts",168431,"Excavation Machinery",2021,7293870
16,"Machines",1684,"Machinery, mechanical appliances, & parts",168432,"Soil Preparation Machinery",2021,185903
16,"Machines",1684,"Machinery, mechanical appliances, & parts",168433,"Harvesting Machinery",2021,96785
16,"Machines",1684,"Machinery, mechanical appliances, & parts",168434,"Dairy Machinery",2021,1439131
16,"Machines",1684,"Machinery, mechanical appliances, & parts",168435,"Fruit Pressing Machinery",2021,336348
16,"Machines",1684,"Machinery, mechanical appliances, & parts",168436,"Other Agricultural Machinery",2021,80424
16,"Machines",1684,"Machinery, mechanical appliances, & parts",168437,"Mill Machinery",2021,857428
16,"Machines",1684,"Machinery, mechanical appliances, & parts",168438,"Industrial Food Preperation Machinery",2021,21580753
16,"Machines",1684,"Machinery, mechanical appliances, & parts",168439,"Papermaking Machines",2021,3223617
16,"Machines",1684,"Machinery, mechanical appliances, & parts",168440,"Book-binding Machines",2021,196024
16,"Machines",1684,"Machinery, mechanical appliances, & parts",168441,"Other Paper Machinery",2021,8373729
16,"Machines",1684,"Machinery, mechanical appliances, & parts",168442,"Print Production Machinery",2021,358255
16,"Machines",1684,"Machinery, mechanical appliances, & parts",168443,"Industrial Printers",2021,5240085
16,"Machines",1684,"Machinery, mechanical appliances, & parts",168444,"Artificial Textile Machinery",2021,112010
16,"Machines",1684,"Machinery, mechanical appliances, & parts",168445,"Textile Fiber Machinery",2021,15815.999999999998
16,"Machines",1684,"Machinery, mechanical appliances, & parts",168447,"Knitting Machines",2021,11943
16,"Machines",1684,"Machinery, mechanical appliances, & parts",168448,"Knitting Machine Accessories",2021,45739
16,"Machines",1684,"Machinery, mechanical appliances, & parts",168449,"Felt Machinery",2021,416642
16,"Machines",1684,"Machinery, mechanical appliances, & parts",168450,"Household Washing Machines",2021,157724
16,"Machines",1684,"Machinery, mechanical appliances, & parts",168451,"Textile Processing Machines",2021,179376
16,"Machines",1684,"Machinery, mechanical appliances, & parts",168452,"Sewing Machines",2021,84595
16,"Machines",1684,"Machinery, mechanical appliances, & parts",168453,"Leather Machinery",2021,3559
16,"Machines",1684,"Machinery, mechanical appliances, & parts",168454,"Casting Machines",2021,446742
16,"Machines",1684,"Machinery, mechanical appliances, & parts",168455,"Metal-Rolling Mills",2021,12602
16,"Machines",1684,"Machinery, mechanical appliances, & parts",168456,"Non-Mechanical Removal Machinery",2021,194501
16,"Machines",1684,"Machinery, mechanical appliances, & parts",168457,"Metalworking Transfer Machines",2021,1267
16,"Machines",1684,"Machinery, mechanical appliances, & parts",168458,"Metal Lathes",2021,218033
16,"Machines",1684,"Machinery, mechanical appliances, & parts",168459,"Drilling Machines",2021,157097
16,"Machines",1684,"Machinery, mechanical appliances, & parts",168460,"Metal Finishing Machines",2021,76799
16,"Machines",1684,"Machinery, mechanical appliances, & parts",168461,"Metalworking Machines",2021,201023
16,"Machines",1684,"Machinery, mechanical appliances, & parts",168462,"Forging Machines",2021,838225
16,"Machines",1684,"Machinery, mechanical appliances, & parts",168463,"Other Non-Metal Removal Machinery",2021,91815
16,"Machines",1684,"Machinery, mechanical appliances, & parts",168464,"Stone Working Machines",2021,468601
16,"Machines",1684,"Machinery, mechanical appliances, & parts",168465,"Woodworking machines",2021,1308730
16,"Machines",1684,"Machinery, mechanical appliances, & parts",168466,"Metalworking Machine Parts",2021,317328
16,"Machines",1684,"Machinery, mechanical appliances, & parts",168467,"Motor-working Tools",2021,1684859
16,"Machines",1684,"Machinery, mechanical appliances, & parts",168468,"Soldering and Welding Machinery",2021,163110
16,"Machines",1684,"Machinery, mechanical appliances, & parts",168470,"Calculators",2021,25718
16,"Machines",1684,"Machinery, mechanical appliances, & parts",168471,"Computers",2021,4198904
16,"Machines",1684,"Machinery, mechanical appliances, & parts",168472,"Other Office Machines",2021,971970
16,"Machines",1684,"Machinery, mechanical appliances, & parts",168473,"Office Machine Parts",2021,3650625
16,"Machines",1684,"Machinery, mechanical appliances, & parts",168474,"Stone Processing Machines",2021,14627641
16,"Machines",1684,"Machinery, mechanical appliances, & parts",168475,"Glass Working Machines",2021,64507
16,"Machines",1684,"Machinery, mechanical appliances, & parts",168476,"Vending Machines",2021,75308
16,"Machines",1684,"Machinery, mechanical appliances, & parts",168477,"Rubberworking Machinery",2021,3334621
16,"Machines",1684,"Machinery, mechanical appliances, & parts",168478,"Tobacco Processing Machines",2021,29074
16,"Machines",1684,"Machinery, mechanical appliances, & parts",168479,"Machinery Having Individual Functions",2021,5827770
16,"Machines",1684,"Machinery, mechanical appliances, & parts",168480,"Metal Molds",2021,4052751
16,"Machines",1684,"Machinery, mechanical appliances, & parts",168481,"Valves",2021,3924962
16,"Machines",1684,"Machinery, mechanical appliances, & parts",168482,"Ball Bearings",2021,319530
16,"Machines",1684,"Machinery, mechanical appliances, & parts",168483,"Transmissions",2021,532030
16,"Machines",1684,"Machinery, mechanical appliances, & parts",168484,"Gaskets",2021,141146
16,"Machines",1684,"Machinery, mechanical appliances, & parts",168485,"Boat Propellers",2021,1378425
16,"Machines",1685,"Electrical machinery and electronics",168501,"Electric Motors",2021,5258257
16,"Machines",1685,"Electrical machinery and electronics",168502,"Electric Generating Sets",2021,99817169
16,"Machines",1685,"Electrical machinery and electronics",168503,"Electric Motor Parts",2021,4304742
16,"Machines",1685,"Electrical machinery and electronics",168504,"Electrical Transformers",2021,37585818
16,"Machines",1685,"Electrical machinery and electronics",168505,"Electromagnets",2021,104738
16,"Machines",1685,"Electrical machinery and electronics",168506,"Batteries",2021,131908
16,"Machines",1685,"Electrical machinery and electronics",168507,"Electric Batteries",2021,3434798
16,"Machines",1685,"Electrical machinery and electronics",168508,"Vacuum Cleaners",2021,258457
16,"Machines",1685,"Electrical machinery and electronics",168509,"Other Domestic Electric Housewares",2021,1481296
16,"Machines",1685,"Electrical machinery and electronics",168510,"Hair Trimmers",2021,184883
16,"Machines",1685,"Electrical machinery and electronics",168511,"Electrical Ignitions",2021,268319
16,"Machines",1685,"Electrical machinery and electronics",168512,"Electrical Lighting and Signalling Equipment",2021,72392
16,"Machines",1685,"Electrical machinery and electronics",168513,"Portable Lighting",2021,74658
16,"Machines",1685,"Electrical machinery and electronics",168514,"Electric Furnaces",2021,1317789
16,"Machines",1685,"Electrical machinery and electronics",168515,"Electric Soldering Equipment",2021,223695
16,"Machines",1685,"Electrical machinery and electronics",168516,"Electric Heaters",2021,1812004
16,"Machines",1685,"Electrical machinery and electronics",168517,"Telephones",2021,1755085
16,"Machines",1685,"Electrical machinery and electronics",168518,"Microphones and Headphones",2021,697727
16,"Machines",1685,"Electrical machinery and electronics",168519,"Sound Recording Equipment",2021,109460
16,"Machines",1685,"Electrical machinery and electronics",168520,"Dictation Machines",2021,6576.000000000001
16,"Machines",1685,"Electrical machinery and electronics",168521,"Video Recording Equipment",2021,440119
16,"Machines",1685,"Electrical machinery and electronics",168522,"Audio and Video Recording Accessories",2021,8625
16,"Machines",1685,"Electrical machinery and electronics",168523,"Blank Audio Media",2021,1149844
16,"Machines",1685,"Electrical machinery and electronics",168524,"Sound Recordings",2021,154790
16,"Machines",1685,"Electrical machinery and electronics",168525,"Broadcasting Equipment",2021,7761616
16,"Machines",1685,"Electrical machinery and electronics",168526,"Navigation Equipment",2021,73912
16,"Machines",1685,"Electrical machinery and electronics",168527,"Radio Receivers",2021,112853
16,"Machines",1685,"Electrical machinery and electronics",168528,"Video Displays",2021,2057975
16,"Machines",1685,"Electrical machinery and electronics",168529,"Broadcasting Accessories",2021,234019
16,"Machines",1685,"Electrical machinery and electronics",168530,"Traffic Signals",2021,36497
16,"Machines",1685,"Electrical machinery and electronics",168531,"Audio Alarms",2021,435487
16,"Machines",1685,"Electrical machinery and electronics",168532,"Electrical Capacitors",2021,70873
16,"Machines",1685,"Electrical machinery and electronics",168533,"Electrical Resistors",2021,15297
16,"Machines",1685,"Electrical machinery and electronics",168534,"Printed Circuit Boards",2021,268341
16,"Machines",1685,"Electrical machinery and electronics",168535,"High-voltage Protection Equipment",2021,135106
16,"Machines",1685,"Electrical machinery and electronics",168536,"Low-voltage Protection Equipment",2021,4399816
16,"Machines",1685,"Electrical machinery and electronics",168537,"Electrical Control Boards",2021,9075026
16,"Machines",1685,"Electrical machinery and electronics",168538,"Electrical Power Accessories",2021,1845482
16,"Machines",1685,"Electrical machinery and electronics",168539,"Electric Filament",2021,205980
16,"Machines",1685,"Electrical machinery and electronics",168540,"Cathode Tubes",2021,5485
16,"Machines",1685,"Electrical machinery and electronics",168541,"Semiconductor Devices",2021,819069
16,"Machines",1685,"Electrical machinery and electronics",168542,"Integrated Circuits",2021,3271861
16,"Machines",1685,"Electrical machinery and electronics",168543,"Other Electrical Machinery",2021,1190958
16,"Machines",1685,"Electrical machinery and electronics",168544,"Insulated Wire",2021,28020354
16,"Machines",1685,"Electrical machinery and electronics",168545,"Carbon-based Electronics",2021,28671
16,"Machines",1685,"Electrical machinery and electronics",168546,"Electrical Insulators",2021,42432
16,"Machines",1685,"Electrical machinery and electronics",168547,"Metal Insulating Fittings",2021,89382
16,"Machines",1685,"Electrical machinery and electronics",168548,"Electrical Parts",2021,91409
17,"Transportation",1786,"Railway and trams",178607,"Locomotive Parts",2021,6671.000000000001
17,"Transportation",1786,"Railway and trams",178609,"Railway Cargo Containers",2021,1263899
17,"Transportation",1787,"Cars, tractors, trucks & parts thereof.",178701,"Tractors",2021,214688
17,"Transportation",1787,"Cars, tractors, trucks & parts thereof.",178702,"Buses",2021,920531
17,"Transportation",1787,"Cars, tractors, trucks & parts thereof.",178703,"Cars",2021,93688662
17,"Transportation",1787,"Cars, tractors, trucks & parts thereof.",178704,"Delivery Trucks",2021,35145027
17,"Transportation",1787,"Cars, tractors, trucks & parts thereof.",178705,"Special purpose motor vehicles",2021,3271453
17,"Transportation",1787,"Cars, tractors, trucks & parts thereof.",178706,"Motor vehicle (8701 to 8705) chassis fitted with engine",2021,98036
17,"Transportation",1787,"Cars, tractors, trucks & parts thereof.",178707,"Vehicle Bodies (including cabs) for the motor vehicles (8701 to 8705)",2021,25416
17,"Transportation",1787,"Cars, tractors, trucks & parts thereof.",178708,"Motor vehicles; parts and accessories (8701 to 8705)",2021,13076718
17,"Transportation",1787,"Cars, tractors, trucks & parts thereof.",178709,"Work Trucks",2021,129198
17,"Transportation",1787,"Cars, tractors, trucks & parts thereof.",178710,"Tanks and Armored vehicles",2021,8401171
17,"Transportation",1787,"Cars, tractors, trucks & parts thereof.",178711,"Motorcycles and cycles",2021,769356
17,"Transportation",1787,"Cars, tractors, trucks & parts thereof.",178712,"Bicycles, delivery tricycles, other cycles",2021,59041
17,"Transportation",1787,"Cars, tractors, trucks & parts thereof.",178713,"Wheelchairs",2021,106
17,"Transportation",1787,"Cars, tractors, trucks & parts thereof.",178714,"Bi-Wheel Vehicle Parts",2021,267499
17,"Transportation",1787,"Cars, tractors, trucks & parts thereof.",178715,"Baby Carriages",2021,41914
17,"Transportation",1787,"Cars, tractors, trucks & parts thereof.",178716,"Trailers and semi-trailers, not mechanically propelled vehicles",2021,2986605
17,"Transportation",1788,"Aircraft and Spacecraft",178801,"Non-powered Aircraft",2021,986
17,"Transportation",1788,"Aircraft and Spacecraft",178802,"Planes, Helicopters, and/or Spacecraft",2021,1280
17,"Transportation",1788,"Aircraft and Spacecraft",178803,"Aircraft parts (gliders, balloons, and powered aircraft)",2021,4687791
17,"Transportation",1788,"Aircraft and Spacecraft",178804,"Parachutes",2021,4836
17,"Transportation",1789,"Ships, boats, & floating structures",178901,"Passenger and Cargo Ships",2021,1000.9999999999999
17,"Transportation",1789,"Ships, boats, & floating structures",178902,"Fishing Ships",2021,7981.000000000001
17,"Transportation",1789,"Ships, boats, & floating structures",178903,"Recreational Boats",2021,12210802
17,"Transportation",1789,"Ships, boats, & floating structures",178905,"Special Purpose Ships",2021,860
17,"Transportation",1789,"Ships, boats, & floating structures",178907,"Other Floating Structures",2021,193.99999999999997
18,"Instruments",1890,"Optical, photo, & film equipment; medical instruments",189001,"Optical Fibers and optical fibre bundles",2021,198946
18,"Instruments",1890,"Optical, photo, & film equipment; medical instruments",189002,"Mirrors and Lenses",2021,31607
18,"Instruments",1890,"Optical, photo, & film equipment; medical instruments",189003,"Eyewear Frames",2021,12896
18,"Instruments",1890,"Optical, photo, & film equipment; medical instruments",189004,"Eyewear",2021,201104
18,"Instruments",1890,"Optical, photo, & film equipment; medical instruments",189005,"Binoculars and Telescopes",2021,24289
18,"Instruments",1890,"Optical, photo, & film equipment; medical instruments",189006,"Cameras",2021,86162
18,"Instruments",1890,"Optical, photo, & film equipment; medical instruments",189007,"Video Cameras",2021,66370
18,"Instruments",1890,"Optical, photo, & film equipment; medical instruments",189008,"Image Projectors",2021,466
18,"Instruments",1890,"Optical, photo, & film equipment; medical instruments",189009,"Photocopiers",2021,181212
18,"Instruments",1890,"Optical, photo, & film equipment; medical instruments",189010,"Photo Lab Equipment",2021,21161
18,"Instruments",1890,"Optical, photo, & film equipment; medical instruments",189011,"Microscopes",2021,20766
18,"Instruments",1890,"Optical, photo, & film equipment; medical instruments",189012,"Non-optical Microscopes",2021,1975
18,"Instruments",1890,"Optical, photo, & film equipment; medical instruments",189013,"LCDs",2021,98760
18,"Instruments",1890,"Optical, photo, & film equipment; medical instruments",189014,"Compasses",2021,174093
18,"Instruments",1890,"Optical, photo, & film equipment; medical instruments",189015,"Surveying Equipment",2021,843178
18,"Instruments",1890,"Optical, photo, & film equipment; medical instruments",189016,"Balances",2021,26637
18,"Instruments",1890,"Optical, photo, & film equipment; medical instruments",189017,"Drafting Tools",2021,49321
18,"Instruments",1890,"Optical, photo, & film equipment; medical instruments",189018,"Medical Instruments",2021,9137753
18,"Instruments",1890,"Optical, photo, & film equipment; medical instruments",189019,"Therapeutic Appliances",2021,719741
18,"Instruments",1890,"Optical, photo, & film equipment; medical instruments",189020,"Breathing Appliances",2021,104197
18,"Instruments",1890,"Optical, photo, & film equipment; medical instruments",189021,"Orthopedic Appliances",2021,1904226
18,"Instruments",1890,"Optical, photo, & film equipment; medical instruments",189022,"X-Ray Equipment",2021,1206799
18,"Instruments",1890,"Optical, photo, & film equipment; medical instruments",189023,"Instructional Models",2021,208307
18,"Instruments",1890,"Optical, photo, & film equipment; medical instruments",189024,"Tensile Testing Machines",2021,40121
18,"Instruments",1890,"Optical, photo, & film equipment; medical instruments",189025,"Hydrometers",2021,171649
18,"Instruments",1890,"Optical, photo, & film equipment; medical instruments",189026,"Gas and Liquid Flow Measuring Instruments",2021,900125
18,"Instruments",1890,"Optical, photo, & film equipment; medical instruments",189027,"Chemical Analysis Instruments",2021,2191882
18,"Instruments",1890,"Optical, photo, & film equipment; medical instruments",189028,"Utility Meters",2021,98922
18,"Instruments",1890,"Optical, photo, & film equipment; medical instruments",189029,"Revolution Counters",2021,5745
18,"Instruments",1890,"Optical, photo, & film equipment; medical instruments",189030,"Oscilloscopes",2021,5631813
18,"Instruments",1890,"Optical, photo, & film equipment; medical instruments",189031,"Other Measuring Instruments",2021,1970408
18,"Instruments",1890,"Optical, photo, & film equipment; medical instruments",189032,"Thermostats",2021,193084
18,"Instruments",1890,"Optical, photo, & film equipment; medical instruments",189033,"Opto-Electric Instrument Parts",2021,114481
18,"Instruments",1891,"Clocks, watches, & parts",189101,"Precious Metal Watches",2021,1913377
18,"Instruments",1891,"Clocks, watches, & parts",189102,"Base Metal Watches",2021,5698336
18,"Instruments",1891,"Clocks, watches, & parts",189103,"Clocks with Watch Movements",2021,8198
18,"Instruments",1891,"Clocks, watches, & parts",189104,"Dashboard Clocks",2021,714
18,"Instruments",1891,"Clocks, watches, & parts",189105,"Other Clocks",2021,91284
18,"Instruments",1891,"Clocks, watches, & parts",189106,"Time Recording Instruments",2021,21537
18,"Instruments",1891,"Clocks, watches, & parts",189108,"Watch Movements",2021,1371
18,"Instruments",1891,"Clocks, watches, & parts",189109,"Clock Movements",2021,254
18,"Instruments",1891,"Clocks, watches, & parts",189110,"Incomplete Movement Sets",2021,2839
18,"Instruments",1891,"Clocks, watches, & parts",189111,"Watch Cases and Parts",2021,11034
18,"Instruments",1891,"Clocks, watches, & parts",189112,"Clock Cases and Parts",2021,9833
18,"Instruments",1891,"Clocks, watches, & parts",189113,"Watch Straps",2021,1292694
18,"Instruments",1891,"Clocks, watches, & parts",189114,"Other Clocks and Watches",2021,22355
18,"Instruments",1892,"Musical instruments",189201,"Pianos",2021,34201
18,"Instruments",1892,"Musical instruments",189202,"String Instruments",2021,68578.00000000001
18,"Instruments",1892,"Musical instruments",189205,"Wind Instruments",2021,10851
18,"Instruments",1892,"Musical instruments",189206,"Percussion",2021,61793
18,"Instruments",1892,"Musical instruments",189207,"Electric Musical Instruments",2021,43519
18,"Instruments",1892,"Musical instruments",189208,"Other Musical Instruments",2021,11321
18,"Instruments",1892,"Musical instruments",189209,"Musical Instrument Parts",2021,52555
19,"Weapons",1993,"Weapons",199301,"Military Weapons",2021,728263
19,"Weapons",1993,"Weapons",199302,"Handguns",2021,14959
19,"Weapons",1993,"Weapons",199303,"Other Firearms",2021,834594
19,"Weapons",1993,"Weapons",199304,"Spring, Air, and Gas Guns",2021,135079
19,"Weapons",1993,"Weapons",199305,"Weapons Parts and Accessories",2021,191925
19,"Weapons",1993,"Weapons",199306,"Explosive Ammunition",2021,619611
19,"Weapons",1993,"Weapons",199307,"Bladed Weapons and Accessories",2021,202
20,"Miscellaneous",2094,"Furniture, bedding, lamps, & prefab buildings",209401,"Seats",2021,5641861
20,"Miscellaneous",2094,"Furniture, bedding, lamps, & prefab buildings",209402,"Medical Furniture",2021,155823
20,"Miscellaneous",2094,"Furniture, bedding, lamps, & prefab buildings",209403,"Other Furniture",2021,77817247
20,"Miscellaneous",2094,"Furniture, bedding, lamps, & prefab buildings",209404,"Mattresses",2021,1405458
20,"Miscellaneous",2094,"Furniture, bedding, lamps, & prefab buildings",209405,"Light Fixtures",2021,11358335
20,"Miscellaneous",2094,"Furniture, bedding, lamps, & prefab buildings",209406,"Prefabricated Buildings",2021,13752175
20,"Miscellaneous",2095,"Toys, games, & sports",209503,"Other toys",2021,889923
20,"Miscellaneous",2095,"Toys, games, & sports",209504,"Video and Card Games",2021,574390
20,"Miscellaneous",2095,"Toys, games, & sports",209505,"Party Decorations",2021,566434
20,"Miscellaneous",2095,"Toys, games, & sports",209506,"Sports Equipment",2021,1116749
20,"Miscellaneous",2095,"Toys, games, & sports",209507,"Fishing and Hunting Equipment",2021,32200.999999999996
20,"Miscellaneous",2095,"Toys, games, & sports",209508,"Fairground Amusements",2021,256390
20,"Miscellaneous",2096,"Misc. manufactures",209601,"Worked Ivory and Bone",2021,289670
20,"Miscellaneous",2096,"Misc. manufactures",209602,"Vegetable and Mineral Carvings",2021,4810
20,"Miscellaneous",2096,"Misc. manufactures",209603,"Brooms",2021,1046710
20,"Miscellaneous",2096,"Misc. manufactures",209604,"Hand Sifters",2021,4576
20,"Miscellaneous",2096,"Misc. manufactures",209605,"Travel Kits",2021,13447
20,"Miscellaneous",2096,"Misc. manufactures",209606,"Buttons",2021,23521
20,"Miscellaneous",2096,"Misc. manufactures",209607,"Zippers",2021,8133
20,"Miscellaneous",2096,"Misc. manufactures",209608,"Pens",2021,539724
20,"Miscellaneous",2096,"Misc. manufactures",209609,"Pencils and Crayons",2021,156398
20,"Miscellaneous",2096,"Misc. manufactures",209610,"Chalkboards",2021,16807
20,"Miscellaneous",2096,"Misc. manufactures",209611,"Rubber Stamps",2021,3394
20,"Miscellaneous",2096,"Misc. manufactures",209612,"Ink Ribbons",2021,68716
20,"Miscellaneous",2096,"Misc. manufactures",209613,"Lighters",2021,25410
20,"Miscellaneous",2096,"Misc. manufactures",209614,"Smoking Pipes",2021,1020055
20,"Miscellaneous",2096,"Misc. manufactures",209615,"Combs",2021,330676
20,"Miscellaneous",2096,"Misc. manufactures",209616,"Scent Sprays",2021,95019
20,"Miscellaneous",2096,"Misc. manufactures",209617,"Vacuum Flask",2021,47443
20,"Miscellaneous",2096,"Misc. manufactures",209618,"Mannequins",2021,31693
21,"Arts and Antiques",2197,"Art & antiques",219701,"Paintings",2021,13853858
21,"Arts and Antiques",2197,"Art & antiques",219702,"Prints",2021,134961
21,"Arts and Antiques",2197,"Art & antiques",219703,"Sculptures",2021,1159158
21,"Arts and Antiques",2197,"Art & antiques",219704,"Revenue Stamps",2021,17198
21,"Arts and Antiques",2197,"Art & antiques",219705,"Collector's Items",2021,2034537
21,"Arts and Antiques",2197,"Art & antiques",219706,"Antiques",2021,1253845