Section ID,Section,HS2 ID,HS2,HS4 ID,HS4,Year,Trade Value
1,"Animal Products",101,"Live animals",10101,"Horses",2021,5135
1,"Animal Products",101,"Live animals",10102,"Bovine",2021,8933
1,"Animal Products",101,"Live animals",10105,"Poultry",2021,484884
1,"Animal Products",101,"Live animals",10106,"Other Animals",2021,113712
1,"Animal Products",102,"Meat & edible offal",10201,"Bovine Meat",2021,34601
1,"Animal Products",102,"Meat & edible offal",10202,"Frozen Bovine Meat",2021,327838
1,"Animal Products",102,"Meat & edible offal",10203,"Pig Meat",2021,287061
1,"Animal Products",102,"Meat & edible offal",10204,"Sheep and Goat Meat",2021,87380
1,"Animal Products",102,"Meat & edible offal",10206,"Edible Offal",2021,3575
1,"Animal Products",102,"Meat & edible offal",10207,"Poultry Meat",2021,1398775
1,"Animal Products",102,"Meat & edible offal",10208,"Other Meat",2021,76
1,"Animal Products",102,"Meat & edible offal",10210,"Preserved Meat",2021,166361
1,"Animal Products",103,"Fish, Crustaceans & Molluscs",10301,"Live Fish",2021,24508305
1,"Animal Products",103,"Fish, Crustaceans & Molluscs",10302,"Non-fillet Fresh Fish",2021,75820435
1,"Animal Products",103,"Fish, Crustaceans & Molluscs",10303,"Non-fillet Frozen Fish",2021,81045412
1,"Animal Products",103,"Fish, Crustaceans & Molluscs",10304,"Fish Fillets",2021,83709049
1,"Animal Products",103,"Fish, Crustaceans & Molluscs",10305,"Dried/Salted/Smoked/Brined Fish",2021,8766889
1,"Animal Products",103,"Fish, Crustaceans & Molluscs",10306,"Crustaceans",2021,54456697
1,"Animal Products",103,"Fish, Crustaceans & Molluscs",10307,"Molluscs",2021,14460021
1,"Animal Products",104,"Edible products of animal origin, n.e.s.",10401,"Milk",2021,227794
1,"Animal Products",104,"Edible products of animal origin, n.e.s.",10402,"Concentrated Milk",2021,5372581
1,"Animal Products",104,"Edible products of animal origin, n.e.s.",10403,"Fermented Milk Products",2021,685369
1,"Animal Products",104,"Edible products of animal origin, n.e.s.",10404,"Whey and other milk products",2021,34221
1,"Animal Products",104,"Edible products of animal origin, n.e.s.",10405,"Butter",2021,373536
1,"Animal Products",104,"Edible products of animal origin, n.e.s.",10406,"Cheese",2021,209203
1,"Animal Products",104,"Edible products of animal origin, n.e.s.",10407,"Eggs",2021,2177284
1,"Animal Products",104,"Edible products of animal origin, n.e.s.",10408,"Processed Egg Products",2021,23574
1,"Animal Products",104,"Edible products of animal origin, n.e.s.",10409,"Honey",2021,189440
1,"Animal Products",104,"Edible products of animal origin, n.e.s.",10410,"Other Edible Animal Products",2021,889
1,"Animal Products",105,"Animal originated products, n.e.s.",10502,"Pig Hair",2021,5615.000000000001
1,"Animal Products",105,"Animal originated products, n.e.s.",10504,"Animal Organs",2021,587.0000000000001
1,"Animal Products",105,"Animal originated products, n.e.s.",10506,"Processed Bones",2021,884
1,"Animal Products",105,"Animal originated products, n.e.s.",10508,"Coral and Shells",2021,802227.0000000001
1,"Animal Products",105,"Animal originated products, n.e.s.",10510,"Pharmaceutical Animal Products",2021,19862.000000000004
1,"Animal Products",105,"Animal originated products, n.e.s.",10511,"Other Inedible Animal Products",2021,23993
2,"Vegetable Products",206,"Live trees, plants, bulbs, cut flowers, & ornamental foliage",20601,"Bulbs and Roots",2021,11945
2,"Vegetable Products",206,"Live trees, plants, bulbs, cut flowers, & ornamental foliage",20602,"Other live plants, cuttings and slips;
mushroom spawn",2021,9707258
2,"Vegetable Products",206,"Live trees, plants, bulbs, cut flowers, & ornamental foliage",20603,"Cut Flowers",2021,831796
2,"Vegetable Products",206,"Live trees, plants, bulbs, cut flowers, & ornamental foliage",20604,"Plant foliage",2021,8586821
2,"Vegetable Products",207,"Edible vegetables, roots, & tubers",20701,"Potatoes",2021,194173
2,"Vegetable Products",207,"Edible vegetables, roots, & tubers",20702,"Tomatoes",2021,1516929
2,"Vegetable Products",207,"Edible vegetables, roots, & tubers",20703,"Onions",2021,1942578
2,"Vegetable Products",207,"Edible vegetables, roots, & tubers",20704,"Cabbages",2021,642217
2,"Vegetable Products",207,"Edible vegetables, roots, & tubers",20705,"Lettuce",2021,626579
2,"Vegetable Products",207,"Edible vegetables, roots, & tubers",20706,"Root Vegetables",2021,2041777
2,"Vegetable Products",207,"Edible vegetables, roots, & tubers",20707,"Cucumbers",2021,1103470.0000000002
2,"Vegetable Products",207,"Edible vegetables, roots, & tubers",20708,"Legumes",2021,1468441
2,"Vegetable Products",207,"Edible vegetables, roots, & tubers",20709,"Other Vegetables",2021,14173476
2,"Vegetable Products",207,"Edible vegetables, roots, & tubers",20710,"Frozen Vegetables",2021,3500978.0000000005
2,"Vegetable Products",207,"Edible vegetables, roots, & tubers",20711,"Preserved Vegetables",2021,1997407
2,"Vegetable Products",207,"Edible vegetables, roots, & tubers",20712,"Dried Vegetables",2021,266430
2,"Vegetable Products",207,"Edible vegetables, roots, & tubers",20713,"Dried Legumes",2021,8446875
2,"Vegetable Products",207,"Edible vegetables, roots, & tubers",20714,"Cassava",2021,5400830
2,"Vegetable Products",208,"Edible fruits, nuts & fruit peels",20801,"Coconuts, Brazil Nuts, and Cashews",2021,119337424
2,"Vegetable Products",208,"Edible fruits, nuts & fruit peels",20802,"Other Nuts",2021,41483848
2,"Vegetable Products",208,"Edible fruits, nuts & fruit peels",20803,"Bananas",2021,18737256
2,"Vegetable Products",208,"Edible fruits, nuts & fruit peels",20804,"Tropical Fruits",2021,10446292
2,"Vegetable Products",208,"Edible fruits, nuts & fruit peels",20805,"Citrus",2021,2060230
2,"Vegetable Products",208,"Edible fruits, nuts & fruit peels",20806,"Grapes",2021,52398.00000000001
2,"Vegetable Products",208,"Edible fruits, nuts & fruit peels",20807,"Melons",2021,7502411
2,"Vegetable Products",208,"Edible fruits, nuts & fruit peels",20808,"Apples and Pears",2021,86032
2,"Vegetable Products",208,"Edible fruits, nuts & fruit peels",20809,"Pitted Fruits",2021,127220
2,"Vegetable Products",208,"Edible fruits, nuts & fruit peels",20810,"Other Fruits",2021,6104659
2,"Vegetable Products",208,"Edible fruits, nuts & fruit peels",20811,"Frozen Fruits and Nuts",2021,1361412
2,"Vegetable Products",208,"Edible fruits, nuts & fruit peels",20812,"Preserved Fruits and Nuts",2021,391774
2,"Vegetable Products",208,"Edible fruits, nuts & fruit peels",20813,"Dried Fruits",2021,2989613
2,"Vegetable Products",208,"Edible fruits, nuts & fruit peels",20814,"Citrus and Melon Peels",2021,72730
2,"Vegetable Products",209,"Coffee, tea, mate & spices",20901,"Coffee",2021,1844160
2,"Vegetable Products",209,"Coffee, tea, mate & spices",20902,"Tea",2021,1241742434
2,"Vegetable Products",209,"Coffee, tea, mate & spices",20903,"Mate",2021,16295
2,"Vegetable Products",209,"Coffee, tea, mate & spices",20904,"Pepper",2021,115265136
2,"Vegetable Products",209,"Coffee, tea, mate & spices",20905,"Vanilla",2021,151743
2,"Vegetable Products",209,"Coffee, tea, mate & spices",20906,"Cinnamon",2021,160683807
2,"Vegetable Products",209,"Coffee, tea, mate & spices",20907,"Cloves",2021,37770164
2,"Vegetable Products",209,"Coffee, tea, mate & spices",20908,"Nutmeg, mace and cardamons",2021,19553915
2,"Vegetable Products",209,"Coffee, tea, mate & spices",20909,"Spice Seeds",2021,340713
2,"Vegetable Products",209,"Coffee, tea, mate & spices",20910,"Spices",2021,11058887
2,"Vegetable Products",210,"Cereals",21001,"Wheat",2021,3304770.9999999995
2,"Vegetable Products",210,"Cereals",21002,"Rye",2021,1089
2,"Vegetable Products",210,"Cereals",21003,"Barley",2021,3416
2,"Vegetable Products",210,"Cereals",21004,"Oats",2021,379296
2,"Vegetable Products",210,"Cereals",21005,"Corn",2021,1361201
2,"Vegetable Products",210,"Cereals",21006,"Rice",2021,7495003
2,"Vegetable Products",210,"Cereals",21008,"Buckwheat",2021,102826
2,"Vegetable Products",211,"Products of the milling industry",21101,"Wheat Flours",2021,29258294
2,"Vegetable Products",211,"Products of the milling industry",21102,"Cereal Flours",2021,1590852
2,"Vegetable Products",211,"Products of the milling industry",21103,"Cereal Meal and Pellets",2021,71659
2,"Vegetable Products",211,"Products of the milling industry",21104,"Processed Cereals",2021,8537120
2,"Vegetable Products",211,"Products of the milling industry",21105,"Potato Flours",2021,42147
2,"Vegetable Products",211,"Products of the milling industry",21106,"Legume Flours",2021,12924163
2,"Vegetable Products",211,"Products of the milling industry",21107,"Malt",2021,41642
2,"Vegetable Products",211,"Products of the milling industry",21108,"Starches",2021,153303
2,"Vegetable Products",211,"Products of the milling industry",21109,"Wheat Gluten",2021,9475
2,"Vegetable Products",212,"Oils seeds, oleaginous fruits, grains, straw & fodder",21201,"Soybeans",2021,89572
2,"Vegetable Products",212,"Oils seeds, oleaginous fruits, grains, straw & fodder",21202,"Ground Nuts",2021,30651
2,"Vegetable Products",212,"Oils seeds, oleaginous fruits, grains, straw & fodder",21203,"Copra",2021,1271372
2,"Vegetable Products",212,"Oils seeds, oleaginous fruits, grains, straw & fodder",21204,"Linseed",2021,54
2,"Vegetable Products",212,"Oils seeds, oleaginous fruits, grains, straw & fodder",21206,"Sunflower Seeds",2021,303
2,"Vegetable Products",212,"Oils seeds, oleaginous fruits, grains, straw & fodder",21207,"Other Oily Seeds",2021,2682900
2,"Vegetable Products",212,"Oils seeds, oleaginous fruits, grains, straw & fodder",21208,"Oil Seed Flower",2021,153277
2,"Vegetable Products",212,"Oils seeds, oleaginous fruits, grains, straw & fodder",21209,"Sowing Seeds",2021,2697070
2,"Vegetable Products",212,"Oils seeds, oleaginous fruits, grains, straw & fodder",21211,"Perfume Plants",2021,10514818
2,"Vegetable Products",212,"Oils seeds, oleaginous fruits, grains, straw & fodder",21212,"Locust beans, seaweed, sugar beet, cane, for food",2021,2789537
2,"Vegetable Products",212,"Oils seeds, oleaginous fruits, grains, straw & fodder",21213,"Cereal Straws",2021,1204
2,"Vegetable Products",212,"Oils seeds, oleaginous fruits, grains, straw & fodder",21214,"Forage Crops",2021,17944.000000000004
2,"Vegetable Products",213,"Natural gums, resins & other vegetable extracts",21301,"Insect Resins",2021,621954
2,"Vegetable Products",213,"Natural gums, resins & other vegetable extracts",21302,"Vegetable Saps",2021,608724
2,"Vegetable Products",214,"Vegetable plaiting materials & products, n.e.s.",21401,"Vegetable Plaiting Materials",2021,50346
2,"Vegetable Products",214,"Vegetable plaiting materials & products, n.e.s.",21404,"Other Vegetable Products",2021,142681497
3,"Animal and Vegetable Bi-Products",315,"Animal or vegetable fats, oils, & waxes",31501,"Pig and Poultry Fat",2021,7367.999999999999
3,"Animal and Vegetable Bi-Products",315,"Animal or vegetable fats, oils, & waxes",31504,"Fish Oil",2021,165625
3,"Animal and Vegetable Bi-Products",315,"Animal or vegetable fats, oils, & waxes",31505,"Wool Grease",2021,4288
3,"Animal and Vegetable Bi-Products",315,"Animal or vegetable fats, oils, & waxes",31507,"Soybean Oil",2021,34436
3,"Animal and Vegetable Bi-Products",315,"Animal or vegetable fats, oils, & waxes",31509,"Pure Olive Oil",2021,142502
3,"Animal and Vegetable Bi-Products",315,"Animal or vegetable fats, oils, & waxes",31510,"Olive Oil",2021,2214
3,"Animal and Vegetable Bi-Products",315,"Animal or vegetable fats, oils, & waxes",31511,"Palm Oil",2021,170420.99999999997
3,"Animal and Vegetable Bi-Products",315,"Animal or vegetable fats, oils, & waxes",31512,"Seed Oils",2021,49233
3,"Animal and Vegetable Bi-Products",315,"Animal or vegetable fats, oils, & waxes",31513,"Coconut Oil",2021,85699078
3,"Animal and Vegetable Bi-Products",315,"Animal or vegetable fats, oils, & waxes",31514,"Rapeseed Oil",2021,264565
3,"Animal and Vegetable Bi-Products",315,"Animal or vegetable fats, oils, & waxes",31515,"Other Pure Vegetable Oils",2021,1827944
3,"Animal and Vegetable Bi-Products",315,"Animal or vegetable fats, oils, & waxes",31516,"Other Vegetable Oils",2021,43910039
3,"Animal and Vegetable Bi-Products",315,"Animal or vegetable fats, oils, & waxes",31517,"Margarine",2021,1696012
3,"Animal and Vegetable Bi-Products",315,"Animal or vegetable fats, oils, & waxes",31518,"Inedible Fats and Oils",2021,52517
3,"Animal and Vegetable Bi-Products",315,"Animal or vegetable fats, oils, & waxes",31519,"Stearic Acid",2021,4311874
3,"Animal and Vegetable Bi-Products",315,"Animal or vegetable fats, oils, & waxes",31520,"Glycerol",2021,401.99999999999994
3,"Animal and Vegetable Bi-Products",315,"Animal or vegetable fats, oils, & waxes",31521,"Vegetable waxes and beeswax",2021,8885
4,"Foodstuffs",416,"Preparations of fish, crustacenas, & molluscs",41601,"Sausages",2021,1158548.0000000002
4,"Foodstuffs",416,"Preparations of fish, crustacenas, & molluscs",41602,"Other Prepared Meat",2021,1006649
4,"Foodstuffs",416,"Preparations of fish, crustacenas, & molluscs",41603,"Animal Extracts",2021,2741
4,"Foodstuffs",416,"Preparations of fish, crustacenas, & molluscs",41604,"Processed Fish",2021,10531776
4,"Foodstuffs",416,"Preparations of fish, crustacenas, & molluscs",41605,"Processed Crustaceans",2021,48915038
4,"Foodstuffs",417,"Sugars & confectioneries",41701,"Raw Sugar",2021,3365796
4,"Foodstuffs",417,"Sugars & confectioneries",41702,"Other Sugars",2021,2268119
4,"Foodstuffs",417,"Sugars & confectioneries",41703,"Molasses",2021,268917
4,"Foodstuffs",417,"Sugars & confectioneries",41704,"Confectionery Sugar",2021,949734
4,"Foodstuffs",418,"Cocoa & cocoa preparations",41801,"Cocoa Beans",2021,50281
4,"Foodstuffs",418,"Cocoa & cocoa preparations",41802,"Cocoa Shells",2021,127981.00000000001
4,"Foodstuffs",418,"Cocoa & cocoa preparations",41803,"Cocoa Paste",2021,1646.9999999999998
4,"Foodstuffs",418,"Cocoa & cocoa preparations",41804,"Cocoa Butter",2021,5338
4,"Foodstuffs",418,"Cocoa & cocoa preparations",41805,"Cocoa Powder",2021,292509
4,"Foodstuffs",418,"Cocoa & cocoa preparations",41806,"Chocolate",2021,10634886
4,"Foodstuffs",419,"Preparations of cereals, flour, starch or milk",41901,"Malt Extract",2021,5580635
4,"Foodstuffs",419,"Preparations of cereals, flour, starch or milk",41902,"Pasta",2021,2303743
4,"Foodstuffs",419,"Preparations of cereals, flour, starch or milk",41903,"Tapioca",2021,1419292
4,"Foodstuffs",419,"Preparations of cereals, flour, starch or milk",41904,"Prepared Cereals",2021,1566999
4,"Foodstuffs",419,"Preparations of cereals, flour, starch or milk",41905,"Baked Goods",2021,19013857
4,"Foodstuffs",420,"Preparations of vegetables, fruit, nuts or other plant parts",42001,"Pickled Foods",2021,10918237
4,"Foodstuffs",420,"Preparations of vegetables, fruit, nuts or other plant parts",42002,"Processed Tomatoes",2021,44102
4,"Foodstuffs",420,"Preparations of vegetables, fruit, nuts or other plant parts",42003,"Processed Mushrooms",2021,4034.0000000000005
4,"Foodstuffs",420,"Preparations of vegetables, fruit, nuts or other plant parts",42004,"Other Frozen Vegetables",2021,41655
4,"Foodstuffs",420,"Preparations of vegetables, fruit, nuts or other plant parts",42005,"Other Processed Vegetables",2021,1263889
4,"Foodstuffs",420,"Preparations of vegetables, fruit, nuts or other plant parts",42006,"Sugar Preserved Foods",2021,231956
4,"Foodstuffs",420,"Preparations of vegetables, fruit, nuts or other plant parts",42007,"Jams",2021,2160540
4,"Foodstuffs",420,"Preparations of vegetables, fruit, nuts or other plant parts",42008,"Other Processed Fruits and Nuts",2021,146180015
4,"Foodstuffs",420,"Preparations of vegetables, fruit, nuts or other plant parts",42009,"Fruit Juice",2021,15539515
4,"Foodstuffs",421,"Miscellaneous edible preparations",42101,"Coffee and Tea Extracts",2021,29097119
4,"Foodstuffs",421,"Miscellaneous edible preparations",42102,"Yeast",2021,158183
4,"Foodstuffs",421,"Miscellaneous edible preparations",42103,"Sauces and Seasonings",2021,7625753
4,"Foodstuffs",421,"Miscellaneous edible preparations",42104,"Soups and Broths",2021,142710
4,"Foodstuffs",421,"Miscellaneous edible preparations",42105,"Ice Cream",2021,1954362
4,"Foodstuffs",421,"Miscellaneous edible preparations",42106,"Other Edible Preparations",2021,170653495
4,"Foodstuffs",422,"Beverages, spirits, & vinegar",42201,"Water",2021,257302
4,"Foodstuffs",422,"Beverages, spirits, & vinegar",42202,"Flavored Water",2021,31058279
4,"Foodstuffs",422,"Beverages, spirits, & vinegar",42203,"Beer",2021,10243885
4,"Foodstuffs",422,"Beverages, spirits, & vinegar",42204,"Wine",2021,1624473
4,"Foodstuffs",422,"Beverages, spirits, & vinegar",42205,"Vermouth",2021,21757
4,"Foodstuffs",422,"Beverages, spirits, & vinegar",42206,"Other Fermented Beverages",2021,114170
4,"Foodstuffs",422,"Beverages, spirits, & vinegar",42207,"Alcohol > 80% ABV",2021,55514
4,"Foodstuffs",422,"Beverages, spirits, & vinegar",42208,"Hard Liquor",2021,5519935
4,"Foodstuffs",422,"Beverages, spirits, & vinegar",42209,"Vinegar",2021,112487
4,"Foodstuffs",423,"Food residues & wastes; animal fodder",42301,"Animal Meal and Pellets",2021,179
4,"Foodstuffs",423,"Food residues & wastes; animal fodder",42302,"Bran",2021,36742725
4,"Foodstuffs",423,"Food residues & wastes; animal fodder",42303,"Starch Residue",2021,114192
4,"Foodstuffs",423,"Food residues & wastes; animal fodder",42304,"Soybean Meal",2021,48528
4,"Foodstuffs",423,"Food residues & wastes; animal fodder",42305,"Ground Nut Meal",2021,4591
4,"Foodstuffs",423,"Food residues & wastes; animal fodder",42306,"Other Vegetable Residues",2021,12454302
4,"Foodstuffs",423,"Food residues & wastes; animal fodder",42308,"Other Vegetable Residues and Waste",2021,456155
4,"Foodstuffs",423,"Food residues & wastes; animal fodder",42309,"Animal Food",2021,109642277.99999999
4,"Foodstuffs",424,"Tobacco & substitutes",42401,"Raw Tobacco",2021,75359933
4,"Foodstuffs",424,"Tobacco & substitutes",42402,"Rolled Tobacco",2021,16793783
4,"Foodstuffs",424,"Tobacco & substitutes",42403,"Processed Tobacco",2021,67717683
5,"Mineral Products",525,"Salt, sulphur, cement, lime, stone, & plaster",52501,"Salt",2021,174109
5,"Mineral Products",525,"Salt, sulphur, cement, lime, stone, & plaster",52504,"Graphite",2021,5603426
5,"Mineral Products",525,"Salt, sulphur, cement, lime, stone, & plaster",52505,"Sand",2021,21227
5,"Mineral Products",525,"Salt, sulphur, cement, lime, stone, & plaster",52506,"Quartz",2021,12311276
5,"Mineral Products",525,"Salt, sulphur, cement, lime, stone, & plaster",52507,"Kaolin",2021,285
5,"Mineral Products",525,"Salt, sulphur, cement, lime, stone, & plaster",52508,"Clays",2021,57582
5,"Mineral Products",525,"Salt, sulphur, cement, lime, stone, & plaster",52509,"Chalk",2021,180
5,"Mineral Products",525,"Salt, sulphur, cement, lime, stone, & plaster",52510,"Calcium Phosphates",2021,12412
5,"Mineral Products",525,"Salt, sulphur, cement, lime, stone, & plaster",52513,"Pumice",2021,24343.000000000004
5,"Mineral Products",525,"Salt, sulphur, cement, lime, stone, & plaster",52515,"Marble, Travertine and Alabaster",2021,21265
5,"Mineral Products",525,"Salt, sulphur, cement, lime, stone, & plaster",52516,"Granite",2021,2645566
5,"Mineral Products",525,"Salt, sulphur, cement, lime, stone, & plaster",52517,"Gravel and Crushed Stone",2021,9871
5,"Mineral Products",525,"Salt, sulphur, cement, lime, stone, & plaster",52518,"Dolomite",2021,635
5,"Mineral Products",525,"Salt, sulphur, cement, lime, stone, & plaster",52519,"Magnesium Carbonate",2021,104032
5,"Mineral Products",525,"Salt, sulphur, cement, lime, stone, & plaster",52520,"Gypsum",2021,206
5,"Mineral Products",525,"Salt, sulphur, cement, lime, stone, & plaster",52521,"Limestone",2021,96.99999999999999
5,"Mineral Products",525,"Salt, sulphur, cement, lime, stone, & plaster",52522,"Quicklime",2021,4467
5,"Mineral Products",525,"Salt, sulphur, cement, lime, stone, & plaster",52523,"Cement",2021,211677
5,"Mineral Products",525,"Salt, sulphur, cement, lime, stone, & plaster",52525,"Mica",2021,349294
5,"Mineral Products",525,"Salt, sulphur, cement, lime, stone, & plaster",52526,"Soapstone",2021,15993
5,"Mineral Products",525,"Salt, sulphur, cement, lime, stone, & plaster",52528,"Borax",2021,8
5,"Mineral Products",525,"Salt, sulphur, cement, lime, stone, & plaster",52529,"Feldspar",2021,14100
5,"Mineral Products",525,"Salt, sulphur, cement, lime, stone, & plaster",52530,"Other Mineral",2021,47578
5,"Mineral Products",526,"Ores, slag and ash",52606,"Aluminium Ore",2021,26403
5,"Mineral Products",526,"Ores, slag and ash",52608,"Zinc Ore",2021,186.00000000000003
5,"Mineral Products",526,"Ores, slag and ash",52614,"Titanium Ore",2021,20932811
5,"Mineral Products",526,"Ores, slag and ash",52615,"Niobium, Tantalum, Vanadium and Zirconium Ore",2021,4239979
5,"Mineral Products",526,"Ores, slag and ash",52616,"Precious Metal Ore",2021,657672
5,"Mineral Products",526,"Ores, slag and ash",52617,"Other Ores",2021,6.999999999999999
5,"Mineral Products",526,"Ores, slag and ash",52618,"Granulated Slag",2021,112447
5,"Mineral Products",526,"Ores, slag and ash",52619,"Slag Dross",2021,424350
5,"Mineral Products",526,"Ores, slag and ash",52620,"Non-Iron and Steel Slag, Ash and Residues",2021,1805613
5,"Mineral Products",526,"Ores, slag and ash",52621,"Other Slag and Ash",2021,239
5,"Mineral Products",527,"Mineral fuels, mineral oils and products of their distillation",52701,"Coal Briquettes",2021,2824.9999999999995
5,"Mineral Products",527,"Mineral fuels, mineral oils and products of their distillation",52703,"Peat",2021,17924932
5,"Mineral Products",527,"Mineral fuels, mineral oils and products of their distillation",52706,"Tar",2021,11420
5,"Mineral Products",527,"Mineral fuels, mineral oils and products of their distillation",52707,"Coal Tar Oil",2021,16444
5,"Mineral Products",527,"Mineral fuels, mineral oils and products of their distillation",52709,"Crude Petroleum",2021,5975
5,"Mineral Products",527,"Mineral fuels, mineral oils and products of their distillation",52710,"Refined Petroleum",2021,258739953.00000003
5,"Mineral Products",527,"Mineral fuels, mineral oils and products of their distillation",52711,"Petroleum Gas",2021,48640277
5,"Mineral Products",527,"Mineral fuels, mineral oils and products of their distillation",52712,"Petroleum Jelly",2021,28255.000000000004
5,"Mineral Products",527,"Mineral fuels, mineral oils and products of their distillation",52713,"Petroleum Coke",2021,521745
5,"Mineral Products",527,"Mineral fuels, mineral oils and products of their distillation",52714,"Bitumen and asphalt",2021,637
5,"Mineral Products",527,"Mineral fuels, mineral oils and products of their distillation",52715,"Asphalt Mixtures",2021,121280677
6,"Chemical Products",628,"Inorganic chemicals",62801,"Halogens",2021,48776
6,"Chemical Products",628,"Inorganic chemicals",62802,"Sulfur",2021,95
6,"Chemical Products",628,"Inorganic chemicals",62803,"Carbon",2021,68748
6,"Chemical Products",628,"Inorganic chemicals",62804,"Hydrogen",2021,175646
6,"Chemical Products",628,"Inorganic chemicals",62805,"Alkali, alkaline-earth, rare-earth metals, scandium, yttrium, and mercury",2021,113
6,"Chemical Products",628,"Inorganic chemicals",62806,"Hydrochloric Acid",2021,11990
6,"Chemical Products",628,"Inorganic chemicals",62807,"Sulfuric Acid",2021,322
6,"Chemical Products",628,"Inorganic chemicals",62808,"Nitric Acids",2021,191
6,"Chemical Products",628,"Inorganic chemicals",62809,"Phosphoric Acid",2021,8183.999999999999
6,"Chemical Products",628,"Inorganic chemicals",62810,"Boron",2021,2
6,"Chemical Products",628,"Inorganic chemicals",62811,"Other Inorganic Acids",2021,4585097
6,"Chemical Products",628,"Inorganic chemicals",62814,"Ammonia",2021,297437
6,"Chemical Products",628,"Inorganic chemicals",62815,"Sodium or Potassium Peroxides",2021,7344
6,"Chemical Products",628,"Inorganic chemicals",62816,"Magnesium Hydroxide and Peroxide",2021,321
6,"Chemical Products",628,"Inorganic chemicals",62817,"Zinc Oxide and Peroxide",2021,4135452
6,"Chemical Products",628,"Inorganic chemicals",62818,"Aluminium Oxide",2021,133491
6,"Chemical Products",628,"Inorganic chemicals",62821,"Iron Oxides and Hydroxides",2021,4863
6,"Chemical Products",628,"Inorganic chemicals",62823,"Titanium Oxides",2021,13217
6,"Chemical Products",628,"Inorganic chemicals",62824,"Lead Oxides",2021,6236344
6,"Chemical Products",628,"Inorganic chemicals",62825,"Inorganic Salts",2021,70952
6,"Chemical Products",628,"Inorganic chemicals",62826,"Fluorides",2021,67234
6,"Chemical Products",628,"Inorganic chemicals",62828,"Hypochlorites",2021,5772
6,"Chemical Products",628,"Inorganic chemicals",62830,"Sulfides",2021,44894
6,"Chemical Products",628,"Inorganic chemicals",62831,"Dithionites and Sulfoxylates",2021,407415
6,"Chemical Products",628,"Inorganic chemicals",62832,"Sulfites",2021,339140
6,"Chemical Products",628,"Inorganic chemicals",62833,"Sulfates",2021,3569
6,"Chemical Products",628,"Inorganic chemicals",62834,"Nitrites and Nitrates",2021,75
6,"Chemical Products",628,"Inorganic chemicals",62835,"Phosphinates (hypophosphites) and phosphonates (phosphites)",2021,121404
6,"Chemical Products",628,"Inorganic chemicals",62836,"Carbonates",2021,139899
6,"Chemical Products",628,"Inorganic chemicals",62839,"Silicates",2021,143368
6,"Chemical Products",628,"Inorganic chemicals",62841,"Oxometallic or Peroxometallic Acid Salts",2021,5214
6,"Chemical Products",628,"Inorganic chemicals",62842,"Other Inorganic Acids Salts",2021,822
6,"Chemical Products",628,"Inorganic chemicals",62843,"Precious Metal Compounds",2021,1149
6,"Chemical Products",628,"Inorganic chemicals",62844,"Radioactive Chemicals",2021,3894
6,"Chemical Products",628,"Inorganic chemicals",62846,"Rare-Earth Metal Compounds",2021,114959
6,"Chemical Products",628,"Inorganic chemicals",62847,"Hydrogen peroxide",2021,20521.000000000004
6,"Chemical Products",628,"Inorganic chemicals",62851,"Inorganic Compounds",2021,2265
6,"Chemical Products",629,"Organic chemicals",62901,"Acyclic Hydrocarbons",2021,190303.00000000003
6,"Chemical Products",629,"Organic chemicals",62902,"Cyclic Hydrocarbons",2021,42
6,"Chemical Products",629,"Organic chemicals",62903,"Halogenated Hydrocarbons",2021,1582
6,"Chemical Products",629,"Organic chemicals",62904,"Sulfonated, Nitrated or Nitrosated Hydrocarbons",2021,106830
6,"Chemical Products",629,"Organic chemicals",62905,"Acyclic alcohol derivatives (halogenated, sulphonated, nitrated)",2021,9571
6,"Chemical Products",629,"Organic chemicals",62907,"Phenols",2021,146659
6,"Chemical Products",629,"Organic chemicals",62909,"Ethers",2021,10257
6,"Chemical Products",629,"Organic chemicals",62911,"Acetals and Hemiacetals",2021,36.00000000000001
6,"Chemical Products",629,"Organic chemicals",62912,"Aldehydes, cyclic polymers, and paraformaldehyde",2021,248
6,"Chemical Products",629,"Organic chemicals",62914,"Ketones and Quinones",2021,112111
6,"Chemical Products",629,"Organic chemicals",62915,"Saturated Acyclic Monocarboxylic Acids",2021,435690
6,"Chemical Products",629,"Organic chemicals",62916,"Unsaturated Acyclic Monocarboxylic Acids",2021,28027
6,"Chemical Products",629,"Organic chemicals",62917,"Polycarboxylic Acids",2021,4139364
6,"Chemical Products",629,"Organic chemicals",62918,"Carboxylic Acids",2021,51596
6,"Chemical Products",629,"Organic chemicals",62920,"Other Esters",2021,4006
6,"Chemical Products",629,"Organic chemicals",62921,"Amine Compounds",2021,31242
6,"Chemical Products",629,"Organic chemicals",62922,"Oxygen Amino Compounds",2021,366614
6,"Chemical Products",629,"Organic chemicals",62923,"Quaternary Ammonium Salts and Hydroxides",2021,351
6,"Chemical Products",629,"Organic chemicals",62924,"Carboxyamide Compounds",2021,30368.000000000004
6,"Chemical Products",629,"Organic chemicals",62925,"Carboxyimide Compounds",2021,3009.0000000000005
6,"Chemical Products",629,"Organic chemicals",62926,"Nitrile Compounds",2021,124.00000000000001
6,"Chemical Products",629,"Organic chemicals",62927,"Diazo, Azo or Aoxy Compounds",2021,18604
6,"Chemical Products",629,"Organic chemicals",62928,"Hydrazine or Hydroxylamine Derivatives",2021,2438975
6,"Chemical Products",629,"Organic chemicals",62930,"Organo-Sulfur Compounds",2021,53907
6,"Chemical Products",629,"Organic chemicals",62931,"Other Organo-Inorganic Compounds",2021,93714
6,"Chemical Products",629,"Organic chemicals",62932,"Oxygen Heterocyclic Compounds",2021,2682
6,"Chemical Products",629,"Organic chemicals",62933,"Nitrogen Heterocyclic Compounds",2021,55407
6,"Chemical Products",629,"Organic chemicals",62934,"Nucleic Acids",2021,3496
6,"Chemical Products",629,"Organic chemicals",62935,"Sulfonamides",2021,8931.000000000002
6,"Chemical Products",629,"Organic chemicals",62936,"Vitamins",2021,887008
6,"Chemical Products",629,"Organic chemicals",62937,"Hormones",2021,35227
6,"Chemical Products",629,"Organic chemicals",62938,"Glycosides",2021,3367
6,"Chemical Products",629,"Organic chemicals",62939,"Vegetable Alkaloids",2021,2280
6,"Chemical Products",629,"Organic chemicals",62940,"Chemically Pure Sugars",2021,114
6,"Chemical Products",629,"Organic chemicals",62941,"Antibiotics",2021,1681
6,"Chemical Products",629,"Organic chemicals",62942,"Other Organic Compounds",2021,40665
6,"Chemical Products",630,"Pharmaceutical products",63001,"Glands and Other Organs",2021,2011247
6,"Chemical Products",630,"Pharmaceutical products",63002,"Vaccines, blood, antisera, toxins and cultures",2021,1393543
6,"Chemical Products",630,"Pharmaceutical products",63003,"Unpackaged Medicaments",2021,478901
6,"Chemical Products",630,"Pharmaceutical products",63004,"Packaged Medicaments",2021,7917698
6,"Chemical Products",630,"Pharmaceutical products",63005,"Bandages",2021,1291876
6,"Chemical Products",630,"Pharmaceutical products",63006,"Special Pharmaceuticals",2021,53830
6,"Chemical Products",631,"Fertilizers",63101,"Animal or Vegetable Fertilizers",2021,5653088
6,"Chemical Products",631,"Fertilizers",63102,"Nitrogenous Fertilizers",2021,1019235.9999999999
6,"Chemical Products",631,"Fertilizers",63103,"Phosphatic Fertilizers",2021,61358
6,"Chemical Products",631,"Fertilizers",63104,"Potassic Fertilizers",2021,11509
6,"Chemical Products",631,"Fertilizers",63105,"Mixed Mineral or Chemical Fertilizers",2021,242990
6,"Chemical Products",632,"Paints, dyes, & varnishes",63201,"Vegetable Tanning Extracts",2021,98309
6,"Chemical Products",632,"Paints, dyes, & varnishes",63202,"Synthetic Tanning Extracts",2021,12323
6,"Chemical Products",632,"Paints, dyes, & varnishes",63203,"Vegetable or Animal Dyes",2021,47814
6,"Chemical Products",632,"Paints, dyes, & varnishes",63204,"Synthetic Coloring Matter",2021,2275336
6,"Chemical Products",632,"Paints, dyes, & varnishes",63205,"Lake Pigments",2021,11818
6,"Chemical Products",632,"Paints, dyes, & varnishes",63206,"Other Coloring Matter",2021,144640
6,"Chemical Products",632,"Paints, dyes, & varnishes",63207,"Prepared Pigments",2021,40232
6,"Chemical Products",632,"Paints, dyes, & varnishes",63208,"Nonaqueous Paints",2021,3629462
6,"Chemical Products",632,"Paints, dyes, & varnishes",63209,"Aqueous Paints",2021,423222
6,"Chemical Products",632,"Paints, dyes, & varnishes",63210,"Other Paints",2021,502331
6,"Chemical Products",632,"Paints, dyes, & varnishes",63211,"Prepared Paint Driers",2021,410
6,"Chemical Products",632,"Paints, dyes, & varnishes",63212,"Nonaqueous Pigments",2021,167842
6,"Chemical Products",632,"Paints, dyes, & varnishes",63213,"Artistry Paints",2021,23823
6,"Chemical Products",632,"Paints, dyes, & varnishes",63214,"Glaziers Putty",2021,436055
6,"Chemical Products",632,"Paints, dyes, & varnishes",63215,"Ink",2021,850613
6,"Chemical Products",633,"Perfumery & cosmetics",63301,"Essential Oils",2021,55350819
6,"Chemical Products",633,"Perfumery & cosmetics",63302,"Scented Mixtures",2021,2685693
6,"Chemical Products",633,"Perfumery & cosmetics",63303,"Perfumes",2021,3491729
6,"Chemical Products",633,"Perfumery & cosmetics",63304,"Beauty Products",2021,5624425
6,"Chemical Products",633,"Perfumery & cosmetics",63305,"Hair Products",2021,6090194
6,"Chemical Products",633,"Perfumery & cosmetics",63306,"Dental Products",2021,470906
6,"Chemical Products",633,"Perfumery & cosmetics",63307,"Shaving Products",2021,1685658
6,"Chemical Products",634,"Soap, cleaners, candles, dental, modelling pastes",63401,"Soap",2021,741162
6,"Chemical Products",634,"Soap, cleaners, candles, dental, modelling pastes",63402,"Cleaning Products",2021,9159336
6,"Chemical Products",634,"Soap, cleaners, candles, dental, modelling pastes",63403,"Lubricating Products",2021,2017547
6,"Chemical Products",634,"Soap, cleaners, candles, dental, modelling pastes",63404,"Waxes",2021,117920.00000000001
6,"Chemical Products",634,"Soap, cleaners, candles, dental, modelling pastes",63405,"Polishes and Creams",2021,61497
6,"Chemical Products",634,"Soap, cleaners, candles, dental, modelling pastes",63406,"Candles",2021,1022733
6,"Chemical Products",634,"Soap, cleaners, candles, dental, modelling pastes",63407,"Pastes and Waxes",2021,4243
6,"Chemical Products",635,"Glues, starches, & albuminoid products",63501,"Casein",2021,104
6,"Chemical Products",635,"Glues, starches, & albuminoid products",63503,"Gelatin",2021,248285.99999999997
6,"Chemical Products",635,"Glues, starches, & albuminoid products",63504,"Peptones",2021,121747.00000000001
6,"Chemical Products",635,"Glues, starches, & albuminoid products",63505,"Dextrins",2021,407152
6,"Chemical Products",635,"Glues, starches, & albuminoid products",63506,"Glues",2021,479140
6,"Chemical Products",635,"Glues, starches, & albuminoid products",63507,"Enzymes",2021,4913312
6,"Chemical Products",636,"Explosives, matches, & fireworks",63603,"Detonating Fuses",2021,4
6,"Chemical Products",636,"Explosives, matches, & fireworks",63604,"Fireworks",2021,3717
6,"Chemical Products",636,"Explosives, matches, & fireworks",63605,"Matches",2021,20838
6,"Chemical Products",636,"Explosives, matches, & fireworks",63606,"Pyrophoric Alloys",2021,278852
6,"Chemical Products",637,"Photo & movie goods",63701,"Photographic Plates",2021,9003
6,"Chemical Products",637,"Photo & movie goods",63702,"Photographic Film",2021,12
6,"Chemical Products",637,"Photo & movie goods",63703,"Photographic Paper",2021,59703
6,"Chemical Products",637,"Photo & movie goods",63707,"Photographic Chemicals",2021,97911
6,"Chemical Products",638,"Chemical products n.e.s.",63801,"Artificial Graphite",2021,92892
6,"Chemical Products",638,"Chemical products n.e.s.",63802,"Activated Carbon",2021,153113955
6,"Chemical Products",638,"Chemical products n.e.s.",63805,"Turpentine",2021,462
6,"Chemical Products",638,"Chemical products n.e.s.",63807,"Wood Tar, Oils and Pitch",2021,52069.00000000001
6,"Chemical Products",638,"Chemical products n.e.s.",63808,"Pesticides",2021,1045426
6,"Chemical Products",638,"Chemical products n.e.s.",63809,"Dyeing Finishing Agents",2021,8470516
6,"Chemical Products",638,"Chemical products n.e.s.",63810,"Metal Pickling Preparations",2021,1116
6,"Chemical Products",638,"Chemical products n.e.s.",63811,"Antiknock",2021,382961
6,"Chemical Products",638,"Chemical products n.e.s.",63812,"Prepared Rubber Accelerators",2021,1339769
6,"Chemical Products",638,"Chemical products n.e.s.",63813,"Fire Extinguishers Preparations",2021,615
6,"Chemical Products",638,"Chemical products n.e.s.",63814,"Organic Composite Solvents",2021,360432
6,"Chemical Products",638,"Chemical products n.e.s.",63815,"Reaction and Catalytic Products",2021,29290
6,"Chemical Products",638,"Chemical products n.e.s.",63816,"Refractory Cements",2021,27749
6,"Chemical Products",638,"Chemical products n.e.s.",63818,"Disc Chemicals for Electronics",2021,5464
6,"Chemical Products",638,"Chemical products n.e.s.",63819,"Hydraulic Brake Fluid",2021,16019
6,"Chemical Products",638,"Chemical products n.e.s.",63820,"Antifreeze",2021,314052
6,"Chemical Products",638,"Chemical products n.e.s.",63821,"Micro-Organism Culture Preparations",2021,88088
6,"Chemical Products",638,"Chemical products n.e.s.",63822,"Laboratory Reagents",2021,234158
6,"Chemical Products",638,"Chemical products n.e.s.",63823,"Industrial Fatty Acids, Oils and Alcohols",2021,4595346
7,"Plastics and Rubbers",739,"Plastics & articles thereof",73901,"Ethylene Polymers",2021,1393021
7,"Plastics and Rubbers",739,"Plastics & articles thereof",73902,"Propylene Polymers",2021,249653
7,"Plastics and Rubbers",739,"Plastics & articles thereof",73903,"Styrene Polymers",2021,128545
7,"Plastics and Rubbers",739,"Plastics & articles thereof",73904,"Vinyl Chloride Polymers",2021,3621672.0000000005
7,"Plastics and Rubbers",739,"Plastics & articles thereof",73905,"Other Vinyl Polymers",2021,196543
7,"Plastics and Rubbers",739,"Plastics & articles thereof",73906,"Acrylic Polymers",2021,297394
7,"Plastics and Rubbers",739,"Plastics & articles thereof",73907,"Polyacetals",2021,1206632
7,"Plastics and Rubbers",739,"Plastics & articles thereof",73908,"Polyamides",2021,1122204
7,"Plastics and Rubbers",739,"Plastics & articles thereof",73909,"Amino-resins",2021,1018781
7,"Plastics and Rubbers",739,"Plastics & articles thereof",73910,"Silicone",2021,995810
7,"Plastics and Rubbers",739,"Plastics & articles thereof",73911,"Petroleum Resins",2021,7644
7,"Plastics and Rubbers",739,"Plastics & articles thereof",73912,"Cellulose",2021,331313
7,"Plastics and Rubbers",739,"Plastics & articles thereof",73913,"Natural Polymers",2021,174733
7,"Plastics and Rubbers",739,"Plastics & articles thereof",73914,"Polymer Ion-Exchangers",2021,98
7,"Plastics and Rubbers",739,"Plastics & articles thereof",73915,"Scrap Plastic",2021,117667
7,"Plastics and Rubbers",739,"Plastics & articles thereof",73916,"Monofilament",2021,110973
7,"Plastics and Rubbers",739,"Plastics & articles thereof",73917,"Plastic Pipes",2021,1022622
7,"Plastics and Rubbers",739,"Plastics & articles thereof",73918,"Plastic Floor Coverings",2021,111699
7,"Plastics and Rubbers",739,"Plastics & articles thereof",73919,"Self-adhesive Plastics",2021,2208202
7,"Plastics and Rubbers",739,"Plastics & articles thereof",73920,"Raw Plastic Sheeting",2021,5054922
7,"Plastics and Rubbers",739,"Plastics & articles thereof",73921,"Other Plastic Sheetings",2021,3207815
7,"Plastics and Rubbers",739,"Plastics & articles thereof",73922,"Plastic Wash Basins",2021,21182
7,"Plastics and Rubbers",739,"Plastics & articles thereof",73923,"Plastic Lids",2021,36340080
7,"Plastics and Rubbers",739,"Plastics & articles thereof",73924,"Plastic Housewares",2021,10644970
7,"Plastics and Rubbers",739,"Plastics & articles thereof",73925,"Plastic Building Materials",2021,673201
7,"Plastics and Rubbers",739,"Plastics & articles thereof",73926,"Other Plastic Products",2021,27541076
7,"Plastics and Rubbers",740,"Rubber & articles thereof",74001,"Rubber",2021,57910555
7,"Plastics and Rubbers",740,"Rubber & articles thereof",74002,"Synthetic Rubber",2021,1660569
7,"Plastics and Rubbers",740,"Rubber & articles thereof",74003,"Reclaimed Rubber",2021,383868
7,"Plastics and Rubbers",740,"Rubber & articles thereof",74004,"Scrap Rubber",2021,894596
7,"Plastics and Rubbers",740,"Rubber & articles thereof",74005,"Compounded Unvulcanised Rubber",2021,2833460
7,"Plastics and Rubbers",740,"Rubber & articles thereof",74006,"Unvulcanised Rubber Products",2021,317586
7,"Plastics and Rubbers",740,"Rubber & articles thereof",74007,"Rubber Thread",2021,186775.99999999997
7,"Plastics and Rubbers",740,"Rubber & articles thereof",74008,"Rubber Sheets",2021,22839379
7,"Plastics and Rubbers",740,"Rubber & articles thereof",74009,"Rubber Pipes",2021,2258643
7,"Plastics and Rubbers",740,"Rubber & articles thereof",74010,"Rubber Belting",2021,185747
7,"Plastics and Rubbers",740,"Rubber & articles thereof",74011,"Rubber Tires",2021,223858961
7,"Plastics and Rubbers",740,"Rubber & articles thereof",74012,"Used Rubber Tires",2021,411611332
7,"Plastics and Rubbers",740,"Rubber & articles thereof",74013,"Rubber Inner Tubes",2021,4350852
7,"Plastics and Rubbers",740,"Rubber & articles thereof",74014,"Pharmaceutical Rubber Products",2021,2208000
7,"Plastics and Rubbers",740,"Rubber & articles thereof",74015,"Rubber Apparel",2021,407318285
7,"Plastics and Rubbers",740,"Rubber & articles thereof",74016,"Other Rubber Products",2021,103107867
7,"Plastics and Rubbers",740,"Rubber & articles thereof",74017,"Hard Rubber",2021,243569
8,"Animal Hides",841,"Raw hides & skin (non-fur)",84104,"Tanned Equine and Bovine Hides",2021,110267
8,"Animal Hides",841,"Raw hides & skin (non-fur)",84105,"Tanned Sheep Hides",2021,85271
8,"Animal Hides",841,"Raw hides & skin (non-fur)",84106,"Tanned Goat Hides",2021,7086
8,"Animal Hides",841,"Raw hides & skin (non-fur)",84107,"Leather of Other Animals",2021,28304
8,"Animal Hides",841,"Raw hides & skin (non-fur)",84111,"Leather Sheets",2021,6227
8,"Animal Hides",842,"Leather articles",84201,"Saddlery",2021,671577
8,"Animal Hides",842,"Leather articles",84202,"Trunks and Cases",2021,5814972
8,"Animal Hides",842,"Leather articles",84203,"Leather Apparel",2021,17308764
8,"Animal Hides",842,"Leather articles",84205,"Other Leather Articles",2021,163115
8,"Animal Hides",842,"Leather articles",84206,"Articles of Gut",2021,168.99999999999997
8,"Animal Hides",843,"Furskins, articifial fur, & articles",84303,"Furskin Apparel",2021,19088
8,"Animal Hides",843,"Furskins, articifial fur, & articles",84304,"Artificial Fur",2021,15593
9,"Wood Products",944,"Wood, wood articles, & charcoal",94401,"Fuel Wood",2021,1040381
9,"Wood Products",944,"Wood, wood articles, & charcoal",94402,"Wood Charcoal",2021,6120564
9,"Wood Products",944,"Wood, wood articles, & charcoal",94403,"Rough Wood",2021,7243
9,"Wood Products",944,"Wood, wood articles, & charcoal",94404,"Wood Stakes",2021,16304
9,"Wood Products",944,"Wood, wood articles, & charcoal",94405,"Wood Wool",2021,7768
9,"Wood Products",944,"Wood, wood articles, & charcoal",94407,"Sawn Wood",2021,2349785
9,"Wood Products",944,"Wood, wood articles, & charcoal",94408,"Veneer Sheets",2021,970487
9,"Wood Products",944,"Wood, wood articles, & charcoal",94409,"Shaped Wood",2021,21790
9,"Wood Products",944,"Wood, wood articles, & charcoal",94410,"Particle Board",2021,974274
9,"Wood Products",944,"Wood, wood articles, & charcoal",94411,"Wood Fiberboard",2021,4826388
9,"Wood Products",944,"Wood, wood articles, & charcoal",94412,"Plywood",2021,377553
9,"Wood Products",944,"Wood, wood articles, & charcoal",94413,"Densified Wood",2021,243444
9,"Wood Products",944,"Wood, wood articles, & charcoal",94414,"Wood Frames",2021,20320
9,"Wood Products",944,"Wood, wood articles, & charcoal",94415,"Wood Crates",2021,107619
9,"Wood Products",944,"Wood, wood articles, & charcoal",94416,"Wood Barrels",2021,579
9,"Wood Products",944,"Wood, wood articles, & charcoal",94417,"Wooden Tool Handles",2021,4279940
9,"Wood Products",944,"Wood, wood articles, & charcoal",94418,"Wood Carpentry",2021,282353
9,"Wood Products",944,"Wood, wood articles, & charcoal",94419,"Wood Kitchenware",2021,156883
9,"Wood Products",944,"Wood, wood articles, & charcoal",94420,"Wood Ornaments",2021,1412709
9,"Wood Products",944,"Wood, wood articles, & charcoal",94421,"Other Wood Articles",2021,3063906
9,"Wood Products",945,"Cork & cork articles",94502,"Debacked Cork",2021,17
9,"Wood Products",945,"Cork & cork articles",94503,"Natural Cork Articles",2021,134
9,"Wood Products",945,"Cork & cork articles",94504,"Agglomerated Cork",2021,355
9,"Wood Products",946,"Straw & esparto manufactures",94601,"Plaiting Products",2021,1710407
9,"Wood Products",946,"Straw & esparto manufactures",94602,"Basketwork",2021,3239688
10,"Paper Goods",1047,"Wood pulp & paper scrap",104702,"Dissolving Grades Chemical Woodpulp",2021,1792
10,"Paper Goods",1047,"Wood pulp & paper scrap",104703,"Sulfate Chemical Woodpulp",2021,13044
10,"Paper Goods",1047,"Wood pulp & paper scrap",104706,"Recovered Paper Pulp",2021,8829
10,"Paper Goods",1047,"Wood pulp & paper scrap",104707,"Recovered Paper",2021,21413317
10,"Paper Goods",1048,"Paper articles",104801,"Newsprint",2021,12463
10,"Paper Goods",1048,"Paper articles",104802,"Uncoated Paper",2021,520982
10,"Paper Goods",1048,"Paper articles",104803,"Tissue",2021,33291
10,"Paper Goods",1048,"Paper articles",104804,"Kraft Paper",2021,2190512
10,"Paper Goods",1048,"Paper articles",104805,"Other Uncoated Paper",2021,4235491
10,"Paper Goods",1048,"Paper articles",104806,"Vegetable Parchment",2021,82649
10,"Paper Goods",1048,"Paper articles",104807,"Composite Paper",2021,18508
10,"Paper Goods",1048,"Paper articles",104808,"Corrugated Paper",2021,115720
10,"Paper Goods",1048,"Paper articles",104809,"Carbon Paper",2021,143602
10,"Paper Goods",1048,"Paper articles",104810,"Kaolin Coated Paper",2021,1443415
10,"Paper Goods",1048,"Paper articles",104811,"Cellulose Fibers Paper",2021,2496022
10,"Paper Goods",1048,"Paper articles",104812,"Paper Pulp Filter Blocks",2021,10
10,"Paper Goods",1048,"Paper articles",104813,"Cigarette Paper",2021,372473
10,"Paper Goods",1048,"Paper articles",104814,"Wallpaper",2021,20203
10,"Paper Goods",1048,"Paper articles",104816,"Other Carbon Paper",2021,76887
10,"Paper Goods",1048,"Paper articles",104817,"Letter Stock",2021,1941847
10,"Paper Goods",1048,"Paper articles",104818,"Toilet Paper",2021,13491449
10,"Paper Goods",1048,"Paper articles",104819,"Paper Containers",2021,35398797
10,"Paper Goods",1048,"Paper articles",104820,"Paper Notebooks",2021,5387034
10,"Paper Goods",1048,"Paper articles",104821,"Paper Labels",2021,18269919
10,"Paper Goods",1048,"Paper articles",104822,"Paper Spools",2021,226580
10,"Paper Goods",1048,"Paper articles",104823,"Shaped Paper",2021,7018423
10,"Paper Goods",1049,"Books, newspapers, & other prints",104901,"Brochures",2021,3453172
10,"Paper Goods",1049,"Books, newspapers, & other prints",104902,"Newspapers",2021,43431
10,"Paper Goods",1049,"Books, newspapers, & other prints",104903,"Children's Picture Books",2021,765281
10,"Paper Goods",1049,"Books, newspapers, & other prints",104904,"Sheet Music",2021,1470
10,"Paper Goods",1049,"Books, newspapers, & other prints",104905,"Maps",2021,101274.00000000001
10,"Paper Goods",1049,"Books, newspapers, & other prints",104906,"Architectural Plans",2021,8913
10,"Paper Goods",1049,"Books, newspapers, & other prints",104907,"Documents of title (bonds etc) and unused stamps",2021,36622042
10,"Paper Goods",1049,"Books, newspapers, & other prints",104908,"Decals",2021,6970252
10,"Paper Goods",1049,"Books, newspapers, & other prints",104909,"Postcards",2021,2146210
10,"Paper Goods",1049,"Books, newspapers, & other prints",104910,"Calendars",2021,303363
10,"Paper Goods",1049,"Books, newspapers, & other prints",104911,"Other Printed Material",2021,5702591
11,"Textiles",1150,"Silk",115004,"Non-Retail Silk Yarn",2021,1376.9999999999998
11,"Textiles",1150,"Silk",115006,"Retail Silk Yarn",2021,1338
11,"Textiles",1150,"Silk",115007,"Silk Fabrics",2021,194105
11,"Textiles",1151,"Wool & animal hair",115106,"Non-Retail Carded Wool Yarn",2021,2166
11,"Textiles",1151,"Wool & animal hair",115107,"Non-Retail Combed Wool Yarn",2021,278
11,"Textiles",1151,"Wool & animal hair",115108,"Non-Retail Animal Hair Yarn",2021,272
11,"Textiles",1151,"Wool & animal hair",115109,"Retail Wool or Animal Hair Yarn",2021,6419
11,"Textiles",1151,"Wool & animal hair",115111,"Carded Wool or Animal Hair Fabric",2021,44508
11,"Textiles",1151,"Wool & animal hair",115112,"Combed Wool or Animal Hair Fabric",2021,22858
11,"Textiles",1152,"Cotton",115201,"Raw Cotton",2021,1360
11,"Textiles",1152,"Cotton",115202,"Cotton Waste",2021,171919
11,"Textiles",1152,"Cotton",115203,"Prepared Cotton",2021,6992.000000000001
11,"Textiles",1152,"Cotton",115204,"Cotton Sewing Thread",2021,171869
11,"Textiles",1152,"Cotton",115205,"Non-Retail Pure Cotton Yarn",2021,1550486
11,"Textiles",1152,"Cotton",115206,"Non-Retail Mixed Cotton Yarn",2021,47412
11,"Textiles",1152,"Cotton",115207,"Retail Cotton Yarn",2021,1038
11,"Textiles",1152,"Cotton",115208,"Light Pure Woven Cotton",2021,1216705
11,"Textiles",1152,"Cotton",115209,"Heavy Pure Woven Cotton",2021,12711095
11,"Textiles",1152,"Cotton",115210,"Light Mixed Woven Cotton",2021,296184
11,"Textiles",1152,"Cotton",115211,"Heavy Mixed Woven Cotton",2021,3932851
11,"Textiles",1152,"Cotton",115212,"Other Cotton Fabrics",2021,152831
11,"Textiles",1153,"Vegetable textile fibers, paper yarn & fabrics",115301,"Flax Fibers",2021,42407
11,"Textiles",1153,"Vegetable textile fibers, paper yarn & fabrics",115303,"Jute and Other Textile Fibers",2021,78727
11,"Textiles",1153,"Vegetable textile fibers, paper yarn & fabrics",115305,"Coconut and Other Vegetable Fibers",2021,165476259
11,"Textiles",1153,"Vegetable textile fibers, paper yarn & fabrics",115306,"Flax Yarn",2021,13631
11,"Textiles",1153,"Vegetable textile fibers, paper yarn & fabrics",115307,"Jute Yarn",2021,19287
11,"Textiles",1153,"Vegetable textile fibers, paper yarn & fabrics",115308,"Other Vegetable Fibers Yarn",2021,2532047
11,"Textiles",1153,"Vegetable textile fibers, paper yarn & fabrics",115309,"Flax Woven Fabric",2021,116401
11,"Textiles",1153,"Vegetable textile fibers, paper yarn & fabrics",115310,"Jute Woven Fabric",2021,652275
11,"Textiles",1153,"Vegetable textile fibers, paper yarn & fabrics",115311,"Other Vegetable Fibers Fabric",2021,3998180
11,"Textiles",1154,"Man-made filaments",115401,"Artificial Filament Sewing Thread",2021,5148839
11,"Textiles",1154,"Man-made filaments",115402,"Non-Retail Synthetic Filament Yarn",2021,26086718
11,"Textiles",1154,"Man-made filaments",115403,"Non-Retail Artificial Filament Yarn",2021,65872
11,"Textiles",1154,"Man-made filaments",115404,"Synthetic Monofilament",2021,1384955
11,"Textiles",1154,"Man-made filaments",115406,"Retail Artificial Filament Yarn",2021,1051
11,"Textiles",1154,"Man-made filaments",115407,"Synthetic Filament Yarn Woven Fabric",2021,5857814
11,"Textiles",1154,"Man-made filaments",115408,"Artificial Filament Yarn Woven Fabric",2021,616605
11,"Textiles",1155,"Man-made staple fibres",115501,"Synthetic Filament Tow",2021,6406
11,"Textiles",1155,"Man-made staple fibres",115502,"Artificial Filament Tow",2021,19142
11,"Textiles",1155,"Man-made staple fibres",115503,"Unprocessed Synthetic Staple Fibers",2021,85866
11,"Textiles",1155,"Man-made staple fibres",115504,"Unprocessed Artificial Staple Fibers",2021,23378720
11,"Textiles",1155,"Man-made staple fibres",115505,"Artificial Fibers Waste",2021,1550603
11,"Textiles",1155,"Man-made staple fibres",115506,"Processed Synthetic Staple Fibers",2021,334
11,"Textiles",1155,"Man-made staple fibres",115507,"Processed Artificial Staple Fibers",2021,2328
11,"Textiles",1155,"Man-made staple fibres",115508,"Non-Retail Artificial Staple Fibers Sewing Thread",2021,6961843
11,"Textiles",1155,"Man-made staple fibres",115509,"Non-Retail Synthetic Staple Fibers Yarn",2021,6602412
11,"Textiles",1155,"Man-made staple fibres",115510,"Non-Retail Artificial Staple Fibers Yarn",2021,810192
11,"Textiles",1155,"Man-made staple fibres",115511,"Retail Artificial Staple Fibers Yarn",2021,7814
11,"Textiles",1155,"Man-made staple fibres",115512,"Synthetic Fabrics",2021,758708
11,"Textiles",1155,"Man-made staple fibres",115513,"Light Synthetic Cotton Fabrics",2021,681657
11,"Textiles",1155,"Man-made staple fibres",115514,"Heavy Synthetic Cotton Fabrics",2021,440842
11,"Textiles",1155,"Man-made staple fibres",115515,"Other Synthetic Fabrics",2021,458220
11,"Textiles",1155,"Man-made staple fibres",115516,"Woven Fabric of Synthetic Staple Fibers",2021,78877
11,"Textiles",1156,"Wadding, felt, nonwovens, twin, ropes, & articles thereof",115601,"Wadding",2021,895600
11,"Textiles",1156,"Wadding, felt, nonwovens, twin, ropes, & articles thereof",115602,"Felt",2021,1456634
11,"Textiles",1156,"Wadding, felt, nonwovens, twin, ropes, & articles thereof",115603,"Non-woven Textiles",2021,6240999
11,"Textiles",1156,"Wadding, felt, nonwovens, twin, ropes, & articles thereof",115604,"Rubber Textiles",2021,9253973
11,"Textiles",1156,"Wadding, felt, nonwovens, twin, ropes, & articles thereof",115605,"Metallic Yarn",2021,341290.00000000006
11,"Textiles",1156,"Wadding, felt, nonwovens, twin, ropes, & articles thereof",115606,"Gimp Yarn",2021,166110
11,"Textiles",1156,"Wadding, felt, nonwovens, twin, ropes, & articles thereof",115607,"Twine and Rope",2021,19221566
11,"Textiles",1156,"Wadding, felt, nonwovens, twin, ropes, & articles thereof",115608,"Twine, cordage or rope; knotted netting, made up fishing nets and other made up nets, of textile materials",2021,16232842
11,"Textiles",1156,"Wadding, felt, nonwovens, twin, ropes, & articles thereof",115609,"Other Articles of Twine and Rope",2021,3609845
11,"Textiles",1157,"Carpets & textile floor covers",115701,"Knotted Carpets",2021,32945
11,"Textiles",1157,"Carpets & textile floor covers",115702,"Hand-Woven Rugs",2021,5671359
11,"Textiles",1157,"Carpets & textile floor covers",115703,"Tufted Carpets",2021,678373
11,"Textiles",1157,"Carpets & textile floor covers",115704,"Felt Carpets",2021,13315
11,"Textiles",1157,"Carpets & textile floor covers",115705,"Other Carpets",2021,2868770
11,"Textiles",1158,"Special woven fabrics and tapestries",115801,"Woven Fabrics",2021,3806
11,"Textiles",1158,"Special woven fabrics and tapestries",115802,"Terry Fabric",2021,141443
11,"Textiles",1158,"Special woven fabrics and tapestries",115804,"Tulles and Net Fabric",2021,11508148
11,"Textiles",1158,"Special woven fabrics and tapestries",115805,"Hand-Woven Tapestries",2021,106
11,"Textiles",1158,"Special woven fabrics and tapestries",115806,"Narrow Woven Fabric",2021,40406561
11,"Textiles",1158,"Special woven fabrics and tapestries",115807,"Labels",2021,4559167
11,"Textiles",1158,"Special woven fabrics and tapestries",115808,"Ornamental Trimmings",2021,1251548
11,"Textiles",1158,"Special woven fabrics and tapestries",115809,"Metallic Fabric",2021,1214
11,"Textiles",1158,"Special woven fabrics and tapestries",115810,"Embroidery",2021,1961201
11,"Textiles",1158,"Special woven fabrics and tapestries",115811,"Quilted Textiles",2021,781026
11,"Textiles",1159,"Coated, covered, & laminated fabrics for industrial use",115901,"Gum Coated Textile Fabric",2021,138019
11,"Textiles",1159,"Coated, covered, & laminated fabrics for industrial use",115902,"Polyamide Fabric",2021,23291
11,"Textiles",1159,"Coated, covered, & laminated fabrics for industrial use",115903,"Plastic Coated Textile Fabric",2021,4337361
11,"Textiles",1159,"Coated, covered, & laminated fabrics for industrial use",115905,"Textile Wall Coverings",2021,925.9999999999999
11,"Textiles",1159,"Coated, covered, & laminated fabrics for industrial use",115906,"Rubber Textile Fabric",2021,284769
11,"Textiles",1159,"Coated, covered, & laminated fabrics for industrial use",115907,"Coated Textile Fabric",2021,35367
11,"Textiles",1159,"Coated, covered, & laminated fabrics for industrial use",115908,"Textile Wicks",2021,7493
11,"Textiles",1159,"Coated, covered, & laminated fabrics for industrial use",115909,"Hose Piping Textiles",2021,12495.999999999998
11,"Textiles",1159,"Coated, covered, & laminated fabrics for industrial use",115910,"Conveyor Belt Textiles",2021,5034686
11,"Textiles",1159,"Coated, covered, & laminated fabrics for industrial use",115911,"Textiles for technical uses",2021,2500397
11,"Textiles",1160,"Knitted fabrics",116001,"Pile Fabric",2021,499972
11,"Textiles",1160,"Knitted fabrics",116002,"Light Rubberized Knitted Fabric",2021,154416411
11,"Textiles",1161,"Knitted clothing accesories",116101,"Knit Men's Coats",2021,11210472
11,"Textiles",1161,"Knitted clothing accesories",116102,"Knit Women's Coats",2021,14585374
11,"Textiles",1161,"Knitted clothing accesories",116103,"Knit Men's Suits",2021,122489057
11,"Textiles",1161,"Knitted clothing accesories",116104,"Knit Women's Suits",2021,514646991
11,"Textiles",1161,"Knitted clothing accesories",116105,"Knit Men's Shirts",2021,67252317
11,"Textiles",1161,"Knitted clothing accesories",116106,"Knit Women's Shirts",2021,29572061
11,"Textiles",1161,"Knitted clothing accesories",116107,"Knit Men's Undergarments",2021,334653462
11,"Textiles",1161,"Knitted clothing accesories",116108,"Knit Women's Undergarments",2021,619507599
11,"Textiles",1161,"Knitted clothing accesories",116109,"Knit T-shirts",2021,414808316
11,"Textiles",1161,"Knitted clothing accesories",116110,"Knit Sweaters",2021,309986358
11,"Textiles",1161,"Knitted clothing accesories",116111,"Knit Babies' Garments",2021,199004258
11,"Textiles",1161,"Knitted clothing accesories",116112,"Knit Active Wear",2021,105886892
11,"Textiles",1161,"Knitted clothing accesories",116113,"Garments of Impregnated Fabric",2021,21649578
11,"Textiles",1161,"Knitted clothing accesories",116114,"Other Knit Garments",2021,104726554
11,"Textiles",1161,"Knitted clothing accesories",116115,"Knit Socks and Hosiery",2021,62558926
11,"Textiles",1161,"Knitted clothing accesories",116116,"Knit Gloves",2021,420609283
11,"Textiles",1161,"Knitted clothing accesories",116117,"Other Knit Clothing Accessories",2021,15600797
11,"Textiles",1162,"Non-knitted clothing accesories",116201,"Non-Knit Men's Coats",2021,15468021
11,"Textiles",1162,"Non-knitted clothing accesories",116202,"Non-Knit Women's Coats",2021,27536106
11,"Textiles",1162,"Non-knitted clothing accesories",116203,"Non-Knit Men's Suits",2021,385911692
11,"Textiles",1162,"Non-knitted clothing accesories",116204,"Non-Knit Women's Suits",2021,461491562
11,"Textiles",1162,"Non-knitted clothing accesories",116205,"Non-Knit Men's Shirts",2021,113744637
11,"Textiles",1162,"Non-knitted clothing accesories",116206,"Non-Knit Women's Shirts",2021,105908186
11,"Textiles",1162,"Non-knitted clothing accesories",116207,"Non-Knit Men's Undergarments",2021,19524921
11,"Textiles",1162,"Non-knitted clothing accesories",116208,"Non-Knit Women's Undergarments",2021,74826026
11,"Textiles",1162,"Non-knitted clothing accesories",116209,"Non-Knit Babies' Garments",2021,25442270
11,"Textiles",1162,"Non-knitted clothing accesories",116210,"Felt or Coated Fabric Garments",2021,19033416
11,"Textiles",1162,"Non-knitted clothing accesories",116211,"Non-Knit Active Wear",2021,64784593
11,"Textiles",1162,"Non-knitted clothing accesories",116212,"Other Women's Undergarments",2021,695547053
11,"Textiles",1162,"Non-knitted clothing accesories",116213,"Handkerchiefs",2021,5300
11,"Textiles",1162,"Non-knitted clothing accesories",116214,"Scarves",2021,1371979
11,"Textiles",1162,"Non-knitted clothing accesories",116215,"Neck Ties",2021,316339
11,"Textiles",1162,"Non-knitted clothing accesories",116216,"Non-Knit Gloves",2021,5675858
11,"Textiles",1162,"Non-knitted clothing accesories",116217,"Other Non-Knit Clothing Accessories",2021,7404651
11,"Textiles",1163,"Used clothes & textile articles",116301,"Blankets",2021,1028522
11,"Textiles",1163,"Used clothes & textile articles",116302,"House Linens",2021,10531522
11,"Textiles",1163,"Used clothes & textile articles",116303,"Window Dressings",2021,2996099
11,"Textiles",1163,"Used clothes & textile articles",116304,"Bedspreads",2021,3300877
11,"Textiles",1163,"Used clothes & textile articles",116305,"Packing Bags",2021,15671297
11,"Textiles",1163,"Used clothes & textile articles",116306,"Awnings, Tents, and Sails",2021,52579110
11,"Textiles",1163,"Used clothes & textile articles",116307,"Other Cloth Articles",2021,59413098
11,"Textiles",1163,"Used clothes & textile articles",116308,"Packaged Sewing Sets",2021,115776
11,"Textiles",1163,"Used clothes & textile articles",116309,"Used Clothing",2021,816495
11,"Textiles",1163,"Used clothes & textile articles",116310,"Textile Scraps",2021,5958542
12,"Footwear and Headwear",1264,"Footwear",126401,"Waterproof Footwear",2021,644354
12,"Footwear and Headwear",1264,"Footwear",126402,"Rubber Footwear",2021,3343083
12,"Footwear and Headwear",1264,"Footwear",126403,"Leather Footwear",2021,4126093
12,"Footwear and Headwear",1264,"Footwear",126404,"Textile Footwear",2021,3164866
12,"Footwear and Headwear",1264,"Footwear",126405,"Other Footwear",2021,952606
12,"Footwear and Headwear",1264,"Footwear",126406,"Footwear Parts",2021,958219
12,"Footwear and Headwear",1265,"Headgear",126501,"Hat Forms",2021,320154
12,"Footwear and Headwear",1265,"Headgear",126502,"Hat Shapes",2021,8161.999999999999
12,"Footwear and Headwear",1265,"Headgear",126504,"Hats",2021,11001174
12,"Footwear and Headwear",1265,"Headgear",126505,"Knitted Hats",2021,32338360
12,"Footwear and Headwear",1265,"Headgear",126506,"Other Headwear",2021,1159519
12,"Footwear and Headwear",1265,"Headgear",126507,"Headbands and Linings",2021,764586
12,"Footwear and Headwear",1266,"Umbrellas, walking sticks, & whips",126601,"Umbrellas",2021,565481
12,"Footwear and Headwear",1266,"Umbrellas, walking sticks, & whips",126602,"Walking Sticks",2021,32799
12,"Footwear and Headwear",1266,"Umbrellas, walking sticks, & whips",126603,"Umbrella and Walking Stick Accessories",2021,24794
12,"Footwear and Headwear",1267,"Feather articles, feathers, artificial flowers, & articles of human hair",126701,"Bird Skins and Feathers",2021,362.00000000000006
12,"Footwear and Headwear",1267,"Feather articles, feathers, artificial flowers, & articles of human hair",126702,"Artificial Vegetation",2021,2196902
12,"Footwear and Headwear",1267,"Feather articles, feathers, artificial flowers, & articles of human hair",126703,"Processed Hair",2021,5297.999999999999
12,"Footwear and Headwear",1267,"Feather articles, feathers, artificial flowers, & articles of human hair",126704,"Fake Hair",2021,122034
13,"Stone And Glass",1368,"Stone, plaster, cement, asbestos, mica.",136802,"Building Stone",2021,1168779
13,"Stone And Glass",1368,"Stone, plaster, cement, asbestos, mica.",136804,"Milling Stones",2021,25575
13,"Stone And Glass",1368,"Stone, plaster, cement, asbestos, mica.",136805,"Abrasive Powder",2021,19531
13,"Stone And Glass",1368,"Stone, plaster, cement, asbestos, mica.",136806,"Rock Wool",2021,125373
13,"Stone And Glass",1368,"Stone, plaster, cement, asbestos, mica.",136807,"Asphalt",2021,27737
13,"Stone And Glass",1368,"Stone, plaster, cement, asbestos, mica.",136808,"Vegetable Fiber",2021,41493
13,"Stone And Glass",1368,"Stone, plaster, cement, asbestos, mica.",136809,"Plaster Articles",2021,166256
13,"Stone And Glass",1368,"Stone, plaster, cement, asbestos, mica.",136810,"Cement Articles",2021,1792795
13,"Stone And Glass",1368,"Stone, plaster, cement, asbestos, mica.",136811,"Asbestos Cement Articles",2021,7391119
13,"Stone And Glass",1368,"Stone, plaster, cement, asbestos, mica.",136812,"Asbestos Fibres",2021,22638
13,"Stone And Glass",1368,"Stone, plaster, cement, asbestos, mica.",136813,"Friction Material",2021,7427
13,"Stone And Glass",1368,"Stone, plaster, cement, asbestos, mica.",136814,"Processed Mica",2021,2863
13,"Stone And Glass",1368,"Stone, plaster, cement, asbestos, mica.",136815,"Other Stone Articles",2021,9425095
13,"Stone And Glass",1369,"Ceramic products",136901,"Bricks",2021,1849
13,"Stone And Glass",1369,"Ceramic products",136902,"Refractory Bricks",2021,185603.00000000003
13,"Stone And Glass",1369,"Ceramic products",136903,"Refractory Ceramics",2021,14622
13,"Stone And Glass",1369,"Ceramic products",136904,"Ceramic Bricks",2021,3369
13,"Stone And Glass",1369,"Ceramic products",136905,"Roofing Tiles",2021,782516
13,"Stone And Glass",1369,"Ceramic products",136907,"Unglazed Ceramics",2021,7957789
13,"Stone And Glass",1369,"Ceramic products",136909,"Laboratory Ceramic Ware",2021,119716
13,"Stone And Glass",1369,"Ceramic products",136910,"Bathroom Ceramics",2021,1188144
13,"Stone And Glass",1369,"Ceramic products",136911,"Porcelain Tableware",2021,25973726
13,"Stone And Glass",1369,"Ceramic products",136912,"Ceramic Tableware",2021,1848576
13,"Stone And Glass",1369,"Ceramic products",136913,"Ornamental Ceramics",2021,5866396
13,"Stone And Glass",1369,"Ceramic products",136914,"Other Ceramic Articles",2021,183774
13,"Stone And Glass",1370,"Glass & glassware",137001,"Glass Scraps",2021,746619
13,"Stone And Glass",1370,"Glass & glassware",137002,"Glass Balls",2021,4598
13,"Stone And Glass",1370,"Glass & glassware",137004,"Blown Glass",2021,29638
13,"Stone And Glass",1370,"Glass & glassware",137005,"Float Glass",2021,8597.000000000002
13,"Stone And Glass",1370,"Glass & glassware",137006,"Glass with Edge Workings",2021,151843
13,"Stone And Glass",1370,"Glass & glassware",137007,"Safety Glass",2021,171129
13,"Stone And Glass",1370,"Glass & glassware",137008,"Insulating Glass",2021,8511
13,"Stone And Glass",1370,"Glass & glassware",137009,"Glass Mirrors",2021,88110
13,"Stone And Glass",1370,"Glass & glassware",137010,"Glass Bottles",2021,17846911
13,"Stone And Glass",1370,"Glass & glassware",137011,"Glass Bulbs",2021,413
13,"Stone And Glass",1370,"Glass & glassware",137013,"Interior Decorative Glassware",2021,317880
13,"Stone And Glass",1370,"Glass & glassware",137014,"Signaling Glassware",2021,204
13,"Stone And Glass",1370,"Glass & glassware",137015,"Eyewear and Clock Glass",2021,125
13,"Stone And Glass",1370,"Glass & glassware",137016,"Glass Bricks",2021,279765
13,"Stone And Glass",1370,"Glass & glassware",137017,"Laboratory Glassware",2021,1649
13,"Stone And Glass",1370,"Glass & glassware",137018,"Glass Beads",2021,97451
13,"Stone And Glass",1370,"Glass & glassware",137019,"Glass Fibers",2021,5387947
13,"Stone And Glass",1370,"Glass & glassware",137020,"Other Glass Articles",2021,51151
14,"Precious Metals",1471,"Precious stones, metals, & pearls",147101,"Pearls",2021,123862.00000000001
14,"Precious Metals",1471,"Precious stones, metals, & pearls",147102,"Diamonds",2021,122618418
14,"Precious Metals",1471,"Precious stones, metals, & pearls",147103,"Precious Stones",2021,328748593
14,"Precious Metals",1471,"Precious stones, metals, & pearls",147104,"Synthetic Reconstructed Jewellery Stones",2021,1695032
14,"Precious Metals",1471,"Precious stones, metals, & pearls",147105,"Precious Stone Dust",2021,2985
14,"Precious Metals",1471,"Precious stones, metals, & pearls",147106,"Silver",2021,80941
14,"Precious Metals",1471,"Precious stones, metals, & pearls",147108,"Gold",2021,733697
14,"Precious Metals",1471,"Precious stones, metals, & pearls",147110,"Platinum",2021,6267
14,"Precious Metals",1471,"Precious stones, metals, & pearls",147111,"Platinum Clad Metals",2021,117
14,"Precious Metals",1471,"Precious stones, metals, & pearls",147112,"Precious Metal Scraps",2021,3524504
14,"Precious Metals",1471,"Precious stones, metals, & pearls",147113,"Jewellery",2021,66782485.00000001
14,"Precious Metals",1471,"Precious stones, metals, & pearls",147114,"Metal-Clad Products",2021,22354
14,"Precious Metals",1471,"Precious stones, metals, & pearls",147115,"Other Precious Metal Products",2021,10563
14,"Precious Metals",1471,"Precious stones, metals, & pearls",147116,"Pearl Products",2021,1054434
14,"Precious Metals",1471,"Precious stones, metals, & pearls",147117,"Imitation Jewellery",2021,1609884
14,"Precious Metals",1471,"Precious stones, metals, & pearls",147118,"Coin",2021,2377
15,"Metals",1572,"Iron & steel",157201,"Pig Iron",2021,90
15,"Metals",1572,"Iron & steel",157202,"Ferroalloys",2021,314308
15,"Metals",1572,"Iron & steel",157203,"Iron Reductions",2021,850
15,"Metals",1572,"Iron & steel",157204,"Scrap Iron",2021,2089894
15,"Metals",1572,"Iron & steel",157205,"Iron Powder",2021,25721.999999999996
15,"Metals",1572,"Iron & steel",157206,"Iron Ingots",2021,4661
15,"Metals",1572,"Iron & steel",157207,"Semi-Finished Iron",2021,109
15,"Metals",1572,"Iron & steel",157208,"Hot-Rolled Iron",2021,69175
15,"Metals",1572,"Iron & steel",157209,"Cold-Rolled Iron",2021,362952
15,"Metals",1572,"Iron & steel",157210,"Coated Flat-Rolled Iron",2021,615712
15,"Metals",1572,"Iron & steel",157211,"Large Flat-Rolled Iron",2021,137
15,"Metals",1572,"Iron & steel",157212,"Large Coated Flat-Rolled Iron",2021,38857
15,"Metals",1572,"Iron & steel",157213,"Hot-Rolled Iron Bars",2021,401719
15,"Metals",1572,"Iron & steel",157214,"Raw Iron Bars",2021,10662386
15,"Metals",1572,"Iron & steel",157215,"Other Iron Bars",2021,160188.00000000003
15,"Metals",1572,"Iron & steel",157216,"Iron Blocks",2021,407938
15,"Metals",1572,"Iron & steel",157217,"Iron Wire",2021,185135
15,"Metals",1572,"Iron & steel",157218,"Stainless Steel Ingots",2021,22739
15,"Metals",1572,"Iron & steel",157219,"Large Flat-Rolled Stainless Steel",2021,75274
15,"Metals",1572,"Iron & steel",157220,"Flat-Rolled Stainless Steel",2021,12834
15,"Metals",1572,"Iron & steel",157222,"Other Stainless Steel Bars",2021,61842
15,"Metals",1572,"Iron & steel",157223,"Stainless Steel Wire",2021,78280
15,"Metals",1572,"Iron & steel",157224,"Steel Ingots",2021,416.00000000000006
15,"Metals",1572,"Iron & steel",157225,"Flat Flat-Rolled Steel",2021,121319
15,"Metals",1572,"Iron & steel",157226,"Flat-Rolled Iron",2021,1099186.9999999998
15,"Metals",1572,"Iron & steel",157227,"Steel Bars",2021,6445
15,"Metals",1572,"Iron & steel",157228,"Other Steel Bars",2021,30337
15,"Metals",1572,"Iron & steel",157229,"Steel Wire",2021,441.00000000000006
15,"Metals",1573,"Iron/Steel Articles",157301,"Iron Sheet Piling",2021,863484.0000000001
15,"Metals",1573,"Iron/Steel Articles",157302,"Iron Railway Products",2021,21515
15,"Metals",1573,"Iron/Steel Articles",157303,"Cast Iron Pipes",2021,57498
15,"Metals",1573,"Iron/Steel Articles",157304,"Iron Pipes",2021,487980.99999999994
15,"Metals",1573,"Iron/Steel Articles",157305,"Other Large Iron Pipes",2021,45519.00000000001
15,"Metals",1573,"Iron/Steel Articles",157306,"Other Small Iron Pipes",2021,327342
15,"Metals",1573,"Iron/Steel Articles",157307,"Iron Pipe Fittings",2021,1946589
15,"Metals",1573,"Iron/Steel Articles",157308,"Iron Structures",2021,8988355
15,"Metals",1573,"Iron/Steel Articles",157309,"Large Iron Containers",2021,78008
15,"Metals",1573,"Iron/Steel Articles",157310,"Small Iron Containers",2021,1266839
15,"Metals",1573,"Iron/Steel Articles",157311,"Iron Gas Containers",2021,429705
15,"Metals",1573,"Iron/Steel Articles",157312,"Stranded Iron Wire",2021,79738
15,"Metals",1573,"Iron/Steel Articles",157313,"Barbed Wire",2021,26.000000000000004
15,"Metals",1573,"Iron/Steel Articles",157314,"Iron Cloth",2021,285710
15,"Metals",1573,"Iron/Steel Articles",157315,"Iron Chains",2021,61882
15,"Metals",1573,"Iron/Steel Articles",157316,"Iron Anchors",2021,6940
15,"Metals",1573,"Iron/Steel Articles",157317,"Iron Nails",2021,45196132
15,"Metals",1573,"Iron/Steel Articles",157318,"Iron Fasteners",2021,4689697
15,"Metals",1573,"Iron/Steel Articles",157319,"Iron Sewing Needles",2021,18007
15,"Metals",1573,"Iron/Steel Articles",157320,"Iron Springs",2021,181950
15,"Metals",1573,"Iron/Steel Articles",157321,"Iron Stovetops",2021,115250
15,"Metals",1573,"Iron/Steel Articles",157322,"Iron Radiators",2021,10408
15,"Metals",1573,"Iron/Steel Articles",157323,"Iron Housewares",2021,852441
15,"Metals",1573,"Iron/Steel Articles",157324,"Iron Toiletry",2021,66940
15,"Metals",1573,"Iron/Steel Articles",157325,"Other Cast Iron Products",2021,73517
15,"Metals",1573,"Iron/Steel Articles",157326,"Other Iron Products",2021,7215838
15,"Metals",1574,"Copper articles",157402,"Raw Copper",2021,2108
15,"Metals",1574,"Copper articles",157403,"Refined Copper",2021,9458139
15,"Metals",1574,"Copper articles",157404,"Scrap Copper",2021,993828.9999999999
15,"Metals",1574,"Copper articles",157407,"Copper Bars",2021,27511
15,"Metals",1574,"Copper articles",157408,"Copper Wire",2021,1684029.0000000002
15,"Metals",1574,"Copper articles",157409,"Copper Plating",2021,30518
15,"Metals",1574,"Copper articles",157410,"Copper Foil",2021,10259
15,"Metals",1574,"Copper articles",157411,"Copper Pipes",2021,70502
15,"Metals",1574,"Copper articles",157412,"Copper Pipe Fittings",2021,15724
15,"Metals",1574,"Copper articles",157413,"Stranded Copper Wire",2021,89497
15,"Metals",1574,"Copper articles",157415,"Copper Fasteners",2021,109187
15,"Metals",1574,"Copper articles",157418,"Copper Housewares",2021,47630.99999999999
15,"Metals",1574,"Copper articles",157419,"Other Copper Products",2021,407749
15,"Metals",1575,"Nickel articles",157506,"Nickel Sheets",2021,2128
15,"Metals",1575,"Nickel articles",157507,"Nickel Pipes",2021,3597
15,"Metals",1575,"Nickel articles",157508,"Other Nickel Products",2021,36585
15,"Metals",1576,"Aluminum articles",157601,"Raw Aluminium",2021,2004610
15,"Metals",1576,"Aluminum articles",157602,"Scrap Aluminium",2021,4479892
15,"Metals",1576,"Aluminum articles",157604,"Aluminium Bars",2021,1722456
15,"Metals",1576,"Aluminum articles",157605,"Aluminium Wire",2021,7076
15,"Metals",1576,"Aluminum articles",157606,"Aluminium Plating",2021,303434
15,"Metals",1576,"Aluminum articles",157607,"Aluminium Foil",2021,3529364
15,"Metals",1576,"Aluminum articles",157608,"Aluminium Pipes",2021,4349
15,"Metals",1576,"Aluminum articles",157609,"Aluminium Pipe Fittings",2021,32782
15,"Metals",1576,"Aluminum articles",157610,"Aluminium Structures",2021,6488180
15,"Metals",1576,"Aluminum articles",157611,"Large Aluminium Containers",2021,259276
15,"Metals",1576,"Aluminum articles",157612,"Aluminium Cans",2021,35729688
15,"Metals",1576,"Aluminum articles",157613,"Aluminium Gas Containers",2021,21102
15,"Metals",1576,"Aluminum articles",157614,"Stranded Aluminium Wire",2021,75620
15,"Metals",1576,"Aluminum articles",157615,"Aluminium Housewares",2021,369317
15,"Metals",1576,"Aluminum articles",157616,"Other Aluminium Products",2021,624087
15,"Metals",1578,"Lead articles",157801,"Raw Lead",2021,14751525
15,"Metals",1578,"Lead articles",157802,"Scrap Lead",2021,21750.999999999996
15,"Metals",1578,"Lead articles",157804,"Lead Sheets",2021,1337.9999999999998
15,"Metals",1578,"Lead articles",157806,"Other Lead Products",2021,14737
15,"Metals",1579,"Zinc articles",157901,"Raw Zinc",2021,485016
15,"Metals",1579,"Zinc articles",157902,"Scrap Waste",2021,54248
15,"Metals",1579,"Zinc articles",157903,"Zinc Powder",2021,343972
15,"Metals",1579,"Zinc articles",157904,"Zinc Bars",2021,135
15,"Metals",1579,"Zinc articles",157905,"Zinc Sheets",2021,983
15,"Metals",1579,"Zinc articles",157907,"Other Zinc Products",2021,17189
15,"Metals",1580,"Tin articles",158002,"Scrap Tin",2021,85778
15,"Metals",1580,"Tin articles",158003,"Tin Bars",2021,162
15,"Metals",1580,"Tin articles",158007,"Other Tin Products",2021,6169
15,"Metals",1581,"Cermet articles",158101,"Tungsten",2021,92440
15,"Metals",1581,"Cermet articles",158102,"Molybdenum",2021,2
15,"Metals",1581,"Cermet articles",158105,"Cobalt",2021,9857
15,"Metals",1581,"Cermet articles",158108,"Titanium",2021,27177
15,"Metals",1581,"Cermet articles",158112,"Other Metals",2021,17581
15,"Metals",1581,"Cermet articles",158113,"Cermets",2021,5555
15,"Metals",1582,"Tools & cutlery",158201,"Garden Tools",2021,46987
15,"Metals",1582,"Tools & cutlery",158202,"Hand Saws",2021,32510
15,"Metals",1582,"Tools & cutlery",158203,"Hand Tools",2021,19136
15,"Metals",1582,"Tools & cutlery",158204,"Wrenches",2021,33332
15,"Metals",1582,"Tools & cutlery",158205,"Other Hand Tools",2021,1075203
15,"Metals",1582,"Tools & cutlery",158206,"Tool Sets",2021,5277
15,"Metals",1582,"Tools & cutlery",158207,"Interchangeable Tool Parts",2021,2913386
15,"Metals",1582,"Tools & cutlery",158208,"Cutting Blades",2021,111671
15,"Metals",1582,"Tools & cutlery",158209,"Tool Plates",2021,13200
15,"Metals",1582,"Tools & cutlery",158210,"Cooking Hand Tools",2021,26997
15,"Metals",1582,"Tools & cutlery",158211,"Knives",2021,46899
15,"Metals",1582,"Tools & cutlery",158212,"Razor Blades",2021,3131954
15,"Metals",1582,"Tools & cutlery",158213,"Scissors",2021,42550
15,"Metals",1582,"Tools & cutlery",158214,"Other Cutlery",2021,46132
15,"Metals",1582,"Tools & cutlery",158215,"Cutlery Sets",2021,251724
15,"Metals",1583,"Miscellaneous metal products",158301,"Padlocks",2021,635375
15,"Metals",1583,"Miscellaneous metal products",158302,"Metal Mountings",2021,2483432
15,"Metals",1583,"Miscellaneous metal products",158303,"Safes",2021,17273
15,"Metals",1583,"Miscellaneous metal products",158304,"Filing Cabinets",2021,3920
15,"Metals",1583,"Miscellaneous metal products",158305,"Metal Office Supplies",2021,62355
15,"Metals",1583,"Miscellaneous metal products",158306,"Bells and Other Metal Ornaments",2021,266927
15,"Metals",1583,"Miscellaneous metal products",158307,"Flexible Metal Tubing",2021,46551
15,"Metals",1583,"Miscellaneous metal products",158308,"Other Metal Fasteners",2021,6893217
15,"Metals",1583,"Miscellaneous metal products",158309,"Metal Stoppers",2021,1630101
15,"Metals",1583,"Miscellaneous metal products",158310,"Metal Signs",2021,12450
15,"Metals",1583,"Miscellaneous metal products",158311,"Coated Metal Soldering Products",2021,447661
16,"Machines",1684,"Machinery, mechanical appliances, & parts",168401,"Nuclear Reactors",2021,13.999999999999998
16,"Machines",1684,"Machinery, mechanical appliances, & parts",168402,"Steam Boilers",2021,50722
16,"Machines",1684,"Machinery, mechanical appliances, & parts",168403,"Central Heating Boilers",2021,1181
16,"Machines",1684,"Machinery, mechanical appliances, & parts",168404,"Boiler Plants",2021,6259
16,"Machines",1684,"Machinery, mechanical appliances, & parts",168405,"Water and Gas Generators",2021,348
16,"Machines",1684,"Machinery, mechanical appliances, & parts",168407,"Spark-Ignition Engines",2021,144003
16,"Machines",1684,"Machinery, mechanical appliances, & parts",168408,"Combustion Engines",2021,468621
16,"Machines",1684,"Machinery, mechanical appliances, & parts",168409,"Engine Parts",2021,9803162
16,"Machines",1684,"Machinery, mechanical appliances, & parts",168410,"Hydraulic Turbines",2021,585601
16,"Machines",1684,"Machinery, mechanical appliances, & parts",168411,"Gas Turbines",2021,18296062
16,"Machines",1684,"Machinery, mechanical appliances, & parts",168412,"Other Engines",2021,707021
16,"Machines",1684,"Machinery, mechanical appliances, & parts",168413,"Liquid Pumps",2021,2729905
16,"Machines",1684,"Machinery, mechanical appliances, & parts",168414,"Air Pumps",2021,1013168
16,"Machines",1684,"Machinery, mechanical appliances, & parts",168415,"Air Conditioners",2021,1237051
16,"Machines",1684,"Machinery, mechanical appliances, & parts",168416,"Liquid Fuel Furnaces",2021,68761
16,"Machines",1684,"Machinery, mechanical appliances, & parts",168417,"Industrial Furnaces",2021,312395
16,"Machines",1684,"Machinery, mechanical appliances, & parts",168418,"Refrigerators",2021,2149632
16,"Machines",1684,"Machinery, mechanical appliances, & parts",168419,"Other Heating Machinery",2021,2873808
16,"Machines",1684,"Machinery, mechanical appliances, & parts",168420,"Rolling Machines",2021,12734
16,"Machines",1684,"Machinery, mechanical appliances, & parts",168421,"Centrifuges",2021,1347561
16,"Machines",1684,"Machinery, mechanical appliances, & parts",168422,"Washing and Bottling Machines",2021,18936584
16,"Machines",1684,"Machinery, mechanical appliances, & parts",168423,"Scales",2021,31486597
16,"Machines",1684,"Machinery, mechanical appliances, & parts",168424,"Liquid Dispersing Machines",2021,896347
16,"Machines",1684,"Machinery, mechanical appliances, & parts",168425,"Pulley Systems",2021,2033951
16,"Machines",1684,"Machinery, mechanical appliances, & parts",168426,"Cranes",2021,1602853
16,"Machines",1684,"Machinery, mechanical appliances, & parts",168427,"Fork-Lifts",2021,165287
16,"Machines",1684,"Machinery, mechanical appliances, & parts",168428,"Lifting Machinery",2021,5296970
16,"Machines",1684,"Machinery, mechanical appliances, & parts",168429,"Large Construction Vehicles",2021,3274599
16,"Machines",1684,"Machinery, mechanical appliances, & parts",168430,"Other Construction Vehicles",2021,622915
16,"Machines",1684,"Machinery, mechanical appliances, & parts",168431,"Excavation Machinery",2021,174565077
16,"Machines",1684,"Machinery, mechanical appliances, & parts",168432,"Soil Preparation Machinery",2021,112539
16,"Machines",1684,"Machinery, mechanical appliances, & parts",168433,"Harvesting Machinery",2021,134846
16,"Machines",1684,"Machinery, mechanical appliances, & parts",168434,"Dairy Machinery",2021,25861
16,"Machines",1684,"Machinery, mechanical appliances, & parts",168435,"Fruit Pressing Machinery",2021,36371
16,"Machines",1684,"Machinery, mechanical appliances, & parts",168436,"Other Agricultural Machinery",2021,2419897
16,"Machines",1684,"Machinery, mechanical appliances, & parts",168437,"Mill Machinery",2021,186569
16,"Machines",1684,"Machinery, mechanical appliances, & parts",168438,"Industrial Food Preperation Machinery",2021,1020483
16,"Machines",1684,"Machinery, mechanical appliances, & parts",168439,"Papermaking Machines",2021,270386
16,"Machines",1684,"Machinery, mechanical appliances, & parts",168440,"Book-binding Machines",2021,104934
16,"Machines",1684,"Machinery, mechanical appliances, & parts",168441,"Other Paper Machinery",2021,378210
16,"Machines",1684,"Machinery, mechanical appliances, & parts",168442,"Print Production Machinery",2021,3149443
16,"Machines",1684,"Machinery, mechanical appliances, & parts",168443,"Industrial Printers",2021,1715783
16,"Machines",1684,"Machinery, mechanical appliances, & parts",168444,"Artificial Textile Machinery",2021,11980
16,"Machines",1684,"Machinery, mechanical appliances, & parts",168445,"Textile Fiber Machinery",2021,2493210
16,"Machines",1684,"Machinery, mechanical appliances, & parts",168446,"Looms",2021,499890
16,"Machines",1684,"Machinery, mechanical appliances, & parts",168447,"Knitting Machines",2021,3557677
16,"Machines",1684,"Machinery, mechanical appliances, & parts",168448,"Knitting Machine Accessories",2021,645844
16,"Machines",1684,"Machinery, mechanical appliances, & parts",168449,"Felt Machinery",2021,701
16,"Machines",1684,"Machinery, mechanical appliances, & parts",168450,"Household Washing Machines",2021,210071
16,"Machines",1684,"Machinery, mechanical appliances, & parts",168451,"Textile Processing Machines",2021,2549556
16,"Machines",1684,"Machinery, mechanical appliances, & parts",168452,"Sewing Machines",2021,3018135
16,"Machines",1684,"Machinery, mechanical appliances, & parts",168453,"Leather Machinery",2021,8415
16,"Machines",1684,"Machinery, mechanical appliances, & parts",168454,"Casting Machines",2021,960
16,"Machines",1684,"Machinery, mechanical appliances, & parts",168455,"Metal-Rolling Mills",2021,35318
16,"Machines",1684,"Machinery, mechanical appliances, & parts",168456,"Non-Mechanical Removal Machinery",2021,13157
16,"Machines",1684,"Machinery, mechanical appliances, & parts",168457,"Metalworking Transfer Machines",2021,124244
16,"Machines",1684,"Machinery, mechanical appliances, & parts",168458,"Metal Lathes",2021,36776
16,"Machines",1684,"Machinery, mechanical appliances, & parts",168459,"Drilling Machines",2021,59753
16,"Machines",1684,"Machinery, mechanical appliances, & parts",168460,"Metal Finishing Machines",2021,8753
16,"Machines",1684,"Machinery, mechanical appliances, & parts",168461,"Metalworking Machines",2021,66220
16,"Machines",1684,"Machinery, mechanical appliances, & parts",168462,"Forging Machines",2021,213184
16,"Machines",1684,"Machinery, mechanical appliances, & parts",168463,"Other Non-Metal Removal Machinery",2021,23913
16,"Machines",1684,"Machinery, mechanical appliances, & parts",168464,"Stone Working Machines",2021,133163
16,"Machines",1684,"Machinery, mechanical appliances, & parts",168465,"Woodworking machines",2021,19769
16,"Machines",1684,"Machinery, mechanical appliances, & parts",168466,"Metalworking Machine Parts",2021,413182
16,"Machines",1684,"Machinery, mechanical appliances, & parts",168467,"Motor-working Tools",2021,255559
16,"Machines",1684,"Machinery, mechanical appliances, & parts",168468,"Soldering and Welding Machinery",2021,42803
16,"Machines",1684,"Machinery, mechanical appliances, & parts",168470,"Calculators",2021,54923
16,"Machines",1684,"Machinery, mechanical appliances, & parts",168471,"Computers",2021,4808667
16,"Machines",1684,"Machinery, mechanical appliances, & parts",168472,"Other Office Machines",2021,169499
16,"Machines",1684,"Machinery, mechanical appliances, & parts",168473,"Office Machine Parts",2021,5822726
16,"Machines",1684,"Machinery, mechanical appliances, & parts",168474,"Stone Processing Machines",2021,432855
16,"Machines",1684,"Machinery, mechanical appliances, & parts",168475,"Glass Working Machines",2021,3273
16,"Machines",1684,"Machinery, mechanical appliances, & parts",168476,"Vending Machines",2021,120594
16,"Machines",1684,"Machinery, mechanical appliances, & parts",168477,"Rubberworking Machinery",2021,734149
16,"Machines",1684,"Machinery, mechanical appliances, & parts",168478,"Tobacco Processing Machines",2021,2552052
16,"Machines",1684,"Machinery, mechanical appliances, & parts",168479,"Machinery Having Individual Functions",2021,13252205
16,"Machines",1684,"Machinery, mechanical appliances, & parts",168480,"Metal Molds",2021,1669046
16,"Machines",1684,"Machinery, mechanical appliances, & parts",168481,"Valves",2021,1638951
16,"Machines",1684,"Machinery, mechanical appliances, & parts",168482,"Ball Bearings",2021,91030
16,"Machines",1684,"Machinery, mechanical appliances, & parts",168483,"Transmissions",2021,971363
16,"Machines",1684,"Machinery, mechanical appliances, & parts",168484,"Gaskets",2021,378378
16,"Machines",1684,"Machinery, mechanical appliances, & parts",168485,"Boat Propellers",2021,1246144
16,"Machines",1685,"Electrical machinery and electronics",168501,"Electric Motors",2021,3265835
16,"Machines",1685,"Electrical machinery and electronics",168502,"Electric Generating Sets",2021,1894201
16,"Machines",1685,"Electrical machinery and electronics",168503,"Electric Motor Parts",2021,4406641
16,"Machines",1685,"Electrical machinery and electronics",168504,"Electrical Transformers",2021,64784098
16,"Machines",1685,"Electrical machinery and electronics",168505,"Electromagnets",2021,67165
16,"Machines",1685,"Electrical machinery and electronics",168506,"Batteries",2021,46970
16,"Machines",1685,"Electrical machinery and electronics",168507,"Electric Batteries",2021,19319351
16,"Machines",1685,"Electrical machinery and electronics",168508,"Vacuum Cleaners",2021,94354
16,"Machines",1685,"Electrical machinery and electronics",168509,"Other Domestic Electric Housewares",2021,171015
16,"Machines",1685,"Electrical machinery and electronics",168510,"Hair Trimmers",2021,265859
16,"Machines",1685,"Electrical machinery and electronics",168511,"Electrical Ignitions",2021,5023219
16,"Machines",1685,"Electrical machinery and electronics",168512,"Electrical Lighting and Signalling Equipment",2021,61553
16,"Machines",1685,"Electrical machinery and electronics",168513,"Portable Lighting",2021,147607
16,"Machines",1685,"Electrical machinery and electronics",168514,"Electric Furnaces",2021,227091
16,"Machines",1685,"Electrical machinery and electronics",168515,"Electric Soldering Equipment",2021,538613
16,"Machines",1685,"Electrical machinery and electronics",168516,"Electric Heaters",2021,1466440
16,"Machines",1685,"Electrical machinery and electronics",168517,"Telephones",2021,3183588
16,"Machines",1685,"Electrical machinery and electronics",168518,"Microphones and Headphones",2021,429918
16,"Machines",1685,"Electrical machinery and electronics",168519,"Sound Recording Equipment",2021,7079
16,"Machines",1685,"Electrical machinery and electronics",168520,"Dictation Machines",2021,103127
16,"Machines",1685,"Electrical machinery and electronics",168521,"Video Recording Equipment",2021,135567
16,"Machines",1685,"Electrical machinery and electronics",168522,"Audio and Video Recording Accessories",2021,238512.00000000003
16,"Machines",1685,"Electrical machinery and electronics",168523,"Blank Audio Media",2021,3248645
16,"Machines",1685,"Electrical machinery and electronics",168524,"Sound Recordings",2021,188239
16,"Machines",1685,"Electrical machinery and electronics",168525,"Broadcasting Equipment",2021,6763345
16,"Machines",1685,"Electrical machinery and electronics",168526,"Navigation Equipment",2021,92424
16,"Machines",1685,"Electrical machinery and electronics",168527,"Radio Receivers",2021,27259.000000000004
16,"Machines",1685,"Electrical machinery and electronics",168528,"Video Displays",2021,1398567
16,"Machines",1685,"Electrical machinery and electronics",168529,"Broadcasting Accessories",2021,2291611
16,"Machines",1685,"Electrical machinery and electronics",168530,"Traffic Signals",2021,423727
16,"Machines",1685,"Electrical machinery and electronics",168531,"Audio Alarms",2021,44972139
16,"Machines",1685,"Electrical machinery and electronics",168532,"Electrical Capacitors",2021,18494869
16,"Machines",1685,"Electrical machinery and electronics",168533,"Electrical Resistors",2021,631787
16,"Machines",1685,"Electrical machinery and electronics",168534,"Printed Circuit Boards",2021,4907997
16,"Machines",1685,"Electrical machinery and electronics",168535,"High-voltage Protection Equipment",2021,368786
16,"Machines",1685,"Electrical machinery and electronics",168536,"Low-voltage Protection Equipment",2021,46436287
16,"Machines",1685,"Electrical machinery and electronics",168537,"Electrical Control Boards",2021,67210349
16,"Machines",1685,"Electrical machinery and electronics",168538,"Electrical Power Accessories",2021,33454446
16,"Machines",1685,"Electrical machinery and electronics",168539,"Electric Filament",2021,128450
16,"Machines",1685,"Electrical machinery and electronics",168540,"Cathode Tubes",2021,33078
16,"Machines",1685,"Electrical machinery and electronics",168541,"Semiconductor Devices",2021,4821065
16,"Machines",1685,"Electrical machinery and electronics",168542,"Integrated Circuits",2021,12378832
16,"Machines",1685,"Electrical machinery and electronics",168543,"Other Electrical Machinery",2021,7995934
16,"Machines",1685,"Electrical machinery and electronics",168544,"Insulated Wire",2021,73421157
16,"Machines",1685,"Electrical machinery and electronics",168545,"Carbon-based Electronics",2021,78591
16,"Machines",1685,"Electrical machinery and electronics",168546,"Electrical Insulators",2021,12360.999999999998
16,"Machines",1685,"Electrical machinery and electronics",168547,"Metal Insulating Fittings",2021,122305.00000000001
16,"Machines",1685,"Electrical machinery and electronics",168548,"Electrical Parts",2021,774483
17,"Transportation",1786,"Railway and trams",178602,"Other Locomotives",2021,122687.99999999999
17,"Transportation",1786,"Railway and trams",178605,"Railway Passenger Cars",2021,4325
17,"Transportation",1786,"Railway and trams",178606,"Railway Freight Cars",2021,21
17,"Transportation",1786,"Railway and trams",178607,"Locomotive Parts",2021,525083
17,"Transportation",1786,"Railway and trams",178608,"Railway Track Fixtures",2021,296525
17,"Transportation",1786,"Railway and trams",178609,"Railway Cargo Containers",2021,943391
17,"Transportation",1787,"Cars, tractors, trucks & parts thereof.",178701,"Tractors",2021,563656
17,"Transportation",1787,"Cars, tractors, trucks & parts thereof.",178702,"Buses",2021,607126
17,"Transportation",1787,"Cars, tractors, trucks & parts thereof.",178703,"Cars",2021,2737657
17,"Transportation",1787,"Cars, tractors, trucks & parts thereof.",178704,"Delivery Trucks",2021,11698247
17,"Transportation",1787,"Cars, tractors, trucks & parts thereof.",178705,"Special purpose motor vehicles",2021,154036
17,"Transportation",1787,"Cars, tractors, trucks & parts thereof.",178706,"Motor vehicle (8701 to 8705) chassis fitted with engine",2021,1379067
17,"Transportation",1787,"Cars, tractors, trucks & parts thereof.",178707,"Vehicle Bodies (including cabs) for the motor vehicles (8701 to 8705)",2021,11628
17,"Transportation",1787,"Cars, tractors, trucks & parts thereof.",178708,"Motor vehicles; parts and accessories (8701 to 8705)",2021,18410286
17,"Transportation",1787,"Cars, tractors, trucks & parts thereof.",178709,"Work Trucks",2021,145704
17,"Transportation",1787,"Cars, tractors, trucks & parts thereof.",178710,"Tanks and Armored vehicles",2021,509022
17,"Transportation",1787,"Cars, tractors, trucks & parts thereof.",178711,"Motorcycles and cycles",2021,1950719
17,"Transportation",1787,"Cars, tractors, trucks & parts thereof.",178712,"Bicycles, delivery tricycles, other cycles",2021,70736393
17,"Transportation",1787,"Cars, tractors, trucks & parts thereof.",178713,"Wheelchairs",2021,27990
17,"Transportation",1787,"Cars, tractors, trucks & parts thereof.",178714,"Bi-Wheel Vehicle Parts",2021,885812
17,"Transportation",1787,"Cars, tractors, trucks & parts thereof.",178715,"Baby Carriages",2021,18517
17,"Transportation",1787,"Cars, tractors, trucks & parts thereof.",178716,"Trailers and semi-trailers, not mechanically propelled vehicles",2021,15267732
17,"Transportation",1788,"Aircraft and Spacecraft",178801,"Non-powered Aircraft",2021,142406
17,"Transportation",1788,"Aircraft and Spacecraft",178802,"Planes, Helicopters, and/or Spacecraft",2021,20807359
17,"Transportation",1788,"Aircraft and Spacecraft",178803,"Aircraft parts (gliders, balloons, and powered aircraft)",2021,33749288
17,"Transportation",1788,"Aircraft and Spacecraft",178804,"Parachutes",2021,16680038.999999998
17,"Transportation",1788,"Aircraft and Spacecraft",178805,"Aircraft Launch Gear",2021,48698
17,"Transportation",1789,"Ships, boats, & floating structures",178901,"Passenger and Cargo Ships",2021,91664558
17,"Transportation",1789,"Ships, boats, & floating structures",178902,"Fishing Ships",2021,1844303
17,"Transportation",1789,"Ships, boats, & floating structures",178903,"Recreational Boats",2021,6154566
17,"Transportation",1789,"Ships, boats, & floating structures",178904,"Tug Boats",2021,8194271.999999999
17,"Transportation",1789,"Ships, boats, & floating structures",178905,"Special Purpose Ships",2021,70543000
17,"Transportation",1789,"Ships, boats, & floating structures",178906,"Other Sea Vessels",2021,259646.00000000003
17,"Transportation",1789,"Ships, boats, & floating structures",178907,"Other Floating Structures",2021,366651.00000000006
17,"Transportation",1789,"Ships, boats, & floating structures",178908,"Scrap Vessels",2021,39
18,"Instruments",1890,"Optical, photo, & film equipment; medical instruments",189001,"Optical Fibers and optical fibre bundles",2021,438773
18,"Instruments",1890,"Optical, photo, & film equipment; medical instruments",189002,"Mirrors and Lenses",2021,137521
18,"Instruments",1890,"Optical, photo, & film equipment; medical instruments",189003,"Eyewear Frames",2021,77604
18,"Instruments",1890,"Optical, photo, & film equipment; medical instruments",189004,"Eyewear",2021,54311
18,"Instruments",1890,"Optical, photo, & film equipment; medical instruments",189005,"Binoculars and Telescopes",2021,111100.99999999999
18,"Instruments",1890,"Optical, photo, & film equipment; medical instruments",189006,"Cameras",2021,34690
18,"Instruments",1890,"Optical, photo, & film equipment; medical instruments",189007,"Video Cameras",2021,115
18,"Instruments",1890,"Optical, photo, & film equipment; medical instruments",189008,"Image Projectors",2021,236.00000000000003
18,"Instruments",1890,"Optical, photo, & film equipment; medical instruments",189009,"Photocopiers",2021,88209
18,"Instruments",1890,"Optical, photo, & film equipment; medical instruments",189010,"Photo Lab Equipment",2021,21951
18,"Instruments",1890,"Optical, photo, & film equipment; medical instruments",189011,"Microscopes",2021,313
18,"Instruments",1890,"Optical, photo, & film equipment; medical instruments",189012,"Non-optical Microscopes",2021,3824
18,"Instruments",1890,"Optical, photo, & film equipment; medical instruments",189013,"LCDs",2021,47087087
18,"Instruments",1890,"Optical, photo, & film equipment; medical instruments",189014,"Compasses",2021,148899
18,"Instruments",1890,"Optical, photo, & film equipment; medical instruments",189015,"Surveying Equipment",2021,976462
18,"Instruments",1890,"Optical, photo, & film equipment; medical instruments",189016,"Balances",2021,42434
18,"Instruments",1890,"Optical, photo, & film equipment; medical instruments",189017,"Drafting Tools",2021,1219149
18,"Instruments",1890,"Optical, photo, & film equipment; medical instruments",189018,"Medical Instruments",2021,5774984
18,"Instruments",1890,"Optical, photo, & film equipment; medical instruments",189019,"Therapeutic Appliances",2021,16140137
18,"Instruments",1890,"Optical, photo, & film equipment; medical instruments",189020,"Breathing Appliances",2021,32316
18,"Instruments",1890,"Optical, photo, & film equipment; medical instruments",189021,"Orthopedic Appliances",2021,3410557
18,"Instruments",1890,"Optical, photo, & film equipment; medical instruments",189022,"X-Ray Equipment",2021,2023864
18,"Instruments",1890,"Optical, photo, & film equipment; medical instruments",189023,"Instructional Models",2021,502663
18,"Instruments",1890,"Optical, photo, & film equipment; medical instruments",189024,"Tensile Testing Machines",2021,180641
18,"Instruments",1890,"Optical, photo, & film equipment; medical instruments",189025,"Hydrometers",2021,2155577
18,"Instruments",1890,"Optical, photo, & film equipment; medical instruments",189026,"Gas and Liquid Flow Measuring Instruments",2021,2047124
18,"Instruments",1890,"Optical, photo, & film equipment; medical instruments",189027,"Chemical Analysis Instruments",2021,3995211
18,"Instruments",1890,"Optical, photo, & film equipment; medical instruments",189028,"Utility Meters",2021,59013.99999999999
18,"Instruments",1890,"Optical, photo, & film equipment; medical instruments",189029,"Revolution Counters",2021,61826
18,"Instruments",1890,"Optical, photo, & film equipment; medical instruments",189030,"Oscilloscopes",2021,3921500
18,"Instruments",1890,"Optical, photo, & film equipment; medical instruments",189031,"Other Measuring Instruments",2021,40040368
18,"Instruments",1890,"Optical, photo, & film equipment; medical instruments",189032,"Thermostats",2021,7240734
18,"Instruments",1890,"Optical, photo, & film equipment; medical instruments",189033,"Opto-Electric Instrument Parts",2021,68603
18,"Instruments",1891,"Clocks, watches, & parts",189101,"Precious Metal Watches",2021,285774
18,"Instruments",1891,"Clocks, watches, & parts",189102,"Base Metal Watches",2021,307869
18,"Instruments",1891,"Clocks, watches, & parts",189103,"Clocks with Watch Movements",2021,4085
18,"Instruments",1891,"Clocks, watches, & parts",189105,"Other Clocks",2021,8305
18,"Instruments",1891,"Clocks, watches, & parts",189106,"Time Recording Instruments",2021,14920
18,"Instruments",1891,"Clocks, watches, & parts",189107,"Time Switches",2021,8262
18,"Instruments",1891,"Clocks, watches, & parts",189108,"Watch Movements",2021,892
18,"Instruments",1891,"Clocks, watches, & parts",189109,"Clock Movements",2021,12608
18,"Instruments",1891,"Clocks, watches, & parts",189110,"Incomplete Movement Sets",2021,49
18,"Instruments",1891,"Clocks, watches, & parts",189111,"Watch Cases and Parts",2021,8
18,"Instruments",1891,"Clocks, watches, & parts",189113,"Watch Straps",2021,10058
18,"Instruments",1891,"Clocks, watches, & parts",189114,"Other Clocks and Watches",2021,850
18,"Instruments",1892,"Musical instruments",189201,"Pianos",2021,4654
18,"Instruments",1892,"Musical instruments",189202,"String Instruments",2021,299650
18,"Instruments",1892,"Musical instruments",189205,"Wind Instruments",2021,676
18,"Instruments",1892,"Musical instruments",189206,"Percussion",2021,11602
18,"Instruments",1892,"Musical instruments",189207,"Electric Musical Instruments",2021,8425
18,"Instruments",1892,"Musical instruments",189208,"Other Musical Instruments",2021,59590
18,"Instruments",1892,"Musical instruments",189209,"Musical Instrument Parts",2021,49864
19,"Weapons",1993,"Weapons",199301,"Military Weapons",2021,104760
19,"Weapons",1993,"Weapons",199302,"Handguns",2021,111.99999999999999
19,"Weapons",1993,"Weapons",199303,"Other Firearms",2021,2421
19,"Weapons",1993,"Weapons",199304,"Spring, Air, and Gas Guns",2021,77
19,"Weapons",1993,"Weapons",199305,"Weapons Parts and Accessories",2021,2057
19,"Weapons",1993,"Weapons",199306,"Explosive Ammunition",2021,221170
19,"Weapons",1993,"Weapons",199307,"Bladed Weapons and Accessories",2021,1513
20,"Miscellaneous",2094,"Furniture, bedding, lamps, & prefab buildings",209401,"Seats",2021,11550034
20,"Miscellaneous",2094,"Furniture, bedding, lamps, & prefab buildings",209402,"Medical Furniture",2021,205735
20,"Miscellaneous",2094,"Furniture, bedding, lamps, & prefab buildings",209403,"Other Furniture",2021,21746564
20,"Miscellaneous",2094,"Furniture, bedding, lamps, & prefab buildings",209404,"Mattresses",2021,24663099
20,"Miscellaneous",2094,"Furniture, bedding, lamps, & prefab buildings",209405,"Light Fixtures",2021,1949129
20,"Miscellaneous",2094,"Furniture, bedding, lamps, & prefab buildings",209406,"Prefabricated Buildings",2021,116242
20,"Miscellaneous",2095,"Toys, games, & sports",209503,"Other toys",2021,41088382
20,"Miscellaneous",2095,"Toys, games, & sports",209504,"Video and Card Games",2021,59470
20,"Miscellaneous",2095,"Toys, games, & sports",209505,"Party Decorations",2021,15380159
20,"Miscellaneous",2095,"Toys, games, & sports",209506,"Sports Equipment",2021,47255668
20,"Miscellaneous",2095,"Toys, games, & sports",209507,"Fishing and Hunting Equipment",2021,4673364
20,"Miscellaneous",2095,"Toys, games, & sports",209508,"Fairground Amusements",2021,175480
20,"Miscellaneous",2096,"Misc. manufactures",209601,"Worked Ivory and Bone",2021,283
20,"Miscellaneous",2096,"Misc. manufactures",209602,"Vegetable and Mineral Carvings",2021,413800
20,"Miscellaneous",2096,"Misc. manufactures",209603,"Brooms",2021,44242024
20,"Miscellaneous",2096,"Misc. manufactures",209604,"Hand Sifters",2021,5203
20,"Miscellaneous",2096,"Misc. manufactures",209605,"Travel Kits",2021,87006.99999999999
20,"Miscellaneous",2096,"Misc. manufactures",209606,"Buttons",2021,1905838
20,"Miscellaneous",2096,"Misc. manufactures",209607,"Zippers",2021,2262174
20,"Miscellaneous",2096,"Misc. manufactures",209608,"Pens",2021,917733
20,"Miscellaneous",2096,"Misc. manufactures",209609,"Pencils and Crayons",2021,84256
20,"Miscellaneous",2096,"Misc. manufactures",209610,"Chalkboards",2021,16932
20,"Miscellaneous",2096,"Misc. manufactures",209611,"Rubber Stamps",2021,7273
20,"Miscellaneous",2096,"Misc. manufactures",209612,"Ink Ribbons",2021,105770
20,"Miscellaneous",2096,"Misc. manufactures",209613,"Lighters",2021,311622.99999999994
20,"Miscellaneous",2096,"Misc. manufactures",209614,"Smoking Pipes",2021,266713
20,"Miscellaneous",2096,"Misc. manufactures",209615,"Combs",2021,201749
20,"Miscellaneous",2096,"Misc. manufactures",209616,"Scent Sprays",2021,9647
20,"Miscellaneous",2096,"Misc. manufactures",209617,"Vacuum Flask",2021,53333
20,"Miscellaneous",2096,"Misc. manufactures",209618,"Mannequins",2021,10365
21,"Arts and Antiques",2197,"Art & antiques",219701,"Paintings",2021,199059
21,"Arts and Antiques",2197,"Art & antiques",219702,"Prints",2021,2588
21,"Arts and Antiques",2197,"Art & antiques",219703,"Sculptures",2021,28887
21,"Arts and Antiques",2197,"Art & antiques",219704,"Revenue Stamps",2021,4
21,"Arts and Antiques",2197,"Art & antiques",219705,"Collector's Items",2021,76100
21,"Arts and Antiques",2197,"Art & antiques",219706,"Antiques",2021,731495