Section ID,Section,HS2 ID,HS2,HS4 ID,HS4,Year,Trade Value
1,"Animal Products",101,"Live animals",10101,"Horses",2021,606227
1,"Animal Products",101,"Live animals",10104,"Sheep and Goats",2021,53218
1,"Animal Products",101,"Live animals",10105,"Poultry",2021,1757874
1,"Animal Products",101,"Live animals",10106,"Other Animals",2021,14411965
1,"Animal Products",102,"Meat & edible offal",10201,"Bovine Meat",2021,64713
1,"Animal Products",102,"Meat & edible offal",10202,"Frozen Bovine Meat",2021,305667.00000000006
1,"Animal Products",102,"Meat & edible offal",10203,"Pig Meat",2021,116007
1,"Animal Products",102,"Meat & edible offal",10204,"Sheep and Goat Meat",2021,164166
1,"Animal Products",102,"Meat & edible offal",10206,"Edible Offal",2021,371367
1,"Animal Products",102,"Meat & edible offal",10207,"Poultry Meat",2021,8173296
1,"Animal Products",102,"Meat & edible offal",10208,"Other Meat",2021,1457
1,"Animal Products",102,"Meat & edible offal",10210,"Preserved Meat",2021,181004
1,"Animal Products",103,"Fish, Crustaceans & Molluscs",10301,"Live Fish",2021,3620806
1,"Animal Products",103,"Fish, Crustaceans & Molluscs",10302,"Non-fillet Fresh Fish",2021,151960320
1,"Animal Products",103,"Fish, Crustaceans & Molluscs",10303,"Non-fillet Frozen Fish",2021,376371163
1,"Animal Products",103,"Fish, Crustaceans & Molluscs",10304,"Fish Fillets",2021,139864833
1,"Animal Products",103,"Fish, Crustaceans & Molluscs",10305,"Dried/Salted/Smoked/Brined Fish",2021,18246765
1,"Animal Products",103,"Fish, Crustaceans & Molluscs",10306,"Crustaceans",2021,108842304
1,"Animal Products",103,"Fish, Crustaceans & Molluscs",10307,"Molluscs",2021,516144543
1,"Animal Products",104,"Edible products of animal origin, n.e.s.",10401,"Milk",2021,3376066
1,"Animal Products",104,"Edible products of animal origin, n.e.s.",10402,"Concentrated Milk",2021,2234616
1,"Animal Products",104,"Edible products of animal origin, n.e.s.",10403,"Fermented Milk Products",2021,1841123.0000000002
1,"Animal Products",104,"Edible products of animal origin, n.e.s.",10404,"Whey and other milk products",2021,173341
1,"Animal Products",104,"Edible products of animal origin, n.e.s.",10405,"Butter",2021,210375
1,"Animal Products",104,"Edible products of animal origin, n.e.s.",10406,"Cheese",2021,23249426
1,"Animal Products",104,"Edible products of animal origin, n.e.s.",10407,"Eggs",2021,24039689
1,"Animal Products",104,"Edible products of animal origin, n.e.s.",10408,"Processed Egg Products",2021,16665
1,"Animal Products",104,"Edible products of animal origin, n.e.s.",10409,"Honey",2021,97563
1,"Animal Products",104,"Edible products of animal origin, n.e.s.",10410,"Other Edible Animal Products",2021,3756
1,"Animal Products",105,"Animal originated products, n.e.s.",10504,"Animal Organs",2021,93578351
1,"Animal Products",105,"Animal originated products, n.e.s.",10505,"Bird Feathers and Skins",2021,19791
1,"Animal Products",105,"Animal originated products, n.e.s.",10507,"Raw Bones",2021,8927
1,"Animal Products",105,"Animal originated products, n.e.s.",10508,"Coral and Shells",2021,367199
1,"Animal Products",105,"Animal originated products, n.e.s.",10511,"Other Inedible Animal Products",2021,4863568
2,"Vegetable Products",206,"Live trees, plants, bulbs, cut flowers, & ornamental foliage",20601,"Bulbs and Roots",2021,1825340
2,"Vegetable Products",206,"Live trees, plants, bulbs, cut flowers, & ornamental foliage",20602,"Other live plants, cuttings and slips;
mushroom spawn",2021,25010607
2,"Vegetable Products",206,"Live trees, plants, bulbs, cut flowers, & ornamental foliage",20603,"Cut Flowers",2021,8617460
2,"Vegetable Products",206,"Live trees, plants, bulbs, cut flowers, & ornamental foliage",20604,"Plant foliage",2021,107161
2,"Vegetable Products",207,"Edible vegetables, roots, & tubers",20701,"Potatoes",2021,11616194
2,"Vegetable Products",207,"Edible vegetables, roots, & tubers",20702,"Tomatoes",2021,1131458121
2,"Vegetable Products",207,"Edible vegetables, roots, & tubers",20703,"Onions",2021,45891264
2,"Vegetable Products",207,"Edible vegetables, roots, & tubers",20704,"Cabbages",2021,28625740
2,"Vegetable Products",207,"Edible vegetables, roots, & tubers",20705,"Lettuce",2021,2400391
2,"Vegetable Products",207,"Edible vegetables, roots, & tubers",20706,"Root Vegetables",2021,20332084
2,"Vegetable Products",207,"Edible vegetables, roots, & tubers",20707,"Cucumbers",2021,10687765
2,"Vegetable Products",207,"Edible vegetables, roots, & tubers",20708,"Legumes",2021,295670282
2,"Vegetable Products",207,"Edible vegetables, roots, & tubers",20709,"Other Vegetables",2021,337564169
2,"Vegetable Products",207,"Edible vegetables, roots, & tubers",20710,"Frozen Vegetables",2021,6802476
2,"Vegetable Products",207,"Edible vegetables, roots, & tubers",20711,"Preserved Vegetables",2021,37287087
2,"Vegetable Products",207,"Edible vegetables, roots, & tubers",20712,"Dried Vegetables",2021,4001281
2,"Vegetable Products",207,"Edible vegetables, roots, & tubers",20713,"Dried Legumes",2021,11747498
2,"Vegetable Products",207,"Edible vegetables, roots, & tubers",20714,"Cassava",2021,733346
2,"Vegetable Products",208,"Edible fruits, nuts & fruit peels",20801,"Coconuts, Brazil Nuts, and Cashews",2021,7859
2,"Vegetable Products",208,"Edible fruits, nuts & fruit peels",20802,"Other Nuts",2021,5645635
2,"Vegetable Products",208,"Edible fruits, nuts & fruit peels",20803,"Bananas",2021,2226239
2,"Vegetable Products",208,"Edible fruits, nuts & fruit peels",20804,"Tropical Fruits",2021,111743684
2,"Vegetable Products",208,"Edible fruits, nuts & fruit peels",20805,"Citrus",2021,616960076
2,"Vegetable Products",208,"Edible fruits, nuts & fruit peels",20806,"Grapes",2021,21576551
2,"Vegetable Products",208,"Edible fruits, nuts & fruit peels",20807,"Melons",2021,262443888
2,"Vegetable Products",208,"Edible fruits, nuts & fruit peels",20808,"Apples and Pears",2021,843106
2,"Vegetable Products",208,"Edible fruits, nuts & fruit peels",20809,"Pitted Fruits",2021,14069730
2,"Vegetable Products",208,"Edible fruits, nuts & fruit peels",20810,"Other Fruits",2021,970442938
2,"Vegetable Products",208,"Edible fruits, nuts & fruit peels",20811,"Frozen Fruits and Nuts",2021,176035950
2,"Vegetable Products",208,"Edible fruits, nuts & fruit peels",20812,"Preserved Fruits and Nuts",2021,259482
2,"Vegetable Products",208,"Edible fruits, nuts & fruit peels",20813,"Dried Fruits",2021,17514066
2,"Vegetable Products",208,"Edible fruits, nuts & fruit peels",20814,"Citrus and Melon Peels",2021,901938
2,"Vegetable Products",209,"Coffee, tea, mate & spices",20901,"Coffee",2021,1797695
2,"Vegetable Products",209,"Coffee, tea, mate & spices",20902,"Tea",2021,18145786
2,"Vegetable Products",209,"Coffee, tea, mate & spices",20903,"Mate",2021,310
2,"Vegetable Products",209,"Coffee, tea, mate & spices",20904,"Pepper",2021,6831040
2,"Vegetable Products",209,"Coffee, tea, mate & spices",20905,"Vanilla",2021,1016568
2,"Vegetable Products",209,"Coffee, tea, mate & spices",20906,"Cinnamon",2021,9821
2,"Vegetable Products",209,"Coffee, tea, mate & spices",20907,"Cloves",2021,725.0000000000001
2,"Vegetable Products",209,"Coffee, tea, mate & spices",20908,"Nutmeg, mace and cardamons",2021,62851.00000000001
2,"Vegetable Products",209,"Coffee, tea, mate & spices",20909,"Spice Seeds",2021,16718618
2,"Vegetable Products",209,"Coffee, tea, mate & spices",20910,"Spices",2021,13494413
2,"Vegetable Products",210,"Cereals",21001,"Wheat",2021,90647
2,"Vegetable Products",210,"Cereals",21003,"Barley",2021,12924.999999999998
2,"Vegetable Products",210,"Cereals",21005,"Corn",2021,283893
2,"Vegetable Products",210,"Cereals",21006,"Rice",2021,3627792
2,"Vegetable Products",210,"Cereals",21007,"Sorghum",2021,36884
2,"Vegetable Products",210,"Cereals",21008,"Buckwheat",2021,2899
2,"Vegetable Products",211,"Products of the milling industry",21101,"Wheat Flours",2021,1194395
2,"Vegetable Products",211,"Products of the milling industry",21102,"Cereal Flours",2021,746207.0000000001
2,"Vegetable Products",211,"Products of the milling industry",21103,"Cereal Meal and Pellets",2021,3530796
2,"Vegetable Products",211,"Products of the milling industry",21104,"Processed Cereals",2021,552457
2,"Vegetable Products",211,"Products of the milling industry",21105,"Potato Flours",2021,128374
2,"Vegetable Products",211,"Products of the milling industry",21106,"Legume Flours",2021,160260
2,"Vegetable Products",211,"Products of the milling industry",21107,"Malt",2021,5
2,"Vegetable Products",211,"Products of the milling industry",21108,"Starches",2021,716111
2,"Vegetable Products",212,"Oils seeds, oleaginous fruits, grains, straw & fodder",21201,"Soybeans",2021,78544
2,"Vegetable Products",212,"Oils seeds, oleaginous fruits, grains, straw & fodder",21204,"Linseed",2021,15279.999999999998
2,"Vegetable Products",212,"Oils seeds, oleaginous fruits, grains, straw & fodder",21206,"Sunflower Seeds",2021,1125
2,"Vegetable Products",212,"Oils seeds, oleaginous fruits, grains, straw & fodder",21207,"Other Oily Seeds",2021,1090629
2,"Vegetable Products",212,"Oils seeds, oleaginous fruits, grains, straw & fodder",21208,"Oil Seed Flower",2021,4701.000000000001
2,"Vegetable Products",212,"Oils seeds, oleaginous fruits, grains, straw & fodder",21209,"Sowing Seeds",2021,9559139
2,"Vegetable Products",212,"Oils seeds, oleaginous fruits, grains, straw & fodder",21211,"Perfume Plants",2021,66926506
2,"Vegetable Products",212,"Oils seeds, oleaginous fruits, grains, straw & fodder",21212,"Locust beans, seaweed, sugar beet, cane, for food",2021,192996307
2,"Vegetable Products",212,"Oils seeds, oleaginous fruits, grains, straw & fodder",21213,"Cereal Straws",2021,15
2,"Vegetable Products",212,"Oils seeds, oleaginous fruits, grains, straw & fodder",21214,"Forage Crops",2021,14753
2,"Vegetable Products",213,"Natural gums, resins & other vegetable extracts",21301,"Insect Resins",2021,1085107
2,"Vegetable Products",213,"Natural gums, resins & other vegetable extracts",21302,"Vegetable Saps",2021,66450683
2,"Vegetable Products",214,"Vegetable plaiting materials & products, n.e.s.",21401,"Vegetable Plaiting Materials",2021,390731
2,"Vegetable Products",214,"Vegetable plaiting materials & products, n.e.s.",21404,"Other Vegetable Products",2021,554570
3,"Animal and Vegetable Bi-Products",315,"Animal or vegetable fats, oils, & waxes",31504,"Fish Oil",2021,64344892
3,"Animal and Vegetable Bi-Products",315,"Animal or vegetable fats, oils, & waxes",31505,"Wool Grease",2021,121
3,"Animal and Vegetable Bi-Products",315,"Animal or vegetable fats, oils, & waxes",31507,"Soybean Oil",2021,33839993
3,"Animal and Vegetable Bi-Products",315,"Animal or vegetable fats, oils, & waxes",31508,"Ground Nut Oil",2021,7630.000000000001
3,"Animal and Vegetable Bi-Products",315,"Animal or vegetable fats, oils, & waxes",31509,"Pure Olive Oil",2021,49034791
3,"Animal and Vegetable Bi-Products",315,"Animal or vegetable fats, oils, & waxes",31510,"Olive Oil",2021,19840484
3,"Animal and Vegetable Bi-Products",315,"Animal or vegetable fats, oils, & waxes",31511,"Palm Oil",2021,2689897
3,"Animal and Vegetable Bi-Products",315,"Animal or vegetable fats, oils, & waxes",31512,"Seed Oils",2021,9844797
3,"Animal and Vegetable Bi-Products",315,"Animal or vegetable fats, oils, & waxes",31513,"Coconut Oil",2021,4853
3,"Animal and Vegetable Bi-Products",315,"Animal or vegetable fats, oils, & waxes",31514,"Rapeseed Oil",2021,13969
3,"Animal and Vegetable Bi-Products",315,"Animal or vegetable fats, oils, & waxes",31515,"Other Pure Vegetable Oils",2021,44032165
3,"Animal and Vegetable Bi-Products",315,"Animal or vegetable fats, oils, & waxes",31516,"Other Vegetable Oils",2021,279433
3,"Animal and Vegetable Bi-Products",315,"Animal or vegetable fats, oils, & waxes",31517,"Margarine",2021,23152749
3,"Animal and Vegetable Bi-Products",315,"Animal or vegetable fats, oils, & waxes",31518,"Inedible Fats and Oils",2021,6945660
3,"Animal and Vegetable Bi-Products",315,"Animal or vegetable fats, oils, & waxes",31519,"Stearic Acid",2021,8952889
3,"Animal and Vegetable Bi-Products",315,"Animal or vegetable fats, oils, & waxes",31520,"Glycerol",2021,54113
3,"Animal and Vegetable Bi-Products",315,"Animal or vegetable fats, oils, & waxes",31521,"Vegetable waxes and beeswax",2021,7259
3,"Animal and Vegetable Bi-Products",315,"Animal or vegetable fats, oils, & waxes",31522,"Fat and Oil Residues",2021,1554
4,"Foodstuffs",416,"Preparations of fish, crustacenas, & molluscs",41601,"Sausages",2021,678394.9999999999
4,"Foodstuffs",416,"Preparations of fish, crustacenas, & molluscs",41602,"Other Prepared Meat",2021,505664
4,"Foodstuffs",416,"Preparations of fish, crustacenas, & molluscs",41603,"Animal Extracts",2021,10899
4,"Foodstuffs",416,"Preparations of fish, crustacenas, & molluscs",41604,"Processed Fish",2021,689803111
4,"Foodstuffs",416,"Preparations of fish, crustacenas, & molluscs",41605,"Processed Crustaceans",2021,864712239
4,"Foodstuffs",417,"Sugars & confectioneries",41701,"Raw Sugar",2021,256358304
4,"Foodstuffs",417,"Sugars & confectioneries",41702,"Other Sugars",2021,253721
4,"Foodstuffs",417,"Sugars & confectioneries",41703,"Molasses",2021,11867134
4,"Foodstuffs",417,"Sugars & confectioneries",41704,"Confectionery Sugar",2021,22235488
4,"Foodstuffs",418,"Cocoa & cocoa preparations",41801,"Cocoa Beans",2021,1454
4,"Foodstuffs",418,"Cocoa & cocoa preparations",41803,"Cocoa Paste",2021,38
4,"Foodstuffs",418,"Cocoa & cocoa preparations",41804,"Cocoa Butter",2021,874
4,"Foodstuffs",418,"Cocoa & cocoa preparations",41805,"Cocoa Powder",2021,10438
4,"Foodstuffs",418,"Cocoa & cocoa preparations",41806,"Chocolate",2021,4362698
4,"Foodstuffs",419,"Preparations of cereals, flour, starch or milk",41901,"Malt Extract",2021,5715882
4,"Foodstuffs",419,"Preparations of cereals, flour, starch or milk",41902,"Pasta",2021,71360359
4,"Foodstuffs",419,"Preparations of cereals, flour, starch or milk",41903,"Tapioca",2021,87500
4,"Foodstuffs",419,"Preparations of cereals, flour, starch or milk",41904,"Prepared Cereals",2021,1198909
4,"Foodstuffs",419,"Preparations of cereals, flour, starch or milk",41905,"Baked Goods",2021,16835623
4,"Foodstuffs",420,"Preparations of vegetables, fruit, nuts or other plant parts",42001,"Pickled Foods",2021,27055752
4,"Foodstuffs",420,"Preparations of vegetables, fruit, nuts or other plant parts",42002,"Processed Tomatoes",2021,7899486
4,"Foodstuffs",420,"Preparations of vegetables, fruit, nuts or other plant parts",42003,"Processed Mushrooms",2021,755552
4,"Foodstuffs",420,"Preparations of vegetables, fruit, nuts or other plant parts",42004,"Other Frozen Vegetables",2021,3460057
4,"Foodstuffs",420,"Preparations of vegetables, fruit, nuts or other plant parts",42005,"Other Processed Vegetables",2021,155946080
4,"Foodstuffs",420,"Preparations of vegetables, fruit, nuts or other plant parts",42006,"Sugar Preserved Foods",2021,120188
4,"Foodstuffs",420,"Preparations of vegetables, fruit, nuts or other plant parts",42007,"Jams",2021,1649401
4,"Foodstuffs",420,"Preparations of vegetables, fruit, nuts or other plant parts",42008,"Other Processed Fruits and Nuts",2021,28541352
4,"Foodstuffs",420,"Preparations of vegetables, fruit, nuts or other plant parts",42009,"Fruit Juice",2021,8314839
4,"Foodstuffs",421,"Miscellaneous edible preparations",42101,"Coffee and Tea Extracts",2021,30522880
4,"Foodstuffs",421,"Miscellaneous edible preparations",42102,"Yeast",2021,9491181
4,"Foodstuffs",421,"Miscellaneous edible preparations",42103,"Sauces and Seasonings",2021,1414187
4,"Foodstuffs",421,"Miscellaneous edible preparations",42104,"Soups and Broths",2021,4466567
4,"Foodstuffs",421,"Miscellaneous edible preparations",42105,"Ice Cream",2021,189749
4,"Foodstuffs",421,"Miscellaneous edible preparations",42106,"Other Edible Preparations",2021,40422167
4,"Foodstuffs",422,"Beverages, spirits, & vinegar",42201,"Water",2021,91337
4,"Foodstuffs",422,"Beverages, spirits, & vinegar",42202,"Flavored Water",2021,18714900
4,"Foodstuffs",422,"Beverages, spirits, & vinegar",42203,"Beer",2021,4492497
4,"Foodstuffs",422,"Beverages, spirits, & vinegar",42204,"Wine",2021,4128877
4,"Foodstuffs",422,"Beverages, spirits, & vinegar",42205,"Vermouth",2021,160952
4,"Foodstuffs",422,"Beverages, spirits, & vinegar",42206,"Other Fermented Beverages",2021,12753
4,"Foodstuffs",422,"Beverages, spirits, & vinegar",42208,"Hard Liquor",2021,579928
4,"Foodstuffs",422,"Beverages, spirits, & vinegar",42209,"Vinegar",2021,1118679
4,"Foodstuffs",423,"Food residues & wastes; animal fodder",42301,"Animal Meal and Pellets",2021,170758535
4,"Foodstuffs",423,"Food residues & wastes; animal fodder",42302,"Bran",2021,3817.0000000000005
4,"Foodstuffs",423,"Food residues & wastes; animal fodder",42304,"Soybean Meal",2021,58091
4,"Foodstuffs",423,"Food residues & wastes; animal fodder",42306,"Other Vegetable Residues",2021,681344
4,"Foodstuffs",423,"Food residues & wastes; animal fodder",42308,"Other Vegetable Residues and Waste",2021,53
4,"Foodstuffs",423,"Food residues & wastes; animal fodder",42309,"Animal Food",2021,16103886
4,"Foodstuffs",424,"Tobacco & substitutes",42401,"Raw Tobacco",2021,340908
4,"Foodstuffs",424,"Tobacco & substitutes",42402,"Rolled Tobacco",2021,97045
4,"Foodstuffs",424,"Tobacco & substitutes",42403,"Processed Tobacco",2021,2749182
5,"Mineral Products",525,"Salt, sulphur, cement, lime, stone, & plaster",52501,"Salt",2021,4962725
5,"Mineral Products",525,"Salt, sulphur, cement, lime, stone, & plaster",52502,"Iron Pyrites",2021,50461
5,"Mineral Products",525,"Salt, sulphur, cement, lime, stone, & plaster",52503,"Sulphur",2021,68436
5,"Mineral Products",525,"Salt, sulphur, cement, lime, stone, & plaster",52504,"Graphite",2021,76
5,"Mineral Products",525,"Salt, sulphur, cement, lime, stone, & plaster",52505,"Sand",2021,3613632.9999999995
5,"Mineral Products",525,"Salt, sulphur, cement, lime, stone, & plaster",52506,"Quartz",2021,677510
5,"Mineral Products",525,"Salt, sulphur, cement, lime, stone, & plaster",52507,"Kaolin",2021,6465842
5,"Mineral Products",525,"Salt, sulphur, cement, lime, stone, & plaster",52508,"Clays",2021,7036842
5,"Mineral Products",525,"Salt, sulphur, cement, lime, stone, & plaster",52509,"Chalk",2021,3461
5,"Mineral Products",525,"Salt, sulphur, cement, lime, stone, & plaster",52510,"Calcium Phosphates",2021,1480922715
5,"Mineral Products",525,"Salt, sulphur, cement, lime, stone, & plaster",52511,"Barium Sulphate",2021,106569764
5,"Mineral Products",525,"Salt, sulphur, cement, lime, stone, & plaster",52512,"Siliceous Fossil Meals",2021,2680
5,"Mineral Products",525,"Salt, sulphur, cement, lime, stone, & plaster",52513,"Pumice",2021,133984
5,"Mineral Products",525,"Salt, sulphur, cement, lime, stone, & plaster",52515,"Marble, Travertine and Alabaster",2021,17387499
5,"Mineral Products",525,"Salt, sulphur, cement, lime, stone, & plaster",52516,"Granite",2021,672
5,"Mineral Products",525,"Salt, sulphur, cement, lime, stone, & plaster",52517,"Gravel and Crushed Stone",2021,484799
5,"Mineral Products",525,"Salt, sulphur, cement, lime, stone, & plaster",52518,"Dolomite",2021,244
5,"Mineral Products",525,"Salt, sulphur, cement, lime, stone, & plaster",52519,"Magnesium Carbonate",2021,75417
5,"Mineral Products",525,"Salt, sulphur, cement, lime, stone, & plaster",52520,"Gypsum",2021,41959808
5,"Mineral Products",525,"Salt, sulphur, cement, lime, stone, & plaster",52521,"Limestone",2021,14270
5,"Mineral Products",525,"Salt, sulphur, cement, lime, stone, & plaster",52522,"Quicklime",2021,2083810
5,"Mineral Products",525,"Salt, sulphur, cement, lime, stone, & plaster",52523,"Cement",2021,65746075
5,"Mineral Products",525,"Salt, sulphur, cement, lime, stone, & plaster",52525,"Mica",2021,184
5,"Mineral Products",525,"Salt, sulphur, cement, lime, stone, & plaster",52526,"Soapstone",2021,59089
5,"Mineral Products",525,"Salt, sulphur, cement, lime, stone, & plaster",52529,"Feldspar",2021,28825454
5,"Mineral Products",525,"Salt, sulphur, cement, lime, stone, & plaster",52530,"Other Mineral",2021,2652831
5,"Mineral Products",526,"Ores, slag and ash",52601,"Iron Ore",2021,9018157
5,"Mineral Products",526,"Ores, slag and ash",52602,"Manganese Ore",2021,24540870
5,"Mineral Products",526,"Ores, slag and ash",52603,"Copper Ore",2021,174843375
5,"Mineral Products",526,"Ores, slag and ash",52605,"Cobalt Ore",2021,2516
5,"Mineral Products",526,"Ores, slag and ash",52606,"Aluminium Ore",2021,19214
5,"Mineral Products",526,"Ores, slag and ash",52607,"Lead Ore",2021,84816945
5,"Mineral Products",526,"Ores, slag and ash",52608,"Zinc Ore",2021,65024591
5,"Mineral Products",526,"Ores, slag and ash",52609,"Tin Ores",2021,2362
5,"Mineral Products",526,"Ores, slag and ash",52615,"Niobium, Tantalum, Vanadium and Zirconium Ore",2021,2711
5,"Mineral Products",526,"Ores, slag and ash",52616,"Precious Metal Ore",2021,23963782.999999996
5,"Mineral Products",526,"Ores, slag and ash",52617,"Other Ores",2021,315575
5,"Mineral Products",526,"Ores, slag and ash",52619,"Slag Dross",2021,3018925
5,"Mineral Products",526,"Ores, slag and ash",52620,"Non-Iron and Steel Slag, Ash and Residues",2021,10707179
5,"Mineral Products",526,"Ores, slag and ash",52621,"Other Slag and Ash",2021,5056
5,"Mineral Products",527,"Mineral fuels, mineral oils and products of their distillation",52701,"Coal Briquettes",2021,3696.9999999999995
5,"Mineral Products",527,"Mineral fuels, mineral oils and products of their distillation",52703,"Peat",2021,17369
5,"Mineral Products",527,"Mineral fuels, mineral oils and products of their distillation",52704,"Coke",2021,25228
5,"Mineral Products",527,"Mineral fuels, mineral oils and products of their distillation",52706,"Tar",2021,44971
5,"Mineral Products",527,"Mineral fuels, mineral oils and products of their distillation",52707,"Coal Tar Oil",2021,13987610
5,"Mineral Products",527,"Mineral fuels, mineral oils and products of their distillation",52709,"Crude Petroleum",2021,130901712.00000001
5,"Mineral Products",527,"Mineral fuels, mineral oils and products of their distillation",52710,"Refined Petroleum",2021,148917133
5,"Mineral Products",527,"Mineral fuels, mineral oils and products of their distillation",52711,"Petroleum Gas",2021,1771244
5,"Mineral Products",527,"Mineral fuels, mineral oils and products of their distillation",52712,"Petroleum Jelly",2021,81788
5,"Mineral Products",527,"Mineral fuels, mineral oils and products of their distillation",52713,"Petroleum Coke",2021,1702690
5,"Mineral Products",527,"Mineral fuels, mineral oils and products of their distillation",52714,"Bitumen and asphalt",2021,2465
5,"Mineral Products",527,"Mineral fuels, mineral oils and products of their distillation",52715,"Asphalt Mixtures",2021,85354
5,"Mineral Products",527,"Mineral fuels, mineral oils and products of their distillation",52716,"Electricity",2021,11056271.999999998
6,"Chemical Products",628,"Inorganic chemicals",62801,"Halogens",2021,2200
6,"Chemical Products",628,"Inorganic chemicals",62802,"Sulfur",2021,10745.999999999998
6,"Chemical Products",628,"Inorganic chemicals",62803,"Carbon",2021,2940
6,"Chemical Products",628,"Inorganic chemicals",62804,"Hydrogen",2021,58466
6,"Chemical Products",628,"Inorganic chemicals",62805,"Alkali, alkaline-earth, rare-earth metals, scandium, yttrium, and mercury",2021,74779
6,"Chemical Products",628,"Inorganic chemicals",62806,"Hydrochloric Acid",2021,34805
6,"Chemical Products",628,"Inorganic chemicals",62807,"Sulfuric Acid",2021,131617
6,"Chemical Products",628,"Inorganic chemicals",62808,"Nitric Acids",2021,22645
6,"Chemical Products",628,"Inorganic chemicals",62809,"Phosphoric Acid",2021,2296205386
6,"Chemical Products",628,"Inorganic chemicals",62810,"Boron",2021,200
6,"Chemical Products",628,"Inorganic chemicals",62811,"Other Inorganic Acids",2021,13756721
6,"Chemical Products",628,"Inorganic chemicals",62812,"Halides",2021,13554
6,"Chemical Products",628,"Inorganic chemicals",62814,"Ammonia",2021,3540
6,"Chemical Products",628,"Inorganic chemicals",62815,"Sodium or Potassium Peroxides",2021,103838
6,"Chemical Products",628,"Inorganic chemicals",62817,"Zinc Oxide and Peroxide",2021,6957
6,"Chemical Products",628,"Inorganic chemicals",62818,"Aluminium Oxide",2021,604663
6,"Chemical Products",628,"Inorganic chemicals",62819,"Chromium Oxides and Hydroxides",2021,1002.9999999999999
6,"Chemical Products",628,"Inorganic chemicals",62820,"Manganese Oxides",2021,10763168.000000002
6,"Chemical Products",628,"Inorganic chemicals",62821,"Iron Oxides and Hydroxides",2021,643048
6,"Chemical Products",628,"Inorganic chemicals",62822,"Cobalt Oxides and Hydroxides",2021,634
6,"Chemical Products",628,"Inorganic chemicals",62823,"Titanium Oxides",2021,31200
6,"Chemical Products",628,"Inorganic chemicals",62825,"Inorganic Salts",2021,38239
6,"Chemical Products",628,"Inorganic chemicals",62826,"Fluorides",2021,8289
6,"Chemical Products",628,"Inorganic chemicals",62827,"Chlorides",2021,232191
6,"Chemical Products",628,"Inorganic chemicals",62828,"Hypochlorites",2021,327947
6,"Chemical Products",628,"Inorganic chemicals",62830,"Sulfides",2021,14108
6,"Chemical Products",628,"Inorganic chemicals",62832,"Sulfites",2021,20450
6,"Chemical Products",628,"Inorganic chemicals",62833,"Sulfates",2021,1213683
6,"Chemical Products",628,"Inorganic chemicals",62834,"Nitrites and Nitrates",2021,222200
6,"Chemical Products",628,"Inorganic chemicals",62835,"Phosphinates (hypophosphites) and phosphonates (phosphites)",2021,88760041
6,"Chemical Products",628,"Inorganic chemicals",62836,"Carbonates",2021,699960
6,"Chemical Products",628,"Inorganic chemicals",62837,"Cyanides",2021,19945.999999999996
6,"Chemical Products",628,"Inorganic chemicals",62839,"Silicates",2021,22941
6,"Chemical Products",628,"Inorganic chemicals",62840,"Borates",2021,13659
6,"Chemical Products",628,"Inorganic chemicals",62841,"Oxometallic or Peroxometallic Acid Salts",2021,346222
6,"Chemical Products",628,"Inorganic chemicals",62842,"Other Inorganic Acids Salts",2021,169997
6,"Chemical Products",628,"Inorganic chemicals",62843,"Precious Metal Compounds",2021,1212
6,"Chemical Products",628,"Inorganic chemicals",62844,"Radioactive Chemicals",2021,24724
6,"Chemical Products",628,"Inorganic chemicals",62847,"Hydrogen peroxide",2021,140872
6,"Chemical Products",628,"Inorganic chemicals",62851,"Inorganic Compounds",2021,2235
6,"Chemical Products",629,"Organic chemicals",62901,"Acyclic Hydrocarbons",2021,7360.999999999999
6,"Chemical Products",629,"Organic chemicals",62902,"Cyclic Hydrocarbons",2021,55196.00000000001
6,"Chemical Products",629,"Organic chemicals",62903,"Halogenated Hydrocarbons",2021,320194
6,"Chemical Products",629,"Organic chemicals",62904,"Sulfonated, Nitrated or Nitrosated Hydrocarbons",2021,164071
6,"Chemical Products",629,"Organic chemicals",62905,"Acyclic alcohol derivatives (halogenated, sulphonated, nitrated)",2021,22168
6,"Chemical Products",629,"Organic chemicals",62907,"Phenols",2021,165
6,"Chemical Products",629,"Organic chemicals",62909,"Ethers",2021,2664
6,"Chemical Products",629,"Organic chemicals",62910,"Epoxides",2021,1751.9999999999998
6,"Chemical Products",629,"Organic chemicals",62912,"Aldehydes, cyclic polymers, and paraformaldehyde",2021,322518.99999999994
6,"Chemical Products",629,"Organic chemicals",62913,"Halogenated aldehyde derivatives (heading 2912)",2021,250
6,"Chemical Products",629,"Organic chemicals",62914,"Ketones and Quinones",2021,102276
6,"Chemical Products",629,"Organic chemicals",62915,"Saturated Acyclic Monocarboxylic Acids",2021,174898
6,"Chemical Products",629,"Organic chemicals",62916,"Unsaturated Acyclic Monocarboxylic Acids",2021,315155
6,"Chemical Products",629,"Organic chemicals",62917,"Polycarboxylic Acids",2021,98500
6,"Chemical Products",629,"Organic chemicals",62918,"Carboxylic Acids",2021,103539
6,"Chemical Products",629,"Organic chemicals",62919,"Phosphoric Esters and Salts",2021,12
6,"Chemical Products",629,"Organic chemicals",62920,"Other Esters",2021,25581
6,"Chemical Products",629,"Organic chemicals",62921,"Amine Compounds",2021,20415
6,"Chemical Products",629,"Organic chemicals",62922,"Oxygen Amino Compounds",2021,119741
6,"Chemical Products",629,"Organic chemicals",62923,"Quaternary Ammonium Salts and Hydroxides",2021,57829
6,"Chemical Products",629,"Organic chemicals",62924,"Carboxyamide Compounds",2021,1987.9999999999998
6,"Chemical Products",629,"Organic chemicals",62925,"Carboxyimide Compounds",2021,1273
6,"Chemical Products",629,"Organic chemicals",62926,"Nitrile Compounds",2021,285
6,"Chemical Products",629,"Organic chemicals",62927,"Diazo, Azo or Aoxy Compounds",2021,56680
6,"Chemical Products",629,"Organic chemicals",62928,"Hydrazine or Hydroxylamine Derivatives",2021,5785
6,"Chemical Products",629,"Organic chemicals",62929,"Other Nitrogen Compounds",2021,1326219
6,"Chemical Products",629,"Organic chemicals",62930,"Organo-Sulfur Compounds",2021,316607
6,"Chemical Products",629,"Organic chemicals",62931,"Other Organo-Inorganic Compounds",2021,24463
6,"Chemical Products",629,"Organic chemicals",62932,"Oxygen Heterocyclic Compounds",2021,429955
6,"Chemical Products",629,"Organic chemicals",62933,"Nitrogen Heterocyclic Compounds",2021,150613
6,"Chemical Products",629,"Organic chemicals",62934,"Nucleic Acids",2021,8792
6,"Chemical Products",629,"Organic chemicals",62935,"Sulfonamides",2021,178
6,"Chemical Products",629,"Organic chemicals",62936,"Vitamins",2021,252556
6,"Chemical Products",629,"Organic chemicals",62937,"Hormones",2021,12886
6,"Chemical Products",629,"Organic chemicals",62938,"Glycosides",2021,13148867
6,"Chemical Products",629,"Organic chemicals",62940,"Chemically Pure Sugars",2021,26435
6,"Chemical Products",629,"Organic chemicals",62941,"Antibiotics",2021,75984
6,"Chemical Products",629,"Organic chemicals",62942,"Other Organic Compounds",2021,6699
6,"Chemical Products",630,"Pharmaceutical products",63001,"Glands and Other Organs",2021,11914
6,"Chemical Products",630,"Pharmaceutical products",63002,"Vaccines, blood, antisera, toxins and cultures",2021,16341386
6,"Chemical Products",630,"Pharmaceutical products",63003,"Unpackaged Medicaments",2021,796507
6,"Chemical Products",630,"Pharmaceutical products",63004,"Packaged Medicaments",2021,154117750
6,"Chemical Products",630,"Pharmaceutical products",63005,"Bandages",2021,2382739
6,"Chemical Products",630,"Pharmaceutical products",63006,"Special Pharmaceuticals",2021,478323
6,"Chemical Products",631,"Fertilizers",63101,"Animal or Vegetable Fertilizers",2021,65381
6,"Chemical Products",631,"Fertilizers",63102,"Nitrogenous Fertilizers",2021,21231089
6,"Chemical Products",631,"Fertilizers",63103,"Phosphatic Fertilizers",2021,586274160
6,"Chemical Products",631,"Fertilizers",63104,"Potassic Fertilizers",2021,23384798
6,"Chemical Products",631,"Fertilizers",63105,"Mixed Mineral or Chemical Fertilizers",2021,5363161219
6,"Chemical Products",632,"Paints, dyes, & varnishes",63201,"Vegetable Tanning Extracts",2021,3572
6,"Chemical Products",632,"Paints, dyes, & varnishes",63202,"Synthetic Tanning Extracts",2021,9092
6,"Chemical Products",632,"Paints, dyes, & varnishes",63203,"Vegetable or Animal Dyes",2021,211939
6,"Chemical Products",632,"Paints, dyes, & varnishes",63204,"Synthetic Coloring Matter",2021,6875607
6,"Chemical Products",632,"Paints, dyes, & varnishes",63205,"Lake Pigments",2021,8086
6,"Chemical Products",632,"Paints, dyes, & varnishes",63206,"Other Coloring Matter",2021,1233322
6,"Chemical Products",632,"Paints, dyes, & varnishes",63207,"Prepared Pigments",2021,50822
6,"Chemical Products",632,"Paints, dyes, & varnishes",63208,"Nonaqueous Paints",2021,14910391
6,"Chemical Products",632,"Paints, dyes, & varnishes",63209,"Aqueous Paints",2021,5551293
6,"Chemical Products",632,"Paints, dyes, & varnishes",63210,"Other Paints",2021,192936
6,"Chemical Products",632,"Paints, dyes, & varnishes",63211,"Prepared Paint Driers",2021,13179
6,"Chemical Products",632,"Paints, dyes, & varnishes",63212,"Nonaqueous Pigments",2021,490957
6,"Chemical Products",632,"Paints, dyes, & varnishes",63213,"Artistry Paints",2021,18208
6,"Chemical Products",632,"Paints, dyes, & varnishes",63214,"Glaziers Putty",2021,3221354
6,"Chemical Products",632,"Paints, dyes, & varnishes",63215,"Ink",2021,357470
6,"Chemical Products",633,"Perfumery & cosmetics",63301,"Essential Oils",2021,50408756
6,"Chemical Products",633,"Perfumery & cosmetics",63302,"Scented Mixtures",2021,13136422.999999998
6,"Chemical Products",633,"Perfumery & cosmetics",63303,"Perfumes",2021,8138605
6,"Chemical Products",633,"Perfumery & cosmetics",63304,"Beauty Products",2021,12959986
6,"Chemical Products",633,"Perfumery & cosmetics",63305,"Hair Products",2021,12236039
6,"Chemical Products",633,"Perfumery & cosmetics",63306,"Dental Products",2021,1187697
6,"Chemical Products",633,"Perfumery & cosmetics",63307,"Shaving Products",2021,8528704
6,"Chemical Products",634,"Soap, cleaners, candles, dental, modelling pastes",63401,"Soap",2021,17237244
6,"Chemical Products",634,"Soap, cleaners, candles, dental, modelling pastes",63402,"Cleaning Products",2021,13035378
6,"Chemical Products",634,"Soap, cleaners, candles, dental, modelling pastes",63403,"Lubricating Products",2021,924004
6,"Chemical Products",634,"Soap, cleaners, candles, dental, modelling pastes",63404,"Waxes",2021,38714
6,"Chemical Products",634,"Soap, cleaners, candles, dental, modelling pastes",63405,"Polishes and Creams",2021,189267
6,"Chemical Products",634,"Soap, cleaners, candles, dental, modelling pastes",63406,"Candles",2021,619746
6,"Chemical Products",634,"Soap, cleaners, candles, dental, modelling pastes",63407,"Pastes and Waxes",2021,119317
6,"Chemical Products",635,"Glues, starches, & albuminoid products",63501,"Casein",2021,19040
6,"Chemical Products",635,"Glues, starches, & albuminoid products",63503,"Gelatin",2021,75458
6,"Chemical Products",635,"Glues, starches, & albuminoid products",63504,"Peptones",2021,160
6,"Chemical Products",635,"Glues, starches, & albuminoid products",63505,"Dextrins",2021,314076
6,"Chemical Products",635,"Glues, starches, & albuminoid products",63506,"Glues",2021,1622231
6,"Chemical Products",635,"Glues, starches, & albuminoid products",63507,"Enzymes",2021,225879
6,"Chemical Products",636,"Explosives, matches, & fireworks",63602,"Prepared Explosives",2021,1437488
6,"Chemical Products",636,"Explosives, matches, & fireworks",63603,"Detonating Fuses",2021,560379
6,"Chemical Products",636,"Explosives, matches, & fireworks",63606,"Pyrophoric Alloys",2021,242
6,"Chemical Products",637,"Photo & movie goods",63701,"Photographic Plates",2021,137018
6,"Chemical Products",637,"Photo & movie goods",63702,"Photographic Film",2021,888
6,"Chemical Products",637,"Photo & movie goods",63704,"Undeveloped Exposed Photographic Material",2021,374
6,"Chemical Products",637,"Photo & movie goods",63706,"Motion-picture film, exposed and developed",2021,278
6,"Chemical Products",637,"Photo & movie goods",63707,"Photographic Chemicals",2021,77606
6,"Chemical Products",638,"Chemical products n.e.s.",63801,"Artificial Graphite",2021,14757
6,"Chemical Products",638,"Chemical products n.e.s.",63802,"Activated Carbon",2021,540316
6,"Chemical Products",638,"Chemical products n.e.s.",63803,"Tall Oil",2021,12
6,"Chemical Products",638,"Chemical products n.e.s.",63804,"Wood Pulp Lyes",2021,27717
6,"Chemical Products",638,"Chemical products n.e.s.",63806,"Rosin",2021,5006
6,"Chemical Products",638,"Chemical products n.e.s.",63807,"Wood Tar, Oils and Pitch",2021,154106
6,"Chemical Products",638,"Chemical products n.e.s.",63808,"Pesticides",2021,3660056
6,"Chemical Products",638,"Chemical products n.e.s.",63809,"Dyeing Finishing Agents",2021,218674
6,"Chemical Products",638,"Chemical products n.e.s.",63810,"Metal Pickling Preparations",2021,25303
6,"Chemical Products",638,"Chemical products n.e.s.",63811,"Antiknock",2021,186893
6,"Chemical Products",638,"Chemical products n.e.s.",63812,"Prepared Rubber Accelerators",2021,1022082.0000000001
6,"Chemical Products",638,"Chemical products n.e.s.",63813,"Fire Extinguishers Preparations",2021,79077
6,"Chemical Products",638,"Chemical products n.e.s.",63814,"Organic Composite Solvents",2021,1045437
6,"Chemical Products",638,"Chemical products n.e.s.",63815,"Reaction and Catalytic Products",2021,144686
6,"Chemical Products",638,"Chemical products n.e.s.",63816,"Refractory Cements",2021,169381
6,"Chemical Products",638,"Chemical products n.e.s.",63818,"Disc Chemicals for Electronics",2021,392
6,"Chemical Products",638,"Chemical products n.e.s.",63819,"Hydraulic Brake Fluid",2021,280478
6,"Chemical Products",638,"Chemical products n.e.s.",63820,"Antifreeze",2021,1834445
6,"Chemical Products",638,"Chemical products n.e.s.",63821,"Micro-Organism Culture Preparations",2021,253340
6,"Chemical Products",638,"Chemical products n.e.s.",63822,"Laboratory Reagents",2021,694429
6,"Chemical Products",638,"Chemical products n.e.s.",63823,"Industrial Fatty Acids, Oils and Alcohols",2021,7482175
7,"Plastics and Rubbers",739,"Plastics & articles thereof",73901,"Ethylene Polymers",2021,9350888
7,"Plastics and Rubbers",739,"Plastics & articles thereof",73902,"Propylene Polymers",2021,5819545
7,"Plastics and Rubbers",739,"Plastics & articles thereof",73903,"Styrene Polymers",2021,1365479
7,"Plastics and Rubbers",739,"Plastics & articles thereof",73904,"Vinyl Chloride Polymers",2021,467585
7,"Plastics and Rubbers",739,"Plastics & articles thereof",73905,"Other Vinyl Polymers",2021,3293594
7,"Plastics and Rubbers",739,"Plastics & articles thereof",73906,"Acrylic Polymers",2021,1201561
7,"Plastics and Rubbers",739,"Plastics & articles thereof",73907,"Polyacetals",2021,31508751
7,"Plastics and Rubbers",739,"Plastics & articles thereof",73908,"Polyamides",2021,1099767
7,"Plastics and Rubbers",739,"Plastics & articles thereof",73909,"Amino-resins",2021,3376438
7,"Plastics and Rubbers",739,"Plastics & articles thereof",73910,"Silicone",2021,116961
7,"Plastics and Rubbers",739,"Plastics & articles thereof",73911,"Petroleum Resins",2021,225730.99999999997
7,"Plastics and Rubbers",739,"Plastics & articles thereof",73912,"Cellulose",2021,320238
7,"Plastics and Rubbers",739,"Plastics & articles thereof",73913,"Natural Polymers",2021,10871
7,"Plastics and Rubbers",739,"Plastics & articles thereof",73914,"Polymer Ion-Exchangers",2021,2355
7,"Plastics and Rubbers",739,"Plastics & articles thereof",73915,"Scrap Plastic",2021,2484857
7,"Plastics and Rubbers",739,"Plastics & articles thereof",73916,"Monofilament",2021,6446433
7,"Plastics and Rubbers",739,"Plastics & articles thereof",73917,"Plastic Pipes",2021,42721000
7,"Plastics and Rubbers",739,"Plastics & articles thereof",73918,"Plastic Floor Coverings",2021,203591
7,"Plastics and Rubbers",739,"Plastics & articles thereof",73919,"Self-adhesive Plastics",2021,1595668
7,"Plastics and Rubbers",739,"Plastics & articles thereof",73920,"Raw Plastic Sheeting",2021,12211440
7,"Plastics and Rubbers",739,"Plastics & articles thereof",73921,"Other Plastic Sheetings",2021,19157413
7,"Plastics and Rubbers",739,"Plastics & articles thereof",73922,"Plastic Wash Basins",2021,951554
7,"Plastics and Rubbers",739,"Plastics & articles thereof",73923,"Plastic Lids",2021,32799975
7,"Plastics and Rubbers",739,"Plastics & articles thereof",73924,"Plastic Housewares",2021,9315733
7,"Plastics and Rubbers",739,"Plastics & articles thereof",73925,"Plastic Building Materials",2021,1694557
7,"Plastics and Rubbers",739,"Plastics & articles thereof",73926,"Other Plastic Products",2021,125631445
7,"Plastics and Rubbers",740,"Rubber & articles thereof",74001,"Rubber",2021,223040
7,"Plastics and Rubbers",740,"Rubber & articles thereof",74002,"Synthetic Rubber",2021,304593
7,"Plastics and Rubbers",740,"Rubber & articles thereof",74004,"Scrap Rubber",2021,6297.000000000001
7,"Plastics and Rubbers",740,"Rubber & articles thereof",74005,"Compounded Unvulcanised Rubber",2021,162375
7,"Plastics and Rubbers",740,"Rubber & articles thereof",74006,"Unvulcanised Rubber Products",2021,148245
7,"Plastics and Rubbers",740,"Rubber & articles thereof",74007,"Rubber Thread",2021,944.0000000000001
7,"Plastics and Rubbers",740,"Rubber & articles thereof",74008,"Rubber Sheets",2021,642177
7,"Plastics and Rubbers",740,"Rubber & articles thereof",74009,"Rubber Pipes",2021,32740989
7,"Plastics and Rubbers",740,"Rubber & articles thereof",74010,"Rubber Belting",2021,178733
7,"Plastics and Rubbers",740,"Rubber & articles thereof",74011,"Rubber Tires",2021,2437269
7,"Plastics and Rubbers",740,"Rubber & articles thereof",74012,"Used Rubber Tires",2021,109414.00000000001
7,"Plastics and Rubbers",740,"Rubber & articles thereof",74013,"Rubber Inner Tubes",2021,76318
7,"Plastics and Rubbers",740,"Rubber & articles thereof",74014,"Pharmaceutical Rubber Products",2021,53850
7,"Plastics and Rubbers",740,"Rubber & articles thereof",74015,"Rubber Apparel",2021,1408277
7,"Plastics and Rubbers",740,"Rubber & articles thereof",74016,"Other Rubber Products",2021,100948735
7,"Plastics and Rubbers",740,"Rubber & articles thereof",74017,"Hard Rubber",2021,8657
8,"Animal Hides",841,"Raw hides & skin (non-fur)",84101,"Equine and Bovine Hides",2021,21
8,"Animal Hides",841,"Raw hides & skin (non-fur)",84103,"Other Hides and Skins",2021,119.00000000000001
8,"Animal Hides",841,"Raw hides & skin (non-fur)",84104,"Tanned Equine and Bovine Hides",2021,18886450
8,"Animal Hides",841,"Raw hides & skin (non-fur)",84105,"Tanned Sheep Hides",2021,15453170
8,"Animal Hides",841,"Raw hides & skin (non-fur)",84106,"Tanned Goat Hides",2021,38844
8,"Animal Hides",841,"Raw hides & skin (non-fur)",84107,"Leather of Other Animals",2021,75693
8,"Animal Hides",841,"Raw hides & skin (non-fur)",84108,"Chamois Leather",2021,53328
8,"Animal Hides",841,"Raw hides & skin (non-fur)",84109,"Patent Leather",2021,401921
8,"Animal Hides",841,"Raw hides & skin (non-fur)",84110,"Leather Waste",2021,196232
8,"Animal Hides",841,"Raw hides & skin (non-fur)",84111,"Leather Sheets",2021,226
8,"Animal Hides",842,"Leather articles",84201,"Saddlery",2021,16106397.000000002
8,"Animal Hides",842,"Leather articles",84202,"Trunks and Cases",2021,52978374
8,"Animal Hides",842,"Leather articles",84203,"Leather Apparel",2021,21539551
8,"Animal Hides",842,"Leather articles",84205,"Other Leather Articles",2021,862816
8,"Animal Hides",842,"Leather articles",84206,"Articles of Gut",2021,178.00000000000003
8,"Animal Hides",843,"Furskins, articifial fur, & articles",84302,"Tanned Furskins",2021,262087
8,"Animal Hides",843,"Furskins, articifial fur, & articles",84303,"Furskin Apparel",2021,29994
8,"Animal Hides",843,"Furskins, articifial fur, & articles",84304,"Artificial Fur",2021,2486
9,"Wood Products",944,"Wood, wood articles, & charcoal",94401,"Fuel Wood",2021,237729
9,"Wood Products",944,"Wood, wood articles, & charcoal",94402,"Wood Charcoal",2021,11917
9,"Wood Products",944,"Wood, wood articles, & charcoal",94403,"Rough Wood",2021,366381
9,"Wood Products",944,"Wood, wood articles, & charcoal",94404,"Wood Stakes",2021,336.99999999999994
9,"Wood Products",944,"Wood, wood articles, & charcoal",94405,"Wood Wool",2021,8
9,"Wood Products",944,"Wood, wood articles, & charcoal",94407,"Sawn Wood",2021,286619
9,"Wood Products",944,"Wood, wood articles, & charcoal",94408,"Veneer Sheets",2021,44650
9,"Wood Products",944,"Wood, wood articles, & charcoal",94409,"Shaped Wood",2021,139932
9,"Wood Products",944,"Wood, wood articles, & charcoal",94410,"Particle Board",2021,224909
9,"Wood Products",944,"Wood, wood articles, & charcoal",94411,"Wood Fiberboard",2021,227085
9,"Wood Products",944,"Wood, wood articles, & charcoal",94412,"Plywood",2021,21868343.999999996
9,"Wood Products",944,"Wood, wood articles, & charcoal",94413,"Densified Wood",2021,42716
9,"Wood Products",944,"Wood, wood articles, & charcoal",94414,"Wood Frames",2021,1285234
9,"Wood Products",944,"Wood, wood articles, & charcoal",94415,"Wood Crates",2021,1216040
9,"Wood Products",944,"Wood, wood articles, & charcoal",94416,"Wood Barrels",2021,13935
9,"Wood Products",944,"Wood, wood articles, & charcoal",94417,"Wooden Tool Handles",2021,186366.99999999997
9,"Wood Products",944,"Wood, wood articles, & charcoal",94418,"Wood Carpentry",2021,16130093.999999998
9,"Wood Products",944,"Wood, wood articles, & charcoal",94419,"Wood Kitchenware",2021,654929
9,"Wood Products",944,"Wood, wood articles, & charcoal",94420,"Wood Ornaments",2021,2581976
9,"Wood Products",944,"Wood, wood articles, & charcoal",94421,"Other Wood Articles",2021,1044447
9,"Wood Products",945,"Cork & cork articles",94501,"Raw Cork",2021,6400837
9,"Wood Products",945,"Cork & cork articles",94502,"Debacked Cork",2021,458106
9,"Wood Products",945,"Cork & cork articles",94503,"Natural Cork Articles",2021,4912911
9,"Wood Products",945,"Cork & cork articles",94504,"Agglomerated Cork",2021,1666383
9,"Wood Products",946,"Straw & esparto manufactures",94601,"Plaiting Products",2021,512623
9,"Wood Products",946,"Straw & esparto manufactures",94602,"Basketwork",2021,13516027
10,"Paper Goods",1047,"Wood pulp & paper scrap",104703,"Sulfate Chemical Woodpulp",2021,329346
10,"Paper Goods",1047,"Wood pulp & paper scrap",104706,"Recovered Paper Pulp",2021,6772
10,"Paper Goods",1047,"Wood pulp & paper scrap",104707,"Recovered Paper",2021,11663434
10,"Paper Goods",1048,"Paper articles",104801,"Newsprint",2021,176421
10,"Paper Goods",1048,"Paper articles",104802,"Uncoated Paper",2021,300120
10,"Paper Goods",1048,"Paper articles",104803,"Tissue",2021,3271029.9999999995
10,"Paper Goods",1048,"Paper articles",104804,"Kraft Paper",2021,3528221
10,"Paper Goods",1048,"Paper articles",104805,"Other Uncoated Paper",2021,323749
10,"Paper Goods",1048,"Paper articles",104806,"Vegetable Parchment",2021,31441
10,"Paper Goods",1048,"Paper articles",104807,"Composite Paper",2021,213230
10,"Paper Goods",1048,"Paper articles",104808,"Corrugated Paper",2021,2009411
10,"Paper Goods",1048,"Paper articles",104809,"Carbon Paper",2021,63760
10,"Paper Goods",1048,"Paper articles",104810,"Kaolin Coated Paper",2021,91189
10,"Paper Goods",1048,"Paper articles",104811,"Cellulose Fibers Paper",2021,591106
10,"Paper Goods",1048,"Paper articles",104812,"Paper Pulp Filter Blocks",2021,7696
10,"Paper Goods",1048,"Paper articles",104813,"Cigarette Paper",2021,75671
10,"Paper Goods",1048,"Paper articles",104814,"Wallpaper",2021,20491
10,"Paper Goods",1048,"Paper articles",104816,"Other Carbon Paper",2021,33466.99999999999
10,"Paper Goods",1048,"Paper articles",104817,"Letter Stock",2021,76948
10,"Paper Goods",1048,"Paper articles",104818,"Toilet Paper",2021,4229604
10,"Paper Goods",1048,"Paper articles",104819,"Paper Containers",2021,93281834
10,"Paper Goods",1048,"Paper articles",104820,"Paper Notebooks",2021,2141421
10,"Paper Goods",1048,"Paper articles",104821,"Paper Labels",2021,1765406
10,"Paper Goods",1048,"Paper articles",104822,"Paper Spools",2021,23445
10,"Paper Goods",1048,"Paper articles",104823,"Shaped Paper",2021,11499795
10,"Paper Goods",1049,"Books, newspapers, & other prints",104901,"Brochures",2021,1394545
10,"Paper Goods",1049,"Books, newspapers, & other prints",104902,"Newspapers",2021,64898
10,"Paper Goods",1049,"Books, newspapers, & other prints",104903,"Children's Picture Books",2021,225308
10,"Paper Goods",1049,"Books, newspapers, & other prints",104904,"Sheet Music",2021,52.00000000000001
10,"Paper Goods",1049,"Books, newspapers, & other prints",104905,"Maps",2021,750
10,"Paper Goods",1049,"Books, newspapers, & other prints",104906,"Architectural Plans",2021,2957
10,"Paper Goods",1049,"Books, newspapers, & other prints",104907,"Documents of title (bonds etc) and unused stamps",2021,3601036
10,"Paper Goods",1049,"Books, newspapers, & other prints",104908,"Decals",2021,31330
10,"Paper Goods",1049,"Books, newspapers, & other prints",104909,"Postcards",2021,3699
10,"Paper Goods",1049,"Books, newspapers, & other prints",104910,"Calendars",2021,25244
10,"Paper Goods",1049,"Books, newspapers, & other prints",104911,"Other Printed Material",2021,1838101
11,"Textiles",1150,"Silk",115006,"Retail Silk Yarn",2021,206
11,"Textiles",1150,"Silk",115007,"Silk Fabrics",2021,28672
11,"Textiles",1151,"Wool & animal hair",115101,"Wool",2021,2321635
11,"Textiles",1151,"Wool & animal hair",115102,"Animal Hair",2021,1050
11,"Textiles",1151,"Wool & animal hair",115105,"Prepared Wool or Animal Hair",2021,2590
11,"Textiles",1151,"Wool & animal hair",115106,"Non-Retail Carded Wool Yarn",2021,5221
11,"Textiles",1151,"Wool & animal hair",115107,"Non-Retail Combed Wool Yarn",2021,4175
11,"Textiles",1151,"Wool & animal hair",115108,"Non-Retail Animal Hair Yarn",2021,158
11,"Textiles",1151,"Wool & animal hair",115109,"Retail Wool or Animal Hair Yarn",2021,1161
11,"Textiles",1151,"Wool & animal hair",115111,"Carded Wool or Animal Hair Fabric",2021,963256
11,"Textiles",1151,"Wool & animal hair",115112,"Combed Wool or Animal Hair Fabric",2021,1312943
11,"Textiles",1151,"Wool & animal hair",115113,"Horsehair Fabric",2021,2346
11,"Textiles",1152,"Cotton",115201,"Raw Cotton",2021,20234
11,"Textiles",1152,"Cotton",115202,"Cotton Waste",2021,182755
11,"Textiles",1152,"Cotton",115203,"Prepared Cotton",2021,104754
11,"Textiles",1152,"Cotton",115204,"Cotton Sewing Thread",2021,214740
11,"Textiles",1152,"Cotton",115205,"Non-Retail Pure Cotton Yarn",2021,3021517
11,"Textiles",1152,"Cotton",115206,"Non-Retail Mixed Cotton Yarn",2021,1691959
11,"Textiles",1152,"Cotton",115207,"Retail Cotton Yarn",2021,812
11,"Textiles",1152,"Cotton",115208,"Light Pure Woven Cotton",2021,2424575
11,"Textiles",1152,"Cotton",115209,"Heavy Pure Woven Cotton",2021,31944581
11,"Textiles",1152,"Cotton",115210,"Light Mixed Woven Cotton",2021,249884
11,"Textiles",1152,"Cotton",115211,"Heavy Mixed Woven Cotton",2021,1286192
11,"Textiles",1152,"Cotton",115212,"Other Cotton Fabrics",2021,227752
11,"Textiles",1153,"Vegetable textile fibers, paper yarn & fabrics",115301,"Flax Fibers",2021,9050
11,"Textiles",1153,"Vegetable textile fibers, paper yarn & fabrics",115303,"Jute and Other Textile Fibers",2021,2899
11,"Textiles",1153,"Vegetable textile fibers, paper yarn & fabrics",115305,"Coconut and Other Vegetable Fibers",2021,26930
11,"Textiles",1153,"Vegetable textile fibers, paper yarn & fabrics",115308,"Other Vegetable Fibers Yarn",2021,102
11,"Textiles",1153,"Vegetable textile fibers, paper yarn & fabrics",115309,"Flax Woven Fabric",2021,1069203
11,"Textiles",1153,"Vegetable textile fibers, paper yarn & fabrics",115310,"Jute Woven Fabric",2021,3921
11,"Textiles",1153,"Vegetable textile fibers, paper yarn & fabrics",115311,"Other Vegetable Fibers Fabric",2021,259693
11,"Textiles",1154,"Man-made filaments",115401,"Artificial Filament Sewing Thread",2021,600656
11,"Textiles",1154,"Man-made filaments",115402,"Non-Retail Synthetic Filament Yarn",2021,7279875
11,"Textiles",1154,"Man-made filaments",115403,"Non-Retail Artificial Filament Yarn",2021,4080.0000000000005
11,"Textiles",1154,"Man-made filaments",115404,"Synthetic Monofilament",2021,194098
11,"Textiles",1154,"Man-made filaments",115405,"Artificial Monofilament",2021,898
11,"Textiles",1154,"Man-made filaments",115407,"Synthetic Filament Yarn Woven Fabric",2021,7773206
11,"Textiles",1154,"Man-made filaments",115408,"Artificial Filament Yarn Woven Fabric",2021,555697
11,"Textiles",1155,"Man-made staple fibres",115501,"Synthetic Filament Tow",2021,13811.000000000002
11,"Textiles",1155,"Man-made staple fibres",115502,"Artificial Filament Tow",2021,1595.9999999999998
11,"Textiles",1155,"Man-made staple fibres",115503,"Unprocessed Synthetic Staple Fibers",2021,2441805
11,"Textiles",1155,"Man-made staple fibres",115504,"Unprocessed Artificial Staple Fibers",2021,20681
11,"Textiles",1155,"Man-made staple fibres",115505,"Artificial Fibers Waste",2021,1812578
11,"Textiles",1155,"Man-made staple fibres",115506,"Processed Synthetic Staple Fibers",2021,448084
11,"Textiles",1155,"Man-made staple fibres",115507,"Processed Artificial Staple Fibers",2021,13105
11,"Textiles",1155,"Man-made staple fibres",115508,"Non-Retail Artificial Staple Fibers Sewing Thread",2021,2081215
11,"Textiles",1155,"Man-made staple fibres",115509,"Non-Retail Synthetic Staple Fibers Yarn",2021,4627299
11,"Textiles",1155,"Man-made staple fibres",115510,"Non-Retail Artificial Staple Fibers Yarn",2021,7392
11,"Textiles",1155,"Man-made staple fibres",115511,"Retail Artificial Staple Fibers Yarn",2021,3
11,"Textiles",1155,"Man-made staple fibres",115512,"Synthetic Fabrics",2021,5003579
11,"Textiles",1155,"Man-made staple fibres",115513,"Light Synthetic Cotton Fabrics",2021,218597
11,"Textiles",1155,"Man-made staple fibres",115514,"Heavy Synthetic Cotton Fabrics",2021,554764
11,"Textiles",1155,"Man-made staple fibres",115515,"Other Synthetic Fabrics",2021,4873067
11,"Textiles",1155,"Man-made staple fibres",115516,"Woven Fabric of Synthetic Staple Fibers",2021,1779633
11,"Textiles",1156,"Wadding, felt, nonwovens, twin, ropes, & articles thereof",115601,"Wadding",2021,238159
11,"Textiles",1156,"Wadding, felt, nonwovens, twin, ropes, & articles thereof",115602,"Felt",2021,58717
11,"Textiles",1156,"Wadding, felt, nonwovens, twin, ropes, & articles thereof",115603,"Non-woven Textiles",2021,10015966
11,"Textiles",1156,"Wadding, felt, nonwovens, twin, ropes, & articles thereof",115604,"Rubber Textiles",2021,56999
11,"Textiles",1156,"Wadding, felt, nonwovens, twin, ropes, & articles thereof",115605,"Metallic Yarn",2021,8919
11,"Textiles",1156,"Wadding, felt, nonwovens, twin, ropes, & articles thereof",115606,"Gimp Yarn",2021,3432
11,"Textiles",1156,"Wadding, felt, nonwovens, twin, ropes, & articles thereof",115607,"Twine and Rope",2021,1841958
11,"Textiles",1156,"Wadding, felt, nonwovens, twin, ropes, & articles thereof",115608,"Twine, cordage or rope; knotted netting, made up fishing nets and other made up nets, of textile materials",2021,9713073
11,"Textiles",1156,"Wadding, felt, nonwovens, twin, ropes, & articles thereof",115609,"Other Articles of Twine and Rope",2021,98752
11,"Textiles",1157,"Carpets & textile floor covers",115701,"Knotted Carpets",2021,8080983
11,"Textiles",1157,"Carpets & textile floor covers",115702,"Hand-Woven Rugs",2021,14570363
11,"Textiles",1157,"Carpets & textile floor covers",115703,"Tufted Carpets",2021,2191504
11,"Textiles",1157,"Carpets & textile floor covers",115704,"Felt Carpets",2021,28277
11,"Textiles",1157,"Carpets & textile floor covers",115705,"Other Carpets",2021,1557449
11,"Textiles",1158,"Special woven fabrics and tapestries",115801,"Woven Fabrics",2021,696587
11,"Textiles",1158,"Special woven fabrics and tapestries",115802,"Terry Fabric",2021,22236
11,"Textiles",1158,"Special woven fabrics and tapestries",115804,"Tulles and Net Fabric",2021,6092078
11,"Textiles",1158,"Special woven fabrics and tapestries",115805,"Hand-Woven Tapestries",2021,304647
11,"Textiles",1158,"Special woven fabrics and tapestries",115806,"Narrow Woven Fabric",2021,3531873
11,"Textiles",1158,"Special woven fabrics and tapestries",115807,"Labels",2021,242554
11,"Textiles",1158,"Special woven fabrics and tapestries",115808,"Ornamental Trimmings",2021,627530
11,"Textiles",1158,"Special woven fabrics and tapestries",115809,"Metallic Fabric",2021,2926
11,"Textiles",1158,"Special woven fabrics and tapestries",115810,"Embroidery",2021,1232508
11,"Textiles",1158,"Special woven fabrics and tapestries",115811,"Quilted Textiles",2021,464041
11,"Textiles",1159,"Coated, covered, & laminated fabrics for industrial use",115901,"Gum Coated Textile Fabric",2021,68918
11,"Textiles",1159,"Coated, covered, & laminated fabrics for industrial use",115903,"Plastic Coated Textile Fabric",2021,6126663
11,"Textiles",1159,"Coated, covered, & laminated fabrics for industrial use",115904,"Linoleum",2021,270
11,"Textiles",1159,"Coated, covered, & laminated fabrics for industrial use",115905,"Textile Wall Coverings",2021,3043
11,"Textiles",1159,"Coated, covered, & laminated fabrics for industrial use",115906,"Rubber Textile Fabric",2021,265196
11,"Textiles",1159,"Coated, covered, & laminated fabrics for industrial use",115907,"Coated Textile Fabric",2021,43730
11,"Textiles",1159,"Coated, covered, & laminated fabrics for industrial use",115908,"Textile Wicks",2021,10181.000000000002
11,"Textiles",1159,"Coated, covered, & laminated fabrics for industrial use",115909,"Hose Piping Textiles",2021,21862
11,"Textiles",1159,"Coated, covered, & laminated fabrics for industrial use",115910,"Conveyor Belt Textiles",2021,7814
11,"Textiles",1159,"Coated, covered, & laminated fabrics for industrial use",115911,"Textiles for technical uses",2021,4670074
11,"Textiles",1160,"Knitted fabrics",116001,"Pile Fabric",2021,326018.00000000006
11,"Textiles",1160,"Knitted fabrics",116002,"Light Rubberized Knitted Fabric",2021,12996474
11,"Textiles",1161,"Knitted clothing accesories",116101,"Knit Men's Coats",2021,6646352
11,"Textiles",1161,"Knitted clothing accesories",116102,"Knit Women's Coats",2021,18671482
11,"Textiles",1161,"Knitted clothing accesories",116103,"Knit Men's Suits",2021,29672429
11,"Textiles",1161,"Knitted clothing accesories",116104,"Knit Women's Suits",2021,376215247
11,"Textiles",1161,"Knitted clothing accesories",116105,"Knit Men's Shirts",2021,52937913
11,"Textiles",1161,"Knitted clothing accesories",116106,"Knit Women's Shirts",2021,51529179
11,"Textiles",1161,"Knitted clothing accesories",116107,"Knit Men's Undergarments",2021,25896184
11,"Textiles",1161,"Knitted clothing accesories",116108,"Knit Women's Undergarments",2021,84302798
11,"Textiles",1161,"Knitted clothing accesories",116109,"Knit T-shirts",2021,320049296
11,"Textiles",1161,"Knitted clothing accesories",116110,"Knit Sweaters",2021,287286972
11,"Textiles",1161,"Knitted clothing accesories",116111,"Knit Babies' Garments",2021,78259078
11,"Textiles",1161,"Knitted clothing accesories",116112,"Knit Active Wear",2021,27646598
11,"Textiles",1161,"Knitted clothing accesories",116113,"Garments of Impregnated Fabric",2021,11487159
11,"Textiles",1161,"Knitted clothing accesories",116114,"Other Knit Garments",2021,145521884
11,"Textiles",1161,"Knitted clothing accesories",116115,"Knit Socks and Hosiery",2021,9557396
11,"Textiles",1161,"Knitted clothing accesories",116116,"Knit Gloves",2021,2661587
11,"Textiles",1161,"Knitted clothing accesories",116117,"Other Knit Clothing Accessories",2021,3277358
11,"Textiles",1162,"Non-knitted clothing accesories",116201,"Non-Knit Men's Coats",2021,137741182
11,"Textiles",1162,"Non-knitted clothing accesories",116202,"Non-Knit Women's Coats",2021,389722536
11,"Textiles",1162,"Non-knitted clothing accesories",116203,"Non-Knit Men's Suits",2021,449912717
11,"Textiles",1162,"Non-knitted clothing accesories",116204,"Non-Knit Women's Suits",2021,2126311210
11,"Textiles",1162,"Non-knitted clothing accesories",116205,"Non-Knit Men's Shirts",2021,134002423
11,"Textiles",1162,"Non-knitted clothing accesories",116206,"Non-Knit Women's Shirts",2021,485184719
11,"Textiles",1162,"Non-knitted clothing accesories",116207,"Non-Knit Men's Undergarments",2021,2409171
11,"Textiles",1162,"Non-knitted clothing accesories",116208,"Non-Knit Women's Undergarments",2021,9642106
11,"Textiles",1162,"Non-knitted clothing accesories",116209,"Non-Knit Babies' Garments",2021,36297512
11,"Textiles",1162,"Non-knitted clothing accesories",116210,"Felt or Coated Fabric Garments",2021,61927230
11,"Textiles",1162,"Non-knitted clothing accesories",116211,"Non-Knit Active Wear",2021,355627741
11,"Textiles",1162,"Non-knitted clothing accesories",116212,"Other Women's Undergarments",2021,118866697
11,"Textiles",1162,"Non-knitted clothing accesories",116213,"Handkerchiefs",2021,166398
11,"Textiles",1162,"Non-knitted clothing accesories",116214,"Scarves",2021,1642298
11,"Textiles",1162,"Non-knitted clothing accesories",116215,"Neck Ties",2021,56283
11,"Textiles",1162,"Non-knitted clothing accesories",116216,"Non-Knit Gloves",2021,721783
11,"Textiles",1162,"Non-knitted clothing accesories",116217,"Other Non-Knit Clothing Accessories",2021,3243198
11,"Textiles",1163,"Used clothes & textile articles",116301,"Blankets",2021,1365695
11,"Textiles",1163,"Used clothes & textile articles",116302,"House Linens",2021,22854819
11,"Textiles",1163,"Used clothes & textile articles",116303,"Window Dressings",2021,513844
11,"Textiles",1163,"Used clothes & textile articles",116304,"Bedspreads",2021,33540758
11,"Textiles",1163,"Used clothes & textile articles",116305,"Packing Bags",2021,15453360
11,"Textiles",1163,"Used clothes & textile articles",116306,"Awnings, Tents, and Sails",2021,1526320
11,"Textiles",1163,"Used clothes & textile articles",116307,"Other Cloth Articles",2021,27965425
11,"Textiles",1163,"Used clothes & textile articles",116308,"Packaged Sewing Sets",2021,102523
11,"Textiles",1163,"Used clothes & textile articles",116309,"Used Clothing",2021,7393808
11,"Textiles",1163,"Used clothes & textile articles",116310,"Textile Scraps",2021,2969348
12,"Footwear and Headwear",1264,"Footwear",126401,"Waterproof Footwear",2021,12313352
12,"Footwear and Headwear",1264,"Footwear",126402,"Rubber Footwear",2021,108911636
12,"Footwear and Headwear",1264,"Footwear",126403,"Leather Footwear",2021,187724444
12,"Footwear and Headwear",1264,"Footwear",126404,"Textile Footwear",2021,20322666
12,"Footwear and Headwear",1264,"Footwear",126405,"Other Footwear",2021,12859227
12,"Footwear and Headwear",1264,"Footwear",126406,"Footwear Parts",2021,72945494
12,"Footwear and Headwear",1265,"Headgear",126501,"Hat Forms",2021,6807
12,"Footwear and Headwear",1265,"Headgear",126502,"Hat Shapes",2021,46831
12,"Footwear and Headwear",1265,"Headgear",126504,"Hats",2021,46894
12,"Footwear and Headwear",1265,"Headgear",126505,"Knitted Hats",2021,7321738
12,"Footwear and Headwear",1265,"Headgear",126506,"Other Headwear",2021,1411772
12,"Footwear and Headwear",1265,"Headgear",126507,"Headbands and Linings",2021,8463592
12,"Footwear and Headwear",1266,"Umbrellas, walking sticks, & whips",126601,"Umbrellas",2021,232616
12,"Footwear and Headwear",1266,"Umbrellas, walking sticks, & whips",126602,"Walking Sticks",2021,519
12,"Footwear and Headwear",1266,"Umbrellas, walking sticks, & whips",126603,"Umbrella and Walking Stick Accessories",2021,30741
12,"Footwear and Headwear",1267,"Feather articles, feathers, artificial flowers, & articles of human hair",126701,"Bird Skins and Feathers",2021,34764
12,"Footwear and Headwear",1267,"Feather articles, feathers, artificial flowers, & articles of human hair",126702,"Artificial Vegetation",2021,14052
12,"Footwear and Headwear",1267,"Feather articles, feathers, artificial flowers, & articles of human hair",126703,"Processed Hair",2021,19031
12,"Footwear and Headwear",1267,"Feather articles, feathers, artificial flowers, & articles of human hair",126704,"Fake Hair",2021,405456
13,"Stone And Glass",1368,"Stone, plaster, cement, asbestos, mica.",136801,"Curbstones",2021,2593375
13,"Stone And Glass",1368,"Stone, plaster, cement, asbestos, mica.",136802,"Building Stone",2021,20338404
13,"Stone And Glass",1368,"Stone, plaster, cement, asbestos, mica.",136803,"Worked Slate",2021,196641
13,"Stone And Glass",1368,"Stone, plaster, cement, asbestos, mica.",136804,"Milling Stones",2021,6770779
13,"Stone And Glass",1368,"Stone, plaster, cement, asbestos, mica.",136805,"Abrasive Powder",2021,4505668
13,"Stone And Glass",1368,"Stone, plaster, cement, asbestos, mica.",136806,"Rock Wool",2021,432760
13,"Stone And Glass",1368,"Stone, plaster, cement, asbestos, mica.",136807,"Asphalt",2021,1355679
13,"Stone And Glass",1368,"Stone, plaster, cement, asbestos, mica.",136808,"Vegetable Fiber",2021,288195
13,"Stone And Glass",1368,"Stone, plaster, cement, asbestos, mica.",136809,"Plaster Articles",2021,1900985
13,"Stone And Glass",1368,"Stone, plaster, cement, asbestos, mica.",136810,"Cement Articles",2021,11272920
13,"Stone And Glass",1368,"Stone, plaster, cement, asbestos, mica.",136811,"Asbestos Cement Articles",2021,74844
13,"Stone And Glass",1368,"Stone, plaster, cement, asbestos, mica.",136812,"Asbestos Fibres",2021,10488
13,"Stone And Glass",1368,"Stone, plaster, cement, asbestos, mica.",136813,"Friction Material",2021,5902168
13,"Stone And Glass",1368,"Stone, plaster, cement, asbestos, mica.",136814,"Processed Mica",2021,8779
13,"Stone And Glass",1368,"Stone, plaster, cement, asbestos, mica.",136815,"Other Stone Articles",2021,3778029
13,"Stone And Glass",1369,"Ceramic products",136901,"Bricks",2021,1022297
13,"Stone And Glass",1369,"Ceramic products",136902,"Refractory Bricks",2021,765975
13,"Stone And Glass",1369,"Ceramic products",136903,"Refractory Ceramics",2021,222877.99999999997
13,"Stone And Glass",1369,"Ceramic products",136904,"Ceramic Bricks",2021,316000
13,"Stone And Glass",1369,"Ceramic products",136905,"Roofing Tiles",2021,54292
13,"Stone And Glass",1369,"Ceramic products",136906,"Ceramic Pipes",2021,4613.999999999999
13,"Stone And Glass",1369,"Ceramic products",136907,"Unglazed Ceramics",2021,25732482
13,"Stone And Glass",1369,"Ceramic products",136909,"Laboratory Ceramic Ware",2021,75512
13,"Stone And Glass",1369,"Ceramic products",136910,"Bathroom Ceramics",2021,76331472.99999999
13,"Stone And Glass",1369,"Ceramic products",136911,"Porcelain Tableware",2021,996957
13,"Stone And Glass",1369,"Ceramic products",136912,"Ceramic Tableware",2021,2528634
13,"Stone And Glass",1369,"Ceramic products",136913,"Ornamental Ceramics",2021,2208972
13,"Stone And Glass",1369,"Ceramic products",136914,"Other Ceramic Articles",2021,1944566
13,"Stone And Glass",1370,"Glass & glassware",137001,"Glass Scraps",2021,530517
13,"Stone And Glass",1370,"Glass & glassware",137002,"Glass Balls",2021,4800
13,"Stone And Glass",1370,"Glass & glassware",137003,"Cast or Rolled Glass",2021,6479
13,"Stone And Glass",1370,"Glass & glassware",137004,"Blown Glass",2021,71425
13,"Stone And Glass",1370,"Glass & glassware",137005,"Float Glass",2021,14591.999999999998
13,"Stone And Glass",1370,"Glass & glassware",137006,"Glass with Edge Workings",2021,11639
13,"Stone And Glass",1370,"Glass & glassware",137007,"Safety Glass",2021,76394914
13,"Stone And Glass",1370,"Glass & glassware",137008,"Insulating Glass",2021,77794
13,"Stone And Glass",1370,"Glass & glassware",137009,"Glass Mirrors",2021,4911982
13,"Stone And Glass",1370,"Glass & glassware",137010,"Glass Bottles",2021,10566752
13,"Stone And Glass",1370,"Glass & glassware",137011,"Glass Bulbs",2021,324569
13,"Stone And Glass",1370,"Glass & glassware",137013,"Interior Decorative Glassware",2021,3353706
13,"Stone And Glass",1370,"Glass & glassware",137014,"Signaling Glassware",2021,46558.00000000001
13,"Stone And Glass",1370,"Glass & glassware",137015,"Eyewear and Clock Glass",2021,939
13,"Stone And Glass",1370,"Glass & glassware",137016,"Glass Bricks",2021,125167
13,"Stone And Glass",1370,"Glass & glassware",137017,"Laboratory Glassware",2021,53452
13,"Stone And Glass",1370,"Glass & glassware",137018,"Glass Beads",2021,4456
13,"Stone And Glass",1370,"Glass & glassware",137019,"Glass Fibers",2021,76605066
13,"Stone And Glass",1370,"Glass & glassware",137020,"Other Glass Articles",2021,254779
14,"Precious Metals",1471,"Precious stones, metals, & pearls",147103,"Precious Stones",2021,2386917
14,"Precious Metals",1471,"Precious stones, metals, & pearls",147104,"Synthetic Reconstructed Jewellery Stones",2021,134234
14,"Precious Metals",1471,"Precious stones, metals, & pearls",147106,"Silver",2021,114152178
14,"Precious Metals",1471,"Precious stones, metals, & pearls",147107,"Silver Clad Metals",2021,260681
14,"Precious Metals",1471,"Precious stones, metals, & pearls",147108,"Gold",2021,61775466
14,"Precious Metals",1471,"Precious stones, metals, & pearls",147110,"Platinum",2021,7697
14,"Precious Metals",1471,"Precious stones, metals, & pearls",147112,"Precious Metal Scraps",2021,5126111
14,"Precious Metals",1471,"Precious stones, metals, & pearls",147113,"Jewellery",2021,7012759
14,"Precious Metals",1471,"Precious stones, metals, & pearls",147114,"Metal-Clad Products",2021,4087
14,"Precious Metals",1471,"Precious stones, metals, & pearls",147115,"Other Precious Metal Products",2021,1238991
14,"Precious Metals",1471,"Precious stones, metals, & pearls",147116,"Pearl Products",2021,1892641
14,"Precious Metals",1471,"Precious stones, metals, & pearls",147117,"Imitation Jewellery",2021,1732934
14,"Precious Metals",1471,"Precious stones, metals, & pearls",147118,"Coin",2021,854
15,"Metals",1572,"Iron & steel",157201,"Pig Iron",2021,1631
15,"Metals",1572,"Iron & steel",157202,"Ferroalloys",2021,245227.99999999997
15,"Metals",1572,"Iron & steel",157204,"Scrap Iron",2021,30405456
15,"Metals",1572,"Iron & steel",157205,"Iron Powder",2021,22380
15,"Metals",1572,"Iron & steel",157207,"Semi-Finished Iron",2021,89763
15,"Metals",1572,"Iron & steel",157208,"Hot-Rolled Iron",2021,34403355
15,"Metals",1572,"Iron & steel",157209,"Cold-Rolled Iron",2021,8764553
15,"Metals",1572,"Iron & steel",157210,"Coated Flat-Rolled Iron",2021,54229228
15,"Metals",1572,"Iron & steel",157211,"Large Flat-Rolled Iron",2021,2667091
15,"Metals",1572,"Iron & steel",157212,"Large Coated Flat-Rolled Iron",2021,8269803
15,"Metals",1572,"Iron & steel",157213,"Hot-Rolled Iron Bars",2021,17291862
15,"Metals",1572,"Iron & steel",157214,"Raw Iron Bars",2021,2801471
15,"Metals",1572,"Iron & steel",157215,"Other Iron Bars",2021,251309
15,"Metals",1572,"Iron & steel",157216,"Iron Blocks",2021,10605398
15,"Metals",1572,"Iron & steel",157217,"Iron Wire",2021,1125991
15,"Metals",1572,"Iron & steel",157219,"Large Flat-Rolled Stainless Steel",2021,53740
15,"Metals",1572,"Iron & steel",157220,"Flat-Rolled Stainless Steel",2021,74125
15,"Metals",1572,"Iron & steel",157222,"Other Stainless Steel Bars",2021,55549
15,"Metals",1572,"Iron & steel",157223,"Stainless Steel Wire",2021,758
15,"Metals",1572,"Iron & steel",157225,"Flat Flat-Rolled Steel",2021,394109
15,"Metals",1572,"Iron & steel",157226,"Flat-Rolled Iron",2021,878716
15,"Metals",1572,"Iron & steel",157227,"Steel Bars",2021,3685312.0000000005
15,"Metals",1572,"Iron & steel",157228,"Other Steel Bars",2021,106031
15,"Metals",1572,"Iron & steel",157229,"Steel Wire",2021,24870
15,"Metals",1573,"Iron/Steel Articles",157301,"Iron Sheet Piling",2021,884951
15,"Metals",1573,"Iron/Steel Articles",157302,"Iron Railway Products",2021,100370
15,"Metals",1573,"Iron/Steel Articles",157303,"Cast Iron Pipes",2021,80927
15,"Metals",1573,"Iron/Steel Articles",157304,"Iron Pipes",2021,3169630
15,"Metals",1573,"Iron/Steel Articles",157305,"Other Large Iron Pipes",2021,283491
15,"Metals",1573,"Iron/Steel Articles",157306,"Other Small Iron Pipes",2021,4507092
15,"Metals",1573,"Iron/Steel Articles",157307,"Iron Pipe Fittings",2021,2325708
15,"Metals",1573,"Iron/Steel Articles",157308,"Iron Structures",2021,50683026
15,"Metals",1573,"Iron/Steel Articles",157309,"Large Iron Containers",2021,3265690
15,"Metals",1573,"Iron/Steel Articles",157310,"Small Iron Containers",2021,4073106
15,"Metals",1573,"Iron/Steel Articles",157311,"Iron Gas Containers",2021,7126336
15,"Metals",1573,"Iron/Steel Articles",157312,"Stranded Iron Wire",2021,1272604
15,"Metals",1573,"Iron/Steel Articles",157313,"Barbed Wire",2021,159561
15,"Metals",1573,"Iron/Steel Articles",157314,"Iron Cloth",2021,1142487
15,"Metals",1573,"Iron/Steel Articles",157315,"Iron Chains",2021,265709
15,"Metals",1573,"Iron/Steel Articles",157316,"Iron Anchors",2021,618.0000000000001
15,"Metals",1573,"Iron/Steel Articles",157317,"Iron Nails",2021,621404
15,"Metals",1573,"Iron/Steel Articles",157318,"Iron Fasteners",2021,13729103
15,"Metals",1573,"Iron/Steel Articles",157319,"Iron Sewing Needles",2021,6918
15,"Metals",1573,"Iron/Steel Articles",157320,"Iron Springs",2021,626223
15,"Metals",1573,"Iron/Steel Articles",157321,"Iron Stovetops",2021,1108048
15,"Metals",1573,"Iron/Steel Articles",157322,"Iron Radiators",2021,76555
15,"Metals",1573,"Iron/Steel Articles",157323,"Iron Housewares",2021,1957836
15,"Metals",1573,"Iron/Steel Articles",157324,"Iron Toiletry",2021,483046
15,"Metals",1573,"Iron/Steel Articles",157325,"Other Cast Iron Products",2021,3477785
15,"Metals",1573,"Iron/Steel Articles",157326,"Other Iron Products",2021,56179732
15,"Metals",1574,"Copper articles",157401,"Precipitated Copper",2021,1840964
15,"Metals",1574,"Copper articles",157402,"Raw Copper",2021,24957545
15,"Metals",1574,"Copper articles",157403,"Refined Copper",2021,47290966
15,"Metals",1574,"Copper articles",157404,"Scrap Copper",2021,160254369
15,"Metals",1574,"Copper articles",157405,"Copper Alloys",2021,867
15,"Metals",1574,"Copper articles",157406,"Copper Powder",2021,64026.00000000001
15,"Metals",1574,"Copper articles",157407,"Copper Bars",2021,273990
15,"Metals",1574,"Copper articles",157408,"Copper Wire",2021,2871231
15,"Metals",1574,"Copper articles",157409,"Copper Plating",2021,12299
15,"Metals",1574,"Copper articles",157410,"Copper Foil",2021,55615
15,"Metals",1574,"Copper articles",157411,"Copper Pipes",2021,286411
15,"Metals",1574,"Copper articles",157412,"Copper Pipe Fittings",2021,107676
15,"Metals",1574,"Copper articles",157413,"Stranded Copper Wire",2021,1853825
15,"Metals",1574,"Copper articles",157415,"Copper Fasteners",2021,223988
15,"Metals",1574,"Copper articles",157418,"Copper Housewares",2021,275206
15,"Metals",1574,"Copper articles",157419,"Other Copper Products",2021,5795651
15,"Metals",1575,"Nickel articles",157501,"Nickel Mattes",2021,2323554
15,"Metals",1575,"Nickel articles",157503,"Scrap Nickel",2021,84255
15,"Metals",1575,"Nickel articles",157504,"Nickel Powder",2021,1786320
15,"Metals",1575,"Nickel articles",157506,"Nickel Sheets",2021,7893
15,"Metals",1575,"Nickel articles",157507,"Nickel Pipes",2021,100
15,"Metals",1575,"Nickel articles",157508,"Other Nickel Products",2021,402887
15,"Metals",1576,"Aluminum articles",157601,"Raw Aluminium",2021,17826125
15,"Metals",1576,"Aluminum articles",157602,"Scrap Aluminium",2021,99648669
15,"Metals",1576,"Aluminum articles",157603,"Aluminium Powder",2021,83
15,"Metals",1576,"Aluminum articles",157604,"Aluminium Bars",2021,38644478
15,"Metals",1576,"Aluminum articles",157605,"Aluminium Wire",2021,1346326
15,"Metals",1576,"Aluminum articles",157606,"Aluminium Plating",2021,1870612
15,"Metals",1576,"Aluminum articles",157607,"Aluminium Foil",2021,380147
15,"Metals",1576,"Aluminum articles",157608,"Aluminium Pipes",2021,157505
15,"Metals",1576,"Aluminum articles",157609,"Aluminium Pipe Fittings",2021,249885.00000000003
15,"Metals",1576,"Aluminum articles",157610,"Aluminium Structures",2021,2409926
15,"Metals",1576,"Aluminum articles",157611,"Large Aluminium Containers",2021,38
15,"Metals",1576,"Aluminum articles",157612,"Aluminium Cans",2021,47782322
15,"Metals",1576,"Aluminum articles",157613,"Aluminium Gas Containers",2021,17663
15,"Metals",1576,"Aluminum articles",157614,"Stranded Aluminium Wire",2021,8157171
15,"Metals",1576,"Aluminum articles",157615,"Aluminium Housewares",2021,621707
15,"Metals",1576,"Aluminum articles",157616,"Other Aluminium Products",2021,8436540
15,"Metals",1578,"Lead articles",157804,"Lead Sheets",2021,12823.999999999998
15,"Metals",1578,"Lead articles",157806,"Other Lead Products",2021,20122
15,"Metals",1579,"Zinc articles",157901,"Raw Zinc",2021,138789
15,"Metals",1579,"Zinc articles",157902,"Scrap Waste",2021,4435598
15,"Metals",1579,"Zinc articles",157903,"Zinc Powder",2021,373443
15,"Metals",1579,"Zinc articles",157907,"Other Zinc Products",2021,676048
15,"Metals",1580,"Tin articles",158001,"Raw Tin",2021,10540.999999999998
15,"Metals",1580,"Tin articles",158002,"Scrap Tin",2021,344569
15,"Metals",1580,"Tin articles",158003,"Tin Bars",2021,9299
15,"Metals",1580,"Tin articles",158007,"Other Tin Products",2021,4447
15,"Metals",1581,"Cermet articles",158101,"Tungsten",2021,55802.99999999999
15,"Metals",1581,"Cermet articles",158102,"Molybdenum",2021,12274
15,"Metals",1581,"Cermet articles",158104,"Magnesium",2021,2966
15,"Metals",1581,"Cermet articles",158105,"Cobalt",2021,125641246
15,"Metals",1581,"Cermet articles",158108,"Titanium",2021,15972992
15,"Metals",1581,"Cermet articles",158109,"Zirconium",2021,859.0000000000001
15,"Metals",1581,"Cermet articles",158110,"Antimony",2021,3139
15,"Metals",1581,"Cermet articles",158111,"Manganese",2021,32
15,"Metals",1581,"Cermet articles",158112,"Other Metals",2021,217606
15,"Metals",1582,"Tools & cutlery",158201,"Garden Tools",2021,17031
15,"Metals",1582,"Tools & cutlery",158202,"Hand Saws",2021,114399.00000000001
15,"Metals",1582,"Tools & cutlery",158203,"Hand Tools",2021,286713
15,"Metals",1582,"Tools & cutlery",158204,"Wrenches",2021,256112
15,"Metals",1582,"Tools & cutlery",158205,"Other Hand Tools",2021,2109532
15,"Metals",1582,"Tools & cutlery",158206,"Tool Sets",2021,122236
15,"Metals",1582,"Tools & cutlery",158207,"Interchangeable Tool Parts",2021,16681464
15,"Metals",1582,"Tools & cutlery",158208,"Cutting Blades",2021,237596
15,"Metals",1582,"Tools & cutlery",158209,"Tool Plates",2021,34726
15,"Metals",1582,"Tools & cutlery",158210,"Cooking Hand Tools",2021,715
15,"Metals",1582,"Tools & cutlery",158211,"Knives",2021,57142
15,"Metals",1582,"Tools & cutlery",158212,"Razor Blades",2021,3454
15,"Metals",1582,"Tools & cutlery",158213,"Scissors",2021,17246
15,"Metals",1582,"Tools & cutlery",158214,"Other Cutlery",2021,14647
15,"Metals",1582,"Tools & cutlery",158215,"Cutlery Sets",2021,66406
15,"Metals",1583,"Miscellaneous metal products",158301,"Padlocks",2021,11377872
15,"Metals",1583,"Miscellaneous metal products",158302,"Metal Mountings",2021,46409769.00000001
15,"Metals",1583,"Miscellaneous metal products",158303,"Safes",2021,76848
15,"Metals",1583,"Miscellaneous metal products",158304,"Filing Cabinets",2021,34738.00000000001
15,"Metals",1583,"Miscellaneous metal products",158305,"Metal Office Supplies",2021,27409
15,"Metals",1583,"Miscellaneous metal products",158306,"Bells and Other Metal Ornaments",2021,1332345
15,"Metals",1583,"Miscellaneous metal products",158307,"Flexible Metal Tubing",2021,148242
15,"Metals",1583,"Miscellaneous metal products",158308,"Other Metal Fasteners",2021,1457134
15,"Metals",1583,"Miscellaneous metal products",158309,"Metal Stoppers",2021,3654951
15,"Metals",1583,"Miscellaneous metal products",158310,"Metal Signs",2021,250990
15,"Metals",1583,"Miscellaneous metal products",158311,"Coated Metal Soldering Products",2021,552395
16,"Machines",1684,"Machinery, mechanical appliances, & parts",168401,"Nuclear Reactors",2021,4151
16,"Machines",1684,"Machinery, mechanical appliances, & parts",168402,"Steam Boilers",2021,1508692
16,"Machines",1684,"Machinery, mechanical appliances, & parts",168403,"Central Heating Boilers",2021,7997.999999999999
16,"Machines",1684,"Machinery, mechanical appliances, & parts",168404,"Boiler Plants",2021,9779
16,"Machines",1684,"Machinery, mechanical appliances, & parts",168405,"Water and Gas Generators",2021,273592
16,"Machines",1684,"Machinery, mechanical appliances, & parts",168406,"Steam Turbines",2021,844
16,"Machines",1684,"Machinery, mechanical appliances, & parts",168407,"Spark-Ignition Engines",2021,15298446
16,"Machines",1684,"Machinery, mechanical appliances, & parts",168408,"Combustion Engines",2021,3291001
16,"Machines",1684,"Machinery, mechanical appliances, & parts",168409,"Engine Parts",2021,56508832
16,"Machines",1684,"Machinery, mechanical appliances, & parts",168410,"Hydraulic Turbines",2021,58158.00000000001
16,"Machines",1684,"Machinery, mechanical appliances, & parts",168411,"Gas Turbines",2021,50338846
16,"Machines",1684,"Machinery, mechanical appliances, & parts",168412,"Other Engines",2021,104746939
16,"Machines",1684,"Machinery, mechanical appliances, & parts",168413,"Liquid Pumps",2021,7434467
16,"Machines",1684,"Machinery, mechanical appliances, & parts",168414,"Air Pumps",2021,14379954
16,"Machines",1684,"Machinery, mechanical appliances, & parts",168415,"Air Conditioners",2021,57664039
16,"Machines",1684,"Machinery, mechanical appliances, & parts",168416,"Liquid Fuel Furnaces",2021,59783
16,"Machines",1684,"Machinery, mechanical appliances, & parts",168417,"Industrial Furnaces",2021,382023
16,"Machines",1684,"Machinery, mechanical appliances, & parts",168418,"Refrigerators",2021,7189096
16,"Machines",1684,"Machinery, mechanical appliances, & parts",168419,"Other Heating Machinery",2021,3081987
16,"Machines",1684,"Machinery, mechanical appliances, & parts",168420,"Rolling Machines",2021,129179
16,"Machines",1684,"Machinery, mechanical appliances, & parts",168421,"Centrifuges",2021,64314290
16,"Machines",1684,"Machinery, mechanical appliances, & parts",168422,"Washing and Bottling Machines",2021,841183
16,"Machines",1684,"Machinery, mechanical appliances, & parts",168423,"Scales",2021,381492
16,"Machines",1684,"Machinery, mechanical appliances, & parts",168424,"Liquid Dispersing Machines",2021,2461640
16,"Machines",1684,"Machinery, mechanical appliances, & parts",168425,"Pulley Systems",2021,2060523
16,"Machines",1684,"Machinery, mechanical appliances, & parts",168426,"Cranes",2021,9073009
16,"Machines",1684,"Machinery, mechanical appliances, & parts",168427,"Fork-Lifts",2021,1343961
16,"Machines",1684,"Machinery, mechanical appliances, & parts",168428,"Lifting Machinery",2021,16822067
16,"Machines",1684,"Machinery, mechanical appliances, & parts",168429,"Large Construction Vehicles",2021,3976129
16,"Machines",1684,"Machinery, mechanical appliances, & parts",168430,"Other Construction Vehicles",2021,4370948
16,"Machines",1684,"Machinery, mechanical appliances, & parts",168431,"Excavation Machinery",2021,11134768
16,"Machines",1684,"Machinery, mechanical appliances, & parts",168432,"Soil Preparation Machinery",2021,947108
16,"Machines",1684,"Machinery, mechanical appliances, & parts",168433,"Harvesting Machinery",2021,2402126
16,"Machines",1684,"Machinery, mechanical appliances, & parts",168434,"Dairy Machinery",2021,32869
16,"Machines",1684,"Machinery, mechanical appliances, & parts",168435,"Fruit Pressing Machinery",2021,93232
16,"Machines",1684,"Machinery, mechanical appliances, & parts",168436,"Other Agricultural Machinery",2021,278568
16,"Machines",1684,"Machinery, mechanical appliances, & parts",168437,"Mill Machinery",2021,247562
16,"Machines",1684,"Machinery, mechanical appliances, & parts",168438,"Industrial Food Preperation Machinery",2021,1906304
16,"Machines",1684,"Machinery, mechanical appliances, & parts",168439,"Papermaking Machines",2021,133791
16,"Machines",1684,"Machinery, mechanical appliances, & parts",168440,"Book-binding Machines",2021,4079.0000000000005
16,"Machines",1684,"Machinery, mechanical appliances, & parts",168441,"Other Paper Machinery",2021,487734
16,"Machines",1684,"Machinery, mechanical appliances, & parts",168442,"Print Production Machinery",2021,253972
16,"Machines",1684,"Machinery, mechanical appliances, & parts",168443,"Industrial Printers",2021,25552312
16,"Machines",1684,"Machinery, mechanical appliances, & parts",168444,"Artificial Textile Machinery",2021,11156
16,"Machines",1684,"Machinery, mechanical appliances, & parts",168445,"Textile Fiber Machinery",2021,176491
16,"Machines",1684,"Machinery, mechanical appliances, & parts",168446,"Looms",2021,1364097
16,"Machines",1684,"Machinery, mechanical appliances, & parts",168447,"Knitting Machines",2021,213880
16,"Machines",1684,"Machinery, mechanical appliances, & parts",168448,"Knitting Machine Accessories",2021,1319019
16,"Machines",1684,"Machinery, mechanical appliances, & parts",168449,"Felt Machinery",2021,7038
16,"Machines",1684,"Machinery, mechanical appliances, & parts",168450,"Household Washing Machines",2021,150766
16,"Machines",1684,"Machinery, mechanical appliances, & parts",168451,"Textile Processing Machines",2021,1183039
16,"Machines",1684,"Machinery, mechanical appliances, & parts",168452,"Sewing Machines",2021,756678
16,"Machines",1684,"Machinery, mechanical appliances, & parts",168453,"Leather Machinery",2021,54538
16,"Machines",1684,"Machinery, mechanical appliances, & parts",168454,"Casting Machines",2021,652236
16,"Machines",1684,"Machinery, mechanical appliances, & parts",168455,"Metal-Rolling Mills",2021,107446
16,"Machines",1684,"Machinery, mechanical appliances, & parts",168456,"Non-Mechanical Removal Machinery",2021,352147
16,"Machines",1684,"Machinery, mechanical appliances, & parts",168457,"Metalworking Transfer Machines",2021,155760
16,"Machines",1684,"Machinery, mechanical appliances, & parts",168458,"Metal Lathes",2021,986078
16,"Machines",1684,"Machinery, mechanical appliances, & parts",168459,"Drilling Machines",2021,644548
16,"Machines",1684,"Machinery, mechanical appliances, & parts",168460,"Metal Finishing Machines",2021,80274
16,"Machines",1684,"Machinery, mechanical appliances, & parts",168461,"Metalworking Machines",2021,717040
16,"Machines",1684,"Machinery, mechanical appliances, & parts",168462,"Forging Machines",2021,3576928
16,"Machines",1684,"Machinery, mechanical appliances, & parts",168463,"Other Non-Metal Removal Machinery",2021,99004
16,"Machines",1684,"Machinery, mechanical appliances, & parts",168464,"Stone Working Machines",2021,1739172
16,"Machines",1684,"Machinery, mechanical appliances, & parts",168465,"Woodworking machines",2021,1059348
16,"Machines",1684,"Machinery, mechanical appliances, & parts",168466,"Metalworking Machine Parts",2021,3887496
16,"Machines",1684,"Machinery, mechanical appliances, & parts",168467,"Motor-working Tools",2021,1060916
16,"Machines",1684,"Machinery, mechanical appliances, & parts",168468,"Soldering and Welding Machinery",2021,63809
16,"Machines",1684,"Machinery, mechanical appliances, & parts",168470,"Calculators",2021,690483
16,"Machines",1684,"Machinery, mechanical appliances, & parts",168471,"Computers",2021,3512316
16,"Machines",1684,"Machinery, mechanical appliances, & parts",168472,"Other Office Machines",2021,432675
16,"Machines",1684,"Machinery, mechanical appliances, & parts",168473,"Office Machine Parts",2021,3220062
16,"Machines",1684,"Machinery, mechanical appliances, & parts",168474,"Stone Processing Machines",2021,5219395
16,"Machines",1684,"Machinery, mechanical appliances, & parts",168475,"Glass Working Machines",2021,662300.0000000001
16,"Machines",1684,"Machinery, mechanical appliances, & parts",168476,"Vending Machines",2021,11269
16,"Machines",1684,"Machinery, mechanical appliances, & parts",168477,"Rubberworking Machinery",2021,5187018
16,"Machines",1684,"Machinery, mechanical appliances, & parts",168478,"Tobacco Processing Machines",2021,1764
16,"Machines",1684,"Machinery, mechanical appliances, & parts",168479,"Machinery Having Individual Functions",2021,12676559
16,"Machines",1684,"Machinery, mechanical appliances, & parts",168480,"Metal Molds",2021,9973281
16,"Machines",1684,"Machinery, mechanical appliances, & parts",168481,"Valves",2021,96488172
16,"Machines",1684,"Machinery, mechanical appliances, & parts",168482,"Ball Bearings",2021,651037
16,"Machines",1684,"Machinery, mechanical appliances, & parts",168483,"Transmissions",2021,2990011
16,"Machines",1684,"Machinery, mechanical appliances, & parts",168484,"Gaskets",2021,526152
16,"Machines",1684,"Machinery, mechanical appliances, & parts",168485,"Boat Propellers",2021,10858492
16,"Machines",1685,"Electrical machinery and electronics",168501,"Electric Motors",2021,46218566
16,"Machines",1685,"Electrical machinery and electronics",168502,"Electric Generating Sets",2021,7259632
16,"Machines",1685,"Electrical machinery and electronics",168503,"Electric Motor Parts",2021,9125048
16,"Machines",1685,"Electrical machinery and electronics",168504,"Electrical Transformers",2021,98880538
16,"Machines",1685,"Electrical machinery and electronics",168505,"Electromagnets",2021,3542741
16,"Machines",1685,"Electrical machinery and electronics",168506,"Batteries",2021,1230733
16,"Machines",1685,"Electrical machinery and electronics",168507,"Electric Batteries",2021,22014847
16,"Machines",1685,"Electrical machinery and electronics",168508,"Vacuum Cleaners",2021,307974
16,"Machines",1685,"Electrical machinery and electronics",168509,"Other Domestic Electric Housewares",2021,318042
16,"Machines",1685,"Electrical machinery and electronics",168510,"Hair Trimmers",2021,16442
16,"Machines",1685,"Electrical machinery and electronics",168511,"Electrical Ignitions",2021,2935165
16,"Machines",1685,"Electrical machinery and electronics",168512,"Electrical Lighting and Signalling Equipment",2021,238696975
16,"Machines",1685,"Electrical machinery and electronics",168513,"Portable Lighting",2021,133535
16,"Machines",1685,"Electrical machinery and electronics",168514,"Electric Furnaces",2021,3338219
16,"Machines",1685,"Electrical machinery and electronics",168515,"Electric Soldering Equipment",2021,1437841
16,"Machines",1685,"Electrical machinery and electronics",168516,"Electric Heaters",2021,6902768
16,"Machines",1685,"Electrical machinery and electronics",168517,"Telephones",2021,5316328
16,"Machines",1685,"Electrical machinery and electronics",168518,"Microphones and Headphones",2021,26810458
16,"Machines",1685,"Electrical machinery and electronics",168519,"Sound Recording Equipment",2021,13012
16,"Machines",1685,"Electrical machinery and electronics",168520,"Dictation Machines",2021,803
16,"Machines",1685,"Electrical machinery and electronics",168521,"Video Recording Equipment",2021,29139995
16,"Machines",1685,"Electrical machinery and electronics",168522,"Audio and Video Recording Accessories",2021,4244
16,"Machines",1685,"Electrical machinery and electronics",168523,"Blank Audio Media",2021,6995746.000000001
16,"Machines",1685,"Electrical machinery and electronics",168524,"Sound Recordings",2021,92312
16,"Machines",1685,"Electrical machinery and electronics",168525,"Broadcasting Equipment",2021,22577393
16,"Machines",1685,"Electrical machinery and electronics",168526,"Navigation Equipment",2021,19467304
16,"Machines",1685,"Electrical machinery and electronics",168527,"Radio Receivers",2021,2309194
16,"Machines",1685,"Electrical machinery and electronics",168528,"Video Displays",2021,3079339
16,"Machines",1685,"Electrical machinery and electronics",168529,"Broadcasting Accessories",2021,4303616
16,"Machines",1685,"Electrical machinery and electronics",168530,"Traffic Signals",2021,259410
16,"Machines",1685,"Electrical machinery and electronics",168531,"Audio Alarms",2021,1697297
16,"Machines",1685,"Electrical machinery and electronics",168532,"Electrical Capacitors",2021,7512963
16,"Machines",1685,"Electrical machinery and electronics",168533,"Electrical Resistors",2021,232021
16,"Machines",1685,"Electrical machinery and electronics",168534,"Printed Circuit Boards",2021,11484621.000000002
16,"Machines",1685,"Electrical machinery and electronics",168535,"High-voltage Protection Equipment",2021,8084014
16,"Machines",1685,"Electrical machinery and electronics",168536,"Low-voltage Protection Equipment",2021,289971290
16,"Machines",1685,"Electrical machinery and electronics",168537,"Electrical Control Boards",2021,292774002
16,"Machines",1685,"Electrical machinery and electronics",168538,"Electrical Power Accessories",2021,138271646
16,"Machines",1685,"Electrical machinery and electronics",168539,"Electric Filament",2021,28422926
16,"Machines",1685,"Electrical machinery and electronics",168540,"Cathode Tubes",2021,165206
16,"Machines",1685,"Electrical machinery and electronics",168541,"Semiconductor Devices",2021,250368160
16,"Machines",1685,"Electrical machinery and electronics",168542,"Integrated Circuits",2021,618247269
16,"Machines",1685,"Electrical machinery and electronics",168543,"Other Electrical Machinery",2021,35944958
16,"Machines",1685,"Electrical machinery and electronics",168544,"Insulated Wire",2021,3515293149
16,"Machines",1685,"Electrical machinery and electronics",168545,"Carbon-based Electronics",2021,316921
16,"Machines",1685,"Electrical machinery and electronics",168546,"Electrical Insulators",2021,3513304
16,"Machines",1685,"Electrical machinery and electronics",168547,"Metal Insulating Fittings",2021,59991543
16,"Machines",1685,"Electrical machinery and electronics",168548,"Electrical Parts",2021,2467081
17,"Transportation",1786,"Railway and trams",178604,"Railway Maintenance Vehicles",2021,184949
17,"Transportation",1786,"Railway and trams",178607,"Locomotive Parts",2021,1189951
17,"Transportation",1786,"Railway and trams",178608,"Railway Track Fixtures",2021,94373
17,"Transportation",1786,"Railway and trams",178609,"Railway Cargo Containers",2021,1318700
17,"Transportation",1787,"Cars, tractors, trucks & parts thereof.",178701,"Tractors",2021,1034570
17,"Transportation",1787,"Cars, tractors, trucks & parts thereof.",178702,"Buses",2021,8592813
17,"Transportation",1787,"Cars, tractors, trucks & parts thereof.",178703,"Cars",2021,4291810846
17,"Transportation",1787,"Cars, tractors, trucks & parts thereof.",178704,"Delivery Trucks",2021,571506343
17,"Transportation",1787,"Cars, tractors, trucks & parts thereof.",178705,"Special purpose motor vehicles",2021,2797580
17,"Transportation",1787,"Cars, tractors, trucks & parts thereof.",178706,"Motor vehicle (8701 to 8705) chassis fitted with engine",2021,3099.9999999999995
17,"Transportation",1787,"Cars, tractors, trucks & parts thereof.",178707,"Vehicle Bodies (including cabs) for the motor vehicles (8701 to 8705)",2021,16152121
17,"Transportation",1787,"Cars, tractors, trucks & parts thereof.",178708,"Motor vehicles; parts and accessories (8701 to 8705)",2021,803352742
17,"Transportation",1787,"Cars, tractors, trucks & parts thereof.",178709,"Work Trucks",2021,277558
17,"Transportation",1787,"Cars, tractors, trucks & parts thereof.",178711,"Motorcycles and cycles",2021,1277210
17,"Transportation",1787,"Cars, tractors, trucks & parts thereof.",178712,"Bicycles, delivery tricycles, other cycles",2021,1277198
17,"Transportation",1787,"Cars, tractors, trucks & parts thereof.",178713,"Wheelchairs",2021,14528
17,"Transportation",1787,"Cars, tractors, trucks & parts thereof.",178714,"Bi-Wheel Vehicle Parts",2021,564606
17,"Transportation",1787,"Cars, tractors, trucks & parts thereof.",178715,"Baby Carriages",2021,12234
17,"Transportation",1787,"Cars, tractors, trucks & parts thereof.",178716,"Trailers and semi-trailers, not mechanically propelled vehicles",2021,4320249
17,"Transportation",1788,"Aircraft and Spacecraft",178802,"Planes, Helicopters, and/or Spacecraft",2021,43549145
17,"Transportation",1788,"Aircraft and Spacecraft",178803,"Aircraft parts (gliders, balloons, and powered aircraft)",2021,893924728
17,"Transportation",1788,"Aircraft and Spacecraft",178805,"Aircraft Launch Gear",2021,213
17,"Transportation",1789,"Ships, boats, & floating structures",178901,"Passenger and Cargo Ships",2021,5956210
17,"Transportation",1789,"Ships, boats, & floating structures",178902,"Fishing Ships",2021,4451833
17,"Transportation",1789,"Ships, boats, & floating structures",178903,"Recreational Boats",2021,21076
17,"Transportation",1789,"Ships, boats, & floating structures",178904,"Tug Boats",2021,198623
17,"Transportation",1789,"Ships, boats, & floating structures",178905,"Special Purpose Ships",2021,1667756
17,"Transportation",1789,"Ships, boats, & floating structures",178907,"Other Floating Structures",2021,253421
18,"Instruments",1890,"Optical, photo, & film equipment; medical instruments",189001,"Optical Fibers and optical fibre bundles",2021,2002298
18,"Instruments",1890,"Optical, photo, & film equipment; medical instruments",189002,"Mirrors and Lenses",2021,14803.999999999998
18,"Instruments",1890,"Optical, photo, & film equipment; medical instruments",189003,"Eyewear Frames",2021,18400
18,"Instruments",1890,"Optical, photo, & film equipment; medical instruments",189004,"Eyewear",2021,197753
18,"Instruments",1890,"Optical, photo, & film equipment; medical instruments",189005,"Binoculars and Telescopes",2021,6669
18,"Instruments",1890,"Optical, photo, & film equipment; medical instruments",189006,"Cameras",2021,24022
18,"Instruments",1890,"Optical, photo, & film equipment; medical instruments",189007,"Video Cameras",2021,16660
18,"Instruments",1890,"Optical, photo, & film equipment; medical instruments",189008,"Image Projectors",2021,7267
18,"Instruments",1890,"Optical, photo, & film equipment; medical instruments",189009,"Photocopiers",2021,124700
18,"Instruments",1890,"Optical, photo, & film equipment; medical instruments",189010,"Photo Lab Equipment",2021,20073
18,"Instruments",1890,"Optical, photo, & film equipment; medical instruments",189011,"Microscopes",2021,34209
18,"Instruments",1890,"Optical, photo, & film equipment; medical instruments",189012,"Non-optical Microscopes",2021,1480
18,"Instruments",1890,"Optical, photo, & film equipment; medical instruments",189013,"LCDs",2021,271218
18,"Instruments",1890,"Optical, photo, & film equipment; medical instruments",189014,"Compasses",2021,2661933
18,"Instruments",1890,"Optical, photo, & film equipment; medical instruments",189015,"Surveying Equipment",2021,579866
18,"Instruments",1890,"Optical, photo, & film equipment; medical instruments",189016,"Balances",2021,8269
18,"Instruments",1890,"Optical, photo, & film equipment; medical instruments",189017,"Drafting Tools",2021,304587
18,"Instruments",1890,"Optical, photo, & film equipment; medical instruments",189018,"Medical Instruments",2021,22265880
18,"Instruments",1890,"Optical, photo, & film equipment; medical instruments",189019,"Therapeutic Appliances",2021,210180
18,"Instruments",1890,"Optical, photo, & film equipment; medical instruments",189020,"Breathing Appliances",2021,305662
18,"Instruments",1890,"Optical, photo, & film equipment; medical instruments",189021,"Orthopedic Appliances",2021,2570116
18,"Instruments",1890,"Optical, photo, & film equipment; medical instruments",189022,"X-Ray Equipment",2021,3203312.0000000005
18,"Instruments",1890,"Optical, photo, & film equipment; medical instruments",189023,"Instructional Models",2021,618743
18,"Instruments",1890,"Optical, photo, & film equipment; medical instruments",189024,"Tensile Testing Machines",2021,350491
18,"Instruments",1890,"Optical, photo, & film equipment; medical instruments",189025,"Hydrometers",2021,715630
18,"Instruments",1890,"Optical, photo, & film equipment; medical instruments",189026,"Gas and Liquid Flow Measuring Instruments",2021,7148826
18,"Instruments",1890,"Optical, photo, & film equipment; medical instruments",189027,"Chemical Analysis Instruments",2021,18427373
18,"Instruments",1890,"Optical, photo, & film equipment; medical instruments",189028,"Utility Meters",2021,186942
18,"Instruments",1890,"Optical, photo, & film equipment; medical instruments",189029,"Revolution Counters",2021,435344
18,"Instruments",1890,"Optical, photo, & film equipment; medical instruments",189030,"Oscilloscopes",2021,31779607
18,"Instruments",1890,"Optical, photo, & film equipment; medical instruments",189031,"Other Measuring Instruments",2021,8854194
18,"Instruments",1890,"Optical, photo, & film equipment; medical instruments",189032,"Thermostats",2021,26263515
18,"Instruments",1890,"Optical, photo, & film equipment; medical instruments",189033,"Opto-Electric Instrument Parts",2021,781231
18,"Instruments",1891,"Clocks, watches, & parts",189101,"Precious Metal Watches",2021,191262
18,"Instruments",1891,"Clocks, watches, & parts",189102,"Base Metal Watches",2021,214810
18,"Instruments",1891,"Clocks, watches, & parts",189104,"Dashboard Clocks",2021,7622.999999999999
18,"Instruments",1891,"Clocks, watches, & parts",189105,"Other Clocks",2021,134663
18,"Instruments",1891,"Clocks, watches, & parts",189106,"Time Recording Instruments",2021,3306
18,"Instruments",1891,"Clocks, watches, & parts",189107,"Time Switches",2021,16570
18,"Instruments",1891,"Clocks, watches, & parts",189108,"Watch Movements",2021,1806
18,"Instruments",1891,"Clocks, watches, & parts",189109,"Clock Movements",2021,2159
18,"Instruments",1891,"Clocks, watches, & parts",189110,"Incomplete Movement Sets",2021,123.00000000000001
18,"Instruments",1891,"Clocks, watches, & parts",189111,"Watch Cases and Parts",2021,10594
18,"Instruments",1891,"Clocks, watches, & parts",189112,"Clock Cases and Parts",2021,164903
18,"Instruments",1891,"Clocks, watches, & parts",189113,"Watch Straps",2021,16271
18,"Instruments",1891,"Clocks, watches, & parts",189114,"Other Clocks and Watches",2021,8922
18,"Instruments",1892,"Musical instruments",189201,"Pianos",2021,3843
18,"Instruments",1892,"Musical instruments",189202,"String Instruments",2021,58335
18,"Instruments",1892,"Musical instruments",189205,"Wind Instruments",2021,22117
18,"Instruments",1892,"Musical instruments",189206,"Percussion",2021,6815
18,"Instruments",1892,"Musical instruments",189207,"Electric Musical Instruments",2021,7703
18,"Instruments",1892,"Musical instruments",189208,"Other Musical Instruments",2021,173086
18,"Instruments",1892,"Musical instruments",189209,"Musical Instrument Parts",2021,7121.999999999999
19,"Weapons",1993,"Weapons",199301,"Military Weapons",2021,96
19,"Weapons",1993,"Weapons",199303,"Other Firearms",2021,33
19,"Weapons",1993,"Weapons",199306,"Explosive Ammunition",2021,39338
19,"Weapons",1993,"Weapons",199307,"Bladed Weapons and Accessories",2021,1791
20,"Miscellaneous",2094,"Furniture, bedding, lamps, & prefab buildings",209401,"Seats",2021,200982168
20,"Miscellaneous",2094,"Furniture, bedding, lamps, & prefab buildings",209402,"Medical Furniture",2021,400854
20,"Miscellaneous",2094,"Furniture, bedding, lamps, & prefab buildings",209403,"Other Furniture",2021,21070916
20,"Miscellaneous",2094,"Furniture, bedding, lamps, & prefab buildings",209404,"Mattresses",2021,4122396
20,"Miscellaneous",2094,"Furniture, bedding, lamps, & prefab buildings",209405,"Light Fixtures",2021,18214620
20,"Miscellaneous",2094,"Furniture, bedding, lamps, & prefab buildings",209406,"Prefabricated Buildings",2021,36639221
20,"Miscellaneous",2095,"Toys, games, & sports",209503,"Other toys",2021,9887230
20,"Miscellaneous",2095,"Toys, games, & sports",209504,"Video and Card Games",2021,316785
20,"Miscellaneous",2095,"Toys, games, & sports",209505,"Party Decorations",2021,59645
20,"Miscellaneous",2095,"Toys, games, & sports",209506,"Sports Equipment",2021,5846211
20,"Miscellaneous",2095,"Toys, games, & sports",209507,"Fishing and Hunting Equipment",2021,57448
20,"Miscellaneous",2095,"Toys, games, & sports",209508,"Fairground Amusements",2021,42634
20,"Miscellaneous",2096,"Misc. manufactures",209601,"Worked Ivory and Bone",2021,384053
20,"Miscellaneous",2096,"Misc. manufactures",209602,"Vegetable and Mineral Carvings",2021,32582
20,"Miscellaneous",2096,"Misc. manufactures",209603,"Brooms",2021,2892714
20,"Miscellaneous",2096,"Misc. manufactures",209604,"Hand Sifters",2021,11354
20,"Miscellaneous",2096,"Misc. manufactures",209605,"Travel Kits",2021,16244.000000000002
20,"Miscellaneous",2096,"Misc. manufactures",209606,"Buttons",2021,714152
20,"Miscellaneous",2096,"Misc. manufactures",209607,"Zippers",2021,140822
20,"Miscellaneous",2096,"Misc. manufactures",209608,"Pens",2021,176221
20,"Miscellaneous",2096,"Misc. manufactures",209609,"Pencils and Crayons",2021,7741
20,"Miscellaneous",2096,"Misc. manufactures",209610,"Chalkboards",2021,40824
20,"Miscellaneous",2096,"Misc. manufactures",209611,"Rubber Stamps",2021,153
20,"Miscellaneous",2096,"Misc. manufactures",209612,"Ink Ribbons",2021,36826
20,"Miscellaneous",2096,"Misc. manufactures",209613,"Lighters",2021,4130
20,"Miscellaneous",2096,"Misc. manufactures",209614,"Smoking Pipes",2021,526480
20,"Miscellaneous",2096,"Misc. manufactures",209615,"Combs",2021,70413
20,"Miscellaneous",2096,"Misc. manufactures",209616,"Scent Sprays",2021,62846
20,"Miscellaneous",2096,"Misc. manufactures",209617,"Vacuum Flask",2021,59524
20,"Miscellaneous",2096,"Misc. manufactures",209618,"Mannequins",2021,191924
21,"Arts and Antiques",2197,"Art & antiques",219701,"Paintings",2021,7631402
21,"Arts and Antiques",2197,"Art & antiques",219702,"Prints",2021,397935
21,"Arts and Antiques",2197,"Art & antiques",219703,"Sculptures",2021,1247980
21,"Arts and Antiques",2197,"Art & antiques",219704,"Revenue Stamps",2021,6701
21,"Arts and Antiques",2197,"Art & antiques",219705,"Collector's Items",2021,3868839
21,"Arts and Antiques",2197,"Art & antiques",219706,"Antiques",2021,348786