Section ID,Section,HS2 ID,HS2,HS4 ID,HS4,Year,Trade Value
1,"Animal Products",101,"Live animals",10101,"Horses",2021,41084
1,"Animal Products",101,"Live animals",10102,"Bovine",2021,265023
1,"Animal Products",101,"Live animals",10103,"Pigs",2021,158327
1,"Animal Products",101,"Live animals",10105,"Poultry",2021,588
1,"Animal Products",101,"Live animals",10106,"Other Animals",2021,88777
1,"Animal Products",102,"Meat & edible offal",10201,"Bovine Meat",2021,85507
1,"Animal Products",102,"Meat & edible offal",10202,"Frozen Bovine Meat",2021,55577
1,"Animal Products",102,"Meat & edible offal",10203,"Pig Meat",2021,61192
1,"Animal Products",102,"Meat & edible offal",10204,"Sheep and Goat Meat",2021,3197.0000000000005
1,"Animal Products",102,"Meat & edible offal",10206,"Edible Offal",2021,753
1,"Animal Products",102,"Meat & edible offal",10207,"Poultry Meat",2021,11889
1,"Animal Products",102,"Meat & edible offal",10208,"Other Meat",2021,3067
1,"Animal Products",102,"Meat & edible offal",10209,"Animal Fat",2021,4
1,"Animal Products",102,"Meat & edible offal",10210,"Preserved Meat",2021,831
1,"Animal Products",103,"Fish, Crustaceans & Molluscs",10301,"Live Fish",2021,1414298
1,"Animal Products",103,"Fish, Crustaceans & Molluscs",10302,"Non-fillet Fresh Fish",2021,68877547
1,"Animal Products",103,"Fish, Crustaceans & Molluscs",10303,"Non-fillet Frozen Fish",2021,9171334
1,"Animal Products",103,"Fish, Crustaceans & Molluscs",10304,"Fish Fillets",2021,146771160
1,"Animal Products",103,"Fish, Crustaceans & Molluscs",10305,"Dried/Salted/Smoked/Brined Fish",2021,1007344
1,"Animal Products",103,"Fish, Crustaceans & Molluscs",10306,"Crustaceans",2021,305881
1,"Animal Products",103,"Fish, Crustaceans & Molluscs",10307,"Molluscs",2021,317638
1,"Animal Products",104,"Edible products of animal origin, n.e.s.",10401,"Milk",2021,820209
1,"Animal Products",104,"Edible products of animal origin, n.e.s.",10402,"Concentrated Milk",2021,12181
1,"Animal Products",104,"Edible products of animal origin, n.e.s.",10403,"Fermented Milk Products",2021,173650
1,"Animal Products",104,"Edible products of animal origin, n.e.s.",10404,"Whey and other milk products",2021,903.0000000000001
1,"Animal Products",104,"Edible products of animal origin, n.e.s.",10405,"Butter",2021,301518
1,"Animal Products",104,"Edible products of animal origin, n.e.s.",10406,"Cheese",2021,1466860
1,"Animal Products",104,"Edible products of animal origin, n.e.s.",10407,"Eggs",2021,58325
1,"Animal Products",104,"Edible products of animal origin, n.e.s.",10408,"Processed Egg Products",2021,210
1,"Animal Products",104,"Edible products of animal origin, n.e.s.",10409,"Honey",2021,32874
1,"Animal Products",104,"Edible products of animal origin, n.e.s.",10410,"Other Edible Animal Products",2021,180
1,"Animal Products",105,"Animal originated products, n.e.s.",10502,"Pig Hair",2021,30
1,"Animal Products",105,"Animal originated products, n.e.s.",10504,"Animal Organs",2021,61582.99999999999
1,"Animal Products",105,"Animal originated products, n.e.s.",10505,"Bird Feathers and Skins",2021,18.000000000000004
1,"Animal Products",105,"Animal originated products, n.e.s.",10506,"Processed Bones",2021,34
1,"Animal Products",105,"Animal originated products, n.e.s.",10511,"Other Inedible Animal Products",2021,6614.000000000001
2,"Vegetable Products",206,"Live trees, plants, bulbs, cut flowers, & ornamental foliage",20601,"Bulbs and Roots",2021,296551
2,"Vegetable Products",206,"Live trees, plants, bulbs, cut flowers, & ornamental foliage",20602,"Other live plants, cuttings and slips;
mushroom spawn",2021,417492
2,"Vegetable Products",206,"Live trees, plants, bulbs, cut flowers, & ornamental foliage",20603,"Cut Flowers",2021,36662
2,"Vegetable Products",206,"Live trees, plants, bulbs, cut flowers, & ornamental foliage",20604,"Plant foliage",2021,16866.999999999996
2,"Vegetable Products",207,"Edible vegetables, roots, & tubers",20701,"Potatoes",2021,935604.9999999999
2,"Vegetable Products",207,"Edible vegetables, roots, & tubers",20702,"Tomatoes",2021,110774
2,"Vegetable Products",207,"Edible vegetables, roots, & tubers",20703,"Onions",2021,24715
2,"Vegetable Products",207,"Edible vegetables, roots, & tubers",20704,"Cabbages",2021,4232
2,"Vegetable Products",207,"Edible vegetables, roots, & tubers",20705,"Lettuce",2021,71747
2,"Vegetable Products",207,"Edible vegetables, roots, & tubers",20706,"Root Vegetables",2021,32
2,"Vegetable Products",207,"Edible vegetables, roots, & tubers",20707,"Cucumbers",2021,1216
2,"Vegetable Products",207,"Edible vegetables, roots, & tubers",20708,"Legumes",2021,2268
2,"Vegetable Products",207,"Edible vegetables, roots, & tubers",20709,"Other Vegetables",2021,172410
2,"Vegetable Products",207,"Edible vegetables, roots, & tubers",20710,"Frozen Vegetables",2021,129946
2,"Vegetable Products",207,"Edible vegetables, roots, & tubers",20711,"Preserved Vegetables",2021,8202687
2,"Vegetable Products",207,"Edible vegetables, roots, & tubers",20712,"Dried Vegetables",2021,11746
2,"Vegetable Products",207,"Edible vegetables, roots, & tubers",20713,"Dried Legumes",2021,410213
2,"Vegetable Products",207,"Edible vegetables, roots, & tubers",20714,"Cassava",2021,1239
2,"Vegetable Products",208,"Edible fruits, nuts & fruit peels",20801,"Coconuts, Brazil Nuts, and Cashews",2021,3964
2,"Vegetable Products",208,"Edible fruits, nuts & fruit peels",20802,"Other Nuts",2021,72111
2,"Vegetable Products",208,"Edible fruits, nuts & fruit peels",20803,"Bananas",2021,516
2,"Vegetable Products",208,"Edible fruits, nuts & fruit peels",20804,"Tropical Fruits",2021,39101
2,"Vegetable Products",208,"Edible fruits, nuts & fruit peels",20805,"Citrus",2021,215092
2,"Vegetable Products",208,"Edible fruits, nuts & fruit peels",20806,"Grapes",2021,570117
2,"Vegetable Products",208,"Edible fruits, nuts & fruit peels",20807,"Melons",2021,5802
2,"Vegetable Products",208,"Edible fruits, nuts & fruit peels",20808,"Apples and Pears",2021,36287
2,"Vegetable Products",208,"Edible fruits, nuts & fruit peels",20809,"Pitted Fruits",2021,33327.00000000001
2,"Vegetable Products",208,"Edible fruits, nuts & fruit peels",20810,"Other Fruits",2021,80700
2,"Vegetable Products",208,"Edible fruits, nuts & fruit peels",20811,"Frozen Fruits and Nuts",2021,15180
2,"Vegetable Products",208,"Edible fruits, nuts & fruit peels",20812,"Preserved Fruits and Nuts",2021,21536.999999999996
2,"Vegetable Products",208,"Edible fruits, nuts & fruit peels",20813,"Dried Fruits",2021,5727
2,"Vegetable Products",208,"Edible fruits, nuts & fruit peels",20814,"Citrus and Melon Peels",2021,27.999999999999996
2,"Vegetable Products",209,"Coffee, tea, mate & spices",20901,"Coffee",2021,346420
2,"Vegetable Products",209,"Coffee, tea, mate & spices",20902,"Tea",2021,824
2,"Vegetable Products",209,"Coffee, tea, mate & spices",20904,"Pepper",2021,58288
2,"Vegetable Products",209,"Coffee, tea, mate & spices",20905,"Vanilla",2021,19000
2,"Vegetable Products",209,"Coffee, tea, mate & spices",20906,"Cinnamon",2021,1
2,"Vegetable Products",209,"Coffee, tea, mate & spices",20907,"Cloves",2021,13.999999999999998
2,"Vegetable Products",209,"Coffee, tea, mate & spices",20909,"Spice Seeds",2021,12259
2,"Vegetable Products",209,"Coffee, tea, mate & spices",20910,"Spices",2021,1903
2,"Vegetable Products",210,"Cereals",21001,"Wheat",2021,4826
2,"Vegetable Products",210,"Cereals",21002,"Rye",2021,854.0000000000001
2,"Vegetable Products",210,"Cereals",21003,"Barley",2021,1372
2,"Vegetable Products",210,"Cereals",21004,"Oats",2021,53774
2,"Vegetable Products",210,"Cereals",21005,"Corn",2021,5110
2,"Vegetable Products",210,"Cereals",21006,"Rice",2021,257482
2,"Vegetable Products",210,"Cereals",21007,"Sorghum",2021,5495
2,"Vegetable Products",210,"Cereals",21008,"Buckwheat",2021,10229
2,"Vegetable Products",211,"Products of the milling industry",21101,"Wheat Flours",2021,30535
2,"Vegetable Products",211,"Products of the milling industry",21102,"Cereal Flours",2021,619440
2,"Vegetable Products",211,"Products of the milling industry",21103,"Cereal Meal and Pellets",2021,59
2,"Vegetable Products",211,"Products of the milling industry",21104,"Processed Cereals",2021,1647223
2,"Vegetable Products",211,"Products of the milling industry",21105,"Potato Flours",2021,97
2,"Vegetable Products",211,"Products of the milling industry",21106,"Legume Flours",2021,1095876.9999999998
2,"Vegetable Products",211,"Products of the milling industry",21107,"Malt",2021,64567.00000000001
2,"Vegetable Products",211,"Products of the milling industry",21108,"Starches",2021,2695340
2,"Vegetable Products",211,"Products of the milling industry",21109,"Wheat Gluten",2021,5179275
2,"Vegetable Products",212,"Oils seeds, oleaginous fruits, grains, straw & fodder",21201,"Soybeans",2021,19
2,"Vegetable Products",212,"Oils seeds, oleaginous fruits, grains, straw & fodder",21202,"Ground Nuts",2021,75
2,"Vegetable Products",212,"Oils seeds, oleaginous fruits, grains, straw & fodder",21204,"Linseed",2021,1242
2,"Vegetable Products",212,"Oils seeds, oleaginous fruits, grains, straw & fodder",21205,"Rapeseed",2021,86
2,"Vegetable Products",212,"Oils seeds, oleaginous fruits, grains, straw & fodder",21206,"Sunflower Seeds",2021,3574
2,"Vegetable Products",212,"Oils seeds, oleaginous fruits, grains, straw & fodder",21207,"Other Oily Seeds",2021,7106
2,"Vegetable Products",212,"Oils seeds, oleaginous fruits, grains, straw & fodder",21208,"Oil Seed Flower",2021,5
2,"Vegetable Products",212,"Oils seeds, oleaginous fruits, grains, straw & fodder",21209,"Sowing Seeds",2021,621919
2,"Vegetable Products",212,"Oils seeds, oleaginous fruits, grains, straw & fodder",21211,"Perfume Plants",2021,974
2,"Vegetable Products",212,"Oils seeds, oleaginous fruits, grains, straw & fodder",21212,"Locust beans, seaweed, sugar beet, cane, for food",2021,1948
2,"Vegetable Products",212,"Oils seeds, oleaginous fruits, grains, straw & fodder",21213,"Cereal Straws",2021,111.99999999999999
2,"Vegetable Products",212,"Oils seeds, oleaginous fruits, grains, straw & fodder",21214,"Forage Crops",2021,720
2,"Vegetable Products",213,"Natural gums, resins & other vegetable extracts",21301,"Insect Resins",2021,1242
2,"Vegetable Products",213,"Natural gums, resins & other vegetable extracts",21302,"Vegetable Saps",2021,1152623
2,"Vegetable Products",214,"Vegetable plaiting materials & products, n.e.s.",21401,"Vegetable Plaiting Materials",2021,4
2,"Vegetable Products",214,"Vegetable plaiting materials & products, n.e.s.",21404,"Other Vegetable Products",2021,18741
3,"Animal and Vegetable Bi-Products",315,"Animal or vegetable fats, oils, & waxes",31501,"Pig and Poultry Fat",2021,1378
3,"Animal and Vegetable Bi-Products",315,"Animal or vegetable fats, oils, & waxes",31504,"Fish Oil",2021,52963
3,"Animal and Vegetable Bi-Products",315,"Animal or vegetable fats, oils, & waxes",31506,"Other Animal Fats",2021,672.9999999999999
3,"Animal and Vegetable Bi-Products",315,"Animal or vegetable fats, oils, & waxes",31507,"Soybean Oil",2021,25614
3,"Animal and Vegetable Bi-Products",315,"Animal or vegetable fats, oils, & waxes",31508,"Ground Nut Oil",2021,8
3,"Animal and Vegetable Bi-Products",315,"Animal or vegetable fats, oils, & waxes",31509,"Pure Olive Oil",2021,1518
3,"Animal and Vegetable Bi-Products",315,"Animal or vegetable fats, oils, & waxes",31510,"Olive Oil",2021,268
3,"Animal and Vegetable Bi-Products",315,"Animal or vegetable fats, oils, & waxes",31511,"Palm Oil",2021,29
3,"Animal and Vegetable Bi-Products",315,"Animal or vegetable fats, oils, & waxes",31512,"Seed Oils",2021,82400
3,"Animal and Vegetable Bi-Products",315,"Animal or vegetable fats, oils, & waxes",31513,"Coconut Oil",2021,50803.99999999999
3,"Animal and Vegetable Bi-Products",315,"Animal or vegetable fats, oils, & waxes",31514,"Rapeseed Oil",2021,343953
3,"Animal and Vegetable Bi-Products",315,"Animal or vegetable fats, oils, & waxes",31515,"Other Pure Vegetable Oils",2021,3975
3,"Animal and Vegetable Bi-Products",315,"Animal or vegetable fats, oils, & waxes",31516,"Other Vegetable Oils",2021,57552
3,"Animal and Vegetable Bi-Products",315,"Animal or vegetable fats, oils, & waxes",31517,"Margarine",2021,93997
3,"Animal and Vegetable Bi-Products",315,"Animal or vegetable fats, oils, & waxes",31518,"Inedible Fats and Oils",2021,72216
3,"Animal and Vegetable Bi-Products",315,"Animal or vegetable fats, oils, & waxes",31519,"Stearic Acid",2021,323
3,"Animal and Vegetable Bi-Products",315,"Animal or vegetable fats, oils, & waxes",31520,"Glycerol",2021,11105.000000000002
3,"Animal and Vegetable Bi-Products",315,"Animal or vegetable fats, oils, & waxes",31522,"Fat and Oil Residues",2021,20
4,"Foodstuffs",416,"Preparations of fish, crustacenas, & molluscs",41601,"Sausages",2021,29666
4,"Foodstuffs",416,"Preparations of fish, crustacenas, & molluscs",41602,"Other Prepared Meat",2021,930833
4,"Foodstuffs",416,"Preparations of fish, crustacenas, & molluscs",41604,"Processed Fish",2021,546207
4,"Foodstuffs",416,"Preparations of fish, crustacenas, & molluscs",41605,"Processed Crustaceans",2021,265099
4,"Foodstuffs",417,"Sugars & confectioneries",41701,"Raw Sugar",2021,2386640
4,"Foodstuffs",417,"Sugars & confectioneries",41702,"Other Sugars",2021,1991374.0000000002
4,"Foodstuffs",417,"Sugars & confectioneries",41703,"Molasses",2021,158
4,"Foodstuffs",417,"Sugars & confectioneries",41704,"Confectionery Sugar",2021,1323203
4,"Foodstuffs",418,"Cocoa & cocoa preparations",41801,"Cocoa Beans",2021,421.00000000000006
4,"Foodstuffs",418,"Cocoa & cocoa preparations",41802,"Cocoa Shells",2021,180
4,"Foodstuffs",418,"Cocoa & cocoa preparations",41803,"Cocoa Paste",2021,32
4,"Foodstuffs",418,"Cocoa & cocoa preparations",41804,"Cocoa Butter",2021,19
4,"Foodstuffs",418,"Cocoa & cocoa preparations",41805,"Cocoa Powder",2021,73
4,"Foodstuffs",418,"Cocoa & cocoa preparations",41806,"Chocolate",2021,1723865
4,"Foodstuffs",419,"Preparations of cereals, flour, starch or milk",41901,"Malt Extract",2021,15804245
4,"Foodstuffs",419,"Preparations of cereals, flour, starch or milk",41902,"Pasta",2021,1919436
4,"Foodstuffs",419,"Preparations of cereals, flour, starch or milk",41904,"Prepared Cereals",2021,961339
4,"Foodstuffs",419,"Preparations of cereals, flour, starch or milk",41905,"Baked Goods",2021,5700577
4,"Foodstuffs",420,"Preparations of vegetables, fruit, nuts or other plant parts",42001,"Pickled Foods",2021,61630.00000000001
4,"Foodstuffs",420,"Preparations of vegetables, fruit, nuts or other plant parts",42002,"Processed Tomatoes",2021,47767
4,"Foodstuffs",420,"Preparations of vegetables, fruit, nuts or other plant parts",42003,"Processed Mushrooms",2021,2870
4,"Foodstuffs",420,"Preparations of vegetables, fruit, nuts or other plant parts",42004,"Other Frozen Vegetables",2021,6734
4,"Foodstuffs",420,"Preparations of vegetables, fruit, nuts or other plant parts",42005,"Other Processed Vegetables",2021,2976586
4,"Foodstuffs",420,"Preparations of vegetables, fruit, nuts or other plant parts",42007,"Jams",2021,516193
4,"Foodstuffs",420,"Preparations of vegetables, fruit, nuts or other plant parts",42008,"Other Processed Fruits and Nuts",2021,49964
4,"Foodstuffs",420,"Preparations of vegetables, fruit, nuts or other plant parts",42009,"Fruit Juice",2021,452623
4,"Foodstuffs",421,"Miscellaneous edible preparations",42101,"Coffee and Tea Extracts",2021,81363
4,"Foodstuffs",421,"Miscellaneous edible preparations",42102,"Yeast",2021,6793457
4,"Foodstuffs",421,"Miscellaneous edible preparations",42103,"Sauces and Seasonings",2021,4099111
4,"Foodstuffs",421,"Miscellaneous edible preparations",42104,"Soups and Broths",2021,10350
4,"Foodstuffs",421,"Miscellaneous edible preparations",42105,"Ice Cream",2021,661
4,"Foodstuffs",421,"Miscellaneous edible preparations",42106,"Other Edible Preparations",2021,54389261
4,"Foodstuffs",422,"Beverages, spirits, & vinegar",42201,"Water",2021,3042
4,"Foodstuffs",422,"Beverages, spirits, & vinegar",42202,"Flavored Water",2021,4856669
4,"Foodstuffs",422,"Beverages, spirits, & vinegar",42203,"Beer",2021,624419
4,"Foodstuffs",422,"Beverages, spirits, & vinegar",42204,"Wine",2021,962313
4,"Foodstuffs",422,"Beverages, spirits, & vinegar",42205,"Vermouth",2021,477459
4,"Foodstuffs",422,"Beverages, spirits, & vinegar",42206,"Other Fermented Beverages",2021,3719
4,"Foodstuffs",422,"Beverages, spirits, & vinegar",42207,"Alcohol > 80% ABV",2021,124555.99999999999
4,"Foodstuffs",422,"Beverages, spirits, & vinegar",42208,"Hard Liquor",2021,4979744
4,"Foodstuffs",422,"Beverages, spirits, & vinegar",42209,"Vinegar",2021,21402
4,"Foodstuffs",423,"Food residues & wastes; animal fodder",42301,"Animal Meal and Pellets",2021,149
4,"Foodstuffs",423,"Food residues & wastes; animal fodder",42302,"Bran",2021,1178
4,"Foodstuffs",423,"Food residues & wastes; animal fodder",42303,"Starch Residue",2021,52618
4,"Foodstuffs",423,"Food residues & wastes; animal fodder",42304,"Soybean Meal",2021,115
4,"Foodstuffs",423,"Food residues & wastes; animal fodder",42306,"Other Vegetable Residues",2021,1820676
4,"Foodstuffs",423,"Food residues & wastes; animal fodder",42308,"Other Vegetable Residues and Waste",2021,2967
4,"Foodstuffs",423,"Food residues & wastes; animal fodder",42309,"Animal Food",2021,2083225
4,"Foodstuffs",424,"Tobacco & substitutes",42401,"Raw Tobacco",2021,12
4,"Foodstuffs",424,"Tobacco & substitutes",42402,"Rolled Tobacco",2021,338667
4,"Foodstuffs",424,"Tobacco & substitutes",42403,"Processed Tobacco",2021,100808
5,"Mineral Products",525,"Salt, sulphur, cement, lime, stone, & plaster",52501,"Salt",2021,11139
5,"Mineral Products",525,"Salt, sulphur, cement, lime, stone, & plaster",52503,"Sulphur",2021,90936
5,"Mineral Products",525,"Salt, sulphur, cement, lime, stone, & plaster",52505,"Sand",2021,6383
5,"Mineral Products",525,"Salt, sulphur, cement, lime, stone, & plaster",52506,"Quartz",2021,1
5,"Mineral Products",525,"Salt, sulphur, cement, lime, stone, & plaster",52507,"Kaolin",2021,2739
5,"Mineral Products",525,"Salt, sulphur, cement, lime, stone, & plaster",52508,"Clays",2021,15936
5,"Mineral Products",525,"Salt, sulphur, cement, lime, stone, & plaster",52509,"Chalk",2021,12
5,"Mineral Products",525,"Salt, sulphur, cement, lime, stone, & plaster",52511,"Barium Sulphate",2021,2
5,"Mineral Products",525,"Salt, sulphur, cement, lime, stone, & plaster",52513,"Pumice",2021,2
5,"Mineral Products",525,"Salt, sulphur, cement, lime, stone, & plaster",52515,"Marble, Travertine and Alabaster",2021,7637.000000000001
5,"Mineral Products",525,"Salt, sulphur, cement, lime, stone, & plaster",52516,"Granite",2021,2875
5,"Mineral Products",525,"Salt, sulphur, cement, lime, stone, & plaster",52517,"Gravel and Crushed Stone",2021,52785.00000000001
5,"Mineral Products",525,"Salt, sulphur, cement, lime, stone, & plaster",52519,"Magnesium Carbonate",2021,1
5,"Mineral Products",525,"Salt, sulphur, cement, lime, stone, & plaster",52520,"Gypsum",2021,1172052
5,"Mineral Products",525,"Salt, sulphur, cement, lime, stone, & plaster",52521,"Limestone",2021,17
5,"Mineral Products",525,"Salt, sulphur, cement, lime, stone, & plaster",52522,"Quicklime",2021,736
5,"Mineral Products",525,"Salt, sulphur, cement, lime, stone, & plaster",52523,"Cement",2021,68008142
5,"Mineral Products",525,"Salt, sulphur, cement, lime, stone, & plaster",52524,"Asbestos",2021,6.999999999999999
5,"Mineral Products",525,"Salt, sulphur, cement, lime, stone, & plaster",52526,"Soapstone",2021,91
5,"Mineral Products",525,"Salt, sulphur, cement, lime, stone, & plaster",52529,"Feldspar",2021,15
5,"Mineral Products",525,"Salt, sulphur, cement, lime, stone, & plaster",52530,"Other Mineral",2021,206020
5,"Mineral Products",526,"Ores, slag and ash",52601,"Iron Ore",2021,63
5,"Mineral Products",526,"Ores, slag and ash",52607,"Lead Ore",2021,88.00000000000001
5,"Mineral Products",526,"Ores, slag and ash",52608,"Zinc Ore",2021,293487
5,"Mineral Products",526,"Ores, slag and ash",52613,"Molybdenum Ore",2021,67
5,"Mineral Products",526,"Ores, slag and ash",52616,"Precious Metal Ore",2021,2
5,"Mineral Products",526,"Ores, slag and ash",52618,"Granulated Slag",2021,9360550
5,"Mineral Products",526,"Ores, slag and ash",52620,"Non-Iron and Steel Slag, Ash and Residues",2021,15921793
5,"Mineral Products",526,"Ores, slag and ash",52621,"Other Slag and Ash",2021,556006
5,"Mineral Products",527,"Mineral fuels, mineral oils and products of their distillation",52701,"Coal Briquettes",2021,70
5,"Mineral Products",527,"Mineral fuels, mineral oils and products of their distillation",52702,"Lignite",2021,1
5,"Mineral Products",527,"Mineral fuels, mineral oils and products of their distillation",52703,"Peat",2021,20813
5,"Mineral Products",527,"Mineral fuels, mineral oils and products of their distillation",52704,"Coke",2021,39
5,"Mineral Products",527,"Mineral fuels, mineral oils and products of their distillation",52707,"Coal Tar Oil",2021,15910252.999999998
5,"Mineral Products",527,"Mineral fuels, mineral oils and products of their distillation",52708,"Pitch Coke",2021,460
5,"Mineral Products",527,"Mineral fuels, mineral oils and products of their distillation",52709,"Crude Petroleum",2021,87802028
5,"Mineral Products",527,"Mineral fuels, mineral oils and products of their distillation",52710,"Refined Petroleum",2021,1066897601
5,"Mineral Products",527,"Mineral fuels, mineral oils and products of their distillation",52711,"Petroleum Gas",2021,4123044.0000000005
5,"Mineral Products",527,"Mineral fuels, mineral oils and products of their distillation",52712,"Petroleum Jelly",2021,2896
5,"Mineral Products",527,"Mineral fuels, mineral oils and products of their distillation",52713,"Petroleum Coke",2021,374239
5,"Mineral Products",527,"Mineral fuels, mineral oils and products of their distillation",52714,"Bitumen and asphalt",2021,6.999999999999999
5,"Mineral Products",527,"Mineral fuels, mineral oils and products of their distillation",52715,"Asphalt Mixtures",2021,249
5,"Mineral Products",527,"Mineral fuels, mineral oils and products of their distillation",52716,"Electricity",2021,2766424.0000000005
6,"Chemical Products",628,"Inorganic chemicals",62801,"Halogens",2021,26.000000000000004
6,"Chemical Products",628,"Inorganic chemicals",62803,"Carbon",2021,2402
6,"Chemical Products",628,"Inorganic chemicals",62804,"Hydrogen",2021,1626239
6,"Chemical Products",628,"Inorganic chemicals",62805,"Alkali, alkaline-earth, rare-earth metals, scandium, yttrium, and mercury",2021,2
6,"Chemical Products",628,"Inorganic chemicals",62806,"Hydrochloric Acid",2021,48
6,"Chemical Products",628,"Inorganic chemicals",62807,"Sulfuric Acid",2021,102400.99999999999
6,"Chemical Products",628,"Inorganic chemicals",62808,"Nitric Acids",2021,59977
6,"Chemical Products",628,"Inorganic chemicals",62809,"Phosphoric Acid",2021,35
6,"Chemical Products",628,"Inorganic chemicals",62811,"Other Inorganic Acids",2021,81870
6,"Chemical Products",628,"Inorganic chemicals",62812,"Halides",2021,213.00000000000003
6,"Chemical Products",628,"Inorganic chemicals",62814,"Ammonia",2021,3
6,"Chemical Products",628,"Inorganic chemicals",62815,"Sodium or Potassium Peroxides",2021,801
6,"Chemical Products",628,"Inorganic chemicals",62817,"Zinc Oxide and Peroxide",2021,11.000000000000002
6,"Chemical Products",628,"Inorganic chemicals",62818,"Aluminium Oxide",2021,2355
6,"Chemical Products",628,"Inorganic chemicals",62819,"Chromium Oxides and Hydroxides",2021,751
6,"Chemical Products",628,"Inorganic chemicals",62821,"Iron Oxides and Hydroxides",2021,2038
6,"Chemical Products",628,"Inorganic chemicals",62822,"Cobalt Oxides and Hydroxides",2021,30
6,"Chemical Products",628,"Inorganic chemicals",62823,"Titanium Oxides",2021,2950.0000000000005
6,"Chemical Products",628,"Inorganic chemicals",62824,"Lead Oxides",2021,1
6,"Chemical Products",628,"Inorganic chemicals",62825,"Inorganic Salts",2021,4657
6,"Chemical Products",628,"Inorganic chemicals",62826,"Fluorides",2021,76
6,"Chemical Products",628,"Inorganic chemicals",62827,"Chlorides",2021,174467
6,"Chemical Products",628,"Inorganic chemicals",62829,"Chlorates and Perchlorates",2021,2
6,"Chemical Products",628,"Inorganic chemicals",62830,"Sulfides",2021,1
6,"Chemical Products",628,"Inorganic chemicals",62832,"Sulfites",2021,1711
6,"Chemical Products",628,"Inorganic chemicals",62833,"Sulfates",2021,6574874
6,"Chemical Products",628,"Inorganic chemicals",62834,"Nitrites and Nitrates",2021,8463.999999999998
6,"Chemical Products",628,"Inorganic chemicals",62835,"Phosphinates (hypophosphites) and phosphonates (phosphites)",2021,46657
6,"Chemical Products",628,"Inorganic chemicals",62836,"Carbonates",2021,324855
6,"Chemical Products",628,"Inorganic chemicals",62837,"Cyanides",2021,32
6,"Chemical Products",628,"Inorganic chemicals",62839,"Silicates",2021,18721
6,"Chemical Products",628,"Inorganic chemicals",62840,"Borates",2021,5735
6,"Chemical Products",628,"Inorganic chemicals",62841,"Oxometallic or Peroxometallic Acid Salts",2021,31443.999999999996
6,"Chemical Products",628,"Inorganic chemicals",62842,"Other Inorganic Acids Salts",2021,235
6,"Chemical Products",628,"Inorganic chemicals",62843,"Precious Metal Compounds",2021,17045.000000000004
6,"Chemical Products",628,"Inorganic chemicals",62844,"Radioactive Chemicals",2021,9537
6,"Chemical Products",628,"Inorganic chemicals",62845,"Other Isotopes",2021,11.000000000000002
6,"Chemical Products",628,"Inorganic chemicals",62846,"Rare-Earth Metal Compounds",2021,1
6,"Chemical Products",628,"Inorganic chemicals",62847,"Hydrogen peroxide",2021,240
6,"Chemical Products",628,"Inorganic chemicals",62850,"Hydrides and other anions",2021,2257
6,"Chemical Products",628,"Inorganic chemicals",62851,"Inorganic Compounds",2021,8034
6,"Chemical Products",629,"Organic chemicals",62901,"Acyclic Hydrocarbons",2021,5791
6,"Chemical Products",629,"Organic chemicals",62902,"Cyclic Hydrocarbons",2021,369
6,"Chemical Products",629,"Organic chemicals",62903,"Halogenated Hydrocarbons",2021,81336
6,"Chemical Products",629,"Organic chemicals",62904,"Sulfonated, Nitrated or Nitrosated Hydrocarbons",2021,7.999999999999999
6,"Chemical Products",629,"Organic chemicals",62905,"Acyclic alcohol derivatives (halogenated, sulphonated, nitrated)",2021,195757
6,"Chemical Products",629,"Organic chemicals",62906,"Cyclic Alcohols",2021,73980
6,"Chemical Products",629,"Organic chemicals",62907,"Phenols",2021,2003.9999999999998
6,"Chemical Products",629,"Organic chemicals",62908,"Phenol Derivatives",2021,6.999999999999999
6,"Chemical Products",629,"Organic chemicals",62909,"Ethers",2021,23319551
6,"Chemical Products",629,"Organic chemicals",62910,"Epoxides",2021,1966
6,"Chemical Products",629,"Organic chemicals",62912,"Aldehydes, cyclic polymers, and paraformaldehyde",2021,14011
6,"Chemical Products",629,"Organic chemicals",62914,"Ketones and Quinones",2021,148082
6,"Chemical Products",629,"Organic chemicals",62915,"Saturated Acyclic Monocarboxylic Acids",2021,7227
6,"Chemical Products",629,"Organic chemicals",62916,"Unsaturated Acyclic Monocarboxylic Acids",2021,256966
6,"Chemical Products",629,"Organic chemicals",62917,"Polycarboxylic Acids",2021,189564
6,"Chemical Products",629,"Organic chemicals",62918,"Carboxylic Acids",2021,99471
6,"Chemical Products",629,"Organic chemicals",62919,"Phosphoric Esters and Salts",2021,4
6,"Chemical Products",629,"Organic chemicals",62920,"Other Esters",2021,150
6,"Chemical Products",629,"Organic chemicals",62921,"Amine Compounds",2021,2538531
6,"Chemical Products",629,"Organic chemicals",62922,"Oxygen Amino Compounds",2021,3966019.9999999995
6,"Chemical Products",629,"Organic chemicals",62923,"Quaternary Ammonium Salts and Hydroxides",2021,355788
6,"Chemical Products",629,"Organic chemicals",62924,"Carboxyamide Compounds",2021,1263024
6,"Chemical Products",629,"Organic chemicals",62925,"Carboxyimide Compounds",2021,1701057
6,"Chemical Products",629,"Organic chemicals",62926,"Nitrile Compounds",2021,41538
6,"Chemical Products",629,"Organic chemicals",62928,"Hydrazine or Hydroxylamine Derivatives",2021,7509
6,"Chemical Products",629,"Organic chemicals",62929,"Other Nitrogen Compounds",2021,321965
6,"Chemical Products",629,"Organic chemicals",62930,"Organo-Sulfur Compounds",2021,5925106
6,"Chemical Products",629,"Organic chemicals",62931,"Other Organo-Inorganic Compounds",2021,20
6,"Chemical Products",629,"Organic chemicals",62932,"Oxygen Heterocyclic Compounds",2021,1645179
6,"Chemical Products",629,"Organic chemicals",62933,"Nitrogen Heterocyclic Compounds",2021,22897836
6,"Chemical Products",629,"Organic chemicals",62934,"Nucleic Acids",2021,8313354
6,"Chemical Products",629,"Organic chemicals",62935,"Sulfonamides",2021,815903
6,"Chemical Products",629,"Organic chemicals",62936,"Vitamins",2021,42866
6,"Chemical Products",629,"Organic chemicals",62937,"Hormones",2021,20324876
6,"Chemical Products",629,"Organic chemicals",62938,"Glycosides",2021,12402
6,"Chemical Products",629,"Organic chemicals",62939,"Vegetable Alkaloids",2021,243.99999999999997
6,"Chemical Products",629,"Organic chemicals",62940,"Chemically Pure Sugars",2021,2272427
6,"Chemical Products",629,"Organic chemicals",62941,"Antibiotics",2021,9812398
6,"Chemical Products",629,"Organic chemicals",62942,"Other Organic Compounds",2021,1936425
6,"Chemical Products",630,"Pharmaceutical products",63001,"Glands and Other Organs",2021,158
6,"Chemical Products",630,"Pharmaceutical products",63002,"Vaccines, blood, antisera, toxins and cultures",2021,18257912
6,"Chemical Products",630,"Pharmaceutical products",63003,"Unpackaged Medicaments",2021,12258940
6,"Chemical Products",630,"Pharmaceutical products",63004,"Packaged Medicaments",2021,617309636
6,"Chemical Products",630,"Pharmaceutical products",63005,"Bandages",2021,533735
6,"Chemical Products",630,"Pharmaceutical products",63006,"Special Pharmaceuticals",2021,444802.00000000006
6,"Chemical Products",631,"Fertilizers",63101,"Animal or Vegetable Fertilizers",2021,3449
6,"Chemical Products",631,"Fertilizers",63102,"Nitrogenous Fertilizers",2021,80023
6,"Chemical Products",631,"Fertilizers",63104,"Potassic Fertilizers",2021,39011
6,"Chemical Products",631,"Fertilizers",63105,"Mixed Mineral or Chemical Fertilizers",2021,43018
6,"Chemical Products",632,"Paints, dyes, & varnishes",63203,"Vegetable or Animal Dyes",2021,26375
6,"Chemical Products",632,"Paints, dyes, & varnishes",63204,"Synthetic Coloring Matter",2021,254965.99999999997
6,"Chemical Products",632,"Paints, dyes, & varnishes",63205,"Lake Pigments",2021,6
6,"Chemical Products",632,"Paints, dyes, & varnishes",63206,"Other Coloring Matter",2021,288942
6,"Chemical Products",632,"Paints, dyes, & varnishes",63207,"Prepared Pigments",2021,94753
6,"Chemical Products",632,"Paints, dyes, & varnishes",63208,"Nonaqueous Paints",2021,883238
6,"Chemical Products",632,"Paints, dyes, & varnishes",63209,"Aqueous Paints",2021,1718731.9999999998
6,"Chemical Products",632,"Paints, dyes, & varnishes",63210,"Other Paints",2021,176
6,"Chemical Products",632,"Paints, dyes, & varnishes",63211,"Prepared Paint Driers",2021,1
6,"Chemical Products",632,"Paints, dyes, & varnishes",63212,"Nonaqueous Pigments",2021,15910
6,"Chemical Products",632,"Paints, dyes, & varnishes",63213,"Artistry Paints",2021,6619
6,"Chemical Products",632,"Paints, dyes, & varnishes",63214,"Glaziers Putty",2021,94448
6,"Chemical Products",632,"Paints, dyes, & varnishes",63215,"Ink",2021,514279
6,"Chemical Products",633,"Perfumery & cosmetics",63301,"Essential Oils",2021,19830
6,"Chemical Products",633,"Perfumery & cosmetics",63302,"Scented Mixtures",2021,6858799
6,"Chemical Products",633,"Perfumery & cosmetics",63303,"Perfumes",2021,1699871
6,"Chemical Products",633,"Perfumery & cosmetics",63304,"Beauty Products",2021,9238648
6,"Chemical Products",633,"Perfumery & cosmetics",63305,"Hair Products",2021,1787580
6,"Chemical Products",633,"Perfumery & cosmetics",63306,"Dental Products",2021,4033372
6,"Chemical Products",633,"Perfumery & cosmetics",63307,"Shaving Products",2021,660279
6,"Chemical Products",634,"Soap, cleaners, candles, dental, modelling pastes",63401,"Soap",2021,132972
6,"Chemical Products",634,"Soap, cleaners, candles, dental, modelling pastes",63402,"Cleaning Products",2021,1019839
6,"Chemical Products",634,"Soap, cleaners, candles, dental, modelling pastes",63403,"Lubricating Products",2021,245058
6,"Chemical Products",634,"Soap, cleaners, candles, dental, modelling pastes",63404,"Waxes",2021,54348
6,"Chemical Products",634,"Soap, cleaners, candles, dental, modelling pastes",63405,"Polishes and Creams",2021,8254
6,"Chemical Products",634,"Soap, cleaners, candles, dental, modelling pastes",63406,"Candles",2021,89701
6,"Chemical Products",634,"Soap, cleaners, candles, dental, modelling pastes",63407,"Pastes and Waxes",2021,783.9999999999999
6,"Chemical Products",635,"Glues, starches, & albuminoid products",63501,"Casein",2021,523
6,"Chemical Products",635,"Glues, starches, & albuminoid products",63502,"Water Soluble Proteins",2021,9.000000000000002
6,"Chemical Products",635,"Glues, starches, & albuminoid products",63503,"Gelatin",2021,222.00000000000003
6,"Chemical Products",635,"Glues, starches, & albuminoid products",63504,"Peptones",2021,3856
6,"Chemical Products",635,"Glues, starches, & albuminoid products",63505,"Dextrins",2021,2270
6,"Chemical Products",635,"Glues, starches, & albuminoid products",63506,"Glues",2021,611276
6,"Chemical Products",635,"Glues, starches, & albuminoid products",63507,"Enzymes",2021,43449
6,"Chemical Products",636,"Explosives, matches, & fireworks",63604,"Fireworks",2021,47427.00000000001
6,"Chemical Products",636,"Explosives, matches, & fireworks",63606,"Pyrophoric Alloys",2021,16250
6,"Chemical Products",637,"Photo & movie goods",63701,"Photographic Plates",2021,12534
6,"Chemical Products",637,"Photo & movie goods",63702,"Photographic Film",2021,188836
6,"Chemical Products",637,"Photo & movie goods",63703,"Photographic Paper",2021,9353
6,"Chemical Products",637,"Photo & movie goods",63704,"Undeveloped Exposed Photographic Material",2021,73
6,"Chemical Products",637,"Photo & movie goods",63705,"Developed Exposed Photographic Material",2021,293
6,"Chemical Products",637,"Photo & movie goods",63707,"Photographic Chemicals",2021,125585
6,"Chemical Products",638,"Chemical products n.e.s.",63801,"Artificial Graphite",2021,2
6,"Chemical Products",638,"Chemical products n.e.s.",63802,"Activated Carbon",2021,18584
6,"Chemical Products",638,"Chemical products n.e.s.",63803,"Tall Oil",2021,27.000000000000004
6,"Chemical Products",638,"Chemical products n.e.s.",63805,"Turpentine",2021,1
6,"Chemical Products",638,"Chemical products n.e.s.",63806,"Rosin",2021,48
6,"Chemical Products",638,"Chemical products n.e.s.",63807,"Wood Tar, Oils and Pitch",2021,26.000000000000004
6,"Chemical Products",638,"Chemical products n.e.s.",63808,"Pesticides",2021,1276140
6,"Chemical Products",638,"Chemical products n.e.s.",63809,"Dyeing Finishing Agents",2021,10297
6,"Chemical Products",638,"Chemical products n.e.s.",63810,"Metal Pickling Preparations",2021,32020
6,"Chemical Products",638,"Chemical products n.e.s.",63811,"Antiknock",2021,6369.999999999999
6,"Chemical Products",638,"Chemical products n.e.s.",63812,"Prepared Rubber Accelerators",2021,3147
6,"Chemical Products",638,"Chemical products n.e.s.",63813,"Fire Extinguishers Preparations",2021,71251
6,"Chemical Products",638,"Chemical products n.e.s.",63814,"Organic Composite Solvents",2021,9468
6,"Chemical Products",638,"Chemical products n.e.s.",63815,"Reaction and Catalytic Products",2021,3464874
6,"Chemical Products",638,"Chemical products n.e.s.",63816,"Refractory Cements",2021,7501
6,"Chemical Products",638,"Chemical products n.e.s.",63817,"Alkylbenzenes and Alkylnaphthalenes",2021,671.9999999999999
6,"Chemical Products",638,"Chemical products n.e.s.",63818,"Disc Chemicals for Electronics",2021,1591725
6,"Chemical Products",638,"Chemical products n.e.s.",63819,"Hydraulic Brake Fluid",2021,8557
6,"Chemical Products",638,"Chemical products n.e.s.",63820,"Antifreeze",2021,35016
6,"Chemical Products",638,"Chemical products n.e.s.",63821,"Micro-Organism Culture Preparations",2021,49133
6,"Chemical Products",638,"Chemical products n.e.s.",63822,"Laboratory Reagents",2021,2062870
6,"Chemical Products",638,"Chemical products n.e.s.",63823,"Industrial Fatty Acids, Oils and Alcohols",2021,827221
7,"Plastics and Rubbers",739,"Plastics & articles thereof",73901,"Ethylene Polymers",2021,204545
7,"Plastics and Rubbers",739,"Plastics & articles thereof",73902,"Propylene Polymers",2021,501943
7,"Plastics and Rubbers",739,"Plastics & articles thereof",73903,"Styrene Polymers",2021,1946962
7,"Plastics and Rubbers",739,"Plastics & articles thereof",73904,"Vinyl Chloride Polymers",2021,139610
7,"Plastics and Rubbers",739,"Plastics & articles thereof",73905,"Other Vinyl Polymers",2021,26519
7,"Plastics and Rubbers",739,"Plastics & articles thereof",73906,"Acrylic Polymers",2021,418485
7,"Plastics and Rubbers",739,"Plastics & articles thereof",73907,"Polyacetals",2021,4846963
7,"Plastics and Rubbers",739,"Plastics & articles thereof",73908,"Polyamides",2021,1906776
7,"Plastics and Rubbers",739,"Plastics & articles thereof",73909,"Amino-resins",2021,116946.99999999999
7,"Plastics and Rubbers",739,"Plastics & articles thereof",73910,"Silicone",2021,14104
7,"Plastics and Rubbers",739,"Plastics & articles thereof",73911,"Petroleum Resins",2021,15118
7,"Plastics and Rubbers",739,"Plastics & articles thereof",73912,"Cellulose",2021,38118
7,"Plastics and Rubbers",739,"Plastics & articles thereof",73913,"Natural Polymers",2021,90.00000000000001
7,"Plastics and Rubbers",739,"Plastics & articles thereof",73914,"Polymer Ion-Exchangers",2021,89004
7,"Plastics and Rubbers",739,"Plastics & articles thereof",73915,"Scrap Plastic",2021,1815082
7,"Plastics and Rubbers",739,"Plastics & articles thereof",73916,"Monofilament",2021,112905
7,"Plastics and Rubbers",739,"Plastics & articles thereof",73917,"Plastic Pipes",2021,4767264
7,"Plastics and Rubbers",739,"Plastics & articles thereof",73918,"Plastic Floor Coverings",2021,11172
7,"Plastics and Rubbers",739,"Plastics & articles thereof",73919,"Self-adhesive Plastics",2021,22537659
7,"Plastics and Rubbers",739,"Plastics & articles thereof",73920,"Raw Plastic Sheeting",2021,1878648
7,"Plastics and Rubbers",739,"Plastics & articles thereof",73921,"Other Plastic Sheetings",2021,10124430
7,"Plastics and Rubbers",739,"Plastics & articles thereof",73922,"Plastic Wash Basins",2021,160816
7,"Plastics and Rubbers",739,"Plastics & articles thereof",73923,"Plastic Lids",2021,24292962
7,"Plastics and Rubbers",739,"Plastics & articles thereof",73924,"Plastic Housewares",2021,60062
7,"Plastics and Rubbers",739,"Plastics & articles thereof",73925,"Plastic Building Materials",2021,100543
7,"Plastics and Rubbers",739,"Plastics & articles thereof",73926,"Other Plastic Products",2021,40403960
7,"Plastics and Rubbers",740,"Rubber & articles thereof",74001,"Rubber",2021,109686
7,"Plastics and Rubbers",740,"Rubber & articles thereof",74002,"Synthetic Rubber",2021,5062823
7,"Plastics and Rubbers",740,"Rubber & articles thereof",74003,"Reclaimed Rubber",2021,1648
7,"Plastics and Rubbers",740,"Rubber & articles thereof",74004,"Scrap Rubber",2021,41274
7,"Plastics and Rubbers",740,"Rubber & articles thereof",74005,"Compounded Unvulcanised Rubber",2021,12232587
7,"Plastics and Rubbers",740,"Rubber & articles thereof",74006,"Unvulcanised Rubber Products",2021,2893.9999999999995
7,"Plastics and Rubbers",740,"Rubber & articles thereof",74007,"Rubber Thread",2021,27285.999999999996
7,"Plastics and Rubbers",740,"Rubber & articles thereof",74008,"Rubber Sheets",2021,168203
7,"Plastics and Rubbers",740,"Rubber & articles thereof",74009,"Rubber Pipes",2021,173604
7,"Plastics and Rubbers",740,"Rubber & articles thereof",74010,"Rubber Belting",2021,78491
7,"Plastics and Rubbers",740,"Rubber & articles thereof",74011,"Rubber Tires",2021,1916242
7,"Plastics and Rubbers",740,"Rubber & articles thereof",74012,"Used Rubber Tires",2021,15854
7,"Plastics and Rubbers",740,"Rubber & articles thereof",74013,"Rubber Inner Tubes",2021,108
7,"Plastics and Rubbers",740,"Rubber & articles thereof",74014,"Pharmaceutical Rubber Products",2021,360366
7,"Plastics and Rubbers",740,"Rubber & articles thereof",74015,"Rubber Apparel",2021,1396691
7,"Plastics and Rubbers",740,"Rubber & articles thereof",74016,"Other Rubber Products",2021,40776179
7,"Plastics and Rubbers",740,"Rubber & articles thereof",74017,"Hard Rubber",2021,8483
8,"Animal Hides",841,"Raw hides & skin (non-fur)",84101,"Equine and Bovine Hides",2021,14560
8,"Animal Hides",841,"Raw hides & skin (non-fur)",84102,"Sheep Hides",2021,6
8,"Animal Hides",841,"Raw hides & skin (non-fur)",84104,"Tanned Equine and Bovine Hides",2021,165368.99999999997
8,"Animal Hides",841,"Raw hides & skin (non-fur)",84105,"Tanned Sheep Hides",2021,362.00000000000006
8,"Animal Hides",841,"Raw hides & skin (non-fur)",84108,"Chamois Leather",2021,5
8,"Animal Hides",841,"Raw hides & skin (non-fur)",84111,"Leather Sheets",2021,5
8,"Animal Hides",842,"Leather articles",84201,"Saddlery",2021,395333
8,"Animal Hides",842,"Leather articles",84202,"Trunks and Cases",2021,1570089
8,"Animal Hides",842,"Leather articles",84203,"Leather Apparel",2021,226173.99999999997
8,"Animal Hides",842,"Leather articles",84205,"Other Leather Articles",2021,997
8,"Animal Hides",843,"Furskins, articifial fur, & articles",84301,"Raw Furskins",2021,55.99999999999999
8,"Animal Hides",843,"Furskins, articifial fur, & articles",84303,"Furskin Apparel",2021,104511
8,"Animal Hides",843,"Furskins, articifial fur, & articles",84304,"Artificial Fur",2021,562
9,"Wood Products",944,"Wood, wood articles, & charcoal",94401,"Fuel Wood",2021,76548
9,"Wood Products",944,"Wood, wood articles, & charcoal",94402,"Wood Charcoal",2021,125
9,"Wood Products",944,"Wood, wood articles, & charcoal",94403,"Rough Wood",2021,38561
9,"Wood Products",944,"Wood, wood articles, & charcoal",94404,"Wood Stakes",2021,132.00000000000003
9,"Wood Products",944,"Wood, wood articles, & charcoal",94405,"Wood Wool",2021,15
9,"Wood Products",944,"Wood, wood articles, & charcoal",94406,"Railroad Ties",2021,626
9,"Wood Products",944,"Wood, wood articles, & charcoal",94407,"Sawn Wood",2021,1620178
9,"Wood Products",944,"Wood, wood articles, & charcoal",94408,"Veneer Sheets",2021,26720
9,"Wood Products",944,"Wood, wood articles, & charcoal",94409,"Shaped Wood",2021,13259
9,"Wood Products",944,"Wood, wood articles, & charcoal",94410,"Particle Board",2021,20288
9,"Wood Products",944,"Wood, wood articles, & charcoal",94411,"Wood Fiberboard",2021,18402
9,"Wood Products",944,"Wood, wood articles, & charcoal",94412,"Plywood",2021,12937
9,"Wood Products",944,"Wood, wood articles, & charcoal",94413,"Densified Wood",2021,1363.0000000000002
9,"Wood Products",944,"Wood, wood articles, & charcoal",94414,"Wood Frames",2021,26444
9,"Wood Products",944,"Wood, wood articles, & charcoal",94415,"Wood Crates",2021,598292
9,"Wood Products",944,"Wood, wood articles, & charcoal",94416,"Wood Barrels",2021,22092
9,"Wood Products",944,"Wood, wood articles, & charcoal",94417,"Wooden Tool Handles",2021,269
9,"Wood Products",944,"Wood, wood articles, & charcoal",94418,"Wood Carpentry",2021,159950
9,"Wood Products",944,"Wood, wood articles, & charcoal",94419,"Wood Kitchenware",2021,7830
9,"Wood Products",944,"Wood, wood articles, & charcoal",94420,"Wood Ornaments",2021,12920
9,"Wood Products",944,"Wood, wood articles, & charcoal",94421,"Other Wood Articles",2021,24658
9,"Wood Products",945,"Cork & cork articles",94501,"Raw Cork",2021,6
9,"Wood Products",945,"Cork & cork articles",94503,"Natural Cork Articles",2021,90209
9,"Wood Products",945,"Cork & cork articles",94504,"Agglomerated Cork",2021,56474.00000000001
9,"Wood Products",946,"Straw & esparto manufactures",94601,"Plaiting Products",2021,1
9,"Wood Products",946,"Straw & esparto manufactures",94602,"Basketwork",2021,9558
10,"Paper Goods",1047,"Wood pulp & paper scrap",104702,"Dissolving Grades Chemical Woodpulp",2021,4
10,"Paper Goods",1047,"Wood pulp & paper scrap",104703,"Sulfate Chemical Woodpulp",2021,438
10,"Paper Goods",1047,"Wood pulp & paper scrap",104705,"Semi chemical Woodpulp",2021,81.99999999999999
10,"Paper Goods",1047,"Wood pulp & paper scrap",104706,"Recovered Paper Pulp",2021,618
10,"Paper Goods",1047,"Wood pulp & paper scrap",104707,"Recovered Paper",2021,6337825
10,"Paper Goods",1048,"Paper articles",104801,"Newsprint",2021,66724
10,"Paper Goods",1048,"Paper articles",104802,"Uncoated Paper",2021,1033176.0000000001
10,"Paper Goods",1048,"Paper articles",104803,"Tissue",2021,5536
10,"Paper Goods",1048,"Paper articles",104804,"Kraft Paper",2021,45424
10,"Paper Goods",1048,"Paper articles",104805,"Other Uncoated Paper",2021,130080
10,"Paper Goods",1048,"Paper articles",104806,"Vegetable Parchment",2021,3357
10,"Paper Goods",1048,"Paper articles",104807,"Composite Paper",2021,11498
10,"Paper Goods",1048,"Paper articles",104808,"Corrugated Paper",2021,9817.000000000002
10,"Paper Goods",1048,"Paper articles",104809,"Carbon Paper",2021,2043
10,"Paper Goods",1048,"Paper articles",104810,"Kaolin Coated Paper",2021,317389
10,"Paper Goods",1048,"Paper articles",104811,"Cellulose Fibers Paper",2021,450208
10,"Paper Goods",1048,"Paper articles",104812,"Paper Pulp Filter Blocks",2021,443
10,"Paper Goods",1048,"Paper articles",104813,"Cigarette Paper",2021,430373
10,"Paper Goods",1048,"Paper articles",104814,"Wallpaper",2021,3228
10,"Paper Goods",1048,"Paper articles",104816,"Other Carbon Paper",2021,5676
10,"Paper Goods",1048,"Paper articles",104817,"Letter Stock",2021,50055
10,"Paper Goods",1048,"Paper articles",104818,"Toilet Paper",2021,3746299
10,"Paper Goods",1048,"Paper articles",104819,"Paper Containers",2021,940445
10,"Paper Goods",1048,"Paper articles",104820,"Paper Notebooks",2021,6520
10,"Paper Goods",1048,"Paper articles",104821,"Paper Labels",2021,22981397
10,"Paper Goods",1048,"Paper articles",104822,"Paper Spools",2021,7411
10,"Paper Goods",1048,"Paper articles",104823,"Shaped Paper",2021,806272
10,"Paper Goods",1049,"Books, newspapers, & other prints",104901,"Brochures",2021,919714
10,"Paper Goods",1049,"Books, newspapers, & other prints",104902,"Newspapers",2021,11314
10,"Paper Goods",1049,"Books, newspapers, & other prints",104903,"Children's Picture Books",2021,285046
10,"Paper Goods",1049,"Books, newspapers, & other prints",104904,"Sheet Music",2021,44677
10,"Paper Goods",1049,"Books, newspapers, & other prints",104905,"Maps",2021,407
10,"Paper Goods",1049,"Books, newspapers, & other prints",104906,"Architectural Plans",2021,3622
10,"Paper Goods",1049,"Books, newspapers, & other prints",104907,"Documents of title (bonds etc) and unused stamps",2021,282511893
10,"Paper Goods",1049,"Books, newspapers, & other prints",104908,"Decals",2021,81970
10,"Paper Goods",1049,"Books, newspapers, & other prints",104909,"Postcards",2021,2723.9999999999995
10,"Paper Goods",1049,"Books, newspapers, & other prints",104910,"Calendars",2021,323
10,"Paper Goods",1049,"Books, newspapers, & other prints",104911,"Other Printed Material",2021,18781576
11,"Textiles",1150,"Silk",115001,"Silk-worm Cocoons",2021,1
11,"Textiles",1150,"Silk",115002,"Raw Silk",2021,5650
11,"Textiles",1150,"Silk",115004,"Non-Retail Silk Yarn",2021,71096
11,"Textiles",1150,"Silk",115005,"Silk Waste Yarn",2021,290
11,"Textiles",1150,"Silk",115006,"Retail Silk Yarn",2021,202843
11,"Textiles",1150,"Silk",115007,"Silk Fabrics",2021,2497
11,"Textiles",1151,"Wool & animal hair",115105,"Prepared Wool or Animal Hair",2021,30
11,"Textiles",1151,"Wool & animal hair",115109,"Retail Wool or Animal Hair Yarn",2021,6064
11,"Textiles",1151,"Wool & animal hair",115111,"Carded Wool or Animal Hair Fabric",2021,2
11,"Textiles",1151,"Wool & animal hair",115112,"Combed Wool or Animal Hair Fabric",2021,47781
11,"Textiles",1152,"Cotton",115201,"Raw Cotton",2021,2
11,"Textiles",1152,"Cotton",115203,"Prepared Cotton",2021,4
11,"Textiles",1152,"Cotton",115204,"Cotton Sewing Thread",2021,681
11,"Textiles",1152,"Cotton",115207,"Retail Cotton Yarn",2021,894
11,"Textiles",1152,"Cotton",115208,"Light Pure Woven Cotton",2021,196419
11,"Textiles",1152,"Cotton",115209,"Heavy Pure Woven Cotton",2021,165520.00000000003
11,"Textiles",1152,"Cotton",115210,"Light Mixed Woven Cotton",2021,258
11,"Textiles",1152,"Cotton",115211,"Heavy Mixed Woven Cotton",2021,11.000000000000002
11,"Textiles",1152,"Cotton",115212,"Other Cotton Fabrics",2021,2894
11,"Textiles",1153,"Vegetable textile fibers, paper yarn & fabrics",115301,"Flax Fibers",2021,443
11,"Textiles",1153,"Vegetable textile fibers, paper yarn & fabrics",115302,"Hemp Fibers",2021,780.9999999999999
11,"Textiles",1153,"Vegetable textile fibers, paper yarn & fabrics",115309,"Flax Woven Fabric",2021,20623
11,"Textiles",1153,"Vegetable textile fibers, paper yarn & fabrics",115310,"Jute Woven Fabric",2021,13
11,"Textiles",1153,"Vegetable textile fibers, paper yarn & fabrics",115311,"Other Vegetable Fibers Fabric",2021,8497
11,"Textiles",1154,"Man-made filaments",115401,"Artificial Filament Sewing Thread",2021,14207
11,"Textiles",1154,"Man-made filaments",115402,"Non-Retail Synthetic Filament Yarn",2021,686726
11,"Textiles",1154,"Man-made filaments",115403,"Non-Retail Artificial Filament Yarn",2021,140786
11,"Textiles",1154,"Man-made filaments",115404,"Synthetic Monofilament",2021,7598
11,"Textiles",1154,"Man-made filaments",115406,"Retail Artificial Filament Yarn",2021,35251
11,"Textiles",1154,"Man-made filaments",115407,"Synthetic Filament Yarn Woven Fabric",2021,3693776
11,"Textiles",1154,"Man-made filaments",115408,"Artificial Filament Yarn Woven Fabric",2021,182357
11,"Textiles",1155,"Man-made staple fibres",115501,"Synthetic Filament Tow",2021,595
11,"Textiles",1155,"Man-made staple fibres",115505,"Artificial Fibers Waste",2021,79015
11,"Textiles",1155,"Man-made staple fibres",115506,"Processed Synthetic Staple Fibers",2021,3
11,"Textiles",1155,"Man-made staple fibres",115509,"Non-Retail Synthetic Staple Fibers Yarn",2021,4388
11,"Textiles",1155,"Man-made staple fibres",115511,"Retail Artificial Staple Fibers Yarn",2021,452
11,"Textiles",1155,"Man-made staple fibres",115512,"Synthetic Fabrics",2021,35819
11,"Textiles",1155,"Man-made staple fibres",115514,"Heavy Synthetic Cotton Fabrics",2021,2841
11,"Textiles",1155,"Man-made staple fibres",115515,"Other Synthetic Fabrics",2021,417
11,"Textiles",1155,"Man-made staple fibres",115516,"Woven Fabric of Synthetic Staple Fibers",2021,17544
11,"Textiles",1156,"Wadding, felt, nonwovens, twin, ropes, & articles thereof",115601,"Wadding",2021,123
11,"Textiles",1156,"Wadding, felt, nonwovens, twin, ropes, & articles thereof",115602,"Felt",2021,9918
11,"Textiles",1156,"Wadding, felt, nonwovens, twin, ropes, & articles thereof",115603,"Non-woven Textiles",2021,199118
11,"Textiles",1156,"Wadding, felt, nonwovens, twin, ropes, & articles thereof",115604,"Rubber Textiles",2021,76
11,"Textiles",1156,"Wadding, felt, nonwovens, twin, ropes, & articles thereof",115606,"Gimp Yarn",2021,5
11,"Textiles",1156,"Wadding, felt, nonwovens, twin, ropes, & articles thereof",115607,"Twine and Rope",2021,79869
11,"Textiles",1156,"Wadding, felt, nonwovens, twin, ropes, & articles thereof",115608,"Twine, cordage or rope; knotted netting, made up fishing nets and other made up nets, of textile materials",2021,88392
11,"Textiles",1156,"Wadding, felt, nonwovens, twin, ropes, & articles thereof",115609,"Other Articles of Twine and Rope",2021,153298
11,"Textiles",1157,"Carpets & textile floor covers",115701,"Knotted Carpets",2021,5260
11,"Textiles",1157,"Carpets & textile floor covers",115702,"Hand-Woven Rugs",2021,111123
11,"Textiles",1157,"Carpets & textile floor covers",115703,"Tufted Carpets",2021,9131
11,"Textiles",1157,"Carpets & textile floor covers",115704,"Felt Carpets",2021,22042
11,"Textiles",1157,"Carpets & textile floor covers",115705,"Other Carpets",2021,78784
11,"Textiles",1158,"Special woven fabrics and tapestries",115801,"Woven Fabrics",2021,24662
11,"Textiles",1158,"Special woven fabrics and tapestries",115802,"Terry Fabric",2021,144.00000000000003
11,"Textiles",1158,"Special woven fabrics and tapestries",115803,"Gauze",2021,1
11,"Textiles",1158,"Special woven fabrics and tapestries",115804,"Tulles and Net Fabric",2021,2231
11,"Textiles",1158,"Special woven fabrics and tapestries",115805,"Hand-Woven Tapestries",2021,5322
11,"Textiles",1158,"Special woven fabrics and tapestries",115806,"Narrow Woven Fabric",2021,13704
11,"Textiles",1158,"Special woven fabrics and tapestries",115807,"Labels",2021,43596
11,"Textiles",1158,"Special woven fabrics and tapestries",115808,"Ornamental Trimmings",2021,892
11,"Textiles",1158,"Special woven fabrics and tapestries",115809,"Metallic Fabric",2021,72.00000000000001
11,"Textiles",1158,"Special woven fabrics and tapestries",115810,"Embroidery",2021,21
11,"Textiles",1158,"Special woven fabrics and tapestries",115811,"Quilted Textiles",2021,48
11,"Textiles",1159,"Coated, covered, & laminated fabrics for industrial use",115901,"Gum Coated Textile Fabric",2021,19835
11,"Textiles",1159,"Coated, covered, & laminated fabrics for industrial use",115902,"Polyamide Fabric",2021,446
11,"Textiles",1159,"Coated, covered, & laminated fabrics for industrial use",115903,"Plastic Coated Textile Fabric",2021,31301
11,"Textiles",1159,"Coated, covered, & laminated fabrics for industrial use",115904,"Linoleum",2021,87
11,"Textiles",1159,"Coated, covered, & laminated fabrics for industrial use",115905,"Textile Wall Coverings",2021,77314
11,"Textiles",1159,"Coated, covered, & laminated fabrics for industrial use",115906,"Rubber Textile Fabric",2021,118681
11,"Textiles",1159,"Coated, covered, & laminated fabrics for industrial use",115907,"Coated Textile Fabric",2021,5592.000000000001
11,"Textiles",1159,"Coated, covered, & laminated fabrics for industrial use",115908,"Textile Wicks",2021,18
11,"Textiles",1159,"Coated, covered, & laminated fabrics for industrial use",115909,"Hose Piping Textiles",2021,90.99999999999999
11,"Textiles",1159,"Coated, covered, & laminated fabrics for industrial use",115910,"Conveyor Belt Textiles",2021,2333.0000000000005
11,"Textiles",1159,"Coated, covered, & laminated fabrics for industrial use",115911,"Textiles for technical uses",2021,22165
11,"Textiles",1160,"Knitted fabrics",116001,"Pile Fabric",2021,1732950
11,"Textiles",1160,"Knitted fabrics",116002,"Light Rubberized Knitted Fabric",2021,31262231.999999996
11,"Textiles",1161,"Knitted clothing accesories",116101,"Knit Men's Coats",2021,421189
11,"Textiles",1161,"Knitted clothing accesories",116102,"Knit Women's Coats",2021,207127
11,"Textiles",1161,"Knitted clothing accesories",116103,"Knit Men's Suits",2021,7986088
11,"Textiles",1161,"Knitted clothing accesories",116104,"Knit Women's Suits",2021,3440221
11,"Textiles",1161,"Knitted clothing accesories",116105,"Knit Men's Shirts",2021,114416
11,"Textiles",1161,"Knitted clothing accesories",116106,"Knit Women's Shirts",2021,1215532
11,"Textiles",1161,"Knitted clothing accesories",116107,"Knit Men's Undergarments",2021,242442
11,"Textiles",1161,"Knitted clothing accesories",116108,"Knit Women's Undergarments",2021,63925
11,"Textiles",1161,"Knitted clothing accesories",116109,"Knit T-shirts",2021,9685689
11,"Textiles",1161,"Knitted clothing accesories",116110,"Knit Sweaters",2021,4505102
11,"Textiles",1161,"Knitted clothing accesories",116111,"Knit Babies' Garments",2021,125094
11,"Textiles",1161,"Knitted clothing accesories",116112,"Knit Active Wear",2021,189838
11,"Textiles",1161,"Knitted clothing accesories",116113,"Garments of Impregnated Fabric",2021,1632645
11,"Textiles",1161,"Knitted clothing accesories",116114,"Other Knit Garments",2021,755159
11,"Textiles",1161,"Knitted clothing accesories",116115,"Knit Socks and Hosiery",2021,130116
11,"Textiles",1161,"Knitted clothing accesories",116116,"Knit Gloves",2021,226658
11,"Textiles",1161,"Knitted clothing accesories",116117,"Other Knit Clothing Accessories",2021,21062
11,"Textiles",1162,"Non-knitted clothing accesories",116201,"Non-Knit Men's Coats",2021,467090
11,"Textiles",1162,"Non-knitted clothing accesories",116202,"Non-Knit Women's Coats",2021,276522
11,"Textiles",1162,"Non-knitted clothing accesories",116203,"Non-Knit Men's Suits",2021,4286135
11,"Textiles",1162,"Non-knitted clothing accesories",116204,"Non-Knit Women's Suits",2021,2697768
11,"Textiles",1162,"Non-knitted clothing accesories",116205,"Non-Knit Men's Shirts",2021,483445
11,"Textiles",1162,"Non-knitted clothing accesories",116206,"Non-Knit Women's Shirts",2021,1433282
11,"Textiles",1162,"Non-knitted clothing accesories",116207,"Non-Knit Men's Undergarments",2021,30956
11,"Textiles",1162,"Non-knitted clothing accesories",116208,"Non-Knit Women's Undergarments",2021,396040
11,"Textiles",1162,"Non-knitted clothing accesories",116209,"Non-Knit Babies' Garments",2021,179586
11,"Textiles",1162,"Non-knitted clothing accesories",116210,"Felt or Coated Fabric Garments",2021,1668506
11,"Textiles",1162,"Non-knitted clothing accesories",116211,"Non-Knit Active Wear",2021,2188532
11,"Textiles",1162,"Non-knitted clothing accesories",116212,"Other Women's Undergarments",2021,298582
11,"Textiles",1162,"Non-knitted clothing accesories",116213,"Handkerchiefs",2021,5856.999999999999
11,"Textiles",1162,"Non-knitted clothing accesories",116214,"Scarves",2021,50164
11,"Textiles",1162,"Non-knitted clothing accesories",116215,"Neck Ties",2021,12823
11,"Textiles",1162,"Non-knitted clothing accesories",116216,"Non-Knit Gloves",2021,20882.000000000004
11,"Textiles",1162,"Non-knitted clothing accesories",116217,"Other Non-Knit Clothing Accessories",2021,126568
11,"Textiles",1163,"Used clothes & textile articles",116301,"Blankets",2021,10250
11,"Textiles",1163,"Used clothes & textile articles",116302,"House Linens",2021,146279
11,"Textiles",1163,"Used clothes & textile articles",116303,"Window Dressings",2021,417827
11,"Textiles",1163,"Used clothes & textile articles",116304,"Bedspreads",2021,30961
11,"Textiles",1163,"Used clothes & textile articles",116305,"Packing Bags",2021,22635
11,"Textiles",1163,"Used clothes & textile articles",116306,"Awnings, Tents, and Sails",2021,32952
11,"Textiles",1163,"Used clothes & textile articles",116307,"Other Cloth Articles",2021,2131968
11,"Textiles",1163,"Used clothes & textile articles",116308,"Packaged Sewing Sets",2021,77730
11,"Textiles",1163,"Used clothes & textile articles",116309,"Used Clothing",2021,1951279
11,"Textiles",1163,"Used clothes & textile articles",116310,"Textile Scraps",2021,597
12,"Footwear and Headwear",1264,"Footwear",126401,"Waterproof Footwear",2021,82563
12,"Footwear and Headwear",1264,"Footwear",126402,"Rubber Footwear",2021,1675913
12,"Footwear and Headwear",1264,"Footwear",126403,"Leather Footwear",2021,5625255
12,"Footwear and Headwear",1264,"Footwear",126404,"Textile Footwear",2021,5432743
12,"Footwear and Headwear",1264,"Footwear",126405,"Other Footwear",2021,138070.00000000003
12,"Footwear and Headwear",1264,"Footwear",126406,"Footwear Parts",2021,14182
12,"Footwear and Headwear",1265,"Headgear",126502,"Hat Shapes",2021,1351.9999999999998
12,"Footwear and Headwear",1265,"Headgear",126504,"Hats",2021,945039
12,"Footwear and Headwear",1265,"Headgear",126505,"Knitted Hats",2021,95566
12,"Footwear and Headwear",1265,"Headgear",126506,"Other Headwear",2021,1161059
12,"Footwear and Headwear",1265,"Headgear",126507,"Headbands and Linings",2021,6683.000000000001
12,"Footwear and Headwear",1266,"Umbrellas, walking sticks, & whips",126601,"Umbrellas",2021,554312
12,"Footwear and Headwear",1266,"Umbrellas, walking sticks, & whips",126602,"Walking Sticks",2021,1467
12,"Footwear and Headwear",1266,"Umbrellas, walking sticks, & whips",126603,"Umbrella and Walking Stick Accessories",2021,64328
12,"Footwear and Headwear",1267,"Feather articles, feathers, artificial flowers, & articles of human hair",126701,"Bird Skins and Feathers",2021,1
12,"Footwear and Headwear",1267,"Feather articles, feathers, artificial flowers, & articles of human hair",126702,"Artificial Vegetation",2021,11009
12,"Footwear and Headwear",1267,"Feather articles, feathers, artificial flowers, & articles of human hair",126703,"Processed Hair",2021,660.9999999999999
12,"Footwear and Headwear",1267,"Feather articles, feathers, artificial flowers, & articles of human hair",126704,"Fake Hair",2021,3471
13,"Stone And Glass",1368,"Stone, plaster, cement, asbestos, mica.",136801,"Curbstones",2021,3748
13,"Stone And Glass",1368,"Stone, plaster, cement, asbestos, mica.",136802,"Building Stone",2021,104594
13,"Stone And Glass",1368,"Stone, plaster, cement, asbestos, mica.",136803,"Worked Slate",2021,6
13,"Stone And Glass",1368,"Stone, plaster, cement, asbestos, mica.",136804,"Milling Stones",2021,71183
13,"Stone And Glass",1368,"Stone, plaster, cement, asbestos, mica.",136805,"Abrasive Powder",2021,11890
13,"Stone And Glass",1368,"Stone, plaster, cement, asbestos, mica.",136806,"Rock Wool",2021,13898.999999999998
13,"Stone And Glass",1368,"Stone, plaster, cement, asbestos, mica.",136807,"Asphalt",2021,676
13,"Stone And Glass",1368,"Stone, plaster, cement, asbestos, mica.",136808,"Vegetable Fiber",2021,396
13,"Stone And Glass",1368,"Stone, plaster, cement, asbestos, mica.",136809,"Plaster Articles",2021,20702
13,"Stone And Glass",1368,"Stone, plaster, cement, asbestos, mica.",136810,"Cement Articles",2021,28078
13,"Stone And Glass",1368,"Stone, plaster, cement, asbestos, mica.",136811,"Asbestos Cement Articles",2021,66
13,"Stone And Glass",1368,"Stone, plaster, cement, asbestos, mica.",136812,"Asbestos Fibres",2021,207342
13,"Stone And Glass",1368,"Stone, plaster, cement, asbestos, mica.",136813,"Friction Material",2021,862
13,"Stone And Glass",1368,"Stone, plaster, cement, asbestos, mica.",136814,"Processed Mica",2021,21
13,"Stone And Glass",1368,"Stone, plaster, cement, asbestos, mica.",136815,"Other Stone Articles",2021,104160
13,"Stone And Glass",1369,"Ceramic products",136901,"Bricks",2021,92
13,"Stone And Glass",1369,"Ceramic products",136902,"Refractory Bricks",2021,411.00000000000006
13,"Stone And Glass",1369,"Ceramic products",136903,"Refractory Ceramics",2021,29.000000000000007
13,"Stone And Glass",1369,"Ceramic products",136904,"Ceramic Bricks",2021,45
13,"Stone And Glass",1369,"Ceramic products",136905,"Roofing Tiles",2021,204
13,"Stone And Glass",1369,"Ceramic products",136906,"Ceramic Pipes",2021,4556
13,"Stone And Glass",1369,"Ceramic products",136907,"Unglazed Ceramics",2021,957425
13,"Stone And Glass",1369,"Ceramic products",136909,"Laboratory Ceramic Ware",2021,16597
13,"Stone And Glass",1369,"Ceramic products",136910,"Bathroom Ceramics",2021,63999
13,"Stone And Glass",1369,"Ceramic products",136911,"Porcelain Tableware",2021,10907
13,"Stone And Glass",1369,"Ceramic products",136912,"Ceramic Tableware",2021,98040
13,"Stone And Glass",1369,"Ceramic products",136913,"Ornamental Ceramics",2021,359194
13,"Stone And Glass",1369,"Ceramic products",136914,"Other Ceramic Articles",2021,43542
13,"Stone And Glass",1370,"Glass & glassware",137001,"Glass Scraps",2021,249758
13,"Stone And Glass",1370,"Glass & glassware",137002,"Glass Balls",2021,2072821
13,"Stone And Glass",1370,"Glass & glassware",137003,"Cast or Rolled Glass",2021,67
13,"Stone And Glass",1370,"Glass & glassware",137005,"Float Glass",2021,490.00000000000006
13,"Stone And Glass",1370,"Glass & glassware",137006,"Glass with Edge Workings",2021,604
13,"Stone And Glass",1370,"Glass & glassware",137007,"Safety Glass",2021,28926
13,"Stone And Glass",1370,"Glass & glassware",137008,"Insulating Glass",2021,2373
13,"Stone And Glass",1370,"Glass & glassware",137009,"Glass Mirrors",2021,1921778.9999999998
13,"Stone And Glass",1370,"Glass & glassware",137010,"Glass Bottles",2021,443409
13,"Stone And Glass",1370,"Glass & glassware",137011,"Glass Bulbs",2021,1878326
13,"Stone And Glass",1370,"Glass & glassware",137013,"Interior Decorative Glassware",2021,66484
13,"Stone And Glass",1370,"Glass & glassware",137014,"Signaling Glassware",2021,15886
13,"Stone And Glass",1370,"Glass & glassware",137015,"Eyewear and Clock Glass",2021,3646
13,"Stone And Glass",1370,"Glass & glassware",137016,"Glass Bricks",2021,9217
13,"Stone And Glass",1370,"Glass & glassware",137017,"Laboratory Glassware",2021,14089
13,"Stone And Glass",1370,"Glass & glassware",137018,"Glass Beads",2021,9119
13,"Stone And Glass",1370,"Glass & glassware",137019,"Glass Fibers",2021,21984
13,"Stone And Glass",1370,"Glass & glassware",137020,"Other Glass Articles",2021,1484721
14,"Precious Metals",1471,"Precious stones, metals, & pearls",147101,"Pearls",2021,878
14,"Precious Metals",1471,"Precious stones, metals, & pearls",147102,"Diamonds",2021,337493
14,"Precious Metals",1471,"Precious stones, metals, & pearls",147103,"Precious Stones",2021,10498
14,"Precious Metals",1471,"Precious stones, metals, & pearls",147104,"Synthetic Reconstructed Jewellery Stones",2021,244
14,"Precious Metals",1471,"Precious stones, metals, & pearls",147105,"Precious Stone Dust",2021,49304.99999999999
14,"Precious Metals",1471,"Precious stones, metals, & pearls",147106,"Silver",2021,88252
14,"Precious Metals",1471,"Precious stones, metals, & pearls",147107,"Silver Clad Metals",2021,594
14,"Precious Metals",1471,"Precious stones, metals, & pearls",147108,"Gold",2021,1871621
14,"Precious Metals",1471,"Precious stones, metals, & pearls",147109,"Gold Clad Metals",2021,25306
14,"Precious Metals",1471,"Precious stones, metals, & pearls",147110,"Platinum",2021,22484
14,"Precious Metals",1471,"Precious stones, metals, & pearls",147112,"Precious Metal Scraps",2021,13947358
14,"Precious Metals",1471,"Precious stones, metals, & pearls",147113,"Jewellery",2021,10097325
14,"Precious Metals",1471,"Precious stones, metals, & pearls",147114,"Metal-Clad Products",2021,14760
14,"Precious Metals",1471,"Precious stones, metals, & pearls",147115,"Other Precious Metal Products",2021,721465
14,"Precious Metals",1471,"Precious stones, metals, & pearls",147116,"Pearl Products",2021,1783150
14,"Precious Metals",1471,"Precious stones, metals, & pearls",147117,"Imitation Jewellery",2021,191719
14,"Precious Metals",1471,"Precious stones, metals, & pearls",147118,"Coin",2021,86213
15,"Metals",1572,"Iron & steel",157202,"Ferroalloys",2021,5526564
15,"Metals",1572,"Iron & steel",157204,"Scrap Iron",2021,52382685
15,"Metals",1572,"Iron & steel",157205,"Iron Powder",2021,83
15,"Metals",1572,"Iron & steel",157206,"Iron Ingots",2021,32
15,"Metals",1572,"Iron & steel",157207,"Semi-Finished Iron",2021,1958
15,"Metals",1572,"Iron & steel",157208,"Hot-Rolled Iron",2021,191637
15,"Metals",1572,"Iron & steel",157209,"Cold-Rolled Iron",2021,152466
15,"Metals",1572,"Iron & steel",157210,"Coated Flat-Rolled Iron",2021,713285
15,"Metals",1572,"Iron & steel",157211,"Large Flat-Rolled Iron",2021,14395.999999999998
15,"Metals",1572,"Iron & steel",157212,"Large Coated Flat-Rolled Iron",2021,79798
15,"Metals",1572,"Iron & steel",157213,"Hot-Rolled Iron Bars",2021,61831
15,"Metals",1572,"Iron & steel",157214,"Raw Iron Bars",2021,205
15,"Metals",1572,"Iron & steel",157215,"Other Iron Bars",2021,3041
15,"Metals",1572,"Iron & steel",157216,"Iron Blocks",2021,56023
15,"Metals",1572,"Iron & steel",157217,"Iron Wire",2021,29322
15,"Metals",1572,"Iron & steel",157218,"Stainless Steel Ingots",2021,4856
15,"Metals",1572,"Iron & steel",157219,"Large Flat-Rolled Stainless Steel",2021,37359
15,"Metals",1572,"Iron & steel",157220,"Flat-Rolled Stainless Steel",2021,905
15,"Metals",1572,"Iron & steel",157221,"Hot-Rolled Stainless Steel Bars",2021,98
15,"Metals",1572,"Iron & steel",157222,"Other Stainless Steel Bars",2021,14016.999999999998
15,"Metals",1572,"Iron & steel",157223,"Stainless Steel Wire",2021,7328
15,"Metals",1572,"Iron & steel",157224,"Steel Ingots",2021,1659
15,"Metals",1572,"Iron & steel",157225,"Flat Flat-Rolled Steel",2021,3585
15,"Metals",1572,"Iron & steel",157226,"Flat-Rolled Iron",2021,2267
15,"Metals",1572,"Iron & steel",157227,"Steel Bars",2021,114
15,"Metals",1572,"Iron & steel",157228,"Other Steel Bars",2021,41678
15,"Metals",1572,"Iron & steel",157229,"Steel Wire",2021,3300
15,"Metals",1573,"Iron/Steel Articles",157301,"Iron Sheet Piling",2021,15605.000000000002
15,"Metals",1573,"Iron/Steel Articles",157302,"Iron Railway Products",2021,1681
15,"Metals",1573,"Iron/Steel Articles",157303,"Cast Iron Pipes",2021,1106
15,"Metals",1573,"Iron/Steel Articles",157304,"Iron Pipes",2021,359979
15,"Metals",1573,"Iron/Steel Articles",157305,"Other Large Iron Pipes",2021,857
15,"Metals",1573,"Iron/Steel Articles",157306,"Other Small Iron Pipes",2021,158403
15,"Metals",1573,"Iron/Steel Articles",157307,"Iron Pipe Fittings",2021,378030
15,"Metals",1573,"Iron/Steel Articles",157308,"Iron Structures",2021,488615
15,"Metals",1573,"Iron/Steel Articles",157309,"Large Iron Containers",2021,49547.99999999999
15,"Metals",1573,"Iron/Steel Articles",157310,"Small Iron Containers",2021,643356
15,"Metals",1573,"Iron/Steel Articles",157311,"Iron Gas Containers",2021,226504
15,"Metals",1573,"Iron/Steel Articles",157312,"Stranded Iron Wire",2021,69532
15,"Metals",1573,"Iron/Steel Articles",157314,"Iron Cloth",2021,42247.00000000001
15,"Metals",1573,"Iron/Steel Articles",157315,"Iron Chains",2021,46490
15,"Metals",1573,"Iron/Steel Articles",157316,"Iron Anchors",2021,22164
15,"Metals",1573,"Iron/Steel Articles",157317,"Iron Nails",2021,4076
15,"Metals",1573,"Iron/Steel Articles",157318,"Iron Fasteners",2021,921493
15,"Metals",1573,"Iron/Steel Articles",157319,"Iron Sewing Needles",2021,11451
15,"Metals",1573,"Iron/Steel Articles",157320,"Iron Springs",2021,587446
15,"Metals",1573,"Iron/Steel Articles",157321,"Iron Stovetops",2021,1221926
15,"Metals",1573,"Iron/Steel Articles",157322,"Iron Radiators",2021,14803
15,"Metals",1573,"Iron/Steel Articles",157323,"Iron Housewares",2021,431154
15,"Metals",1573,"Iron/Steel Articles",157324,"Iron Toiletry",2021,197396
15,"Metals",1573,"Iron/Steel Articles",157325,"Other Cast Iron Products",2021,55698
15,"Metals",1573,"Iron/Steel Articles",157326,"Other Iron Products",2021,1748078
15,"Metals",1574,"Copper articles",157402,"Raw Copper",2021,21091.000000000004
15,"Metals",1574,"Copper articles",157403,"Refined Copper",2021,253302
15,"Metals",1574,"Copper articles",157404,"Scrap Copper",2021,23311615
15,"Metals",1574,"Copper articles",157406,"Copper Powder",2021,1
15,"Metals",1574,"Copper articles",157407,"Copper Bars",2021,12696
15,"Metals",1574,"Copper articles",157408,"Copper Wire",2021,109793
15,"Metals",1574,"Copper articles",157409,"Copper Plating",2021,496059
15,"Metals",1574,"Copper articles",157411,"Copper Pipes",2021,252854.99999999997
15,"Metals",1574,"Copper articles",157412,"Copper Pipe Fittings",2021,6757
15,"Metals",1574,"Copper articles",157413,"Stranded Copper Wire",2021,1519780
15,"Metals",1574,"Copper articles",157415,"Copper Fasteners",2021,493186.99999999994
15,"Metals",1574,"Copper articles",157418,"Copper Housewares",2021,45597
15,"Metals",1574,"Copper articles",157419,"Other Copper Products",2021,17401
15,"Metals",1575,"Nickel articles",157502,"Raw Nickel",2021,92736.00000000001
15,"Metals",1575,"Nickel articles",157503,"Scrap Nickel",2021,24838
15,"Metals",1575,"Nickel articles",157504,"Nickel Powder",2021,43
15,"Metals",1575,"Nickel articles",157505,"Nickel Bars",2021,619
15,"Metals",1575,"Nickel articles",157506,"Nickel Sheets",2021,7
15,"Metals",1575,"Nickel articles",157507,"Nickel Pipes",2021,2
15,"Metals",1575,"Nickel articles",157508,"Other Nickel Products",2021,5061
15,"Metals",1576,"Aluminum articles",157601,"Raw Aluminium",2021,59818
15,"Metals",1576,"Aluminum articles",157602,"Scrap Aluminium",2021,3905264
15,"Metals",1576,"Aluminum articles",157603,"Aluminium Powder",2021,388318.00000000006
15,"Metals",1576,"Aluminum articles",157604,"Aluminium Bars",2021,401034
15,"Metals",1576,"Aluminum articles",157605,"Aluminium Wire",2021,190
15,"Metals",1576,"Aluminum articles",157606,"Aluminium Plating",2021,648643
15,"Metals",1576,"Aluminum articles",157607,"Aluminium Foil",2021,437338
15,"Metals",1576,"Aluminum articles",157608,"Aluminium Pipes",2021,1610
15,"Metals",1576,"Aluminum articles",157609,"Aluminium Pipe Fittings",2021,3635
15,"Metals",1576,"Aluminum articles",157610,"Aluminium Structures",2021,36276
15,"Metals",1576,"Aluminum articles",157611,"Large Aluminium Containers",2021,1137
15,"Metals",1576,"Aluminum articles",157612,"Aluminium Cans",2021,36022
15,"Metals",1576,"Aluminum articles",157613,"Aluminium Gas Containers",2021,13830
15,"Metals",1576,"Aluminum articles",157614,"Stranded Aluminium Wire",2021,67846
15,"Metals",1576,"Aluminum articles",157615,"Aluminium Housewares",2021,102220
15,"Metals",1576,"Aluminum articles",157616,"Other Aluminium Products",2021,1038468.0000000001
15,"Metals",1578,"Lead articles",157801,"Raw Lead",2021,6734086
15,"Metals",1578,"Lead articles",157802,"Scrap Lead",2021,267984
15,"Metals",1578,"Lead articles",157804,"Lead Sheets",2021,14612
15,"Metals",1578,"Lead articles",157806,"Other Lead Products",2021,6
15,"Metals",1579,"Zinc articles",157901,"Raw Zinc",2021,2157005
15,"Metals",1579,"Zinc articles",157902,"Scrap Waste",2021,8680
15,"Metals",1579,"Zinc articles",157904,"Zinc Bars",2021,423.00000000000006
15,"Metals",1579,"Zinc articles",157905,"Zinc Sheets",2021,14567
15,"Metals",1579,"Zinc articles",157907,"Other Zinc Products",2021,52705
15,"Metals",1580,"Tin articles",158001,"Raw Tin",2021,6887
15,"Metals",1580,"Tin articles",158002,"Scrap Tin",2021,50351
15,"Metals",1580,"Tin articles",158003,"Tin Bars",2021,30
15,"Metals",1580,"Tin articles",158007,"Other Tin Products",2021,31082
15,"Metals",1581,"Cermet articles",158101,"Tungsten",2021,17
15,"Metals",1581,"Cermet articles",158102,"Molybdenum",2021,45.00000000000001
15,"Metals",1581,"Cermet articles",158103,"Tantalum",2021,6.999999999999999
15,"Metals",1581,"Cermet articles",158104,"Magnesium",2021,1
15,"Metals",1581,"Cermet articles",158105,"Cobalt",2021,322
15,"Metals",1581,"Cermet articles",158107,"Cadmium",2021,6.999999999999999
15,"Metals",1581,"Cermet articles",158108,"Titanium",2021,1238
15,"Metals",1581,"Cermet articles",158109,"Zirconium",2021,4284
15,"Metals",1581,"Cermet articles",158111,"Manganese",2021,19
15,"Metals",1581,"Cermet articles",158112,"Other Metals",2021,339813
15,"Metals",1581,"Cermet articles",158113,"Cermets",2021,450
15,"Metals",1582,"Tools & cutlery",158201,"Garden Tools",2021,45902.99999999999
15,"Metals",1582,"Tools & cutlery",158202,"Hand Saws",2021,9923
15,"Metals",1582,"Tools & cutlery",158203,"Hand Tools",2021,11501
15,"Metals",1582,"Tools & cutlery",158204,"Wrenches",2021,19324
15,"Metals",1582,"Tools & cutlery",158205,"Other Hand Tools",2021,2933162
15,"Metals",1582,"Tools & cutlery",158206,"Tool Sets",2021,45463.00000000001
15,"Metals",1582,"Tools & cutlery",158207,"Interchangeable Tool Parts",2021,735762
15,"Metals",1582,"Tools & cutlery",158208,"Cutting Blades",2021,111514
15,"Metals",1582,"Tools & cutlery",158209,"Tool Plates",2021,1386
15,"Metals",1582,"Tools & cutlery",158210,"Cooking Hand Tools",2021,7538
15,"Metals",1582,"Tools & cutlery",158211,"Knives",2021,24927
15,"Metals",1582,"Tools & cutlery",158212,"Razor Blades",2021,488474
15,"Metals",1582,"Tools & cutlery",158213,"Scissors",2021,6080
15,"Metals",1582,"Tools & cutlery",158214,"Other Cutlery",2021,3000
15,"Metals",1582,"Tools & cutlery",158215,"Cutlery Sets",2021,5842
15,"Metals",1583,"Miscellaneous metal products",158301,"Padlocks",2021,1293631
15,"Metals",1583,"Miscellaneous metal products",158302,"Metal Mountings",2021,818890
15,"Metals",1583,"Miscellaneous metal products",158303,"Safes",2021,15965.999999999998
15,"Metals",1583,"Miscellaneous metal products",158304,"Filing Cabinets",2021,3258
15,"Metals",1583,"Miscellaneous metal products",158305,"Metal Office Supplies",2021,597
15,"Metals",1583,"Miscellaneous metal products",158306,"Bells and Other Metal Ornaments",2021,86908
15,"Metals",1583,"Miscellaneous metal products",158307,"Flexible Metal Tubing",2021,8632
15,"Metals",1583,"Miscellaneous metal products",158308,"Other Metal Fasteners",2021,449429
15,"Metals",1583,"Miscellaneous metal products",158309,"Metal Stoppers",2021,40195
15,"Metals",1583,"Miscellaneous metal products",158310,"Metal Signs",2021,3830
15,"Metals",1583,"Miscellaneous metal products",158311,"Coated Metal Soldering Products",2021,31437
16,"Machines",1684,"Machinery, mechanical appliances, & parts",168402,"Steam Boilers",2021,9161
16,"Machines",1684,"Machinery, mechanical appliances, & parts",168403,"Central Heating Boilers",2021,1267764
16,"Machines",1684,"Machinery, mechanical appliances, & parts",168404,"Boiler Plants",2021,326279
16,"Machines",1684,"Machinery, mechanical appliances, & parts",168405,"Water and Gas Generators",2021,20236
16,"Machines",1684,"Machinery, mechanical appliances, & parts",168406,"Steam Turbines",2021,35535
16,"Machines",1684,"Machinery, mechanical appliances, & parts",168407,"Spark-Ignition Engines",2021,309373
16,"Machines",1684,"Machinery, mechanical appliances, & parts",168408,"Combustion Engines",2021,155034
16,"Machines",1684,"Machinery, mechanical appliances, & parts",168409,"Engine Parts",2021,10143100
16,"Machines",1684,"Machinery, mechanical appliances, & parts",168410,"Hydraulic Turbines",2021,99
16,"Machines",1684,"Machinery, mechanical appliances, & parts",168411,"Gas Turbines",2021,7856816
16,"Machines",1684,"Machinery, mechanical appliances, & parts",168412,"Other Engines",2021,776371
16,"Machines",1684,"Machinery, mechanical appliances, & parts",168413,"Liquid Pumps",2021,8412624
16,"Machines",1684,"Machinery, mechanical appliances, & parts",168414,"Air Pumps",2021,2597337
16,"Machines",1684,"Machinery, mechanical appliances, & parts",168415,"Air Conditioners",2021,19544570
16,"Machines",1684,"Machinery, mechanical appliances, & parts",168416,"Liquid Fuel Furnaces",2021,209231
16,"Machines",1684,"Machinery, mechanical appliances, & parts",168417,"Industrial Furnaces",2021,38595
16,"Machines",1684,"Machinery, mechanical appliances, & parts",168418,"Refrigerators",2021,1649597
16,"Machines",1684,"Machinery, mechanical appliances, & parts",168419,"Other Heating Machinery",2021,4141851
16,"Machines",1684,"Machinery, mechanical appliances, & parts",168420,"Rolling Machines",2021,19994
16,"Machines",1684,"Machinery, mechanical appliances, & parts",168421,"Centrifuges",2021,6374508
16,"Machines",1684,"Machinery, mechanical appliances, & parts",168422,"Washing and Bottling Machines",2021,648444
16,"Machines",1684,"Machinery, mechanical appliances, & parts",168423,"Scales",2021,398634
16,"Machines",1684,"Machinery, mechanical appliances, & parts",168424,"Liquid Dispersing Machines",2021,570227
16,"Machines",1684,"Machinery, mechanical appliances, & parts",168425,"Pulley Systems",2021,226573.00000000003
16,"Machines",1684,"Machinery, mechanical appliances, & parts",168426,"Cranes",2021,1622939
16,"Machines",1684,"Machinery, mechanical appliances, & parts",168427,"Fork-Lifts",2021,617207
16,"Machines",1684,"Machinery, mechanical appliances, & parts",168428,"Lifting Machinery",2021,281994
16,"Machines",1684,"Machinery, mechanical appliances, & parts",168429,"Large Construction Vehicles",2021,6361732
16,"Machines",1684,"Machinery, mechanical appliances, & parts",168430,"Other Construction Vehicles",2021,158403
16,"Machines",1684,"Machinery, mechanical appliances, & parts",168431,"Excavation Machinery",2021,17061805
16,"Machines",1684,"Machinery, mechanical appliances, & parts",168432,"Soil Preparation Machinery",2021,9206
16,"Machines",1684,"Machinery, mechanical appliances, & parts",168433,"Harvesting Machinery",2021,434963
16,"Machines",1684,"Machinery, mechanical appliances, & parts",168434,"Dairy Machinery",2021,22967
16,"Machines",1684,"Machinery, mechanical appliances, & parts",168435,"Fruit Pressing Machinery",2021,370
16,"Machines",1684,"Machinery, mechanical appliances, & parts",168436,"Other Agricultural Machinery",2021,13395
16,"Machines",1684,"Machinery, mechanical appliances, & parts",168437,"Mill Machinery",2021,11447
16,"Machines",1684,"Machinery, mechanical appliances, & parts",168438,"Industrial Food Preperation Machinery",2021,82837
16,"Machines",1684,"Machinery, mechanical appliances, & parts",168439,"Papermaking Machines",2021,1983
16,"Machines",1684,"Machinery, mechanical appliances, & parts",168440,"Book-binding Machines",2021,25081
16,"Machines",1684,"Machinery, mechanical appliances, & parts",168441,"Other Paper Machinery",2021,31736
16,"Machines",1684,"Machinery, mechanical appliances, & parts",168442,"Print Production Machinery",2021,384755
16,"Machines",1684,"Machinery, mechanical appliances, & parts",168443,"Industrial Printers",2021,2228829
16,"Machines",1684,"Machinery, mechanical appliances, & parts",168445,"Textile Fiber Machinery",2021,10
16,"Machines",1684,"Machinery, mechanical appliances, & parts",168447,"Knitting Machines",2021,24997
16,"Machines",1684,"Machinery, mechanical appliances, & parts",168448,"Knitting Machine Accessories",2021,23590
16,"Machines",1684,"Machinery, mechanical appliances, & parts",168449,"Felt Machinery",2021,25656.999999999996
16,"Machines",1684,"Machinery, mechanical appliances, & parts",168450,"Household Washing Machines",2021,188568
16,"Machines",1684,"Machinery, mechanical appliances, & parts",168451,"Textile Processing Machines",2021,321404
16,"Machines",1684,"Machinery, mechanical appliances, & parts",168452,"Sewing Machines",2021,2920
16,"Machines",1684,"Machinery, mechanical appliances, & parts",168453,"Leather Machinery",2021,5952.999999999999
16,"Machines",1684,"Machinery, mechanical appliances, & parts",168454,"Casting Machines",2021,285927
16,"Machines",1684,"Machinery, mechanical appliances, & parts",168455,"Metal-Rolling Mills",2021,127
16,"Machines",1684,"Machinery, mechanical appliances, & parts",168456,"Non-Mechanical Removal Machinery",2021,195
16,"Machines",1684,"Machinery, mechanical appliances, & parts",168457,"Metalworking Transfer Machines",2021,1090
16,"Machines",1684,"Machinery, mechanical appliances, & parts",168458,"Metal Lathes",2021,367
16,"Machines",1684,"Machinery, mechanical appliances, & parts",168459,"Drilling Machines",2021,885
16,"Machines",1684,"Machinery, mechanical appliances, & parts",168460,"Metal Finishing Machines",2021,136116
16,"Machines",1684,"Machinery, mechanical appliances, & parts",168461,"Metalworking Machines",2021,19505
16,"Machines",1684,"Machinery, mechanical appliances, & parts",168462,"Forging Machines",2021,237976.99999999997
16,"Machines",1684,"Machinery, mechanical appliances, & parts",168463,"Other Non-Metal Removal Machinery",2021,18.000000000000004
16,"Machines",1684,"Machinery, mechanical appliances, & parts",168464,"Stone Working Machines",2021,33784
16,"Machines",1684,"Machinery, mechanical appliances, & parts",168465,"Woodworking machines",2021,420292
16,"Machines",1684,"Machinery, mechanical appliances, & parts",168466,"Metalworking Machine Parts",2021,2133762
16,"Machines",1684,"Machinery, mechanical appliances, & parts",168467,"Motor-working Tools",2021,5036350
16,"Machines",1684,"Machinery, mechanical appliances, & parts",168468,"Soldering and Welding Machinery",2021,190036
16,"Machines",1684,"Machinery, mechanical appliances, & parts",168470,"Calculators",2021,21485
16,"Machines",1684,"Machinery, mechanical appliances, & parts",168471,"Computers",2021,15325930
16,"Machines",1684,"Machinery, mechanical appliances, & parts",168472,"Other Office Machines",2021,8153
16,"Machines",1684,"Machinery, mechanical appliances, & parts",168473,"Office Machine Parts",2021,11389064
16,"Machines",1684,"Machinery, mechanical appliances, & parts",168474,"Stone Processing Machines",2021,3552270
16,"Machines",1684,"Machinery, mechanical appliances, & parts",168475,"Glass Working Machines",2021,49013
16,"Machines",1684,"Machinery, mechanical appliances, & parts",168476,"Vending Machines",2021,82
16,"Machines",1684,"Machinery, mechanical appliances, & parts",168477,"Rubberworking Machinery",2021,2295493
16,"Machines",1684,"Machinery, mechanical appliances, & parts",168478,"Tobacco Processing Machines",2021,96173.99999999999
16,"Machines",1684,"Machinery, mechanical appliances, & parts",168479,"Machinery Having Individual Functions",2021,37679101
16,"Machines",1684,"Machinery, mechanical appliances, & parts",168480,"Metal Molds",2021,542942
16,"Machines",1684,"Machinery, mechanical appliances, & parts",168481,"Valves",2021,12457679
16,"Machines",1684,"Machinery, mechanical appliances, & parts",168482,"Ball Bearings",2021,579925
16,"Machines",1684,"Machinery, mechanical appliances, & parts",168483,"Transmissions",2021,5068712
16,"Machines",1684,"Machinery, mechanical appliances, & parts",168484,"Gaskets",2021,20016887
16,"Machines",1684,"Machinery, mechanical appliances, & parts",168485,"Boat Propellers",2021,2610656
16,"Machines",1685,"Electrical machinery and electronics",168501,"Electric Motors",2021,2218926
16,"Machines",1685,"Electrical machinery and electronics",168502,"Electric Generating Sets",2021,1808345
16,"Machines",1685,"Electrical machinery and electronics",168503,"Electric Motor Parts",2021,1937301
16,"Machines",1685,"Electrical machinery and electronics",168504,"Electrical Transformers",2021,11116314
16,"Machines",1685,"Electrical machinery and electronics",168505,"Electromagnets",2021,667751
16,"Machines",1685,"Electrical machinery and electronics",168506,"Batteries",2021,227281
16,"Machines",1685,"Electrical machinery and electronics",168507,"Electric Batteries",2021,10900916
16,"Machines",1685,"Electrical machinery and electronics",168508,"Vacuum Cleaners",2021,2945179
16,"Machines",1685,"Electrical machinery and electronics",168509,"Other Domestic Electric Housewares",2021,224816.00000000003
16,"Machines",1685,"Electrical machinery and electronics",168510,"Hair Trimmers",2021,49218
16,"Machines",1685,"Electrical machinery and electronics",168511,"Electrical Ignitions",2021,14552819.000000002
16,"Machines",1685,"Electrical machinery and electronics",168512,"Electrical Lighting and Signalling Equipment",2021,955057
16,"Machines",1685,"Electrical machinery and electronics",168513,"Portable Lighting",2021,13455.999999999998
16,"Machines",1685,"Electrical machinery and electronics",168514,"Electric Furnaces",2021,532436
16,"Machines",1685,"Electrical machinery and electronics",168515,"Electric Soldering Equipment",2021,769717
16,"Machines",1685,"Electrical machinery and electronics",168516,"Electric Heaters",2021,8791425
16,"Machines",1685,"Electrical machinery and electronics",168517,"Telephones",2021,1790997
16,"Machines",1685,"Electrical machinery and electronics",168518,"Microphones and Headphones",2021,2034822
16,"Machines",1685,"Electrical machinery and electronics",168519,"Sound Recording Equipment",2021,2571
16,"Machines",1685,"Electrical machinery and electronics",168520,"Dictation Machines",2021,14644
16,"Machines",1685,"Electrical machinery and electronics",168521,"Video Recording Equipment",2021,1741658
16,"Machines",1685,"Electrical machinery and electronics",168522,"Audio and Video Recording Accessories",2021,124288
16,"Machines",1685,"Electrical machinery and electronics",168523,"Blank Audio Media",2021,2167019
16,"Machines",1685,"Electrical machinery and electronics",168524,"Sound Recordings",2021,2701243
16,"Machines",1685,"Electrical machinery and electronics",168525,"Broadcasting Equipment",2021,17709897
16,"Machines",1685,"Electrical machinery and electronics",168526,"Navigation Equipment",2021,15320976
16,"Machines",1685,"Electrical machinery and electronics",168527,"Radio Receivers",2021,480881
16,"Machines",1685,"Electrical machinery and electronics",168528,"Video Displays",2021,1260012
16,"Machines",1685,"Electrical machinery and electronics",168529,"Broadcasting Accessories",2021,2504347
16,"Machines",1685,"Electrical machinery and electronics",168530,"Traffic Signals",2021,72979
16,"Machines",1685,"Electrical machinery and electronics",168531,"Audio Alarms",2021,9938346.999999998
16,"Machines",1685,"Electrical machinery and electronics",168532,"Electrical Capacitors",2021,202241
16,"Machines",1685,"Electrical machinery and electronics",168533,"Electrical Resistors",2021,780877
16,"Machines",1685,"Electrical machinery and electronics",168534,"Printed Circuit Boards",2021,1535450
16,"Machines",1685,"Electrical machinery and electronics",168535,"High-voltage Protection Equipment",2021,2135912
16,"Machines",1685,"Electrical machinery and electronics",168536,"Low-voltage Protection Equipment",2021,139201594
16,"Machines",1685,"Electrical machinery and electronics",168537,"Electrical Control Boards",2021,30348856
16,"Machines",1685,"Electrical machinery and electronics",168538,"Electrical Power Accessories",2021,10379740
16,"Machines",1685,"Electrical machinery and electronics",168539,"Electric Filament",2021,1591234
16,"Machines",1685,"Electrical machinery and electronics",168540,"Cathode Tubes",2021,12403
16,"Machines",1685,"Electrical machinery and electronics",168541,"Semiconductor Devices",2021,6369922
16,"Machines",1685,"Electrical machinery and electronics",168542,"Integrated Circuits",2021,1189199020
16,"Machines",1685,"Electrical machinery and electronics",168543,"Other Electrical Machinery",2021,45730460
16,"Machines",1685,"Electrical machinery and electronics",168544,"Insulated Wire",2021,48351948
16,"Machines",1685,"Electrical machinery and electronics",168545,"Carbon-based Electronics",2021,3123675
16,"Machines",1685,"Electrical machinery and electronics",168546,"Electrical Insulators",2021,197740
16,"Machines",1685,"Electrical machinery and electronics",168547,"Metal Insulating Fittings",2021,766286
16,"Machines",1685,"Electrical machinery and electronics",168548,"Electrical Parts",2021,499377.00000000006
17,"Transportation",1786,"Railway and trams",178604,"Railway Maintenance Vehicles",2021,1082
17,"Transportation",1786,"Railway and trams",178607,"Locomotive Parts",2021,56.00000000000001
17,"Transportation",1786,"Railway and trams",178608,"Railway Track Fixtures",2021,13262
17,"Transportation",1786,"Railway and trams",178609,"Railway Cargo Containers",2021,312370
17,"Transportation",1787,"Cars, tractors, trucks & parts thereof.",178701,"Tractors",2021,333793
17,"Transportation",1787,"Cars, tractors, trucks & parts thereof.",178702,"Buses",2021,900316
17,"Transportation",1787,"Cars, tractors, trucks & parts thereof.",178703,"Cars",2021,5145799
17,"Transportation",1787,"Cars, tractors, trucks & parts thereof.",178704,"Delivery Trucks",2021,1073398
17,"Transportation",1787,"Cars, tractors, trucks & parts thereof.",178705,"Special purpose motor vehicles",2021,990733.0000000001
17,"Transportation",1787,"Cars, tractors, trucks & parts thereof.",178706,"Motor vehicle (8701 to 8705) chassis fitted with engine",2021,375
17,"Transportation",1787,"Cars, tractors, trucks & parts thereof.",178707,"Vehicle Bodies (including cabs) for the motor vehicles (8701 to 8705)",2021,4943
17,"Transportation",1787,"Cars, tractors, trucks & parts thereof.",178708,"Motor vehicles; parts and accessories (8701 to 8705)",2021,29713792
17,"Transportation",1787,"Cars, tractors, trucks & parts thereof.",178709,"Work Trucks",2021,20640
17,"Transportation",1787,"Cars, tractors, trucks & parts thereof.",178710,"Tanks and Armored vehicles",2021,252
17,"Transportation",1787,"Cars, tractors, trucks & parts thereof.",178711,"Motorcycles and cycles",2021,431524
17,"Transportation",1787,"Cars, tractors, trucks & parts thereof.",178712,"Bicycles, delivery tricycles, other cycles",2021,95916
17,"Transportation",1787,"Cars, tractors, trucks & parts thereof.",178713,"Wheelchairs",2021,6675
17,"Transportation",1787,"Cars, tractors, trucks & parts thereof.",178714,"Bi-Wheel Vehicle Parts",2021,816281
17,"Transportation",1787,"Cars, tractors, trucks & parts thereof.",178715,"Baby Carriages",2021,4104
17,"Transportation",1787,"Cars, tractors, trucks & parts thereof.",178716,"Trailers and semi-trailers, not mechanically propelled vehicles",2021,762799
17,"Transportation",1788,"Aircraft and Spacecraft",178801,"Non-powered Aircraft",2021,12685
17,"Transportation",1788,"Aircraft and Spacecraft",178802,"Planes, Helicopters, and/or Spacecraft",2021,62545996
17,"Transportation",1788,"Aircraft and Spacecraft",178803,"Aircraft parts (gliders, balloons, and powered aircraft)",2021,27778554
17,"Transportation",1788,"Aircraft and Spacecraft",178804,"Parachutes",2021,2093
17,"Transportation",1788,"Aircraft and Spacecraft",178805,"Aircraft Launch Gear",2021,66659
17,"Transportation",1789,"Ships, boats, & floating structures",178901,"Passenger and Cargo Ships",2021,168117130
17,"Transportation",1789,"Ships, boats, & floating structures",178903,"Recreational Boats",2021,48923195
17,"Transportation",1789,"Ships, boats, & floating structures",178905,"Special Purpose Ships",2021,35754725
17,"Transportation",1789,"Ships, boats, & floating structures",178906,"Other Sea Vessels",2021,472987
17,"Transportation",1789,"Ships, boats, & floating structures",178907,"Other Floating Structures",2021,133030
17,"Transportation",1789,"Ships, boats, & floating structures",178908,"Scrap Vessels",2021,1207171
18,"Instruments",1890,"Optical, photo, & film equipment; medical instruments",189001,"Optical Fibers and optical fibre bundles",2021,166368
18,"Instruments",1890,"Optical, photo, & film equipment; medical instruments",189002,"Mirrors and Lenses",2021,106204
18,"Instruments",1890,"Optical, photo, & film equipment; medical instruments",189003,"Eyewear Frames",2021,283961
18,"Instruments",1890,"Optical, photo, & film equipment; medical instruments",189004,"Eyewear",2021,416950
18,"Instruments",1890,"Optical, photo, & film equipment; medical instruments",189005,"Binoculars and Telescopes",2021,47523
18,"Instruments",1890,"Optical, photo, & film equipment; medical instruments",189006,"Cameras",2021,58587
18,"Instruments",1890,"Optical, photo, & film equipment; medical instruments",189007,"Video Cameras",2021,509122
18,"Instruments",1890,"Optical, photo, & film equipment; medical instruments",189008,"Image Projectors",2021,74
18,"Instruments",1890,"Optical, photo, & film equipment; medical instruments",189009,"Photocopiers",2021,4831
18,"Instruments",1890,"Optical, photo, & film equipment; medical instruments",189010,"Photo Lab Equipment",2021,1034552
18,"Instruments",1890,"Optical, photo, & film equipment; medical instruments",189011,"Microscopes",2021,10138
18,"Instruments",1890,"Optical, photo, & film equipment; medical instruments",189012,"Non-optical Microscopes",2021,10800
18,"Instruments",1890,"Optical, photo, & film equipment; medical instruments",189013,"LCDs",2021,119762
18,"Instruments",1890,"Optical, photo, & film equipment; medical instruments",189014,"Compasses",2021,1560343
18,"Instruments",1890,"Optical, photo, & film equipment; medical instruments",189015,"Surveying Equipment",2021,2639487
18,"Instruments",1890,"Optical, photo, & film equipment; medical instruments",189016,"Balances",2021,21743
18,"Instruments",1890,"Optical, photo, & film equipment; medical instruments",189017,"Drafting Tools",2021,34835
18,"Instruments",1890,"Optical, photo, & film equipment; medical instruments",189018,"Medical Instruments",2021,85550797
18,"Instruments",1890,"Optical, photo, & film equipment; medical instruments",189019,"Therapeutic Appliances",2021,2443603
18,"Instruments",1890,"Optical, photo, & film equipment; medical instruments",189020,"Breathing Appliances",2021,123042
18,"Instruments",1890,"Optical, photo, & film equipment; medical instruments",189021,"Orthopedic Appliances",2021,988490
18,"Instruments",1890,"Optical, photo, & film equipment; medical instruments",189022,"X-Ray Equipment",2021,348561
18,"Instruments",1890,"Optical, photo, & film equipment; medical instruments",189023,"Instructional Models",2021,134588
18,"Instruments",1890,"Optical, photo, & film equipment; medical instruments",189024,"Tensile Testing Machines",2021,262226
18,"Instruments",1890,"Optical, photo, & film equipment; medical instruments",189025,"Hydrometers",2021,2643171
18,"Instruments",1890,"Optical, photo, & film equipment; medical instruments",189026,"Gas and Liquid Flow Measuring Instruments",2021,6971009
18,"Instruments",1890,"Optical, photo, & film equipment; medical instruments",189027,"Chemical Analysis Instruments",2021,6623310
18,"Instruments",1890,"Optical, photo, & film equipment; medical instruments",189028,"Utility Meters",2021,69458
18,"Instruments",1890,"Optical, photo, & film equipment; medical instruments",189029,"Revolution Counters",2021,823128
18,"Instruments",1890,"Optical, photo, & film equipment; medical instruments",189030,"Oscilloscopes",2021,2203231
18,"Instruments",1890,"Optical, photo, & film equipment; medical instruments",189031,"Other Measuring Instruments",2021,61298323
18,"Instruments",1890,"Optical, photo, & film equipment; medical instruments",189032,"Thermostats",2021,3236798
18,"Instruments",1890,"Optical, photo, & film equipment; medical instruments",189033,"Opto-Electric Instrument Parts",2021,419893
18,"Instruments",1891,"Clocks, watches, & parts",189101,"Precious Metal Watches",2021,6475518
18,"Instruments",1891,"Clocks, watches, & parts",189102,"Base Metal Watches",2021,2305250
18,"Instruments",1891,"Clocks, watches, & parts",189103,"Clocks with Watch Movements",2021,4817
18,"Instruments",1891,"Clocks, watches, & parts",189104,"Dashboard Clocks",2021,1653
18,"Instruments",1891,"Clocks, watches, & parts",189105,"Other Clocks",2021,49181
18,"Instruments",1891,"Clocks, watches, & parts",189106,"Time Recording Instruments",2021,2806
18,"Instruments",1891,"Clocks, watches, & parts",189107,"Time Switches",2021,472
18,"Instruments",1891,"Clocks, watches, & parts",189108,"Watch Movements",2021,12420
18,"Instruments",1891,"Clocks, watches, & parts",189109,"Clock Movements",2021,13901.000000000002
18,"Instruments",1891,"Clocks, watches, & parts",189110,"Incomplete Movement Sets",2021,3010
18,"Instruments",1891,"Clocks, watches, & parts",189111,"Watch Cases and Parts",2021,15569
18,"Instruments",1891,"Clocks, watches, & parts",189113,"Watch Straps",2021,17871
18,"Instruments",1891,"Clocks, watches, & parts",189114,"Other Clocks and Watches",2021,58370
18,"Instruments",1892,"Musical instruments",189201,"Pianos",2021,450
18,"Instruments",1892,"Musical instruments",189202,"String Instruments",2021,15594
18,"Instruments",1892,"Musical instruments",189205,"Wind Instruments",2021,8133
18,"Instruments",1892,"Musical instruments",189206,"Percussion",2021,1680
18,"Instruments",1892,"Musical instruments",189207,"Electric Musical Instruments",2021,46219
18,"Instruments",1892,"Musical instruments",189208,"Other Musical Instruments",2021,408
18,"Instruments",1892,"Musical instruments",189209,"Musical Instrument Parts",2021,42599
19,"Weapons",1993,"Weapons",199302,"Handguns",2021,12895
19,"Weapons",1993,"Weapons",199303,"Other Firearms",2021,120371
19,"Weapons",1993,"Weapons",199304,"Spring, Air, and Gas Guns",2021,6334
19,"Weapons",1993,"Weapons",199305,"Weapons Parts and Accessories",2021,45887
19,"Weapons",1993,"Weapons",199306,"Explosive Ammunition",2021,200809
19,"Weapons",1993,"Weapons",199307,"Bladed Weapons and Accessories",2021,105297
20,"Miscellaneous",2094,"Furniture, bedding, lamps, & prefab buildings",209401,"Seats",2021,12026894
20,"Miscellaneous",2094,"Furniture, bedding, lamps, & prefab buildings",209402,"Medical Furniture",2021,42263
20,"Miscellaneous",2094,"Furniture, bedding, lamps, & prefab buildings",209403,"Other Furniture",2021,1569030
20,"Miscellaneous",2094,"Furniture, bedding, lamps, & prefab buildings",209404,"Mattresses",2021,1315597
20,"Miscellaneous",2094,"Furniture, bedding, lamps, & prefab buildings",209405,"Light Fixtures",2021,1989751
20,"Miscellaneous",2094,"Furniture, bedding, lamps, & prefab buildings",209406,"Prefabricated Buildings",2021,122066
20,"Miscellaneous",2095,"Toys, games, & sports",209503,"Other toys",2021,194798958
20,"Miscellaneous",2095,"Toys, games, & sports",209504,"Video and Card Games",2021,547039
20,"Miscellaneous",2095,"Toys, games, & sports",209505,"Party Decorations",2021,49749.99999999999
20,"Miscellaneous",2095,"Toys, games, & sports",209506,"Sports Equipment",2021,7651337
20,"Miscellaneous",2095,"Toys, games, & sports",209507,"Fishing and Hunting Equipment",2021,251261
20,"Miscellaneous",2095,"Toys, games, & sports",209508,"Fairground Amusements",2021,56373
20,"Miscellaneous",2096,"Misc. manufactures",209601,"Worked Ivory and Bone",2021,456
20,"Miscellaneous",2096,"Misc. manufactures",209602,"Vegetable and Mineral Carvings",2021,176261
20,"Miscellaneous",2096,"Misc. manufactures",209603,"Brooms",2021,423608
20,"Miscellaneous",2096,"Misc. manufactures",209604,"Hand Sifters",2021,96
20,"Miscellaneous",2096,"Misc. manufactures",209605,"Travel Kits",2021,37209
20,"Miscellaneous",2096,"Misc. manufactures",209606,"Buttons",2021,4384
20,"Miscellaneous",2096,"Misc. manufactures",209607,"Zippers",2021,10255
20,"Miscellaneous",2096,"Misc. manufactures",209608,"Pens",2021,46414
20,"Miscellaneous",2096,"Misc. manufactures",209609,"Pencils and Crayons",2021,9598
20,"Miscellaneous",2096,"Misc. manufactures",209610,"Chalkboards",2021,950
20,"Miscellaneous",2096,"Misc. manufactures",209611,"Rubber Stamps",2021,394
20,"Miscellaneous",2096,"Misc. manufactures",209612,"Ink Ribbons",2021,9651
20,"Miscellaneous",2096,"Misc. manufactures",209613,"Lighters",2021,7239
20,"Miscellaneous",2096,"Misc. manufactures",209614,"Smoking Pipes",2021,23838.999999999996
20,"Miscellaneous",2096,"Misc. manufactures",209615,"Combs",2021,4609
20,"Miscellaneous",2096,"Misc. manufactures",209616,"Scent Sprays",2021,48333
20,"Miscellaneous",2096,"Misc. manufactures",209617,"Vacuum Flask",2021,19462
20,"Miscellaneous",2096,"Misc. manufactures",209618,"Mannequins",2021,33034
21,"Arts and Antiques",2197,"Art & antiques",219701,"Paintings",2021,331638
21,"Arts and Antiques",2197,"Art & antiques",219702,"Prints",2021,361
21,"Arts and Antiques",2197,"Art & antiques",219703,"Sculptures",2021,43718
21,"Arts and Antiques",2197,"Art & antiques",219704,"Revenue Stamps",2021,18660.999999999996
21,"Arts and Antiques",2197,"Art & antiques",219705,"Collector's Items",2021,218262
21,"Arts and Antiques",2197,"Art & antiques",219706,"Antiques",2021,319451