Section ID,Section,HS2 ID,HS2,HS4 ID,HS4,Year,Trade Value
1,"Animal Products",101,"Live animals",10101,"Horses",2021,49183.99999999999
1,"Animal Products",101,"Live animals",10102,"Bovine",2021,49684.00000000001
1,"Animal Products",101,"Live animals",10104,"Sheep and Goats",2021,1844
1,"Animal Products",101,"Live animals",10105,"Poultry",2021,9002
1,"Animal Products",101,"Live animals",10106,"Other Animals",2021,100794
1,"Animal Products",102,"Meat & edible offal",10201,"Bovine Meat",2021,14717
1,"Animal Products",102,"Meat & edible offal",10202,"Frozen Bovine Meat",2021,34458
1,"Animal Products",102,"Meat & edible offal",10204,"Sheep and Goat Meat",2021,7778
1,"Animal Products",102,"Meat & edible offal",10206,"Edible Offal",2021,19404
1,"Animal Products",102,"Meat & edible offal",10207,"Poultry Meat",2021,15520.999999999998
1,"Animal Products",102,"Meat & edible offal",10209,"Animal Fat",2021,34071.99999999999
1,"Animal Products",102,"Meat & edible offal",10210,"Preserved Meat",2021,101334
1,"Animal Products",103,"Fish, Crustaceans & Molluscs",10301,"Live Fish",2021,1088934
1,"Animal Products",103,"Fish, Crustaceans & Molluscs",10302,"Non-fillet Fresh Fish",2021,8009
1,"Animal Products",103,"Fish, Crustaceans & Molluscs",10303,"Non-fillet Frozen Fish",2021,1328147
1,"Animal Products",103,"Fish, Crustaceans & Molluscs",10304,"Fish Fillets",2021,376386.99999999994
1,"Animal Products",103,"Fish, Crustaceans & Molluscs",10305,"Dried/Salted/Smoked/Brined Fish",2021,2543243
1,"Animal Products",103,"Fish, Crustaceans & Molluscs",10306,"Crustaceans",2021,72028247
1,"Animal Products",103,"Fish, Crustaceans & Molluscs",10307,"Molluscs",2021,826169
1,"Animal Products",104,"Edible products of animal origin, n.e.s.",10401,"Milk",2021,129230.99999999999
1,"Animal Products",104,"Edible products of animal origin, n.e.s.",10402,"Concentrated Milk",2021,1202739
1,"Animal Products",104,"Edible products of animal origin, n.e.s.",10403,"Fermented Milk Products",2021,2677800
1,"Animal Products",104,"Edible products of animal origin, n.e.s.",10404,"Whey and other milk products",2021,26998
1,"Animal Products",104,"Edible products of animal origin, n.e.s.",10405,"Butter",2021,16385
1,"Animal Products",104,"Edible products of animal origin, n.e.s.",10406,"Cheese",2021,250
1,"Animal Products",104,"Edible products of animal origin, n.e.s.",10407,"Eggs",2021,57800.99999999999
1,"Animal Products",104,"Edible products of animal origin, n.e.s.",10408,"Processed Egg Products",2021,158
1,"Animal Products",104,"Edible products of animal origin, n.e.s.",10409,"Honey",2021,16536
1,"Animal Products",104,"Edible products of animal origin, n.e.s.",10410,"Other Edible Animal Products",2021,531
1,"Animal Products",105,"Animal originated products, n.e.s.",10501,"Human Hair",2021,14331
1,"Animal Products",105,"Animal originated products, n.e.s.",10502,"Pig Hair",2021,27.999999999999996
1,"Animal Products",105,"Animal originated products, n.e.s.",10504,"Animal Organs",2021,6366.000000000001
1,"Animal Products",105,"Animal originated products, n.e.s.",10505,"Bird Feathers and Skins",2021,79
1,"Animal Products",105,"Animal originated products, n.e.s.",10506,"Processed Bones",2021,1280444
1,"Animal Products",105,"Animal originated products, n.e.s.",10507,"Raw Bones",2021,3074784
1,"Animal Products",105,"Animal originated products, n.e.s.",10508,"Coral and Shells",2021,952.9999999999999
1,"Animal Products",105,"Animal originated products, n.e.s.",10510,"Pharmaceutical Animal Products",2021,1242626
1,"Animal Products",105,"Animal originated products, n.e.s.",10511,"Other Inedible Animal Products",2021,20574
2,"Vegetable Products",206,"Live trees, plants, bulbs, cut flowers, & ornamental foliage",20601,"Bulbs and Roots",2021,53610
2,"Vegetable Products",206,"Live trees, plants, bulbs, cut flowers, & ornamental foliage",20602,"Other live plants, cuttings and slips;
mushroom spawn",2021,77375
2,"Vegetable Products",206,"Live trees, plants, bulbs, cut flowers, & ornamental foliage",20603,"Cut Flowers",2021,14015131
2,"Vegetable Products",206,"Live trees, plants, bulbs, cut flowers, & ornamental foliage",20604,"Plant foliage",2021,46015
2,"Vegetable Products",207,"Edible vegetables, roots, & tubers",20701,"Potatoes",2021,555430
2,"Vegetable Products",207,"Edible vegetables, roots, & tubers",20702,"Tomatoes",2021,9371
2,"Vegetable Products",207,"Edible vegetables, roots, & tubers",20703,"Onions",2021,1599649
2,"Vegetable Products",207,"Edible vegetables, roots, & tubers",20704,"Cabbages",2021,611
2,"Vegetable Products",207,"Edible vegetables, roots, & tubers",20705,"Lettuce",2021,93
2,"Vegetable Products",207,"Edible vegetables, roots, & tubers",20706,"Root Vegetables",2021,1562
2,"Vegetable Products",207,"Edible vegetables, roots, & tubers",20707,"Cucumbers",2021,78
2,"Vegetable Products",207,"Edible vegetables, roots, & tubers",20708,"Legumes",2021,103704
2,"Vegetable Products",207,"Edible vegetables, roots, & tubers",20709,"Other Vegetables",2021,537672
2,"Vegetable Products",207,"Edible vegetables, roots, & tubers",20710,"Frozen Vegetables",2021,61012
2,"Vegetable Products",207,"Edible vegetables, roots, & tubers",20711,"Preserved Vegetables",2021,2710
2,"Vegetable Products",207,"Edible vegetables, roots, & tubers",20712,"Dried Vegetables",2021,185148
2,"Vegetable Products",207,"Edible vegetables, roots, & tubers",20713,"Dried Legumes",2021,3335815
2,"Vegetable Products",207,"Edible vegetables, roots, & tubers",20714,"Cassava",2021,1123090
2,"Vegetable Products",208,"Edible fruits, nuts & fruit peels",20801,"Coconuts, Brazil Nuts, and Cashews",2021,409174314
2,"Vegetable Products",208,"Edible fruits, nuts & fruit peels",20802,"Other Nuts",2021,4336484
2,"Vegetable Products",208,"Edible fruits, nuts & fruit peels",20803,"Bananas",2021,43239
2,"Vegetable Products",208,"Edible fruits, nuts & fruit peels",20804,"Tropical Fruits",2021,93996
2,"Vegetable Products",208,"Edible fruits, nuts & fruit peels",20805,"Citrus",2021,783602
2,"Vegetable Products",208,"Edible fruits, nuts & fruit peels",20806,"Grapes",2021,2967
2,"Vegetable Products",208,"Edible fruits, nuts & fruit peels",20807,"Melons",2021,14511
2,"Vegetable Products",208,"Edible fruits, nuts & fruit peels",20808,"Apples and Pears",2021,4876
2,"Vegetable Products",208,"Edible fruits, nuts & fruit peels",20809,"Pitted Fruits",2021,336
2,"Vegetable Products",208,"Edible fruits, nuts & fruit peels",20810,"Other Fruits",2021,91840
2,"Vegetable Products",208,"Edible fruits, nuts & fruit peels",20811,"Frozen Fruits and Nuts",2021,1380
2,"Vegetable Products",208,"Edible fruits, nuts & fruit peels",20812,"Preserved Fruits and Nuts",2021,1413
2,"Vegetable Products",208,"Edible fruits, nuts & fruit peels",20813,"Dried Fruits",2021,72503
2,"Vegetable Products",208,"Edible fruits, nuts & fruit peels",20814,"Citrus and Melon Peels",2021,377575
2,"Vegetable Products",209,"Coffee, tea, mate & spices",20901,"Coffee",2021,243104.00000000003
2,"Vegetable Products",209,"Coffee, tea, mate & spices",20902,"Tea",2021,101484
2,"Vegetable Products",209,"Coffee, tea, mate & spices",20903,"Mate",2021,9290
2,"Vegetable Products",209,"Coffee, tea, mate & spices",20904,"Pepper",2021,3218177
2,"Vegetable Products",209,"Coffee, tea, mate & spices",20905,"Vanilla",2021,2
2,"Vegetable Products",209,"Coffee, tea, mate & spices",20906,"Cinnamon",2021,105769.00000000001
2,"Vegetable Products",209,"Coffee, tea, mate & spices",20907,"Cloves",2021,111023
2,"Vegetable Products",209,"Coffee, tea, mate & spices",20908,"Nutmeg, mace and cardamons",2021,7423
2,"Vegetable Products",209,"Coffee, tea, mate & spices",20909,"Spice Seeds",2021,1484
2,"Vegetable Products",209,"Coffee, tea, mate & spices",20910,"Spices",2021,86188044
2,"Vegetable Products",210,"Cereals",21001,"Wheat",2021,1519
2,"Vegetable Products",210,"Cereals",21004,"Oats",2021,558
2,"Vegetable Products",210,"Cereals",21005,"Corn",2021,484614
2,"Vegetable Products",210,"Cereals",21006,"Rice",2021,296576
2,"Vegetable Products",210,"Cereals",21007,"Sorghum",2021,100010
2,"Vegetable Products",210,"Cereals",21008,"Buckwheat",2021,2699051
2,"Vegetable Products",211,"Products of the milling industry",21101,"Wheat Flours",2021,97307
2,"Vegetable Products",211,"Products of the milling industry",21102,"Cereal Flours",2021,787977
2,"Vegetable Products",211,"Products of the milling industry",21103,"Cereal Meal and Pellets",2021,255218
2,"Vegetable Products",211,"Products of the milling industry",21104,"Processed Cereals",2021,39553
2,"Vegetable Products",211,"Products of the milling industry",21105,"Potato Flours",2021,101988
2,"Vegetable Products",211,"Products of the milling industry",21106,"Legume Flours",2021,4181114
2,"Vegetable Products",211,"Products of the milling industry",21107,"Malt",2021,17856
2,"Vegetable Products",211,"Products of the milling industry",21108,"Starches",2021,292450
2,"Vegetable Products",212,"Oils seeds, oleaginous fruits, grains, straw & fodder",21201,"Soybeans",2021,2651683
2,"Vegetable Products",212,"Oils seeds, oleaginous fruits, grains, straw & fodder",21202,"Ground Nuts",2021,622856
2,"Vegetable Products",212,"Oils seeds, oleaginous fruits, grains, straw & fodder",21205,"Rapeseed",2021,1
2,"Vegetable Products",212,"Oils seeds, oleaginous fruits, grains, straw & fodder",21206,"Sunflower Seeds",2021,1003724
2,"Vegetable Products",212,"Oils seeds, oleaginous fruits, grains, straw & fodder",21207,"Other Oily Seeds",2021,234317324
2,"Vegetable Products",212,"Oils seeds, oleaginous fruits, grains, straw & fodder",21208,"Oil Seed Flower",2021,27634
2,"Vegetable Products",212,"Oils seeds, oleaginous fruits, grains, straw & fodder",21209,"Sowing Seeds",2021,65791
2,"Vegetable Products",212,"Oils seeds, oleaginous fruits, grains, straw & fodder",21211,"Perfume Plants",2021,30683117
2,"Vegetable Products",212,"Oils seeds, oleaginous fruits, grains, straw & fodder",21212,"Locust beans, seaweed, sugar beet, cane, for food",2021,25126635
2,"Vegetable Products",212,"Oils seeds, oleaginous fruits, grains, straw & fodder",21213,"Cereal Straws",2021,61
2,"Vegetable Products",212,"Oils seeds, oleaginous fruits, grains, straw & fodder",21214,"Forage Crops",2021,306
2,"Vegetable Products",213,"Natural gums, resins & other vegetable extracts",21301,"Insect Resins",2021,3824292
2,"Vegetable Products",213,"Natural gums, resins & other vegetable extracts",21302,"Vegetable Saps",2021,261240
2,"Vegetable Products",214,"Vegetable plaiting materials & products, n.e.s.",21401,"Vegetable Plaiting Materials",2021,33923
2,"Vegetable Products",214,"Vegetable plaiting materials & products, n.e.s.",21404,"Other Vegetable Products",2021,1000096
3,"Animal and Vegetable Bi-Products",315,"Animal or vegetable fats, oils, & waxes",31501,"Pig and Poultry Fat",2021,2
3,"Animal and Vegetable Bi-Products",315,"Animal or vegetable fats, oils, & waxes",31504,"Fish Oil",2021,120
3,"Animal and Vegetable Bi-Products",315,"Animal or vegetable fats, oils, & waxes",31506,"Other Animal Fats",2021,4
3,"Animal and Vegetable Bi-Products",315,"Animal or vegetable fats, oils, & waxes",31507,"Soybean Oil",2021,1961
3,"Animal and Vegetable Bi-Products",315,"Animal or vegetable fats, oils, & waxes",31508,"Ground Nut Oil",2021,8217483.999999999
3,"Animal and Vegetable Bi-Products",315,"Animal or vegetable fats, oils, & waxes",31509,"Pure Olive Oil",2021,12224
3,"Animal and Vegetable Bi-Products",315,"Animal or vegetable fats, oils, & waxes",31510,"Olive Oil",2021,1929
3,"Animal and Vegetable Bi-Products",315,"Animal or vegetable fats, oils, & waxes",31511,"Palm Oil",2021,1444524
3,"Animal and Vegetable Bi-Products",315,"Animal or vegetable fats, oils, & waxes",31512,"Seed Oils",2021,8447
3,"Animal and Vegetable Bi-Products",315,"Animal or vegetable fats, oils, & waxes",31513,"Coconut Oil",2021,495648
3,"Animal and Vegetable Bi-Products",315,"Animal or vegetable fats, oils, & waxes",31514,"Rapeseed Oil",2021,825626.9999999999
3,"Animal and Vegetable Bi-Products",315,"Animal or vegetable fats, oils, & waxes",31515,"Other Pure Vegetable Oils",2021,14670578.000000002
3,"Animal and Vegetable Bi-Products",315,"Animal or vegetable fats, oils, & waxes",31516,"Other Vegetable Oils",2021,27046
3,"Animal and Vegetable Bi-Products",315,"Animal or vegetable fats, oils, & waxes",31517,"Margarine",2021,402999
3,"Animal and Vegetable Bi-Products",315,"Animal or vegetable fats, oils, & waxes",31518,"Inedible Fats and Oils",2021,11.000000000000002
3,"Animal and Vegetable Bi-Products",315,"Animal or vegetable fats, oils, & waxes",31519,"Stearic Acid",2021,154598
3,"Animal and Vegetable Bi-Products",315,"Animal or vegetable fats, oils, & waxes",31520,"Glycerol",2021,3893.0000000000005
3,"Animal and Vegetable Bi-Products",315,"Animal or vegetable fats, oils, & waxes",31521,"Vegetable waxes and beeswax",2021,848079
3,"Animal and Vegetable Bi-Products",315,"Animal or vegetable fats, oils, & waxes",31522,"Fat and Oil Residues",2021,16089
4,"Foodstuffs",416,"Preparations of fish, crustacenas, & molluscs",41601,"Sausages",2021,101156.99999999999
4,"Foodstuffs",416,"Preparations of fish, crustacenas, & molluscs",41602,"Other Prepared Meat",2021,55316.99999999999
4,"Foodstuffs",416,"Preparations of fish, crustacenas, & molluscs",41603,"Animal Extracts",2021,57.99999999999999
4,"Foodstuffs",416,"Preparations of fish, crustacenas, & molluscs",41604,"Processed Fish",2021,86924
4,"Foodstuffs",416,"Preparations of fish, crustacenas, & molluscs",41605,"Processed Crustaceans",2021,895097
4,"Foodstuffs",417,"Sugars & confectioneries",41701,"Raw Sugar",2021,71107
4,"Foodstuffs",417,"Sugars & confectioneries",41702,"Other Sugars",2021,162263
4,"Foodstuffs",417,"Sugars & confectioneries",41703,"Molasses",2021,1911
4,"Foodstuffs",417,"Sugars & confectioneries",41704,"Confectionery Sugar",2021,2193561
4,"Foodstuffs",418,"Cocoa & cocoa preparations",41801,"Cocoa Beans",2021,786613198
4,"Foodstuffs",418,"Cocoa & cocoa preparations",41802,"Cocoa Shells",2021,8337631
4,"Foodstuffs",418,"Cocoa & cocoa preparations",41803,"Cocoa Paste",2021,29065417
4,"Foodstuffs",418,"Cocoa & cocoa preparations",41804,"Cocoa Butter",2021,39722490
4,"Foodstuffs",418,"Cocoa & cocoa preparations",41805,"Cocoa Powder",2021,400651.99999999994
4,"Foodstuffs",418,"Cocoa & cocoa preparations",41806,"Chocolate",2021,5208688
4,"Foodstuffs",419,"Preparations of cereals, flour, starch or milk",41901,"Malt Extract",2021,1386635
4,"Foodstuffs",419,"Preparations of cereals, flour, starch or milk",41902,"Pasta",2021,4927787
4,"Foodstuffs",419,"Preparations of cereals, flour, starch or milk",41903,"Tapioca",2021,299859
4,"Foodstuffs",419,"Preparations of cereals, flour, starch or milk",41904,"Prepared Cereals",2021,2971298
4,"Foodstuffs",419,"Preparations of cereals, flour, starch or milk",41905,"Baked Goods",2021,2840715
4,"Foodstuffs",420,"Preparations of vegetables, fruit, nuts or other plant parts",42001,"Pickled Foods",2021,13987
4,"Foodstuffs",420,"Preparations of vegetables, fruit, nuts or other plant parts",42002,"Processed Tomatoes",2021,138845
4,"Foodstuffs",420,"Preparations of vegetables, fruit, nuts or other plant parts",42003,"Processed Mushrooms",2021,252
4,"Foodstuffs",420,"Preparations of vegetables, fruit, nuts or other plant parts",42004,"Other Frozen Vegetables",2021,121895
4,"Foodstuffs",420,"Preparations of vegetables, fruit, nuts or other plant parts",42005,"Other Processed Vegetables",2021,380398
4,"Foodstuffs",420,"Preparations of vegetables, fruit, nuts or other plant parts",42006,"Sugar Preserved Foods",2021,34713
4,"Foodstuffs",420,"Preparations of vegetables, fruit, nuts or other plant parts",42007,"Jams",2021,39233
4,"Foodstuffs",420,"Preparations of vegetables, fruit, nuts or other plant parts",42008,"Other Processed Fruits and Nuts",2021,1606617
4,"Foodstuffs",420,"Preparations of vegetables, fruit, nuts or other plant parts",42009,"Fruit Juice",2021,1501378
4,"Foodstuffs",421,"Miscellaneous edible preparations",42101,"Coffee and Tea Extracts",2021,952756
4,"Foodstuffs",421,"Miscellaneous edible preparations",42102,"Yeast",2021,29507
4,"Foodstuffs",421,"Miscellaneous edible preparations",42103,"Sauces and Seasonings",2021,14359969
4,"Foodstuffs",421,"Miscellaneous edible preparations",42104,"Soups and Broths",2021,9016669
4,"Foodstuffs",421,"Miscellaneous edible preparations",42105,"Ice Cream",2021,4192
4,"Foodstuffs",421,"Miscellaneous edible preparations",42106,"Other Edible Preparations",2021,6444288
4,"Foodstuffs",422,"Beverages, spirits, & vinegar",42201,"Water",2021,215718
4,"Foodstuffs",422,"Beverages, spirits, & vinegar",42202,"Flavored Water",2021,11018947
4,"Foodstuffs",422,"Beverages, spirits, & vinegar",42203,"Beer",2021,11535855
4,"Foodstuffs",422,"Beverages, spirits, & vinegar",42204,"Wine",2021,50328
4,"Foodstuffs",422,"Beverages, spirits, & vinegar",42205,"Vermouth",2021,2818
4,"Foodstuffs",422,"Beverages, spirits, & vinegar",42206,"Other Fermented Beverages",2021,196250
4,"Foodstuffs",422,"Beverages, spirits, & vinegar",42207,"Alcohol > 80% ABV",2021,452166
4,"Foodstuffs",422,"Beverages, spirits, & vinegar",42208,"Hard Liquor",2021,458511
4,"Foodstuffs",422,"Beverages, spirits, & vinegar",42209,"Vinegar",2021,3941.9999999999995
4,"Foodstuffs",423,"Food residues & wastes; animal fodder",42301,"Animal Meal and Pellets",2021,31649.999999999996
4,"Foodstuffs",423,"Food residues & wastes; animal fodder",42302,"Bran",2021,38257211
4,"Foodstuffs",423,"Food residues & wastes; animal fodder",42303,"Starch Residue",2021,15258263
4,"Foodstuffs",423,"Food residues & wastes; animal fodder",42304,"Soybean Meal",2021,91664494
4,"Foodstuffs",423,"Food residues & wastes; animal fodder",42305,"Ground Nut Meal",2021,14816
4,"Foodstuffs",423,"Food residues & wastes; animal fodder",42306,"Other Vegetable Residues",2021,677601
4,"Foodstuffs",423,"Food residues & wastes; animal fodder",42308,"Other Vegetable Residues and Waste",2021,33783
4,"Foodstuffs",423,"Food residues & wastes; animal fodder",42309,"Animal Food",2021,13163
4,"Foodstuffs",424,"Tobacco & substitutes",42401,"Raw Tobacco",2021,244
4,"Foodstuffs",424,"Tobacco & substitutes",42402,"Rolled Tobacco",2021,127952595
4,"Foodstuffs",424,"Tobacco & substitutes",42403,"Processed Tobacco",2021,1296020
5,"Mineral Products",525,"Salt, sulphur, cement, lime, stone, & plaster",52501,"Salt",2021,70859.00000000001
5,"Mineral Products",525,"Salt, sulphur, cement, lime, stone, & plaster",52502,"Iron Pyrites",2021,136.99999999999997
5,"Mineral Products",525,"Salt, sulphur, cement, lime, stone, & plaster",52504,"Graphite",2021,162
5,"Mineral Products",525,"Salt, sulphur, cement, lime, stone, & plaster",52505,"Sand",2021,28728
5,"Mineral Products",525,"Salt, sulphur, cement, lime, stone, & plaster",52506,"Quartz",2021,510557.00000000006
5,"Mineral Products",525,"Salt, sulphur, cement, lime, stone, & plaster",52507,"Kaolin",2021,236967.99999999997
5,"Mineral Products",525,"Salt, sulphur, cement, lime, stone, & plaster",52508,"Clays",2021,32579
5,"Mineral Products",525,"Salt, sulphur, cement, lime, stone, & plaster",52509,"Chalk",2021,4653
5,"Mineral Products",525,"Salt, sulphur, cement, lime, stone, & plaster",52510,"Calcium Phosphates",2021,35160
5,"Mineral Products",525,"Salt, sulphur, cement, lime, stone, & plaster",52512,"Siliceous Fossil Meals",2021,6117
5,"Mineral Products",525,"Salt, sulphur, cement, lime, stone, & plaster",52513,"Pumice",2021,10014
5,"Mineral Products",525,"Salt, sulphur, cement, lime, stone, & plaster",52515,"Marble, Travertine and Alabaster",2021,213509.99999999997
5,"Mineral Products",525,"Salt, sulphur, cement, lime, stone, & plaster",52516,"Granite",2021,2819843
5,"Mineral Products",525,"Salt, sulphur, cement, lime, stone, & plaster",52517,"Gravel and Crushed Stone",2021,6884
5,"Mineral Products",525,"Salt, sulphur, cement, lime, stone, & plaster",52518,"Dolomite",2021,58704
5,"Mineral Products",525,"Salt, sulphur, cement, lime, stone, & plaster",52520,"Gypsum",2021,23177.000000000004
5,"Mineral Products",525,"Salt, sulphur, cement, lime, stone, & plaster",52521,"Limestone",2021,31142.000000000004
5,"Mineral Products",525,"Salt, sulphur, cement, lime, stone, & plaster",52522,"Quicklime",2021,12374
5,"Mineral Products",525,"Salt, sulphur, cement, lime, stone, & plaster",52523,"Cement",2021,92955419
5,"Mineral Products",525,"Salt, sulphur, cement, lime, stone, & plaster",52525,"Mica",2021,3552004
5,"Mineral Products",525,"Salt, sulphur, cement, lime, stone, & plaster",52526,"Soapstone",2021,102
5,"Mineral Products",525,"Salt, sulphur, cement, lime, stone, & plaster",52529,"Feldspar",2021,7012975
5,"Mineral Products",525,"Salt, sulphur, cement, lime, stone, & plaster",52530,"Other Mineral",2021,1481664
5,"Mineral Products",526,"Ores, slag and ash",52601,"Iron Ore",2021,37742
5,"Mineral Products",526,"Ores, slag and ash",52602,"Manganese Ore",2021,4189539.0000000005
5,"Mineral Products",526,"Ores, slag and ash",52603,"Copper Ore",2021,1983567
5,"Mineral Products",526,"Ores, slag and ash",52605,"Cobalt Ore",2021,361579
5,"Mineral Products",526,"Ores, slag and ash",52606,"Aluminium Ore",2021,27.000000000000004
5,"Mineral Products",526,"Ores, slag and ash",52607,"Lead Ore",2021,73220942
5,"Mineral Products",526,"Ores, slag and ash",52608,"Zinc Ore",2021,53286245
5,"Mineral Products",526,"Ores, slag and ash",52609,"Tin Ores",2021,178456409
5,"Mineral Products",526,"Ores, slag and ash",52610,"Chromium Ore",2021,1205177
5,"Mineral Products",526,"Ores, slag and ash",52611,"Tungsten Ore",2021,813949
5,"Mineral Products",526,"Ores, slag and ash",52612,"Uranium and Thorium Ore",2021,2375482
5,"Mineral Products",526,"Ores, slag and ash",52613,"Molybdenum Ore",2021,513
5,"Mineral Products",526,"Ores, slag and ash",52614,"Titanium Ore",2021,5274450
5,"Mineral Products",526,"Ores, slag and ash",52615,"Niobium, Tantalum, Vanadium and Zirconium Ore",2021,74645141
5,"Mineral Products",526,"Ores, slag and ash",52616,"Precious Metal Ore",2021,2114870
5,"Mineral Products",526,"Ores, slag and ash",52617,"Other Ores",2021,2432991
5,"Mineral Products",526,"Ores, slag and ash",52618,"Granulated Slag",2021,14009
5,"Mineral Products",526,"Ores, slag and ash",52619,"Slag Dross",2021,12974
5,"Mineral Products",526,"Ores, slag and ash",52620,"Non-Iron and Steel Slag, Ash and Residues",2021,206965721
5,"Mineral Products",526,"Ores, slag and ash",52621,"Other Slag and Ash",2021,10855
5,"Mineral Products",527,"Mineral fuels, mineral oils and products of their distillation",52701,"Coal Briquettes",2021,4139229
5,"Mineral Products",527,"Mineral fuels, mineral oils and products of their distillation",52702,"Lignite",2021,1093
5,"Mineral Products",527,"Mineral fuels, mineral oils and products of their distillation",52703,"Peat",2021,558
5,"Mineral Products",527,"Mineral fuels, mineral oils and products of their distillation",52706,"Tar",2021,3150
5,"Mineral Products",527,"Mineral fuels, mineral oils and products of their distillation",52707,"Coal Tar Oil",2021,12066542
5,"Mineral Products",527,"Mineral fuels, mineral oils and products of their distillation",52708,"Pitch Coke",2021,1135
5,"Mineral Products",527,"Mineral fuels, mineral oils and products of their distillation",52709,"Crude Petroleum",2021,41646542988
5,"Mineral Products",527,"Mineral fuels, mineral oils and products of their distillation",52710,"Refined Petroleum",2021,711348147
5,"Mineral Products",527,"Mineral fuels, mineral oils and products of their distillation",52711,"Petroleum Gas",2021,8784461477
5,"Mineral Products",527,"Mineral fuels, mineral oils and products of their distillation",52712,"Petroleum Jelly",2021,165887
5,"Mineral Products",527,"Mineral fuels, mineral oils and products of their distillation",52713,"Petroleum Coke",2021,8659
5,"Mineral Products",527,"Mineral fuels, mineral oils and products of their distillation",52714,"Bitumen and asphalt",2021,5154
5,"Mineral Products",527,"Mineral fuels, mineral oils and products of their distillation",52715,"Asphalt Mixtures",2021,2417
5,"Mineral Products",527,"Mineral fuels, mineral oils and products of their distillation",52716,"Electricity",2021,147807540
6,"Chemical Products",628,"Inorganic chemicals",62801,"Halogens",2021,17511
6,"Chemical Products",628,"Inorganic chemicals",62803,"Carbon",2021,2
6,"Chemical Products",628,"Inorganic chemicals",62804,"Hydrogen",2021,182852
6,"Chemical Products",628,"Inorganic chemicals",62805,"Alkali, alkaline-earth, rare-earth metals, scandium, yttrium, and mercury",2021,5634451
6,"Chemical Products",628,"Inorganic chemicals",62806,"Hydrochloric Acid",2021,89666
6,"Chemical Products",628,"Inorganic chemicals",62807,"Sulfuric Acid",2021,71243
6,"Chemical Products",628,"Inorganic chemicals",62808,"Nitric Acids",2021,1075
6,"Chemical Products",628,"Inorganic chemicals",62809,"Phosphoric Acid",2021,6.999999999999999
6,"Chemical Products",628,"Inorganic chemicals",62810,"Boron",2021,25217
6,"Chemical Products",628,"Inorganic chemicals",62811,"Other Inorganic Acids",2021,5421412
6,"Chemical Products",628,"Inorganic chemicals",62812,"Halides",2021,70
6,"Chemical Products",628,"Inorganic chemicals",62814,"Ammonia",2021,7679
6,"Chemical Products",628,"Inorganic chemicals",62815,"Sodium or Potassium Peroxides",2021,11505
6,"Chemical Products",628,"Inorganic chemicals",62817,"Zinc Oxide and Peroxide",2021,569275
6,"Chemical Products",628,"Inorganic chemicals",62820,"Manganese Oxides",2021,43054
6,"Chemical Products",628,"Inorganic chemicals",62821,"Iron Oxides and Hydroxides",2021,344704
6,"Chemical Products",628,"Inorganic chemicals",62824,"Lead Oxides",2021,709535
6,"Chemical Products",628,"Inorganic chemicals",62825,"Inorganic Salts",2021,400
6,"Chemical Products",628,"Inorganic chemicals",62826,"Fluorides",2021,233667
6,"Chemical Products",628,"Inorganic chemicals",62827,"Chlorides",2021,6119
6,"Chemical Products",628,"Inorganic chemicals",62828,"Hypochlorites",2021,84702
6,"Chemical Products",628,"Inorganic chemicals",62829,"Chlorates and Perchlorates",2021,1003
6,"Chemical Products",628,"Inorganic chemicals",62833,"Sulfates",2021,3160
6,"Chemical Products",628,"Inorganic chemicals",62834,"Nitrites and Nitrates",2021,30734.999999999996
6,"Chemical Products",628,"Inorganic chemicals",62835,"Phosphinates (hypophosphites) and phosphonates (phosphites)",2021,3267
6,"Chemical Products",628,"Inorganic chemicals",62836,"Carbonates",2021,82763
6,"Chemical Products",628,"Inorganic chemicals",62839,"Silicates",2021,1643
6,"Chemical Products",628,"Inorganic chemicals",62841,"Oxometallic or Peroxometallic Acid Salts",2021,123
6,"Chemical Products",628,"Inorganic chemicals",62842,"Other Inorganic Acids Salts",2021,170
6,"Chemical Products",628,"Inorganic chemicals",62843,"Precious Metal Compounds",2021,837
6,"Chemical Products",628,"Inorganic chemicals",62844,"Radioactive Chemicals",2021,2560266
6,"Chemical Products",628,"Inorganic chemicals",62845,"Other Isotopes",2021,3142
6,"Chemical Products",628,"Inorganic chemicals",62846,"Rare-Earth Metal Compounds",2021,1383
6,"Chemical Products",628,"Inorganic chemicals",62850,"Hydrides and other anions",2021,2660
6,"Chemical Products",628,"Inorganic chemicals",62851,"Inorganic Compounds",2021,8303
6,"Chemical Products",629,"Organic chemicals",62901,"Acyclic Hydrocarbons",2021,110
6,"Chemical Products",629,"Organic chemicals",62902,"Cyclic Hydrocarbons",2021,1786
6,"Chemical Products",629,"Organic chemicals",62903,"Halogenated Hydrocarbons",2021,22349
6,"Chemical Products",629,"Organic chemicals",62904,"Sulfonated, Nitrated or Nitrosated Hydrocarbons",2021,22864
6,"Chemical Products",629,"Organic chemicals",62905,"Acyclic alcohol derivatives (halogenated, sulphonated, nitrated)",2021,31285
6,"Chemical Products",629,"Organic chemicals",62906,"Cyclic Alcohols",2021,6710
6,"Chemical Products",629,"Organic chemicals",62907,"Phenols",2021,96.99999999999999
6,"Chemical Products",629,"Organic chemicals",62912,"Aldehydes, cyclic polymers, and paraformaldehyde",2021,3149
6,"Chemical Products",629,"Organic chemicals",62914,"Ketones and Quinones",2021,19655.000000000004
6,"Chemical Products",629,"Organic chemicals",62915,"Saturated Acyclic Monocarboxylic Acids",2021,14863
6,"Chemical Products",629,"Organic chemicals",62916,"Unsaturated Acyclic Monocarboxylic Acids",2021,1022
6,"Chemical Products",629,"Organic chemicals",62917,"Polycarboxylic Acids",2021,39
6,"Chemical Products",629,"Organic chemicals",62918,"Carboxylic Acids",2021,35383
6,"Chemical Products",629,"Organic chemicals",62920,"Other Esters",2021,33
6,"Chemical Products",629,"Organic chemicals",62922,"Oxygen Amino Compounds",2021,3016
6,"Chemical Products",629,"Organic chemicals",62923,"Quaternary Ammonium Salts and Hydroxides",2021,626158
6,"Chemical Products",629,"Organic chemicals",62925,"Carboxyimide Compounds",2021,270
6,"Chemical Products",629,"Organic chemicals",62929,"Other Nitrogen Compounds",2021,22.000000000000004
6,"Chemical Products",629,"Organic chemicals",62930,"Organo-Sulfur Compounds",2021,85
6,"Chemical Products",629,"Organic chemicals",62931,"Other Organo-Inorganic Compounds",2021,40.99999999999999
6,"Chemical Products",629,"Organic chemicals",62932,"Oxygen Heterocyclic Compounds",2021,166
6,"Chemical Products",629,"Organic chemicals",62933,"Nitrogen Heterocyclic Compounds",2021,864852
6,"Chemical Products",629,"Organic chemicals",62934,"Nucleic Acids",2021,1750
6,"Chemical Products",629,"Organic chemicals",62936,"Vitamins",2021,72837
6,"Chemical Products",629,"Organic chemicals",62939,"Vegetable Alkaloids",2021,26410
6,"Chemical Products",629,"Organic chemicals",62940,"Chemically Pure Sugars",2021,130
6,"Chemical Products",629,"Organic chemicals",62941,"Antibiotics",2021,276.99999999999994
6,"Chemical Products",629,"Organic chemicals",62942,"Other Organic Compounds",2021,267
6,"Chemical Products",630,"Pharmaceutical products",63001,"Glands and Other Organs",2021,9009
6,"Chemical Products",630,"Pharmaceutical products",63002,"Vaccines, blood, antisera, toxins and cultures",2021,111274
6,"Chemical Products",630,"Pharmaceutical products",63003,"Unpackaged Medicaments",2021,858116
6,"Chemical Products",630,"Pharmaceutical products",63004,"Packaged Medicaments",2021,2139563
6,"Chemical Products",630,"Pharmaceutical products",63005,"Bandages",2021,11412
6,"Chemical Products",630,"Pharmaceutical products",63006,"Special Pharmaceuticals",2021,139041
6,"Chemical Products",631,"Fertilizers",63101,"Animal or Vegetable Fertilizers",2021,137598
6,"Chemical Products",631,"Fertilizers",63102,"Nitrogenous Fertilizers",2021,475484125
6,"Chemical Products",631,"Fertilizers",63104,"Potassic Fertilizers",2021,686577
6,"Chemical Products",631,"Fertilizers",63105,"Mixed Mineral or Chemical Fertilizers",2021,1854397
6,"Chemical Products",632,"Paints, dyes, & varnishes",63201,"Vegetable Tanning Extracts",2021,120417
6,"Chemical Products",632,"Paints, dyes, & varnishes",63202,"Synthetic Tanning Extracts",2021,77
6,"Chemical Products",632,"Paints, dyes, & varnishes",63203,"Vegetable or Animal Dyes",2021,12014
6,"Chemical Products",632,"Paints, dyes, & varnishes",63204,"Synthetic Coloring Matter",2021,58088
6,"Chemical Products",632,"Paints, dyes, & varnishes",63206,"Other Coloring Matter",2021,411035
6,"Chemical Products",632,"Paints, dyes, & varnishes",63207,"Prepared Pigments",2021,161481
6,"Chemical Products",632,"Paints, dyes, & varnishes",63208,"Nonaqueous Paints",2021,273563
6,"Chemical Products",632,"Paints, dyes, & varnishes",63209,"Aqueous Paints",2021,116090
6,"Chemical Products",632,"Paints, dyes, & varnishes",63210,"Other Paints",2021,68520
6,"Chemical Products",632,"Paints, dyes, & varnishes",63211,"Prepared Paint Driers",2021,144.00000000000003
6,"Chemical Products",632,"Paints, dyes, & varnishes",63212,"Nonaqueous Pigments",2021,6940
6,"Chemical Products",632,"Paints, dyes, & varnishes",63213,"Artistry Paints",2021,5935
6,"Chemical Products",632,"Paints, dyes, & varnishes",63214,"Glaziers Putty",2021,126340
6,"Chemical Products",632,"Paints, dyes, & varnishes",63215,"Ink",2021,56181
6,"Chemical Products",633,"Perfumery & cosmetics",63301,"Essential Oils",2021,67781
6,"Chemical Products",633,"Perfumery & cosmetics",63302,"Scented Mixtures",2021,346979
6,"Chemical Products",633,"Perfumery & cosmetics",63303,"Perfumes",2021,335805
6,"Chemical Products",633,"Perfumery & cosmetics",63304,"Beauty Products",2021,4452164
6,"Chemical Products",633,"Perfumery & cosmetics",63305,"Hair Products",2021,3366521
6,"Chemical Products",633,"Perfumery & cosmetics",63306,"Dental Products",2021,2288181
6,"Chemical Products",633,"Perfumery & cosmetics",63307,"Shaving Products",2021,443521
6,"Chemical Products",634,"Soap, cleaners, candles, dental, modelling pastes",63401,"Soap",2021,6175802
6,"Chemical Products",634,"Soap, cleaners, candles, dental, modelling pastes",63402,"Cleaning Products",2021,4331540
6,"Chemical Products",634,"Soap, cleaners, candles, dental, modelling pastes",63403,"Lubricating Products",2021,234252
6,"Chemical Products",634,"Soap, cleaners, candles, dental, modelling pastes",63404,"Waxes",2021,42085
6,"Chemical Products",634,"Soap, cleaners, candles, dental, modelling pastes",63405,"Polishes and Creams",2021,125404
6,"Chemical Products",634,"Soap, cleaners, candles, dental, modelling pastes",63406,"Candles",2021,9854
6,"Chemical Products",634,"Soap, cleaners, candles, dental, modelling pastes",63407,"Pastes and Waxes",2021,212
6,"Chemical Products",635,"Glues, starches, & albuminoid products",63501,"Casein",2021,23848
6,"Chemical Products",635,"Glues, starches, & albuminoid products",63502,"Water Soluble Proteins",2021,1739
6,"Chemical Products",635,"Glues, starches, & albuminoid products",63504,"Peptones",2021,874
6,"Chemical Products",635,"Glues, starches, & albuminoid products",63505,"Dextrins",2021,19838
6,"Chemical Products",635,"Glues, starches, & albuminoid products",63506,"Glues",2021,597294
6,"Chemical Products",635,"Glues, starches, & albuminoid products",63507,"Enzymes",2021,17603
6,"Chemical Products",636,"Explosives, matches, & fireworks",63602,"Prepared Explosives",2021,19445.999999999996
6,"Chemical Products",636,"Explosives, matches, & fireworks",63603,"Detonating Fuses",2021,179471
6,"Chemical Products",636,"Explosives, matches, & fireworks",63605,"Matches",2021,10774.999999999998
6,"Chemical Products",636,"Explosives, matches, & fireworks",63606,"Pyrophoric Alloys",2021,294
6,"Chemical Products",637,"Photo & movie goods",63701,"Photographic Plates",2021,7675
6,"Chemical Products",637,"Photo & movie goods",63702,"Photographic Film",2021,1283
6,"Chemical Products",637,"Photo & movie goods",63703,"Photographic Paper",2021,239
6,"Chemical Products",637,"Photo & movie goods",63704,"Undeveloped Exposed Photographic Material",2021,125
6,"Chemical Products",637,"Photo & movie goods",63705,"Developed Exposed Photographic Material",2021,175.99999999999997
6,"Chemical Products",637,"Photo & movie goods",63707,"Photographic Chemicals",2021,9674
6,"Chemical Products",638,"Chemical products n.e.s.",63802,"Activated Carbon",2021,5354017
6,"Chemical Products",638,"Chemical products n.e.s.",63804,"Wood Pulp Lyes",2021,180
6,"Chemical Products",638,"Chemical products n.e.s.",63805,"Turpentine",2021,17413946
6,"Chemical Products",638,"Chemical products n.e.s.",63806,"Rosin",2021,1148
6,"Chemical Products",638,"Chemical products n.e.s.",63807,"Wood Tar, Oils and Pitch",2021,13386
6,"Chemical Products",638,"Chemical products n.e.s.",63808,"Pesticides",2021,27684278
6,"Chemical Products",638,"Chemical products n.e.s.",63809,"Dyeing Finishing Agents",2021,6697
6,"Chemical Products",638,"Chemical products n.e.s.",63810,"Metal Pickling Preparations",2021,815.0000000000001
6,"Chemical Products",638,"Chemical products n.e.s.",63811,"Antiknock",2021,154125
6,"Chemical Products",638,"Chemical products n.e.s.",63812,"Prepared Rubber Accelerators",2021,12552
6,"Chemical Products",638,"Chemical products n.e.s.",63813,"Fire Extinguishers Preparations",2021,20955
6,"Chemical Products",638,"Chemical products n.e.s.",63814,"Organic Composite Solvents",2021,62334
6,"Chemical Products",638,"Chemical products n.e.s.",63815,"Reaction and Catalytic Products",2021,13404
6,"Chemical Products",638,"Chemical products n.e.s.",63816,"Refractory Cements",2021,160675
6,"Chemical Products",638,"Chemical products n.e.s.",63818,"Disc Chemicals for Electronics",2021,206.00000000000003
6,"Chemical Products",638,"Chemical products n.e.s.",63819,"Hydraulic Brake Fluid",2021,106864
6,"Chemical Products",638,"Chemical products n.e.s.",63820,"Antifreeze",2021,114556
6,"Chemical Products",638,"Chemical products n.e.s.",63821,"Micro-Organism Culture Preparations",2021,1855
6,"Chemical Products",638,"Chemical products n.e.s.",63822,"Laboratory Reagents",2021,303525
6,"Chemical Products",638,"Chemical products n.e.s.",63823,"Industrial Fatty Acids, Oils and Alcohols",2021,4621967
7,"Plastics and Rubbers",739,"Plastics & articles thereof",73901,"Ethylene Polymers",2021,26369727
7,"Plastics and Rubbers",739,"Plastics & articles thereof",73902,"Propylene Polymers",2021,3897443
7,"Plastics and Rubbers",739,"Plastics & articles thereof",73903,"Styrene Polymers",2021,294327
7,"Plastics and Rubbers",739,"Plastics & articles thereof",73904,"Vinyl Chloride Polymers",2021,153886
7,"Plastics and Rubbers",739,"Plastics & articles thereof",73905,"Other Vinyl Polymers",2021,16
7,"Plastics and Rubbers",739,"Plastics & articles thereof",73906,"Acrylic Polymers",2021,49727
7,"Plastics and Rubbers",739,"Plastics & articles thereof",73907,"Polyacetals",2021,3056496
7,"Plastics and Rubbers",739,"Plastics & articles thereof",73908,"Polyamides",2021,84026.99999999999
7,"Plastics and Rubbers",739,"Plastics & articles thereof",73909,"Amino-resins",2021,437229.00000000006
7,"Plastics and Rubbers",739,"Plastics & articles thereof",73910,"Silicone",2021,1177
7,"Plastics and Rubbers",739,"Plastics & articles thereof",73911,"Petroleum Resins",2021,1920
7,"Plastics and Rubbers",739,"Plastics & articles thereof",73912,"Cellulose",2021,13521
7,"Plastics and Rubbers",739,"Plastics & articles thereof",73913,"Natural Polymers",2021,93
7,"Plastics and Rubbers",739,"Plastics & articles thereof",73915,"Scrap Plastic",2021,12067401
7,"Plastics and Rubbers",739,"Plastics & articles thereof",73916,"Monofilament",2021,10634
7,"Plastics and Rubbers",739,"Plastics & articles thereof",73917,"Plastic Pipes",2021,760203
7,"Plastics and Rubbers",739,"Plastics & articles thereof",73918,"Plastic Floor Coverings",2021,122436
7,"Plastics and Rubbers",739,"Plastics & articles thereof",73919,"Self-adhesive Plastics",2021,98159
7,"Plastics and Rubbers",739,"Plastics & articles thereof",73920,"Raw Plastic Sheeting",2021,23407344
7,"Plastics and Rubbers",739,"Plastics & articles thereof",73921,"Other Plastic Sheetings",2021,1402246
7,"Plastics and Rubbers",739,"Plastics & articles thereof",73922,"Plastic Wash Basins",2021,48134
7,"Plastics and Rubbers",739,"Plastics & articles thereof",73923,"Plastic Lids",2021,5675003
7,"Plastics and Rubbers",739,"Plastics & articles thereof",73924,"Plastic Housewares",2021,1269825
7,"Plastics and Rubbers",739,"Plastics & articles thereof",73925,"Plastic Building Materials",2021,383300
7,"Plastics and Rubbers",739,"Plastics & articles thereof",73926,"Other Plastic Products",2021,1638603
7,"Plastics and Rubbers",740,"Rubber & articles thereof",74001,"Rubber",2021,81753485
7,"Plastics and Rubbers",740,"Rubber & articles thereof",74002,"Synthetic Rubber",2021,2706
7,"Plastics and Rubbers",740,"Rubber & articles thereof",74004,"Scrap Rubber",2021,457.99999999999994
7,"Plastics and Rubbers",740,"Rubber & articles thereof",74005,"Compounded Unvulcanised Rubber",2021,7664
7,"Plastics and Rubbers",740,"Rubber & articles thereof",74006,"Unvulcanised Rubber Products",2021,3702
7,"Plastics and Rubbers",740,"Rubber & articles thereof",74007,"Rubber Thread",2021,7867
7,"Plastics and Rubbers",740,"Rubber & articles thereof",74008,"Rubber Sheets",2021,4207
7,"Plastics and Rubbers",740,"Rubber & articles thereof",74009,"Rubber Pipes",2021,95797
7,"Plastics and Rubbers",740,"Rubber & articles thereof",74010,"Rubber Belting",2021,257396
7,"Plastics and Rubbers",740,"Rubber & articles thereof",74011,"Rubber Tires",2021,498255
7,"Plastics and Rubbers",740,"Rubber & articles thereof",74012,"Used Rubber Tires",2021,26491
7,"Plastics and Rubbers",740,"Rubber & articles thereof",74013,"Rubber Inner Tubes",2021,94568
7,"Plastics and Rubbers",740,"Rubber & articles thereof",74014,"Pharmaceutical Rubber Products",2021,13153
7,"Plastics and Rubbers",740,"Rubber & articles thereof",74015,"Rubber Apparel",2021,327197
7,"Plastics and Rubbers",740,"Rubber & articles thereof",74016,"Other Rubber Products",2021,627675
7,"Plastics and Rubbers",740,"Rubber & articles thereof",74017,"Hard Rubber",2021,7261
8,"Animal Hides",841,"Raw hides & skin (non-fur)",84101,"Equine and Bovine Hides",2021,199
8,"Animal Hides",841,"Raw hides & skin (non-fur)",84102,"Sheep Hides",2021,1312410.9999999998
8,"Animal Hides",841,"Raw hides & skin (non-fur)",84103,"Other Hides and Skins",2021,691502
8,"Animal Hides",841,"Raw hides & skin (non-fur)",84104,"Tanned Equine and Bovine Hides",2021,22750771
8,"Animal Hides",841,"Raw hides & skin (non-fur)",84105,"Tanned Sheep Hides",2021,60507751
8,"Animal Hides",841,"Raw hides & skin (non-fur)",84106,"Tanned Goat Hides",2021,20893086
8,"Animal Hides",841,"Raw hides & skin (non-fur)",84107,"Leather of Other Animals",2021,1939811
8,"Animal Hides",841,"Raw hides & skin (non-fur)",84108,"Chamois Leather",2021,2359775
8,"Animal Hides",841,"Raw hides & skin (non-fur)",84109,"Patent Leather",2021,1322
8,"Animal Hides",841,"Raw hides & skin (non-fur)",84111,"Leather Sheets",2021,1634
8,"Animal Hides",842,"Leather articles",84202,"Trunks and Cases",2021,279726
8,"Animal Hides",842,"Leather articles",84203,"Leather Apparel",2021,45028
8,"Animal Hides",842,"Leather articles",84205,"Other Leather Articles",2021,923585
8,"Animal Hides",842,"Leather articles",84206,"Articles of Gut",2021,27.000000000000004
8,"Animal Hides",843,"Furskins, articifial fur, & articles",84303,"Furskin Apparel",2021,11959.999999999998
9,"Wood Products",944,"Wood, wood articles, & charcoal",94401,"Fuel Wood",2021,2735936
9,"Wood Products",944,"Wood, wood articles, & charcoal",94402,"Wood Charcoal",2021,46373365
9,"Wood Products",944,"Wood, wood articles, & charcoal",94403,"Rough Wood",2021,47046957
9,"Wood Products",944,"Wood, wood articles, & charcoal",94404,"Wood Stakes",2021,413
9,"Wood Products",944,"Wood, wood articles, & charcoal",94405,"Wood Wool",2021,1731
9,"Wood Products",944,"Wood, wood articles, & charcoal",94406,"Railroad Ties",2021,52117
9,"Wood Products",944,"Wood, wood articles, & charcoal",94407,"Sawn Wood",2021,9734706
9,"Wood Products",944,"Wood, wood articles, & charcoal",94408,"Veneer Sheets",2021,71395
9,"Wood Products",944,"Wood, wood articles, & charcoal",94409,"Shaped Wood",2021,1431488
9,"Wood Products",944,"Wood, wood articles, & charcoal",94410,"Particle Board",2021,19377
9,"Wood Products",944,"Wood, wood articles, & charcoal",94411,"Wood Fiberboard",2021,11443
9,"Wood Products",944,"Wood, wood articles, & charcoal",94412,"Plywood",2021,112717
9,"Wood Products",944,"Wood, wood articles, & charcoal",94413,"Densified Wood",2021,24059.000000000004
9,"Wood Products",944,"Wood, wood articles, & charcoal",94414,"Wood Frames",2021,7391
9,"Wood Products",944,"Wood, wood articles, & charcoal",94415,"Wood Crates",2021,3785
9,"Wood Products",944,"Wood, wood articles, & charcoal",94417,"Wooden Tool Handles",2021,383
9,"Wood Products",944,"Wood, wood articles, & charcoal",94418,"Wood Carpentry",2021,122666
9,"Wood Products",944,"Wood, wood articles, & charcoal",94419,"Wood Kitchenware",2021,15467
9,"Wood Products",944,"Wood, wood articles, & charcoal",94420,"Wood Ornaments",2021,95506
9,"Wood Products",944,"Wood, wood articles, & charcoal",94421,"Other Wood Articles",2021,38641
9,"Wood Products",945,"Cork & cork articles",94503,"Natural Cork Articles",2021,2378
9,"Wood Products",945,"Cork & cork articles",94504,"Agglomerated Cork",2021,2194
9,"Wood Products",946,"Straw & esparto manufactures",94601,"Plaiting Products",2021,180290
9,"Wood Products",946,"Straw & esparto manufactures",94602,"Basketwork",2021,19289
10,"Paper Goods",1047,"Wood pulp & paper scrap",104703,"Sulfate Chemical Woodpulp",2021,1352
10,"Paper Goods",1047,"Wood pulp & paper scrap",104704,"Sulfite Chemical Woodpulp",2021,99
10,"Paper Goods",1047,"Wood pulp & paper scrap",104706,"Recovered Paper Pulp",2021,72.00000000000001
10,"Paper Goods",1047,"Wood pulp & paper scrap",104707,"Recovered Paper",2021,17961
10,"Paper Goods",1048,"Paper articles",104801,"Newsprint",2021,51856
10,"Paper Goods",1048,"Paper articles",104802,"Uncoated Paper",2021,130852
10,"Paper Goods",1048,"Paper articles",104803,"Tissue",2021,3236201.0000000005
10,"Paper Goods",1048,"Paper articles",104804,"Kraft Paper",2021,4367
10,"Paper Goods",1048,"Paper articles",104805,"Other Uncoated Paper",2021,30791
10,"Paper Goods",1048,"Paper articles",104806,"Vegetable Parchment",2021,7899
10,"Paper Goods",1048,"Paper articles",104807,"Composite Paper",2021,5724
10,"Paper Goods",1048,"Paper articles",104808,"Corrugated Paper",2021,45750
10,"Paper Goods",1048,"Paper articles",104809,"Carbon Paper",2021,10779.000000000002
10,"Paper Goods",1048,"Paper articles",104810,"Kaolin Coated Paper",2021,25202
10,"Paper Goods",1048,"Paper articles",104811,"Cellulose Fibers Paper",2021,67175
10,"Paper Goods",1048,"Paper articles",104812,"Paper Pulp Filter Blocks",2021,637
10,"Paper Goods",1048,"Paper articles",104813,"Cigarette Paper",2021,235546
10,"Paper Goods",1048,"Paper articles",104814,"Wallpaper",2021,5013
10,"Paper Goods",1048,"Paper articles",104816,"Other Carbon Paper",2021,1631
10,"Paper Goods",1048,"Paper articles",104817,"Letter Stock",2021,115649
10,"Paper Goods",1048,"Paper articles",104818,"Toilet Paper",2021,782736
10,"Paper Goods",1048,"Paper articles",104819,"Paper Containers",2021,2009710
10,"Paper Goods",1048,"Paper articles",104820,"Paper Notebooks",2021,47062
10,"Paper Goods",1048,"Paper articles",104821,"Paper Labels",2021,336884
10,"Paper Goods",1048,"Paper articles",104822,"Paper Spools",2021,1656
10,"Paper Goods",1048,"Paper articles",104823,"Shaped Paper",2021,627910
10,"Paper Goods",1049,"Books, newspapers, & other prints",104901,"Brochures",2021,2298321
10,"Paper Goods",1049,"Books, newspapers, & other prints",104902,"Newspapers",2021,171139
10,"Paper Goods",1049,"Books, newspapers, & other prints",104903,"Children's Picture Books",2021,6780
10,"Paper Goods",1049,"Books, newspapers, & other prints",104904,"Sheet Music",2021,1460
10,"Paper Goods",1049,"Books, newspapers, & other prints",104905,"Maps",2021,16791
10,"Paper Goods",1049,"Books, newspapers, & other prints",104906,"Architectural Plans",2021,3138.9999999999995
10,"Paper Goods",1049,"Books, newspapers, & other prints",104907,"Documents of title (bonds etc) and unused stamps",2021,55755
10,"Paper Goods",1049,"Books, newspapers, & other prints",104908,"Decals",2021,149
10,"Paper Goods",1049,"Books, newspapers, & other prints",104909,"Postcards",2021,8136
10,"Paper Goods",1049,"Books, newspapers, & other prints",104910,"Calendars",2021,5419
10,"Paper Goods",1049,"Books, newspapers, & other prints",104911,"Other Printed Material",2021,306689
11,"Textiles",1150,"Silk",115003,"Silk Waste",2021,27.000000000000004
11,"Textiles",1150,"Silk",115006,"Retail Silk Yarn",2021,8601.999999999998
11,"Textiles",1150,"Silk",115007,"Silk Fabrics",2021,15684
11,"Textiles",1151,"Wool & animal hair",115101,"Wool",2021,3711.9999999999995
11,"Textiles",1151,"Wool & animal hair",115102,"Animal Hair",2021,2014.9999999999998
11,"Textiles",1151,"Wool & animal hair",115103,"Wool or Animal Hair Waste",2021,1
11,"Textiles",1151,"Wool & animal hair",115105,"Prepared Wool or Animal Hair",2021,10795
11,"Textiles",1151,"Wool & animal hair",115106,"Non-Retail Carded Wool Yarn",2021,2024.9999999999998
11,"Textiles",1151,"Wool & animal hair",115107,"Non-Retail Combed Wool Yarn",2021,627
11,"Textiles",1151,"Wool & animal hair",115108,"Non-Retail Animal Hair Yarn",2021,5473
11,"Textiles",1151,"Wool & animal hair",115109,"Retail Wool or Animal Hair Yarn",2021,335120
11,"Textiles",1151,"Wool & animal hair",115111,"Carded Wool or Animal Hair Fabric",2021,24497.999999999996
11,"Textiles",1151,"Wool & animal hair",115112,"Combed Wool or Animal Hair Fabric",2021,1869
11,"Textiles",1151,"Wool & animal hair",115113,"Horsehair Fabric",2021,6557
11,"Textiles",1152,"Cotton",115201,"Raw Cotton",2021,19754493
11,"Textiles",1152,"Cotton",115202,"Cotton Waste",2021,403259.99999999994
11,"Textiles",1152,"Cotton",115203,"Prepared Cotton",2021,151
11,"Textiles",1152,"Cotton",115204,"Cotton Sewing Thread",2021,48224
11,"Textiles",1152,"Cotton",115205,"Non-Retail Pure Cotton Yarn",2021,1800360
11,"Textiles",1152,"Cotton",115206,"Non-Retail Mixed Cotton Yarn",2021,108.00000000000001
11,"Textiles",1152,"Cotton",115207,"Retail Cotton Yarn",2021,29219
11,"Textiles",1152,"Cotton",115208,"Light Pure Woven Cotton",2021,1380289
11,"Textiles",1152,"Cotton",115209,"Heavy Pure Woven Cotton",2021,987828
11,"Textiles",1152,"Cotton",115210,"Light Mixed Woven Cotton",2021,74390
11,"Textiles",1152,"Cotton",115211,"Heavy Mixed Woven Cotton",2021,116189
11,"Textiles",1152,"Cotton",115212,"Other Cotton Fabrics",2021,153342
11,"Textiles",1153,"Vegetable textile fibers, paper yarn & fabrics",115303,"Jute and Other Textile Fibers",2021,12022
11,"Textiles",1153,"Vegetable textile fibers, paper yarn & fabrics",115305,"Coconut and Other Vegetable Fibers",2021,9756
11,"Textiles",1153,"Vegetable textile fibers, paper yarn & fabrics",115307,"Jute Yarn",2021,45
11,"Textiles",1153,"Vegetable textile fibers, paper yarn & fabrics",115308,"Other Vegetable Fibers Yarn",2021,3459
11,"Textiles",1153,"Vegetable textile fibers, paper yarn & fabrics",115309,"Flax Woven Fabric",2021,68
11,"Textiles",1153,"Vegetable textile fibers, paper yarn & fabrics",115310,"Jute Woven Fabric",2021,277
11,"Textiles",1153,"Vegetable textile fibers, paper yarn & fabrics",115311,"Other Vegetable Fibers Fabric",2021,93534.99999999999
11,"Textiles",1154,"Man-made filaments",115401,"Artificial Filament Sewing Thread",2021,30607
11,"Textiles",1154,"Man-made filaments",115402,"Non-Retail Synthetic Filament Yarn",2021,1126233
11,"Textiles",1154,"Man-made filaments",115403,"Non-Retail Artificial Filament Yarn",2021,7937
11,"Textiles",1154,"Man-made filaments",115404,"Synthetic Monofilament",2021,1467
11,"Textiles",1154,"Man-made filaments",115406,"Retail Artificial Filament Yarn",2021,38945
11,"Textiles",1154,"Man-made filaments",115407,"Synthetic Filament Yarn Woven Fabric",2021,99673
11,"Textiles",1154,"Man-made filaments",115408,"Artificial Filament Yarn Woven Fabric",2021,4752
11,"Textiles",1155,"Man-made staple fibres",115501,"Synthetic Filament Tow",2021,129617.99999999999
11,"Textiles",1155,"Man-made staple fibres",115502,"Artificial Filament Tow",2021,9178
11,"Textiles",1155,"Man-made staple fibres",115503,"Unprocessed Synthetic Staple Fibers",2021,22605033
11,"Textiles",1155,"Man-made staple fibres",115505,"Artificial Fibers Waste",2021,38290
11,"Textiles",1155,"Man-made staple fibres",115506,"Processed Synthetic Staple Fibers",2021,55537.00000000001
11,"Textiles",1155,"Man-made staple fibres",115508,"Non-Retail Artificial Staple Fibers Sewing Thread",2021,63607
11,"Textiles",1155,"Man-made staple fibres",115509,"Non-Retail Synthetic Staple Fibers Yarn",2021,3014
11,"Textiles",1155,"Man-made staple fibres",115511,"Retail Artificial Staple Fibers Yarn",2021,5824
11,"Textiles",1155,"Man-made staple fibres",115512,"Synthetic Fabrics",2021,65091
11,"Textiles",1155,"Man-made staple fibres",115513,"Light Synthetic Cotton Fabrics",2021,27769
11,"Textiles",1155,"Man-made staple fibres",115514,"Heavy Synthetic Cotton Fabrics",2021,33831
11,"Textiles",1155,"Man-made staple fibres",115515,"Other Synthetic Fabrics",2021,205399
11,"Textiles",1155,"Man-made staple fibres",115516,"Woven Fabric of Synthetic Staple Fibers",2021,80896
11,"Textiles",1156,"Wadding, felt, nonwovens, twin, ropes, & articles thereof",115601,"Wadding",2021,65377
11,"Textiles",1156,"Wadding, felt, nonwovens, twin, ropes, & articles thereof",115602,"Felt",2021,5678
11,"Textiles",1156,"Wadding, felt, nonwovens, twin, ropes, & articles thereof",115603,"Non-woven Textiles",2021,8688
11,"Textiles",1156,"Wadding, felt, nonwovens, twin, ropes, & articles thereof",115604,"Rubber Textiles",2021,3305
11,"Textiles",1156,"Wadding, felt, nonwovens, twin, ropes, & articles thereof",115605,"Metallic Yarn",2021,1595.9999999999998
11,"Textiles",1156,"Wadding, felt, nonwovens, twin, ropes, & articles thereof",115607,"Twine and Rope",2021,63410
11,"Textiles",1156,"Wadding, felt, nonwovens, twin, ropes, & articles thereof",115608,"Twine, cordage or rope; knotted netting, made up fishing nets and other made up nets, of textile materials",2021,72171
11,"Textiles",1156,"Wadding, felt, nonwovens, twin, ropes, & articles thereof",115609,"Other Articles of Twine and Rope",2021,6200
11,"Textiles",1157,"Carpets & textile floor covers",115701,"Knotted Carpets",2021,22476
11,"Textiles",1157,"Carpets & textile floor covers",115702,"Hand-Woven Rugs",2021,57674
11,"Textiles",1157,"Carpets & textile floor covers",115703,"Tufted Carpets",2021,42712
11,"Textiles",1157,"Carpets & textile floor covers",115704,"Felt Carpets",2021,10947
11,"Textiles",1157,"Carpets & textile floor covers",115705,"Other Carpets",2021,10000
11,"Textiles",1158,"Special woven fabrics and tapestries",115801,"Woven Fabrics",2021,2703
11,"Textiles",1158,"Special woven fabrics and tapestries",115802,"Terry Fabric",2021,10673
11,"Textiles",1158,"Special woven fabrics and tapestries",115803,"Gauze",2021,511
11,"Textiles",1158,"Special woven fabrics and tapestries",115804,"Tulles and Net Fabric",2021,141037
11,"Textiles",1158,"Special woven fabrics and tapestries",115806,"Narrow Woven Fabric",2021,15203
11,"Textiles",1158,"Special woven fabrics and tapestries",115807,"Labels",2021,4104
11,"Textiles",1158,"Special woven fabrics and tapestries",115808,"Ornamental Trimmings",2021,22688
11,"Textiles",1158,"Special woven fabrics and tapestries",115809,"Metallic Fabric",2021,557
11,"Textiles",1158,"Special woven fabrics and tapestries",115810,"Embroidery",2021,16884
11,"Textiles",1158,"Special woven fabrics and tapestries",115811,"Quilted Textiles",2021,30376
11,"Textiles",1159,"Coated, covered, & laminated fabrics for industrial use",115901,"Gum Coated Textile Fabric",2021,58933
11,"Textiles",1159,"Coated, covered, & laminated fabrics for industrial use",115902,"Polyamide Fabric",2021,458
11,"Textiles",1159,"Coated, covered, & laminated fabrics for industrial use",115903,"Plastic Coated Textile Fabric",2021,546166
11,"Textiles",1159,"Coated, covered, & laminated fabrics for industrial use",115904,"Linoleum",2021,32
11,"Textiles",1159,"Coated, covered, & laminated fabrics for industrial use",115905,"Textile Wall Coverings",2021,768
11,"Textiles",1159,"Coated, covered, & laminated fabrics for industrial use",115906,"Rubber Textile Fabric",2021,2316
11,"Textiles",1159,"Coated, covered, & laminated fabrics for industrial use",115907,"Coated Textile Fabric",2021,10442
11,"Textiles",1159,"Coated, covered, & laminated fabrics for industrial use",115908,"Textile Wicks",2021,4795
11,"Textiles",1159,"Coated, covered, & laminated fabrics for industrial use",115909,"Hose Piping Textiles",2021,857.0000000000001
11,"Textiles",1159,"Coated, covered, & laminated fabrics for industrial use",115910,"Conveyor Belt Textiles",2021,23459
11,"Textiles",1159,"Coated, covered, & laminated fabrics for industrial use",115911,"Textiles for technical uses",2021,61519
11,"Textiles",1160,"Knitted fabrics",116001,"Pile Fabric",2021,2312
11,"Textiles",1160,"Knitted fabrics",116002,"Light Rubberized Knitted Fabric",2021,563594
11,"Textiles",1161,"Knitted clothing accesories",116101,"Knit Men's Coats",2021,8084
11,"Textiles",1161,"Knitted clothing accesories",116102,"Knit Women's Coats",2021,3743
11,"Textiles",1161,"Knitted clothing accesories",116103,"Knit Men's Suits",2021,91371
11,"Textiles",1161,"Knitted clothing accesories",116104,"Knit Women's Suits",2021,269044
11,"Textiles",1161,"Knitted clothing accesories",116105,"Knit Men's Shirts",2021,54410
11,"Textiles",1161,"Knitted clothing accesories",116106,"Knit Women's Shirts",2021,24546
11,"Textiles",1161,"Knitted clothing accesories",116107,"Knit Men's Undergarments",2021,42420
11,"Textiles",1161,"Knitted clothing accesories",116108,"Knit Women's Undergarments",2021,13744
11,"Textiles",1161,"Knitted clothing accesories",116109,"Knit T-shirts",2021,1444219
11,"Textiles",1161,"Knitted clothing accesories",116110,"Knit Sweaters",2021,74338
11,"Textiles",1161,"Knitted clothing accesories",116111,"Knit Babies' Garments",2021,57504
11,"Textiles",1161,"Knitted clothing accesories",116112,"Knit Active Wear",2021,7784
11,"Textiles",1161,"Knitted clothing accesories",116113,"Garments of Impregnated Fabric",2021,19197
11,"Textiles",1161,"Knitted clothing accesories",116114,"Other Knit Garments",2021,300224
11,"Textiles",1161,"Knitted clothing accesories",116115,"Knit Socks and Hosiery",2021,7660
11,"Textiles",1161,"Knitted clothing accesories",116116,"Knit Gloves",2021,1660
11,"Textiles",1161,"Knitted clothing accesories",116117,"Other Knit Clothing Accessories",2021,42145
11,"Textiles",1162,"Non-knitted clothing accesories",116201,"Non-Knit Men's Coats",2021,39749
11,"Textiles",1162,"Non-knitted clothing accesories",116202,"Non-Knit Women's Coats",2021,9929
11,"Textiles",1162,"Non-knitted clothing accesories",116203,"Non-Knit Men's Suits",2021,612104
11,"Textiles",1162,"Non-knitted clothing accesories",116204,"Non-Knit Women's Suits",2021,1095525
11,"Textiles",1162,"Non-knitted clothing accesories",116205,"Non-Knit Men's Shirts",2021,302728
11,"Textiles",1162,"Non-knitted clothing accesories",116206,"Non-Knit Women's Shirts",2021,84464
11,"Textiles",1162,"Non-knitted clothing accesories",116207,"Non-Knit Men's Undergarments",2021,24538
11,"Textiles",1162,"Non-knitted clothing accesories",116208,"Non-Knit Women's Undergarments",2021,37237
11,"Textiles",1162,"Non-knitted clothing accesories",116209,"Non-Knit Babies' Garments",2021,27455
11,"Textiles",1162,"Non-knitted clothing accesories",116210,"Felt or Coated Fabric Garments",2021,2712290
11,"Textiles",1162,"Non-knitted clothing accesories",116211,"Non-Knit Active Wear",2021,216387
11,"Textiles",1162,"Non-knitted clothing accesories",116212,"Other Women's Undergarments",2021,12979
11,"Textiles",1162,"Non-knitted clothing accesories",116213,"Handkerchiefs",2021,9950
11,"Textiles",1162,"Non-knitted clothing accesories",116214,"Scarves",2021,122613
11,"Textiles",1162,"Non-knitted clothing accesories",116215,"Neck Ties",2021,2684
11,"Textiles",1162,"Non-knitted clothing accesories",116216,"Non-Knit Gloves",2021,2201
11,"Textiles",1162,"Non-knitted clothing accesories",116217,"Other Non-Knit Clothing Accessories",2021,475034
11,"Textiles",1163,"Used clothes & textile articles",116301,"Blankets",2021,75961
11,"Textiles",1163,"Used clothes & textile articles",116302,"House Linens",2021,115410
11,"Textiles",1163,"Used clothes & textile articles",116303,"Window Dressings",2021,25545
11,"Textiles",1163,"Used clothes & textile articles",116304,"Bedspreads",2021,118925
11,"Textiles",1163,"Used clothes & textile articles",116305,"Packing Bags",2021,3380218
11,"Textiles",1163,"Used clothes & textile articles",116306,"Awnings, Tents, and Sails",2021,295099
11,"Textiles",1163,"Used clothes & textile articles",116307,"Other Cloth Articles",2021,266563
11,"Textiles",1163,"Used clothes & textile articles",116308,"Packaged Sewing Sets",2021,2012.0000000000002
11,"Textiles",1163,"Used clothes & textile articles",116309,"Used Clothing",2021,1451451
11,"Textiles",1163,"Used clothes & textile articles",116310,"Textile Scraps",2021,5067
12,"Footwear and Headwear",1264,"Footwear",126401,"Waterproof Footwear",2021,79238
12,"Footwear and Headwear",1264,"Footwear",126402,"Rubber Footwear",2021,4664389
12,"Footwear and Headwear",1264,"Footwear",126403,"Leather Footwear",2021,609828
12,"Footwear and Headwear",1264,"Footwear",126404,"Textile Footwear",2021,234132
12,"Footwear and Headwear",1264,"Footwear",126405,"Other Footwear",2021,526176
12,"Footwear and Headwear",1264,"Footwear",126406,"Footwear Parts",2021,30477
12,"Footwear and Headwear",1265,"Headgear",126501,"Hat Forms",2021,376
12,"Footwear and Headwear",1265,"Headgear",126502,"Hat Shapes",2021,374
12,"Footwear and Headwear",1265,"Headgear",126504,"Hats",2021,3697
12,"Footwear and Headwear",1265,"Headgear",126505,"Knitted Hats",2021,92630
12,"Footwear and Headwear",1265,"Headgear",126506,"Other Headwear",2021,49223
12,"Footwear and Headwear",1265,"Headgear",126507,"Headbands and Linings",2021,2453
12,"Footwear and Headwear",1266,"Umbrellas, walking sticks, & whips",126601,"Umbrellas",2021,26659
12,"Footwear and Headwear",1266,"Umbrellas, walking sticks, & whips",126602,"Walking Sticks",2021,2220
12,"Footwear and Headwear",1266,"Umbrellas, walking sticks, & whips",126603,"Umbrella and Walking Stick Accessories",2021,221
12,"Footwear and Headwear",1267,"Feather articles, feathers, artificial flowers, & articles of human hair",126701,"Bird Skins and Feathers",2021,42.00000000000001
12,"Footwear and Headwear",1267,"Feather articles, feathers, artificial flowers, & articles of human hair",126702,"Artificial Vegetation",2021,61575
12,"Footwear and Headwear",1267,"Feather articles, feathers, artificial flowers, & articles of human hair",126703,"Processed Hair",2021,744520
12,"Footwear and Headwear",1267,"Feather articles, feathers, artificial flowers, & articles of human hair",126704,"Fake Hair",2021,19156465
13,"Stone And Glass",1368,"Stone, plaster, cement, asbestos, mica.",136801,"Curbstones",2021,117
13,"Stone And Glass",1368,"Stone, plaster, cement, asbestos, mica.",136802,"Building Stone",2021,461758
13,"Stone And Glass",1368,"Stone, plaster, cement, asbestos, mica.",136804,"Milling Stones",2021,116553
13,"Stone And Glass",1368,"Stone, plaster, cement, asbestos, mica.",136805,"Abrasive Powder",2021,8540
13,"Stone And Glass",1368,"Stone, plaster, cement, asbestos, mica.",136806,"Rock Wool",2021,19067
13,"Stone And Glass",1368,"Stone, plaster, cement, asbestos, mica.",136807,"Asphalt",2021,58342
13,"Stone And Glass",1368,"Stone, plaster, cement, asbestos, mica.",136808,"Vegetable Fiber",2021,28220
13,"Stone And Glass",1368,"Stone, plaster, cement, asbestos, mica.",136809,"Plaster Articles",2021,24119
13,"Stone And Glass",1368,"Stone, plaster, cement, asbestos, mica.",136810,"Cement Articles",2021,132215
13,"Stone And Glass",1368,"Stone, plaster, cement, asbestos, mica.",136811,"Asbestos Cement Articles",2021,10790
13,"Stone And Glass",1368,"Stone, plaster, cement, asbestos, mica.",136812,"Asbestos Fibres",2021,1137
13,"Stone And Glass",1368,"Stone, plaster, cement, asbestos, mica.",136813,"Friction Material",2021,32933
13,"Stone And Glass",1368,"Stone, plaster, cement, asbestos, mica.",136814,"Processed Mica",2021,22351
13,"Stone And Glass",1368,"Stone, plaster, cement, asbestos, mica.",136815,"Other Stone Articles",2021,106051
13,"Stone And Glass",1369,"Ceramic products",136901,"Bricks",2021,22506
13,"Stone And Glass",1369,"Ceramic products",136902,"Refractory Bricks",2021,127769.00000000001
13,"Stone And Glass",1369,"Ceramic products",136903,"Refractory Ceramics",2021,38171
13,"Stone And Glass",1369,"Ceramic products",136904,"Ceramic Bricks",2021,490
13,"Stone And Glass",1369,"Ceramic products",136905,"Roofing Tiles",2021,32852
13,"Stone And Glass",1369,"Ceramic products",136906,"Ceramic Pipes",2021,797.9999999999999
13,"Stone And Glass",1369,"Ceramic products",136907,"Unglazed Ceramics",2021,1510682
13,"Stone And Glass",1369,"Ceramic products",136909,"Laboratory Ceramic Ware",2021,10626
13,"Stone And Glass",1369,"Ceramic products",136910,"Bathroom Ceramics",2021,215176
13,"Stone And Glass",1369,"Ceramic products",136911,"Porcelain Tableware",2021,141028
13,"Stone And Glass",1369,"Ceramic products",136912,"Ceramic Tableware",2021,85077
13,"Stone And Glass",1369,"Ceramic products",136913,"Ornamental Ceramics",2021,19818
13,"Stone And Glass",1369,"Ceramic products",136914,"Other Ceramic Articles",2021,267193
13,"Stone And Glass",1370,"Glass & glassware",137001,"Glass Scraps",2021,36.00000000000001
13,"Stone And Glass",1370,"Glass & glassware",137002,"Glass Balls",2021,5764
13,"Stone And Glass",1370,"Glass & glassware",137003,"Cast or Rolled Glass",2021,165614
13,"Stone And Glass",1370,"Glass & glassware",137004,"Blown Glass",2021,220484
13,"Stone And Glass",1370,"Glass & glassware",137005,"Float Glass",2021,59541234
13,"Stone And Glass",1370,"Glass & glassware",137006,"Glass with Edge Workings",2021,29211
13,"Stone And Glass",1370,"Glass & glassware",137007,"Safety Glass",2021,219134
13,"Stone And Glass",1370,"Glass & glassware",137008,"Insulating Glass",2021,3115
13,"Stone And Glass",1370,"Glass & glassware",137009,"Glass Mirrors",2021,106037
13,"Stone And Glass",1370,"Glass & glassware",137010,"Glass Bottles",2021,26214306
13,"Stone And Glass",1370,"Glass & glassware",137011,"Glass Bulbs",2021,9418
13,"Stone And Glass",1370,"Glass & glassware",137013,"Interior Decorative Glassware",2021,55237
13,"Stone And Glass",1370,"Glass & glassware",137014,"Signaling Glassware",2021,42
13,"Stone And Glass",1370,"Glass & glassware",137015,"Eyewear and Clock Glass",2021,7834
13,"Stone And Glass",1370,"Glass & glassware",137016,"Glass Bricks",2021,274471
13,"Stone And Glass",1370,"Glass & glassware",137017,"Laboratory Glassware",2021,13958
13,"Stone And Glass",1370,"Glass & glassware",137018,"Glass Beads",2021,44667
13,"Stone And Glass",1370,"Glass & glassware",137019,"Glass Fibers",2021,30528.000000000004
13,"Stone And Glass",1370,"Glass & glassware",137020,"Other Glass Articles",2021,35293
14,"Precious Metals",1471,"Precious stones, metals, & pearls",147101,"Pearls",2021,2031.9999999999998
14,"Precious Metals",1471,"Precious stones, metals, & pearls",147102,"Diamonds",2021,19518
14,"Precious Metals",1471,"Precious stones, metals, & pearls",147103,"Precious Stones",2021,10729794
14,"Precious Metals",1471,"Precious stones, metals, & pearls",147104,"Synthetic Reconstructed Jewellery Stones",2021,10233
14,"Precious Metals",1471,"Precious stones, metals, & pearls",147106,"Silver",2021,837447
14,"Precious Metals",1471,"Precious stones, metals, & pearls",147108,"Gold",2021,157160589
14,"Precious Metals",1471,"Precious stones, metals, & pearls",147109,"Gold Clad Metals",2021,41941
14,"Precious Metals",1471,"Precious stones, metals, & pearls",147110,"Platinum",2021,679
14,"Precious Metals",1471,"Precious stones, metals, & pearls",147111,"Platinum Clad Metals",2021,48
14,"Precious Metals",1471,"Precious stones, metals, & pearls",147112,"Precious Metal Scraps",2021,43599507
14,"Precious Metals",1471,"Precious stones, metals, & pearls",147113,"Jewellery",2021,68103
14,"Precious Metals",1471,"Precious stones, metals, & pearls",147114,"Metal-Clad Products",2021,1891
14,"Precious Metals",1471,"Precious stones, metals, & pearls",147115,"Other Precious Metal Products",2021,3851
14,"Precious Metals",1471,"Precious stones, metals, & pearls",147116,"Pearl Products",2021,16178
14,"Precious Metals",1471,"Precious stones, metals, & pearls",147117,"Imitation Jewellery",2021,246444
14,"Precious Metals",1471,"Precious stones, metals, & pearls",147118,"Coin",2021,385
15,"Metals",1572,"Iron & steel",157202,"Ferroalloys",2021,88612
15,"Metals",1572,"Iron & steel",157203,"Iron Reductions",2021,16
15,"Metals",1572,"Iron & steel",157204,"Scrap Iron",2021,6774483.999999999
15,"Metals",1572,"Iron & steel",157205,"Iron Powder",2021,567.9999999999999
15,"Metals",1572,"Iron & steel",157206,"Iron Ingots",2021,336340
15,"Metals",1572,"Iron & steel",157207,"Semi-Finished Iron",2021,46047
15,"Metals",1572,"Iron & steel",157208,"Hot-Rolled Iron",2021,51312
15,"Metals",1572,"Iron & steel",157209,"Cold-Rolled Iron",2021,409036
15,"Metals",1572,"Iron & steel",157210,"Coated Flat-Rolled Iron",2021,252731
15,"Metals",1572,"Iron & steel",157211,"Large Flat-Rolled Iron",2021,4858
15,"Metals",1572,"Iron & steel",157212,"Large Coated Flat-Rolled Iron",2021,2334
15,"Metals",1572,"Iron & steel",157213,"Hot-Rolled Iron Bars",2021,3007235
15,"Metals",1572,"Iron & steel",157214,"Raw Iron Bars",2021,5157619
15,"Metals",1572,"Iron & steel",157215,"Other Iron Bars",2021,1421558
15,"Metals",1572,"Iron & steel",157216,"Iron Blocks",2021,2412868
15,"Metals",1572,"Iron & steel",157217,"Iron Wire",2021,23613
15,"Metals",1572,"Iron & steel",157218,"Stainless Steel Ingots",2021,839439
15,"Metals",1572,"Iron & steel",157219,"Large Flat-Rolled Stainless Steel",2021,669.9999999999999
15,"Metals",1572,"Iron & steel",157220,"Flat-Rolled Stainless Steel",2021,13028
15,"Metals",1572,"Iron & steel",157222,"Other Stainless Steel Bars",2021,221
15,"Metals",1572,"Iron & steel",157223,"Stainless Steel Wire",2021,2726.0000000000005
15,"Metals",1572,"Iron & steel",157224,"Steel Ingots",2021,429640
15,"Metals",1572,"Iron & steel",157225,"Flat Flat-Rolled Steel",2021,136
15,"Metals",1572,"Iron & steel",157226,"Flat-Rolled Iron",2021,2255
15,"Metals",1572,"Iron & steel",157227,"Steel Bars",2021,1788.9999999999998
15,"Metals",1572,"Iron & steel",157228,"Other Steel Bars",2021,379077.99999999994
15,"Metals",1572,"Iron & steel",157229,"Steel Wire",2021,360
15,"Metals",1573,"Iron/Steel Articles",157301,"Iron Sheet Piling",2021,249399
15,"Metals",1573,"Iron/Steel Articles",157302,"Iron Railway Products",2021,11665
15,"Metals",1573,"Iron/Steel Articles",157303,"Cast Iron Pipes",2021,70919
15,"Metals",1573,"Iron/Steel Articles",157304,"Iron Pipes",2021,647394
15,"Metals",1573,"Iron/Steel Articles",157305,"Other Large Iron Pipes",2021,217844
15,"Metals",1573,"Iron/Steel Articles",157306,"Other Small Iron Pipes",2021,322726
15,"Metals",1573,"Iron/Steel Articles",157307,"Iron Pipe Fittings",2021,193056
15,"Metals",1573,"Iron/Steel Articles",157308,"Iron Structures",2021,799955
15,"Metals",1573,"Iron/Steel Articles",157309,"Large Iron Containers",2021,230568.99999999997
15,"Metals",1573,"Iron/Steel Articles",157310,"Small Iron Containers",2021,33529
15,"Metals",1573,"Iron/Steel Articles",157311,"Iron Gas Containers",2021,265507
15,"Metals",1573,"Iron/Steel Articles",157312,"Stranded Iron Wire",2021,49062
15,"Metals",1573,"Iron/Steel Articles",157313,"Barbed Wire",2021,6101
15,"Metals",1573,"Iron/Steel Articles",157314,"Iron Cloth",2021,140854
15,"Metals",1573,"Iron/Steel Articles",157315,"Iron Chains",2021,64381
15,"Metals",1573,"Iron/Steel Articles",157316,"Iron Anchors",2021,2100
15,"Metals",1573,"Iron/Steel Articles",157317,"Iron Nails",2021,17522
15,"Metals",1573,"Iron/Steel Articles",157318,"Iron Fasteners",2021,350550
15,"Metals",1573,"Iron/Steel Articles",157319,"Iron Sewing Needles",2021,26888
15,"Metals",1573,"Iron/Steel Articles",157320,"Iron Springs",2021,149882
15,"Metals",1573,"Iron/Steel Articles",157321,"Iron Stovetops",2021,55429
15,"Metals",1573,"Iron/Steel Articles",157322,"Iron Radiators",2021,53937
15,"Metals",1573,"Iron/Steel Articles",157323,"Iron Housewares",2021,507419
15,"Metals",1573,"Iron/Steel Articles",157324,"Iron Toiletry",2021,80263
15,"Metals",1573,"Iron/Steel Articles",157325,"Other Cast Iron Products",2021,224931
15,"Metals",1573,"Iron/Steel Articles",157326,"Other Iron Products",2021,741178
15,"Metals",1574,"Copper articles",157401,"Precipitated Copper",2021,390340
15,"Metals",1574,"Copper articles",157402,"Raw Copper",2021,71372368
15,"Metals",1574,"Copper articles",157403,"Refined Copper",2021,95236588
15,"Metals",1574,"Copper articles",157404,"Scrap Copper",2021,87912699
15,"Metals",1574,"Copper articles",157406,"Copper Powder",2021,275983
15,"Metals",1574,"Copper articles",157407,"Copper Bars",2021,400378
15,"Metals",1574,"Copper articles",157408,"Copper Wire",2021,78385
15,"Metals",1574,"Copper articles",157409,"Copper Plating",2021,1850
15,"Metals",1574,"Copper articles",157410,"Copper Foil",2021,1349662.9999999998
15,"Metals",1574,"Copper articles",157411,"Copper Pipes",2021,191486
15,"Metals",1574,"Copper articles",157412,"Copper Pipe Fittings",2021,4181
15,"Metals",1574,"Copper articles",157413,"Stranded Copper Wire",2021,201.99999999999997
15,"Metals",1574,"Copper articles",157415,"Copper Fasteners",2021,4922
15,"Metals",1574,"Copper articles",157418,"Copper Housewares",2021,6472
15,"Metals",1574,"Copper articles",157419,"Other Copper Products",2021,9391
15,"Metals",1575,"Nickel articles",157501,"Nickel Mattes",2021,10155
15,"Metals",1575,"Nickel articles",157503,"Scrap Nickel",2021,99314.00000000001
15,"Metals",1575,"Nickel articles",157507,"Nickel Pipes",2021,3923
15,"Metals",1575,"Nickel articles",157508,"Other Nickel Products",2021,8522
15,"Metals",1576,"Aluminum articles",157601,"Raw Aluminium",2021,249356159
15,"Metals",1576,"Aluminum articles",157602,"Scrap Aluminium",2021,21822131
15,"Metals",1576,"Aluminum articles",157604,"Aluminium Bars",2021,53068
15,"Metals",1576,"Aluminum articles",157605,"Aluminium Wire",2021,27486
15,"Metals",1576,"Aluminum articles",157606,"Aluminium Plating",2021,358847
15,"Metals",1576,"Aluminum articles",157607,"Aluminium Foil",2021,267965
15,"Metals",1576,"Aluminum articles",157608,"Aluminium Pipes",2021,2290
15,"Metals",1576,"Aluminum articles",157609,"Aluminium Pipe Fittings",2021,5398
15,"Metals",1576,"Aluminum articles",157610,"Aluminium Structures",2021,41104
15,"Metals",1576,"Aluminum articles",157611,"Large Aluminium Containers",2021,2595.0000000000005
15,"Metals",1576,"Aluminum articles",157612,"Aluminium Cans",2021,8472002
15,"Metals",1576,"Aluminum articles",157614,"Stranded Aluminium Wire",2021,153
15,"Metals",1576,"Aluminum articles",157615,"Aluminium Housewares",2021,43805
15,"Metals",1576,"Aluminum articles",157616,"Other Aluminium Products",2021,193516
15,"Metals",1578,"Lead articles",157801,"Raw Lead",2021,132667862
15,"Metals",1578,"Lead articles",157802,"Scrap Lead",2021,2266012.0000000005
15,"Metals",1578,"Lead articles",157804,"Lead Sheets",2021,61980
15,"Metals",1578,"Lead articles",157806,"Other Lead Products",2021,639599
15,"Metals",1579,"Zinc articles",157901,"Raw Zinc",2021,2655908
15,"Metals",1579,"Zinc articles",157902,"Scrap Waste",2021,1874354
15,"Metals",1579,"Zinc articles",157903,"Zinc Powder",2021,79278
15,"Metals",1579,"Zinc articles",157904,"Zinc Bars",2021,3748
15,"Metals",1579,"Zinc articles",157905,"Zinc Sheets",2021,660
15,"Metals",1579,"Zinc articles",157907,"Other Zinc Products",2021,447
15,"Metals",1580,"Tin articles",158001,"Raw Tin",2021,3947543
15,"Metals",1580,"Tin articles",158003,"Tin Bars",2021,768917.0000000001
15,"Metals",1580,"Tin articles",158007,"Other Tin Products",2021,1051
15,"Metals",1581,"Cermet articles",158101,"Tungsten",2021,113008
15,"Metals",1581,"Cermet articles",158103,"Tantalum",2021,102430
15,"Metals",1581,"Cermet articles",158104,"Magnesium",2021,417146
15,"Metals",1581,"Cermet articles",158108,"Titanium",2021,17114
15,"Metals",1581,"Cermet articles",158110,"Antimony",2021,77
15,"Metals",1581,"Cermet articles",158111,"Manganese",2021,949113.9999999999
15,"Metals",1581,"Cermet articles",158112,"Other Metals",2021,45503
15,"Metals",1581,"Cermet articles",158113,"Cermets",2021,4801
15,"Metals",1582,"Tools & cutlery",158201,"Garden Tools",2021,13789
15,"Metals",1582,"Tools & cutlery",158202,"Hand Saws",2021,30747
15,"Metals",1582,"Tools & cutlery",158203,"Hand Tools",2021,18944
15,"Metals",1582,"Tools & cutlery",158204,"Wrenches",2021,45979
15,"Metals",1582,"Tools & cutlery",158205,"Other Hand Tools",2021,343792
15,"Metals",1582,"Tools & cutlery",158206,"Tool Sets",2021,4963
15,"Metals",1582,"Tools & cutlery",158207,"Interchangeable Tool Parts",2021,5292569
15,"Metals",1582,"Tools & cutlery",158208,"Cutting Blades",2021,68529
15,"Metals",1582,"Tools & cutlery",158209,"Tool Plates",2021,26234
15,"Metals",1582,"Tools & cutlery",158210,"Cooking Hand Tools",2021,38.00000000000001
15,"Metals",1582,"Tools & cutlery",158211,"Knives",2021,16471
15,"Metals",1582,"Tools & cutlery",158212,"Razor Blades",2021,2793
15,"Metals",1582,"Tools & cutlery",158213,"Scissors",2021,1682
15,"Metals",1582,"Tools & cutlery",158214,"Other Cutlery",2021,7695
15,"Metals",1582,"Tools & cutlery",158215,"Cutlery Sets",2021,42858
15,"Metals",1583,"Miscellaneous metal products",158301,"Padlocks",2021,257420
15,"Metals",1583,"Miscellaneous metal products",158302,"Metal Mountings",2021,1220816
15,"Metals",1583,"Miscellaneous metal products",158303,"Safes",2021,2450
15,"Metals",1583,"Miscellaneous metal products",158305,"Metal Office Supplies",2021,561
15,"Metals",1583,"Miscellaneous metal products",158306,"Bells and Other Metal Ornaments",2021,42623
15,"Metals",1583,"Miscellaneous metal products",158307,"Flexible Metal Tubing",2021,11620
15,"Metals",1583,"Miscellaneous metal products",158308,"Other Metal Fasteners",2021,15202
15,"Metals",1583,"Miscellaneous metal products",158309,"Metal Stoppers",2021,914250
15,"Metals",1583,"Miscellaneous metal products",158310,"Metal Signs",2021,12680
15,"Metals",1583,"Miscellaneous metal products",158311,"Coated Metal Soldering Products",2021,39654
16,"Machines",1684,"Machinery, mechanical appliances, & parts",168402,"Steam Boilers",2021,679
16,"Machines",1684,"Machinery, mechanical appliances, & parts",168404,"Boiler Plants",2021,7546
16,"Machines",1684,"Machinery, mechanical appliances, & parts",168405,"Water and Gas Generators",2021,2866
16,"Machines",1684,"Machinery, mechanical appliances, & parts",168406,"Steam Turbines",2021,217390
16,"Machines",1684,"Machinery, mechanical appliances, & parts",168407,"Spark-Ignition Engines",2021,936087
16,"Machines",1684,"Machinery, mechanical appliances, & parts",168408,"Combustion Engines",2021,551519
16,"Machines",1684,"Machinery, mechanical appliances, & parts",168409,"Engine Parts",2021,2133923
16,"Machines",1684,"Machinery, mechanical appliances, & parts",168410,"Hydraulic Turbines",2021,8247
16,"Machines",1684,"Machinery, mechanical appliances, & parts",168411,"Gas Turbines",2021,659355
16,"Machines",1684,"Machinery, mechanical appliances, & parts",168412,"Other Engines",2021,528129
16,"Machines",1684,"Machinery, mechanical appliances, & parts",168413,"Liquid Pumps",2021,3271790
16,"Machines",1684,"Machinery, mechanical appliances, & parts",168414,"Air Pumps",2021,1833463
16,"Machines",1684,"Machinery, mechanical appliances, & parts",168415,"Air Conditioners",2021,147065
16,"Machines",1684,"Machinery, mechanical appliances, & parts",168416,"Liquid Fuel Furnaces",2021,128498
16,"Machines",1684,"Machinery, mechanical appliances, & parts",168417,"Industrial Furnaces",2021,201836
16,"Machines",1684,"Machinery, mechanical appliances, & parts",168418,"Refrigerators",2021,385870
16,"Machines",1684,"Machinery, mechanical appliances, & parts",168419,"Other Heating Machinery",2021,504636
16,"Machines",1684,"Machinery, mechanical appliances, & parts",168420,"Rolling Machines",2021,90011
16,"Machines",1684,"Machinery, mechanical appliances, & parts",168421,"Centrifuges",2021,1066332
16,"Machines",1684,"Machinery, mechanical appliances, & parts",168422,"Washing and Bottling Machines",2021,898387
16,"Machines",1684,"Machinery, mechanical appliances, & parts",168423,"Scales",2021,90536
16,"Machines",1684,"Machinery, mechanical appliances, & parts",168424,"Liquid Dispersing Machines",2021,939516
16,"Machines",1684,"Machinery, mechanical appliances, & parts",168425,"Pulley Systems",2021,741116
16,"Machines",1684,"Machinery, mechanical appliances, & parts",168426,"Cranes",2021,1896196.9999999998
16,"Machines",1684,"Machinery, mechanical appliances, & parts",168427,"Fork-Lifts",2021,9989
16,"Machines",1684,"Machinery, mechanical appliances, & parts",168428,"Lifting Machinery",2021,1808256
16,"Machines",1684,"Machinery, mechanical appliances, & parts",168429,"Large Construction Vehicles",2021,407325
16,"Machines",1684,"Machinery, mechanical appliances, & parts",168430,"Other Construction Vehicles",2021,1386761
16,"Machines",1684,"Machinery, mechanical appliances, & parts",168431,"Excavation Machinery",2021,2181865
16,"Machines",1684,"Machinery, mechanical appliances, & parts",168432,"Soil Preparation Machinery",2021,130206
16,"Machines",1684,"Machinery, mechanical appliances, & parts",168433,"Harvesting Machinery",2021,66757
16,"Machines",1684,"Machinery, mechanical appliances, & parts",168434,"Dairy Machinery",2021,42904
16,"Machines",1684,"Machinery, mechanical appliances, & parts",168435,"Fruit Pressing Machinery",2021,7943
16,"Machines",1684,"Machinery, mechanical appliances, & parts",168436,"Other Agricultural Machinery",2021,46043
16,"Machines",1684,"Machinery, mechanical appliances, & parts",168437,"Mill Machinery",2021,434490
16,"Machines",1684,"Machinery, mechanical appliances, & parts",168438,"Industrial Food Preperation Machinery",2021,253845
16,"Machines",1684,"Machinery, mechanical appliances, & parts",168439,"Papermaking Machines",2021,25324
16,"Machines",1684,"Machinery, mechanical appliances, & parts",168440,"Book-binding Machines",2021,8268
16,"Machines",1684,"Machinery, mechanical appliances, & parts",168441,"Other Paper Machinery",2021,98608
16,"Machines",1684,"Machinery, mechanical appliances, & parts",168442,"Print Production Machinery",2021,21461
16,"Machines",1684,"Machinery, mechanical appliances, & parts",168443,"Industrial Printers",2021,1197080.0000000002
16,"Machines",1684,"Machinery, mechanical appliances, & parts",168445,"Textile Fiber Machinery",2021,3074
16,"Machines",1684,"Machinery, mechanical appliances, & parts",168446,"Looms",2021,588
16,"Machines",1684,"Machinery, mechanical appliances, & parts",168447,"Knitting Machines",2021,861
16,"Machines",1684,"Machinery, mechanical appliances, & parts",168448,"Knitting Machine Accessories",2021,150308
16,"Machines",1684,"Machinery, mechanical appliances, & parts",168450,"Household Washing Machines",2021,93779
16,"Machines",1684,"Machinery, mechanical appliances, & parts",168451,"Textile Processing Machines",2021,26486
16,"Machines",1684,"Machinery, mechanical appliances, & parts",168452,"Sewing Machines",2021,403644
16,"Machines",1684,"Machinery, mechanical appliances, & parts",168453,"Leather Machinery",2021,9184
16,"Machines",1684,"Machinery, mechanical appliances, & parts",168454,"Casting Machines",2021,1040597
16,"Machines",1684,"Machinery, mechanical appliances, & parts",168455,"Metal-Rolling Mills",2021,119768
16,"Machines",1684,"Machinery, mechanical appliances, & parts",168456,"Non-Mechanical Removal Machinery",2021,18348
16,"Machines",1684,"Machinery, mechanical appliances, & parts",168458,"Metal Lathes",2021,11985
16,"Machines",1684,"Machinery, mechanical appliances, & parts",168459,"Drilling Machines",2021,2549
16,"Machines",1684,"Machinery, mechanical appliances, & parts",168460,"Metal Finishing Machines",2021,3873
16,"Machines",1684,"Machinery, mechanical appliances, & parts",168461,"Metalworking Machines",2021,2478
16,"Machines",1684,"Machinery, mechanical appliances, & parts",168462,"Forging Machines",2021,12711.999999999998
16,"Machines",1684,"Machinery, mechanical appliances, & parts",168464,"Stone Working Machines",2021,123
16,"Machines",1684,"Machinery, mechanical appliances, & parts",168465,"Woodworking machines",2021,16040
16,"Machines",1684,"Machinery, mechanical appliances, & parts",168466,"Metalworking Machine Parts",2021,141312
16,"Machines",1684,"Machinery, mechanical appliances, & parts",168467,"Motor-working Tools",2021,443185
16,"Machines",1684,"Machinery, mechanical appliances, & parts",168468,"Soldering and Welding Machinery",2021,17044
16,"Machines",1684,"Machinery, mechanical appliances, & parts",168470,"Calculators",2021,45814
16,"Machines",1684,"Machinery, mechanical appliances, & parts",168471,"Computers",2021,2278598
16,"Machines",1684,"Machinery, mechanical appliances, & parts",168472,"Other Office Machines",2021,57492
16,"Machines",1684,"Machinery, mechanical appliances, & parts",168473,"Office Machine Parts",2021,1573551
16,"Machines",1684,"Machinery, mechanical appliances, & parts",168474,"Stone Processing Machines",2021,467054
16,"Machines",1684,"Machinery, mechanical appliances, & parts",168475,"Glass Working Machines",2021,198
16,"Machines",1684,"Machinery, mechanical appliances, & parts",168476,"Vending Machines",2021,4955
16,"Machines",1684,"Machinery, mechanical appliances, & parts",168477,"Rubberworking Machinery",2021,1074775
16,"Machines",1684,"Machinery, mechanical appliances, & parts",168478,"Tobacco Processing Machines",2021,138860
16,"Machines",1684,"Machinery, mechanical appliances, & parts",168479,"Machinery Having Individual Functions",2021,1071684
16,"Machines",1684,"Machinery, mechanical appliances, & parts",168480,"Metal Molds",2021,187757
16,"Machines",1684,"Machinery, mechanical appliances, & parts",168481,"Valves",2021,1537144
16,"Machines",1684,"Machinery, mechanical appliances, & parts",168482,"Ball Bearings",2021,433400
16,"Machines",1684,"Machinery, mechanical appliances, & parts",168483,"Transmissions",2021,1710174
16,"Machines",1684,"Machinery, mechanical appliances, & parts",168484,"Gaskets",2021,663377
16,"Machines",1684,"Machinery, mechanical appliances, & parts",168485,"Boat Propellers",2021,567880
16,"Machines",1685,"Electrical machinery and electronics",168501,"Electric Motors",2021,1026885
16,"Machines",1685,"Electrical machinery and electronics",168502,"Electric Generating Sets",2021,1495468
16,"Machines",1685,"Electrical machinery and electronics",168503,"Electric Motor Parts",2021,183960
16,"Machines",1685,"Electrical machinery and electronics",168504,"Electrical Transformers",2021,1153970
16,"Machines",1685,"Electrical machinery and electronics",168505,"Electromagnets",2021,21731
16,"Machines",1685,"Electrical machinery and electronics",168506,"Batteries",2021,44971
16,"Machines",1685,"Electrical machinery and electronics",168507,"Electric Batteries",2021,1536319
16,"Machines",1685,"Electrical machinery and electronics",168508,"Vacuum Cleaners",2021,18649
16,"Machines",1685,"Electrical machinery and electronics",168509,"Other Domestic Electric Housewares",2021,48256.99999999999
16,"Machines",1685,"Electrical machinery and electronics",168510,"Hair Trimmers",2021,3741
16,"Machines",1685,"Electrical machinery and electronics",168511,"Electrical Ignitions",2021,462355
16,"Machines",1685,"Electrical machinery and electronics",168512,"Electrical Lighting and Signalling Equipment",2021,539749
16,"Machines",1685,"Electrical machinery and electronics",168513,"Portable Lighting",2021,64991
16,"Machines",1685,"Electrical machinery and electronics",168514,"Electric Furnaces",2021,27075
16,"Machines",1685,"Electrical machinery and electronics",168515,"Electric Soldering Equipment",2021,127720
16,"Machines",1685,"Electrical machinery and electronics",168516,"Electric Heaters",2021,116145
16,"Machines",1685,"Electrical machinery and electronics",168517,"Telephones",2021,7443123
16,"Machines",1685,"Electrical machinery and electronics",168518,"Microphones and Headphones",2021,24174740
16,"Machines",1685,"Electrical machinery and electronics",168519,"Sound Recording Equipment",2021,14867
16,"Machines",1685,"Electrical machinery and electronics",168520,"Dictation Machines",2021,6428
16,"Machines",1685,"Electrical machinery and electronics",168521,"Video Recording Equipment",2021,253187
16,"Machines",1685,"Electrical machinery and electronics",168522,"Audio and Video Recording Accessories",2021,39775
16,"Machines",1685,"Electrical machinery and electronics",168523,"Blank Audio Media",2021,1137018
16,"Machines",1685,"Electrical machinery and electronics",168524,"Sound Recordings",2021,64020
16,"Machines",1685,"Electrical machinery and electronics",168525,"Broadcasting Equipment",2021,8199590
16,"Machines",1685,"Electrical machinery and electronics",168526,"Navigation Equipment",2021,418166
16,"Machines",1685,"Electrical machinery and electronics",168527,"Radio Receivers",2021,368649
16,"Machines",1685,"Electrical machinery and electronics",168528,"Video Displays",2021,998701
16,"Machines",1685,"Electrical machinery and electronics",168529,"Broadcasting Accessories",2021,394028
16,"Machines",1685,"Electrical machinery and electronics",168530,"Traffic Signals",2021,10775.999999999998
16,"Machines",1685,"Electrical machinery and electronics",168531,"Audio Alarms",2021,181183
16,"Machines",1685,"Electrical machinery and electronics",168532,"Electrical Capacitors",2021,11487
16,"Machines",1685,"Electrical machinery and electronics",168533,"Electrical Resistors",2021,11160
16,"Machines",1685,"Electrical machinery and electronics",168534,"Printed Circuit Boards",2021,241378
16,"Machines",1685,"Electrical machinery and electronics",168535,"High-voltage Protection Equipment",2021,50777
16,"Machines",1685,"Electrical machinery and electronics",168536,"Low-voltage Protection Equipment",2021,1037237
16,"Machines",1685,"Electrical machinery and electronics",168537,"Electrical Control Boards",2021,492470
16,"Machines",1685,"Electrical machinery and electronics",168538,"Electrical Power Accessories",2021,371450
16,"Machines",1685,"Electrical machinery and electronics",168539,"Electric Filament",2021,265759
16,"Machines",1685,"Electrical machinery and electronics",168540,"Cathode Tubes",2021,11110
16,"Machines",1685,"Electrical machinery and electronics",168541,"Semiconductor Devices",2021,67515
16,"Machines",1685,"Electrical machinery and electronics",168542,"Integrated Circuits",2021,1295341
16,"Machines",1685,"Electrical machinery and electronics",168543,"Other Electrical Machinery",2021,665875
16,"Machines",1685,"Electrical machinery and electronics",168544,"Insulated Wire",2021,685486
16,"Machines",1685,"Electrical machinery and electronics",168545,"Carbon-based Electronics",2021,46761
16,"Machines",1685,"Electrical machinery and electronics",168546,"Electrical Insulators",2021,3712.9999999999995
16,"Machines",1685,"Electrical machinery and electronics",168547,"Metal Insulating Fittings",2021,1458
16,"Machines",1685,"Electrical machinery and electronics",168548,"Electrical Parts",2021,2125292
17,"Transportation",1786,"Railway and trams",178606,"Railway Freight Cars",2021,1078
17,"Transportation",1786,"Railway and trams",178607,"Locomotive Parts",2021,2320
17,"Transportation",1786,"Railway and trams",178608,"Railway Track Fixtures",2021,3827
17,"Transportation",1786,"Railway and trams",178609,"Railway Cargo Containers",2021,178484
17,"Transportation",1787,"Cars, tractors, trucks & parts thereof.",178701,"Tractors",2021,173422
17,"Transportation",1787,"Cars, tractors, trucks & parts thereof.",178702,"Buses",2021,36089
17,"Transportation",1787,"Cars, tractors, trucks & parts thereof.",178703,"Cars",2021,1772333
17,"Transportation",1787,"Cars, tractors, trucks & parts thereof.",178704,"Delivery Trucks",2021,295720
17,"Transportation",1787,"Cars, tractors, trucks & parts thereof.",178705,"Special purpose motor vehicles",2021,10367.000000000002
17,"Transportation",1787,"Cars, tractors, trucks & parts thereof.",178706,"Motor vehicle (8701 to 8705) chassis fitted with engine",2021,492.00000000000006
17,"Transportation",1787,"Cars, tractors, trucks & parts thereof.",178707,"Vehicle Bodies (including cabs) for the motor vehicles (8701 to 8705)",2021,9601
17,"Transportation",1787,"Cars, tractors, trucks & parts thereof.",178708,"Motor vehicles; parts and accessories (8701 to 8705)",2021,9728988
17,"Transportation",1787,"Cars, tractors, trucks & parts thereof.",178709,"Work Trucks",2021,12274
17,"Transportation",1787,"Cars, tractors, trucks & parts thereof.",178710,"Tanks and Armored vehicles",2021,3426261
17,"Transportation",1787,"Cars, tractors, trucks & parts thereof.",178711,"Motorcycles and cycles",2021,4123090
17,"Transportation",1787,"Cars, tractors, trucks & parts thereof.",178712,"Bicycles, delivery tricycles, other cycles",2021,33436
17,"Transportation",1787,"Cars, tractors, trucks & parts thereof.",178713,"Wheelchairs",2021,8634
17,"Transportation",1787,"Cars, tractors, trucks & parts thereof.",178714,"Bi-Wheel Vehicle Parts",2021,666760.0000000001
17,"Transportation",1787,"Cars, tractors, trucks & parts thereof.",178715,"Baby Carriages",2021,1692
17,"Transportation",1787,"Cars, tractors, trucks & parts thereof.",178716,"Trailers and semi-trailers, not mechanically propelled vehicles",2021,340423
17,"Transportation",1788,"Aircraft and Spacecraft",178801,"Non-powered Aircraft",2021,17
17,"Transportation",1788,"Aircraft and Spacecraft",178802,"Planes, Helicopters, and/or Spacecraft",2021,128658246
17,"Transportation",1788,"Aircraft and Spacecraft",178803,"Aircraft parts (gliders, balloons, and powered aircraft)",2021,2307862
17,"Transportation",1788,"Aircraft and Spacecraft",178804,"Parachutes",2021,1656
17,"Transportation",1789,"Ships, boats, & floating structures",178901,"Passenger and Cargo Ships",2021,31830616
17,"Transportation",1789,"Ships, boats, & floating structures",178903,"Recreational Boats",2021,20787
17,"Transportation",1789,"Ships, boats, & floating structures",178904,"Tug Boats",2021,382306.99999999994
17,"Transportation",1789,"Ships, boats, & floating structures",178905,"Special Purpose Ships",2021,1246906014
17,"Transportation",1789,"Ships, boats, & floating structures",178906,"Other Sea Vessels",2021,18920648.999999996
17,"Transportation",1789,"Ships, boats, & floating structures",178907,"Other Floating Structures",2021,117617
17,"Transportation",1789,"Ships, boats, & floating structures",178908,"Scrap Vessels",2021,161342077
18,"Instruments",1890,"Optical, photo, & film equipment; medical instruments",189001,"Optical Fibers and optical fibre bundles",2021,44335
18,"Instruments",1890,"Optical, photo, & film equipment; medical instruments",189002,"Mirrors and Lenses",2021,111167
18,"Instruments",1890,"Optical, photo, & film equipment; medical instruments",189003,"Eyewear Frames",2021,29447
18,"Instruments",1890,"Optical, photo, & film equipment; medical instruments",189004,"Eyewear",2021,58246
18,"Instruments",1890,"Optical, photo, & film equipment; medical instruments",189005,"Binoculars and Telescopes",2021,415
18,"Instruments",1890,"Optical, photo, & film equipment; medical instruments",189006,"Cameras",2021,66778.99999999999
18,"Instruments",1890,"Optical, photo, & film equipment; medical instruments",189007,"Video Cameras",2021,10807
18,"Instruments",1890,"Optical, photo, & film equipment; medical instruments",189008,"Image Projectors",2021,6997.000000000001
18,"Instruments",1890,"Optical, photo, & film equipment; medical instruments",189009,"Photocopiers",2021,77687
18,"Instruments",1890,"Optical, photo, & film equipment; medical instruments",189010,"Photo Lab Equipment",2021,5314
18,"Instruments",1890,"Optical, photo, & film equipment; medical instruments",189011,"Microscopes",2021,2136
18,"Instruments",1890,"Optical, photo, & film equipment; medical instruments",189012,"Non-optical Microscopes",2021,2218
18,"Instruments",1890,"Optical, photo, & film equipment; medical instruments",189013,"LCDs",2021,267438
18,"Instruments",1890,"Optical, photo, & film equipment; medical instruments",189014,"Compasses",2021,1108136
18,"Instruments",1890,"Optical, photo, & film equipment; medical instruments",189015,"Surveying Equipment",2021,769647
18,"Instruments",1890,"Optical, photo, & film equipment; medical instruments",189016,"Balances",2021,62
18,"Instruments",1890,"Optical, photo, & film equipment; medical instruments",189017,"Drafting Tools",2021,154325
18,"Instruments",1890,"Optical, photo, & film equipment; medical instruments",189018,"Medical Instruments",2021,1155006
18,"Instruments",1890,"Optical, photo, & film equipment; medical instruments",189019,"Therapeutic Appliances",2021,430385
18,"Instruments",1890,"Optical, photo, & film equipment; medical instruments",189020,"Breathing Appliances",2021,27489
18,"Instruments",1890,"Optical, photo, & film equipment; medical instruments",189021,"Orthopedic Appliances",2021,198878
18,"Instruments",1890,"Optical, photo, & film equipment; medical instruments",189022,"X-Ray Equipment",2021,283380
18,"Instruments",1890,"Optical, photo, & film equipment; medical instruments",189023,"Instructional Models",2021,7101
18,"Instruments",1890,"Optical, photo, & film equipment; medical instruments",189024,"Tensile Testing Machines",2021,60513
18,"Instruments",1890,"Optical, photo, & film equipment; medical instruments",189025,"Hydrometers",2021,113567
18,"Instruments",1890,"Optical, photo, & film equipment; medical instruments",189026,"Gas and Liquid Flow Measuring Instruments",2021,635019
18,"Instruments",1890,"Optical, photo, & film equipment; medical instruments",189027,"Chemical Analysis Instruments",2021,558111
18,"Instruments",1890,"Optical, photo, & film equipment; medical instruments",189028,"Utility Meters",2021,44520
18,"Instruments",1890,"Optical, photo, & film equipment; medical instruments",189029,"Revolution Counters",2021,43388
18,"Instruments",1890,"Optical, photo, & film equipment; medical instruments",189030,"Oscilloscopes",2021,928608
18,"Instruments",1890,"Optical, photo, & film equipment; medical instruments",189031,"Other Measuring Instruments",2021,991183
18,"Instruments",1890,"Optical, photo, & film equipment; medical instruments",189032,"Thermostats",2021,3904844
18,"Instruments",1890,"Optical, photo, & film equipment; medical instruments",189033,"Opto-Electric Instrument Parts",2021,32510
18,"Instruments",1891,"Clocks, watches, & parts",189101,"Precious Metal Watches",2021,836821
18,"Instruments",1891,"Clocks, watches, & parts",189102,"Base Metal Watches",2021,56437
18,"Instruments",1891,"Clocks, watches, & parts",189103,"Clocks with Watch Movements",2021,45264
18,"Instruments",1891,"Clocks, watches, & parts",189104,"Dashboard Clocks",2021,128
18,"Instruments",1891,"Clocks, watches, & parts",189105,"Other Clocks",2021,2290
18,"Instruments",1891,"Clocks, watches, & parts",189106,"Time Recording Instruments",2021,1846
18,"Instruments",1891,"Clocks, watches, & parts",189107,"Time Switches",2021,3282.0000000000005
18,"Instruments",1891,"Clocks, watches, & parts",189108,"Watch Movements",2021,249.00000000000003
18,"Instruments",1891,"Clocks, watches, & parts",189109,"Clock Movements",2021,528
18,"Instruments",1891,"Clocks, watches, & parts",189110,"Incomplete Movement Sets",2021,333
18,"Instruments",1891,"Clocks, watches, & parts",189111,"Watch Cases and Parts",2021,415
18,"Instruments",1891,"Clocks, watches, & parts",189112,"Clock Cases and Parts",2021,306
18,"Instruments",1891,"Clocks, watches, & parts",189113,"Watch Straps",2021,5592
18,"Instruments",1891,"Clocks, watches, & parts",189114,"Other Clocks and Watches",2021,932
18,"Instruments",1892,"Musical instruments",189201,"Pianos",2021,81157
18,"Instruments",1892,"Musical instruments",189202,"String Instruments",2021,7269
18,"Instruments",1892,"Musical instruments",189205,"Wind Instruments",2021,2452
18,"Instruments",1892,"Musical instruments",189206,"Percussion",2021,8055.999999999999
18,"Instruments",1892,"Musical instruments",189207,"Electric Musical Instruments",2021,32658
18,"Instruments",1892,"Musical instruments",189208,"Other Musical Instruments",2021,3921.0000000000005
18,"Instruments",1892,"Musical instruments",189209,"Musical Instrument Parts",2021,13575
19,"Weapons",1993,"Weapons",199301,"Military Weapons",2021,475870
19,"Weapons",1993,"Weapons",199305,"Weapons Parts and Accessories",2021,22.000000000000004
19,"Weapons",1993,"Weapons",199306,"Explosive Ammunition",2021,7120
19,"Weapons",1993,"Weapons",199307,"Bladed Weapons and Accessories",2021,2474
20,"Miscellaneous",2094,"Furniture, bedding, lamps, & prefab buildings",209401,"Seats",2021,440361
20,"Miscellaneous",2094,"Furniture, bedding, lamps, & prefab buildings",209402,"Medical Furniture",2021,85007
20,"Miscellaneous",2094,"Furniture, bedding, lamps, & prefab buildings",209403,"Other Furniture",2021,1408557
20,"Miscellaneous",2094,"Furniture, bedding, lamps, & prefab buildings",209404,"Mattresses",2021,392835
20,"Miscellaneous",2094,"Furniture, bedding, lamps, & prefab buildings",209405,"Light Fixtures",2021,137566
20,"Miscellaneous",2094,"Furniture, bedding, lamps, & prefab buildings",209406,"Prefabricated Buildings",2021,135171
20,"Miscellaneous",2095,"Toys, games, & sports",209503,"Other toys",2021,33929
20,"Miscellaneous",2095,"Toys, games, & sports",209504,"Video and Card Games",2021,205530
20,"Miscellaneous",2095,"Toys, games, & sports",209505,"Party Decorations",2021,27827
20,"Miscellaneous",2095,"Toys, games, & sports",209506,"Sports Equipment",2021,105934
20,"Miscellaneous",2095,"Toys, games, & sports",209507,"Fishing and Hunting Equipment",2021,7453
20,"Miscellaneous",2095,"Toys, games, & sports",209508,"Fairground Amusements",2021,1215
20,"Miscellaneous",2096,"Misc. manufactures",209601,"Worked Ivory and Bone",2021,307086
20,"Miscellaneous",2096,"Misc. manufactures",209602,"Vegetable and Mineral Carvings",2021,10770
20,"Miscellaneous",2096,"Misc. manufactures",209603,"Brooms",2021,602345
20,"Miscellaneous",2096,"Misc. manufactures",209604,"Hand Sifters",2021,9555.000000000002
20,"Miscellaneous",2096,"Misc. manufactures",209605,"Travel Kits",2021,13365
20,"Miscellaneous",2096,"Misc. manufactures",209606,"Buttons",2021,32472
20,"Miscellaneous",2096,"Misc. manufactures",209607,"Zippers",2021,393140
20,"Miscellaneous",2096,"Misc. manufactures",209608,"Pens",2021,301670
20,"Miscellaneous",2096,"Misc. manufactures",209609,"Pencils and Crayons",2021,2208
20,"Miscellaneous",2096,"Misc. manufactures",209610,"Chalkboards",2021,5452
20,"Miscellaneous",2096,"Misc. manufactures",209611,"Rubber Stamps",2021,296
20,"Miscellaneous",2096,"Misc. manufactures",209612,"Ink Ribbons",2021,6335
20,"Miscellaneous",2096,"Misc. manufactures",209613,"Lighters",2021,83868
20,"Miscellaneous",2096,"Misc. manufactures",209614,"Smoking Pipes",2021,1411
20,"Miscellaneous",2096,"Misc. manufactures",209615,"Combs",2021,35466
20,"Miscellaneous",2096,"Misc. manufactures",209616,"Scent Sprays",2021,61868
20,"Miscellaneous",2096,"Misc. manufactures",209617,"Vacuum Flask",2021,127497
20,"Miscellaneous",2096,"Misc. manufactures",209618,"Mannequins",2021,40536
21,"Arts and Antiques",2197,"Art & antiques",219701,"Paintings",2021,7427179
21,"Arts and Antiques",2197,"Art & antiques",219702,"Prints",2021,61364
21,"Arts and Antiques",2197,"Art & antiques",219703,"Sculptures",2021,2818768
21,"Arts and Antiques",2197,"Art & antiques",219704,"Revenue Stamps",2021,170
21,"Arts and Antiques",2197,"Art & antiques",219705,"Collector's Items",2021,1679974
21,"Arts and Antiques",2197,"Art & antiques",219706,"Antiques",2021,222213