Section ID,Section,HS2 ID,HS2,HS4 ID,HS4,Year,Trade Value
1,"Animal Products",101,"Live animals",10101,"Horses",2021,6395861
1,"Animal Products",101,"Live animals",10102,"Bovine",2021,99752
1,"Animal Products",101,"Live animals",10103,"Pigs",2021,2479707
1,"Animal Products",101,"Live animals",10106,"Other Animals",2021,708248
1,"Animal Products",102,"Meat & edible offal",10201,"Bovine Meat",2021,132754
1,"Animal Products",102,"Meat & edible offal",10202,"Frozen Bovine Meat",2021,464311.99999999994
1,"Animal Products",102,"Meat & edible offal",10203,"Pig Meat",2021,19186902
1,"Animal Products",102,"Meat & edible offal",10204,"Sheep and Goat Meat",2021,343921
1,"Animal Products",102,"Meat & edible offal",10206,"Edible Offal",2021,3117519
1,"Animal Products",102,"Meat & edible offal",10207,"Poultry Meat",2021,9378078
1,"Animal Products",102,"Meat & edible offal",10208,"Other Meat",2021,1680792
1,"Animal Products",102,"Meat & edible offal",10209,"Animal Fat",2021,646701
1,"Animal Products",102,"Meat & edible offal",10210,"Preserved Meat",2021,1471475
1,"Animal Products",103,"Fish, Crustaceans & Molluscs",10301,"Live Fish",2021,28976838.999999996
1,"Animal Products",103,"Fish, Crustaceans & Molluscs",10302,"Non-fillet Fresh Fish",2021,6294437989
1,"Animal Products",103,"Fish, Crustaceans & Molluscs",10303,"Non-fillet Frozen Fish",2021,1827325433
1,"Animal Products",103,"Fish, Crustaceans & Molluscs",10304,"Fish Fillets",2021,3648247127
1,"Animal Products",103,"Fish, Crustaceans & Molluscs",10305,"Dried/Salted/Smoked/Brined Fish",2021,1006130230
1,"Animal Products",103,"Fish, Crustaceans & Molluscs",10306,"Crustaceans",2021,202666151
1,"Animal Products",103,"Fish, Crustaceans & Molluscs",10307,"Molluscs",2021,4781675
1,"Animal Products",104,"Edible products of animal origin, n.e.s.",10401,"Milk",2021,4901527
1,"Animal Products",104,"Edible products of animal origin, n.e.s.",10402,"Concentrated Milk",2021,5639098.000000001
1,"Animal Products",104,"Edible products of animal origin, n.e.s.",10403,"Fermented Milk Products",2021,885301
1,"Animal Products",104,"Edible products of animal origin, n.e.s.",10404,"Whey and other milk products",2021,23947857
1,"Animal Products",104,"Edible products of animal origin, n.e.s.",10405,"Butter",2021,26269
1,"Animal Products",104,"Edible products of animal origin, n.e.s.",10406,"Cheese",2021,32097174
1,"Animal Products",104,"Edible products of animal origin, n.e.s.",10407,"Eggs",2021,450131.99999999994
1,"Animal Products",104,"Edible products of animal origin, n.e.s.",10408,"Processed Egg Products",2021,12183
1,"Animal Products",104,"Edible products of animal origin, n.e.s.",10409,"Honey",2021,508010
1,"Animal Products",104,"Edible products of animal origin, n.e.s.",10410,"Other Edible Animal Products",2021,20167.999999999996
1,"Animal Products",105,"Animal originated products, n.e.s.",10501,"Human Hair",2021,7235
1,"Animal Products",105,"Animal originated products, n.e.s.",10504,"Animal Organs",2021,6889860.000000001
1,"Animal Products",105,"Animal originated products, n.e.s.",10505,"Bird Feathers and Skins",2021,475329
1,"Animal Products",105,"Animal originated products, n.e.s.",10506,"Processed Bones",2021,76320
1,"Animal Products",105,"Animal originated products, n.e.s.",10507,"Raw Bones",2021,9556
1,"Animal Products",105,"Animal originated products, n.e.s.",10508,"Coral and Shells",2021,444778.99999999994
1,"Animal Products",105,"Animal originated products, n.e.s.",10511,"Other Inedible Animal Products",2021,57885156
2,"Vegetable Products",206,"Live trees, plants, bulbs, cut flowers, & ornamental foliage",20601,"Bulbs and Roots",2021,53634
2,"Vegetable Products",206,"Live trees, plants, bulbs, cut flowers, & ornamental foliage",20602,"Other live plants, cuttings and slips;
mushroom spawn",2021,314395
2,"Vegetable Products",206,"Live trees, plants, bulbs, cut flowers, & ornamental foliage",20603,"Cut Flowers",2021,49081
2,"Vegetable Products",206,"Live trees, plants, bulbs, cut flowers, & ornamental foliage",20604,"Plant foliage",2021,5806268
2,"Vegetable Products",207,"Edible vegetables, roots, & tubers",20701,"Potatoes",2021,6076.999999999999
2,"Vegetable Products",207,"Edible vegetables, roots, & tubers",20702,"Tomatoes",2021,761
2,"Vegetable Products",207,"Edible vegetables, roots, & tubers",20703,"Onions",2021,231795
2,"Vegetable Products",207,"Edible vegetables, roots, & tubers",20704,"Cabbages",2021,103878
2,"Vegetable Products",207,"Edible vegetables, roots, & tubers",20705,"Lettuce",2021,39998
2,"Vegetable Products",207,"Edible vegetables, roots, & tubers",20706,"Root Vegetables",2021,605
2,"Vegetable Products",207,"Edible vegetables, roots, & tubers",20707,"Cucumbers",2021,1145
2,"Vegetable Products",207,"Edible vegetables, roots, & tubers",20708,"Legumes",2021,20044
2,"Vegetable Products",207,"Edible vegetables, roots, & tubers",20709,"Other Vegetables",2021,3910
2,"Vegetable Products",207,"Edible vegetables, roots, & tubers",20710,"Frozen Vegetables",2021,136299
2,"Vegetable Products",207,"Edible vegetables, roots, & tubers",20711,"Preserved Vegetables",2021,16156.999999999998
2,"Vegetable Products",207,"Edible vegetables, roots, & tubers",20712,"Dried Vegetables",2021,148109
2,"Vegetable Products",207,"Edible vegetables, roots, & tubers",20713,"Dried Legumes",2021,750720
2,"Vegetable Products",207,"Edible vegetables, roots, & tubers",20714,"Cassava",2021,15244.000000000002
2,"Vegetable Products",208,"Edible fruits, nuts & fruit peels",20801,"Coconuts, Brazil Nuts, and Cashews",2021,315420
2,"Vegetable Products",208,"Edible fruits, nuts & fruit peels",20802,"Other Nuts",2021,1198585
2,"Vegetable Products",208,"Edible fruits, nuts & fruit peels",20803,"Bananas",2021,95168
2,"Vegetable Products",208,"Edible fruits, nuts & fruit peels",20804,"Tropical Fruits",2021,132862
2,"Vegetable Products",208,"Edible fruits, nuts & fruit peels",20805,"Citrus",2021,103774
2,"Vegetable Products",208,"Edible fruits, nuts & fruit peels",20806,"Grapes",2021,479625
2,"Vegetable Products",208,"Edible fruits, nuts & fruit peels",20807,"Melons",2021,29325
2,"Vegetable Products",208,"Edible fruits, nuts & fruit peels",20808,"Apples and Pears",2021,86094
2,"Vegetable Products",208,"Edible fruits, nuts & fruit peels",20809,"Pitted Fruits",2021,6.999999999999999
2,"Vegetable Products",208,"Edible fruits, nuts & fruit peels",20810,"Other Fruits",2021,90132
2,"Vegetable Products",208,"Edible fruits, nuts & fruit peels",20811,"Frozen Fruits and Nuts",2021,2337462
2,"Vegetable Products",208,"Edible fruits, nuts & fruit peels",20812,"Preserved Fruits and Nuts",2021,44.00000000000001
2,"Vegetable Products",208,"Edible fruits, nuts & fruit peels",20813,"Dried Fruits",2021,75680
2,"Vegetable Products",208,"Edible fruits, nuts & fruit peels",20814,"Citrus and Melon Peels",2021,117
2,"Vegetable Products",209,"Coffee, tea, mate & spices",20901,"Coffee",2021,4810425
2,"Vegetable Products",209,"Coffee, tea, mate & spices",20902,"Tea",2021,157598
2,"Vegetable Products",209,"Coffee, tea, mate & spices",20903,"Mate",2021,34434
2,"Vegetable Products",209,"Coffee, tea, mate & spices",20904,"Pepper",2021,126147
2,"Vegetable Products",209,"Coffee, tea, mate & spices",20905,"Vanilla",2021,1411.0000000000002
2,"Vegetable Products",209,"Coffee, tea, mate & spices",20906,"Cinnamon",2021,19273
2,"Vegetable Products",209,"Coffee, tea, mate & spices",20907,"Cloves",2021,30527
2,"Vegetable Products",209,"Coffee, tea, mate & spices",20908,"Nutmeg, mace and cardamons",2021,4294
2,"Vegetable Products",209,"Coffee, tea, mate & spices",20909,"Spice Seeds",2021,65235
2,"Vegetable Products",209,"Coffee, tea, mate & spices",20910,"Spices",2021,181492
2,"Vegetable Products",210,"Cereals",21001,"Wheat",2021,4977
2,"Vegetable Products",210,"Cereals",21002,"Rye",2021,1691.9999999999998
2,"Vegetable Products",210,"Cereals",21003,"Barley",2021,285833
2,"Vegetable Products",210,"Cereals",21004,"Oats",2021,60347
2,"Vegetable Products",210,"Cereals",21005,"Corn",2021,474
2,"Vegetable Products",210,"Cereals",21006,"Rice",2021,472386
2,"Vegetable Products",210,"Cereals",21008,"Buckwheat",2021,8120
2,"Vegetable Products",211,"Products of the milling industry",21101,"Wheat Flours",2021,157562
2,"Vegetable Products",211,"Products of the milling industry",21102,"Cereal Flours",2021,93305
2,"Vegetable Products",211,"Products of the milling industry",21103,"Cereal Meal and Pellets",2021,85091
2,"Vegetable Products",211,"Products of the milling industry",21104,"Processed Cereals",2021,901185
2,"Vegetable Products",211,"Products of the milling industry",21105,"Potato Flours",2021,16432
2,"Vegetable Products",211,"Products of the milling industry",21106,"Legume Flours",2021,3483376
2,"Vegetable Products",211,"Products of the milling industry",21107,"Malt",2021,92451
2,"Vegetable Products",211,"Products of the milling industry",21108,"Starches",2021,9687942
2,"Vegetable Products",211,"Products of the milling industry",21109,"Wheat Gluten",2021,10199
2,"Vegetable Products",212,"Oils seeds, oleaginous fruits, grains, straw & fodder",21201,"Soybeans",2021,10816
2,"Vegetable Products",212,"Oils seeds, oleaginous fruits, grains, straw & fodder",21202,"Ground Nuts",2021,276943
2,"Vegetable Products",212,"Oils seeds, oleaginous fruits, grains, straw & fodder",21204,"Linseed",2021,44458
2,"Vegetable Products",212,"Oils seeds, oleaginous fruits, grains, straw & fodder",21205,"Rapeseed",2021,207077
2,"Vegetable Products",212,"Oils seeds, oleaginous fruits, grains, straw & fodder",21206,"Sunflower Seeds",2021,436992
2,"Vegetable Products",212,"Oils seeds, oleaginous fruits, grains, straw & fodder",21207,"Other Oily Seeds",2021,288689
2,"Vegetable Products",212,"Oils seeds, oleaginous fruits, grains, straw & fodder",21208,"Oil Seed Flower",2021,34501
2,"Vegetable Products",212,"Oils seeds, oleaginous fruits, grains, straw & fodder",21209,"Sowing Seeds",2021,459306
2,"Vegetable Products",212,"Oils seeds, oleaginous fruits, grains, straw & fodder",21210,"Hops",2021,21557
2,"Vegetable Products",212,"Oils seeds, oleaginous fruits, grains, straw & fodder",21211,"Perfume Plants",2021,546697
2,"Vegetable Products",212,"Oils seeds, oleaginous fruits, grains, straw & fodder",21212,"Locust beans, seaweed, sugar beet, cane, for food",2021,117014
2,"Vegetable Products",212,"Oils seeds, oleaginous fruits, grains, straw & fodder",21213,"Cereal Straws",2021,34445
2,"Vegetable Products",212,"Oils seeds, oleaginous fruits, grains, straw & fodder",21214,"Forage Crops",2021,131042
2,"Vegetable Products",213,"Natural gums, resins & other vegetable extracts",21301,"Insect Resins",2021,14400
2,"Vegetable Products",213,"Natural gums, resins & other vegetable extracts",21302,"Vegetable Saps",2021,1716348
2,"Vegetable Products",214,"Vegetable plaiting materials & products, n.e.s.",21401,"Vegetable Plaiting Materials",2021,51674.99999999999
2,"Vegetable Products",214,"Vegetable plaiting materials & products, n.e.s.",21404,"Other Vegetable Products",2021,78511
3,"Animal and Vegetable Bi-Products",315,"Animal or vegetable fats, oils, & waxes",31501,"Pig and Poultry Fat",2021,672469
3,"Animal and Vegetable Bi-Products",315,"Animal or vegetable fats, oils, & waxes",31502,"Bovine, Sheep, and Goat Fat",2021,160276
3,"Animal and Vegetable Bi-Products",315,"Animal or vegetable fats, oils, & waxes",31503,"Lard stearin and oils",2021,71544
3,"Animal and Vegetable Bi-Products",315,"Animal or vegetable fats, oils, & waxes",31504,"Fish Oil",2021,238969195
3,"Animal and Vegetable Bi-Products",315,"Animal or vegetable fats, oils, & waxes",31505,"Wool Grease",2021,6347.000000000001
3,"Animal and Vegetable Bi-Products",315,"Animal or vegetable fats, oils, & waxes",31506,"Other Animal Fats",2021,3983651
3,"Animal and Vegetable Bi-Products",315,"Animal or vegetable fats, oils, & waxes",31507,"Soybean Oil",2021,90198201
3,"Animal and Vegetable Bi-Products",315,"Animal or vegetable fats, oils, & waxes",31508,"Ground Nut Oil",2021,649
3,"Animal and Vegetable Bi-Products",315,"Animal or vegetable fats, oils, & waxes",31509,"Pure Olive Oil",2021,24414
3,"Animal and Vegetable Bi-Products",315,"Animal or vegetable fats, oils, & waxes",31510,"Olive Oil",2021,12744
3,"Animal and Vegetable Bi-Products",315,"Animal or vegetable fats, oils, & waxes",31511,"Palm Oil",2021,405978.00000000006
3,"Animal and Vegetable Bi-Products",315,"Animal or vegetable fats, oils, & waxes",31512,"Seed Oils",2021,75875
3,"Animal and Vegetable Bi-Products",315,"Animal or vegetable fats, oils, & waxes",31513,"Coconut Oil",2021,226385
3,"Animal and Vegetable Bi-Products",315,"Animal or vegetable fats, oils, & waxes",31514,"Rapeseed Oil",2021,197916
3,"Animal and Vegetable Bi-Products",315,"Animal or vegetable fats, oils, & waxes",31515,"Other Pure Vegetable Oils",2021,257777
3,"Animal and Vegetable Bi-Products",315,"Animal or vegetable fats, oils, & waxes",31516,"Other Vegetable Oils",2021,74516009
3,"Animal and Vegetable Bi-Products",315,"Animal or vegetable fats, oils, & waxes",31517,"Margarine",2021,17902696
3,"Animal and Vegetable Bi-Products",315,"Animal or vegetable fats, oils, & waxes",31518,"Inedible Fats and Oils",2021,6380738
3,"Animal and Vegetable Bi-Products",315,"Animal or vegetable fats, oils, & waxes",31519,"Stearic Acid",2021,3060849
3,"Animal and Vegetable Bi-Products",315,"Animal or vegetable fats, oils, & waxes",31520,"Glycerol",2021,5627552
3,"Animal and Vegetable Bi-Products",315,"Animal or vegetable fats, oils, & waxes",31521,"Vegetable waxes and beeswax",2021,6067.999999999999
3,"Animal and Vegetable Bi-Products",315,"Animal or vegetable fats, oils, & waxes",31522,"Fat and Oil Residues",2021,1993682
4,"Foodstuffs",416,"Preparations of fish, crustacenas, & molluscs",41601,"Sausages",2021,562710
4,"Foodstuffs",416,"Preparations of fish, crustacenas, & molluscs",41602,"Other Prepared Meat",2021,1242291
4,"Foodstuffs",416,"Preparations of fish, crustacenas, & molluscs",41603,"Animal Extracts",2021,4661488
4,"Foodstuffs",416,"Preparations of fish, crustacenas, & molluscs",41604,"Processed Fish",2021,116340642
4,"Foodstuffs",416,"Preparations of fish, crustacenas, & molluscs",41605,"Processed Crustaceans",2021,198638748
4,"Foodstuffs",417,"Sugars & confectioneries",41701,"Raw Sugar",2021,192982
4,"Foodstuffs",417,"Sugars & confectioneries",41702,"Other Sugars",2021,180442
4,"Foodstuffs",417,"Sugars & confectioneries",41703,"Molasses",2021,5177
4,"Foodstuffs",417,"Sugars & confectioneries",41704,"Confectionery Sugar",2021,4400876
4,"Foodstuffs",418,"Cocoa & cocoa preparations",41801,"Cocoa Beans",2021,155
4,"Foodstuffs",418,"Cocoa & cocoa preparations",41802,"Cocoa Shells",2021,158
4,"Foodstuffs",418,"Cocoa & cocoa preparations",41803,"Cocoa Paste",2021,10487
4,"Foodstuffs",418,"Cocoa & cocoa preparations",41804,"Cocoa Butter",2021,287
4,"Foodstuffs",418,"Cocoa & cocoa preparations",41805,"Cocoa Powder",2021,5841031
4,"Foodstuffs",418,"Cocoa & cocoa preparations",41806,"Chocolate",2021,42120202
4,"Foodstuffs",419,"Preparations of cereals, flour, starch or milk",41901,"Malt Extract",2021,3495139
4,"Foodstuffs",419,"Preparations of cereals, flour, starch or milk",41902,"Pasta",2021,3403018
4,"Foodstuffs",419,"Preparations of cereals, flour, starch or milk",41903,"Tapioca",2021,5081
4,"Foodstuffs",419,"Preparations of cereals, flour, starch or milk",41904,"Prepared Cereals",2021,3877963
4,"Foodstuffs",419,"Preparations of cereals, flour, starch or milk",41905,"Baked Goods",2021,52197895
4,"Foodstuffs",420,"Preparations of vegetables, fruit, nuts or other plant parts",42001,"Pickled Foods",2021,85185
4,"Foodstuffs",420,"Preparations of vegetables, fruit, nuts or other plant parts",42002,"Processed Tomatoes",2021,178221
4,"Foodstuffs",420,"Preparations of vegetables, fruit, nuts or other plant parts",42003,"Processed Mushrooms",2021,15510
4,"Foodstuffs",420,"Preparations of vegetables, fruit, nuts or other plant parts",42004,"Other Frozen Vegetables",2021,449217
4,"Foodstuffs",420,"Preparations of vegetables, fruit, nuts or other plant parts",42005,"Other Processed Vegetables",2021,5639553
4,"Foodstuffs",420,"Preparations of vegetables, fruit, nuts or other plant parts",42006,"Sugar Preserved Foods",2021,14658
4,"Foodstuffs",420,"Preparations of vegetables, fruit, nuts or other plant parts",42007,"Jams",2021,197996
4,"Foodstuffs",420,"Preparations of vegetables, fruit, nuts or other plant parts",42008,"Other Processed Fruits and Nuts",2021,13947540
4,"Foodstuffs",420,"Preparations of vegetables, fruit, nuts or other plant parts",42009,"Fruit Juice",2021,398512
4,"Foodstuffs",421,"Miscellaneous edible preparations",42101,"Coffee and Tea Extracts",2021,86808
4,"Foodstuffs",421,"Miscellaneous edible preparations",42102,"Yeast",2021,771150
4,"Foodstuffs",421,"Miscellaneous edible preparations",42103,"Sauces and Seasonings",2021,14760766
4,"Foodstuffs",421,"Miscellaneous edible preparations",42104,"Soups and Broths",2021,4394309
4,"Foodstuffs",421,"Miscellaneous edible preparations",42105,"Ice Cream",2021,12032151.999999998
4,"Foodstuffs",421,"Miscellaneous edible preparations",42106,"Other Edible Preparations",2021,202067044
4,"Foodstuffs",422,"Beverages, spirits, & vinegar",42201,"Water",2021,38041209
4,"Foodstuffs",422,"Beverages, spirits, & vinegar",42202,"Flavored Water",2021,12939703
4,"Foodstuffs",422,"Beverages, spirits, & vinegar",42203,"Beer",2021,11224945
4,"Foodstuffs",422,"Beverages, spirits, & vinegar",42204,"Wine",2021,3240751
4,"Foodstuffs",422,"Beverages, spirits, & vinegar",42205,"Vermouth",2021,11621
4,"Foodstuffs",422,"Beverages, spirits, & vinegar",42206,"Other Fermented Beverages",2021,135890
4,"Foodstuffs",422,"Beverages, spirits, & vinegar",42207,"Alcohol > 80% ABV",2021,19117004
4,"Foodstuffs",422,"Beverages, spirits, & vinegar",42208,"Hard Liquor",2021,33710910
4,"Foodstuffs",422,"Beverages, spirits, & vinegar",42209,"Vinegar",2021,155914
4,"Foodstuffs",423,"Food residues & wastes; animal fodder",42301,"Animal Meal and Pellets",2021,224383886
4,"Foodstuffs",423,"Food residues & wastes; animal fodder",42302,"Bran",2021,5002381
4,"Foodstuffs",423,"Food residues & wastes; animal fodder",42303,"Starch Residue",2021,13070589
4,"Foodstuffs",423,"Food residues & wastes; animal fodder",42304,"Soybean Meal",2021,102386765
4,"Foodstuffs",423,"Food residues & wastes; animal fodder",42305,"Ground Nut Meal",2021,8607.999999999998
4,"Foodstuffs",423,"Food residues & wastes; animal fodder",42306,"Other Vegetable Residues",2021,2375
4,"Foodstuffs",423,"Food residues & wastes; animal fodder",42307,"Wine Lees",2021,425
4,"Foodstuffs",423,"Food residues & wastes; animal fodder",42308,"Other Vegetable Residues and Waste",2021,2570980
4,"Foodstuffs",423,"Food residues & wastes; animal fodder",42309,"Animal Food",2021,299510696
4,"Foodstuffs",424,"Tobacco & substitutes",42401,"Raw Tobacco",2021,501442
4,"Foodstuffs",424,"Tobacco & substitutes",42402,"Rolled Tobacco",2021,1805872
4,"Foodstuffs",424,"Tobacco & substitutes",42403,"Processed Tobacco",2021,805373
5,"Mineral Products",525,"Salt, sulphur, cement, lime, stone, & plaster",52501,"Salt",2021,6203652
5,"Mineral Products",525,"Salt, sulphur, cement, lime, stone, & plaster",52502,"Iron Pyrites",2021,1019
5,"Mineral Products",525,"Salt, sulphur, cement, lime, stone, & plaster",52503,"Sulphur",2021,2508202
5,"Mineral Products",525,"Salt, sulphur, cement, lime, stone, & plaster",52504,"Graphite",2021,6707141
5,"Mineral Products",525,"Salt, sulphur, cement, lime, stone, & plaster",52505,"Sand",2021,3816250
5,"Mineral Products",525,"Salt, sulphur, cement, lime, stone, & plaster",52506,"Quartz",2021,49994950
5,"Mineral Products",525,"Salt, sulphur, cement, lime, stone, & plaster",52507,"Kaolin",2021,81339
5,"Mineral Products",525,"Salt, sulphur, cement, lime, stone, & plaster",52508,"Clays",2021,69598
5,"Mineral Products",525,"Salt, sulphur, cement, lime, stone, & plaster",52509,"Chalk",2021,7270
5,"Mineral Products",525,"Salt, sulphur, cement, lime, stone, & plaster",52510,"Calcium Phosphates",2021,118739.00000000001
5,"Mineral Products",525,"Salt, sulphur, cement, lime, stone, & plaster",52511,"Barium Sulphate",2021,1838054
5,"Mineral Products",525,"Salt, sulphur, cement, lime, stone, & plaster",52512,"Siliceous Fossil Meals",2021,2146
5,"Mineral Products",525,"Salt, sulphur, cement, lime, stone, & plaster",52513,"Pumice",2021,14580
5,"Mineral Products",525,"Salt, sulphur, cement, lime, stone, & plaster",52514,"Slate",2021,1894624
5,"Mineral Products",525,"Salt, sulphur, cement, lime, stone, & plaster",52515,"Marble, Travertine and Alabaster",2021,981130
5,"Mineral Products",525,"Salt, sulphur, cement, lime, stone, & plaster",52516,"Granite",2021,222124902
5,"Mineral Products",525,"Salt, sulphur, cement, lime, stone, & plaster",52517,"Gravel and Crushed Stone",2021,456725129
5,"Mineral Products",525,"Salt, sulphur, cement, lime, stone, & plaster",52518,"Dolomite",2021,26721840
5,"Mineral Products",525,"Salt, sulphur, cement, lime, stone, & plaster",52519,"Magnesium Carbonate",2021,1009398
5,"Mineral Products",525,"Salt, sulphur, cement, lime, stone, & plaster",52520,"Gypsum",2021,3478803.0000000005
5,"Mineral Products",525,"Salt, sulphur, cement, lime, stone, & plaster",52521,"Limestone",2021,5912142
5,"Mineral Products",525,"Salt, sulphur, cement, lime, stone, & plaster",52522,"Quicklime",2021,22031355
5,"Mineral Products",525,"Salt, sulphur, cement, lime, stone, & plaster",52523,"Cement",2021,23072260
5,"Mineral Products",525,"Salt, sulphur, cement, lime, stone, & plaster",52524,"Asbestos",2021,6063
5,"Mineral Products",525,"Salt, sulphur, cement, lime, stone, & plaster",52525,"Mica",2021,2720040
5,"Mineral Products",525,"Salt, sulphur, cement, lime, stone, & plaster",52526,"Soapstone",2021,430667
5,"Mineral Products",525,"Salt, sulphur, cement, lime, stone, & plaster",52528,"Borax",2021,157223.99999999997
5,"Mineral Products",525,"Salt, sulphur, cement, lime, stone, & plaster",52529,"Feldspar",2021,52285741
5,"Mineral Products",525,"Salt, sulphur, cement, lime, stone, & plaster",52530,"Other Mineral",2021,10323710
5,"Mineral Products",526,"Ores, slag and ash",52601,"Iron Ore",2021,398431355
5,"Mineral Products",526,"Ores, slag and ash",52602,"Manganese Ore",2021,656676
5,"Mineral Products",526,"Ores, slag and ash",52603,"Copper Ore",2021,4273
5,"Mineral Products",526,"Ores, slag and ash",52604,"Nickel Ore",2021,4379480
5,"Mineral Products",526,"Ores, slag and ash",52605,"Cobalt Ore",2021,123.00000000000001
5,"Mineral Products",526,"Ores, slag and ash",52606,"Aluminium Ore",2021,2458
5,"Mineral Products",526,"Ores, slag and ash",52608,"Zinc Ore",2021,565
5,"Mineral Products",526,"Ores, slag and ash",52610,"Chromium Ore",2021,3136
5,"Mineral Products",526,"Ores, slag and ash",52611,"Tungsten Ore",2021,6412.000000000001
5,"Mineral Products",526,"Ores, slag and ash",52614,"Titanium Ore",2021,227189704
5,"Mineral Products",526,"Ores, slag and ash",52615,"Niobium, Tantalum, Vanadium and Zirconium Ore",2021,3108
5,"Mineral Products",526,"Ores, slag and ash",52616,"Precious Metal Ore",2021,4926386
5,"Mineral Products",526,"Ores, slag and ash",52617,"Other Ores",2021,8501
5,"Mineral Products",526,"Ores, slag and ash",52618,"Granulated Slag",2021,969.9999999999999
5,"Mineral Products",526,"Ores, slag and ash",52619,"Slag Dross",2021,11884790
5,"Mineral Products",526,"Ores, slag and ash",52620,"Non-Iron and Steel Slag, Ash and Residues",2021,170699429
5,"Mineral Products",526,"Ores, slag and ash",52621,"Other Slag and Ash",2021,3990200
5,"Mineral Products",527,"Mineral fuels, mineral oils and products of their distillation",52701,"Coal Briquettes",2021,9683355
5,"Mineral Products",527,"Mineral fuels, mineral oils and products of their distillation",52702,"Lignite",2021,68
5,"Mineral Products",527,"Mineral fuels, mineral oils and products of their distillation",52703,"Peat",2021,645373
5,"Mineral Products",527,"Mineral fuels, mineral oils and products of their distillation",52704,"Coke",2021,7310
5,"Mineral Products",527,"Mineral fuels, mineral oils and products of their distillation",52705,"Non-Petroleum Gas",2021,681
5,"Mineral Products",527,"Mineral fuels, mineral oils and products of their distillation",52706,"Tar",2021,60
5,"Mineral Products",527,"Mineral fuels, mineral oils and products of their distillation",52707,"Coal Tar Oil",2021,314964599
5,"Mineral Products",527,"Mineral fuels, mineral oils and products of their distillation",52709,"Crude Petroleum",2021,42599133901
5,"Mineral Products",527,"Mineral fuels, mineral oils and products of their distillation",52710,"Refined Petroleum",2021,6042389294
5,"Mineral Products",527,"Mineral fuels, mineral oils and products of their distillation",52711,"Petroleum Gas",2021,59408387248
5,"Mineral Products",527,"Mineral fuels, mineral oils and products of their distillation",52712,"Petroleum Jelly",2021,4433981
5,"Mineral Products",527,"Mineral fuels, mineral oils and products of their distillation",52713,"Petroleum Coke",2021,45072610
5,"Mineral Products",527,"Mineral fuels, mineral oils and products of their distillation",52714,"Bitumen and asphalt",2021,212824
5,"Mineral Products",527,"Mineral fuels, mineral oils and products of their distillation",52715,"Asphalt Mixtures",2021,792995
5,"Mineral Products",527,"Mineral fuels, mineral oils and products of their distillation",52716,"Electricity",2021,2362062978
6,"Chemical Products",628,"Inorganic chemicals",62801,"Halogens",2021,16406
6,"Chemical Products",628,"Inorganic chemicals",62802,"Sulfur",2021,1307851
6,"Chemical Products",628,"Inorganic chemicals",62803,"Carbon",2021,109133
6,"Chemical Products",628,"Inorganic chemicals",62804,"Hydrogen",2021,643890936
6,"Chemical Products",628,"Inorganic chemicals",62805,"Alkali, alkaline-earth, rare-earth metals, scandium, yttrium, and mercury",2021,47422
6,"Chemical Products",628,"Inorganic chemicals",62806,"Hydrochloric Acid",2021,3020803
6,"Chemical Products",628,"Inorganic chemicals",62807,"Sulfuric Acid",2021,7085905
6,"Chemical Products",628,"Inorganic chemicals",62808,"Nitric Acids",2021,15855281
6,"Chemical Products",628,"Inorganic chemicals",62809,"Phosphoric Acid",2021,787461.0000000001
6,"Chemical Products",628,"Inorganic chemicals",62810,"Boron",2021,9580
6,"Chemical Products",628,"Inorganic chemicals",62811,"Other Inorganic Acids",2021,78472387
6,"Chemical Products",628,"Inorganic chemicals",62812,"Halides",2021,2987
6,"Chemical Products",628,"Inorganic chemicals",62813,"Nonmetal Sulfides",2021,333.99999999999994
6,"Chemical Products",628,"Inorganic chemicals",62814,"Ammonia",2021,1615890
6,"Chemical Products",628,"Inorganic chemicals",62815,"Sodium or Potassium Peroxides",2021,116303925
6,"Chemical Products",628,"Inorganic chemicals",62816,"Magnesium Hydroxide and Peroxide",2021,610087
6,"Chemical Products",628,"Inorganic chemicals",62817,"Zinc Oxide and Peroxide",2021,7549743
6,"Chemical Products",628,"Inorganic chemicals",62818,"Aluminium Oxide",2021,795564
6,"Chemical Products",628,"Inorganic chemicals",62820,"Manganese Oxides",2021,46557117
6,"Chemical Products",628,"Inorganic chemicals",62821,"Iron Oxides and Hydroxides",2021,7764857
6,"Chemical Products",628,"Inorganic chemicals",62822,"Cobalt Oxides and Hydroxides",2021,2521
6,"Chemical Products",628,"Inorganic chemicals",62823,"Titanium Oxides",2021,25304344
6,"Chemical Products",628,"Inorganic chemicals",62824,"Lead Oxides",2021,1436.9999999999998
6,"Chemical Products",628,"Inorganic chemicals",62825,"Inorganic Salts",2021,112895680
6,"Chemical Products",628,"Inorganic chemicals",62826,"Fluorides",2021,19813065
6,"Chemical Products",628,"Inorganic chemicals",62827,"Chlorides",2021,3171079
6,"Chemical Products",628,"Inorganic chemicals",62828,"Hypochlorites",2021,3670242
6,"Chemical Products",628,"Inorganic chemicals",62829,"Chlorates and Perchlorates",2021,11733
6,"Chemical Products",628,"Inorganic chemicals",62830,"Sulfides",2021,31795
6,"Chemical Products",628,"Inorganic chemicals",62832,"Sulfites",2021,1366970
6,"Chemical Products",628,"Inorganic chemicals",62833,"Sulfates",2021,18093098
6,"Chemical Products",628,"Inorganic chemicals",62834,"Nitrites and Nitrates",2021,46689372
6,"Chemical Products",628,"Inorganic chemicals",62835,"Phosphinates (hypophosphites) and phosphonates (phosphites)",2021,56390
6,"Chemical Products",628,"Inorganic chemicals",62836,"Carbonates",2021,41827868
6,"Chemical Products",628,"Inorganic chemicals",62837,"Cyanides",2021,132
6,"Chemical Products",628,"Inorganic chemicals",62839,"Silicates",2021,1022723
6,"Chemical Products",628,"Inorganic chemicals",62840,"Borates",2021,255851
6,"Chemical Products",628,"Inorganic chemicals",62841,"Oxometallic or Peroxometallic Acid Salts",2021,9409
6,"Chemical Products",628,"Inorganic chemicals",62842,"Other Inorganic Acids Salts",2021,32850
6,"Chemical Products",628,"Inorganic chemicals",62843,"Precious Metal Compounds",2021,6164
6,"Chemical Products",628,"Inorganic chemicals",62844,"Radioactive Chemicals",2021,38355991
6,"Chemical Products",628,"Inorganic chemicals",62845,"Other Isotopes",2021,11961
6,"Chemical Products",628,"Inorganic chemicals",62846,"Rare-Earth Metal Compounds",2021,21099967
6,"Chemical Products",628,"Inorganic chemicals",62847,"Hydrogen peroxide",2021,3068789
6,"Chemical Products",628,"Inorganic chemicals",62849,"Carbides",2021,119387941
6,"Chemical Products",628,"Inorganic chemicals",62850,"Hydrides and other anions",2021,684534
6,"Chemical Products",628,"Inorganic chemicals",62851,"Inorganic Compounds",2021,225190
6,"Chemical Products",629,"Organic chemicals",62901,"Acyclic Hydrocarbons",2021,483972153
6,"Chemical Products",629,"Organic chemicals",62902,"Cyclic Hydrocarbons",2021,635018
6,"Chemical Products",629,"Organic chemicals",62903,"Halogenated Hydrocarbons",2021,273121122
6,"Chemical Products",629,"Organic chemicals",62904,"Sulfonated, Nitrated or Nitrosated Hydrocarbons",2021,2489925
6,"Chemical Products",629,"Organic chemicals",62905,"Acyclic alcohol derivatives (halogenated, sulphonated, nitrated)",2021,168378386
6,"Chemical Products",629,"Organic chemicals",62906,"Cyclic Alcohols",2021,255928
6,"Chemical Products",629,"Organic chemicals",62907,"Phenols",2021,559525
6,"Chemical Products",629,"Organic chemicals",62908,"Phenol Derivatives",2021,35180
6,"Chemical Products",629,"Organic chemicals",62909,"Ethers",2021,1892553
6,"Chemical Products",629,"Organic chemicals",62910,"Epoxides",2021,671881
6,"Chemical Products",629,"Organic chemicals",62912,"Aldehydes, cyclic polymers, and paraformaldehyde",2021,55561172
6,"Chemical Products",629,"Organic chemicals",62914,"Ketones and Quinones",2021,71209
6,"Chemical Products",629,"Organic chemicals",62915,"Saturated Acyclic Monocarboxylic Acids",2021,26084389
6,"Chemical Products",629,"Organic chemicals",62916,"Unsaturated Acyclic Monocarboxylic Acids",2021,1877735
6,"Chemical Products",629,"Organic chemicals",62917,"Polycarboxylic Acids",2021,728902
6,"Chemical Products",629,"Organic chemicals",62918,"Carboxylic Acids",2021,832021
6,"Chemical Products",629,"Organic chemicals",62919,"Phosphoric Esters and Salts",2021,17079
6,"Chemical Products",629,"Organic chemicals",62920,"Other Esters",2021,41749
6,"Chemical Products",629,"Organic chemicals",62921,"Amine Compounds",2021,4287508
6,"Chemical Products",629,"Organic chemicals",62922,"Oxygen Amino Compounds",2021,53756798
6,"Chemical Products",629,"Organic chemicals",62923,"Quaternary Ammonium Salts and Hydroxides",2021,4752055
6,"Chemical Products",629,"Organic chemicals",62924,"Carboxyamide Compounds",2021,1356744077
6,"Chemical Products",629,"Organic chemicals",62925,"Carboxyimide Compounds",2021,44628401
6,"Chemical Products",629,"Organic chemicals",62926,"Nitrile Compounds",2021,49806
6,"Chemical Products",629,"Organic chemicals",62927,"Diazo, Azo or Aoxy Compounds",2021,442057
6,"Chemical Products",629,"Organic chemicals",62928,"Hydrazine or Hydroxylamine Derivatives",2021,346999
6,"Chemical Products",629,"Organic chemicals",62929,"Other Nitrogen Compounds",2021,1449781
6,"Chemical Products",629,"Organic chemicals",62930,"Organo-Sulfur Compounds",2021,158456
6,"Chemical Products",629,"Organic chemicals",62931,"Other Organo-Inorganic Compounds",2021,247060
6,"Chemical Products",629,"Organic chemicals",62932,"Oxygen Heterocyclic Compounds",2021,2533445
6,"Chemical Products",629,"Organic chemicals",62933,"Nitrogen Heterocyclic Compounds",2021,2703543
6,"Chemical Products",629,"Organic chemicals",62934,"Nucleic Acids",2021,293646
6,"Chemical Products",629,"Organic chemicals",62935,"Sulfonamides",2021,20582
6,"Chemical Products",629,"Organic chemicals",62936,"Vitamins",2021,10389637
6,"Chemical Products",629,"Organic chemicals",62937,"Hormones",2021,40844
6,"Chemical Products",629,"Organic chemicals",62938,"Glycosides",2021,29925
6,"Chemical Products",629,"Organic chemicals",62939,"Vegetable Alkaloids",2021,5456055
6,"Chemical Products",629,"Organic chemicals",62940,"Chemically Pure Sugars",2021,173284
6,"Chemical Products",629,"Organic chemicals",62941,"Antibiotics",2021,62911
6,"Chemical Products",629,"Organic chemicals",62942,"Other Organic Compounds",2021,1086872
6,"Chemical Products",630,"Pharmaceutical products",63001,"Glands and Other Organs",2021,171496
6,"Chemical Products",630,"Pharmaceutical products",63002,"Vaccines, blood, antisera, toxins and cultures",2021,126499645
6,"Chemical Products",630,"Pharmaceutical products",63003,"Unpackaged Medicaments",2021,69774169
6,"Chemical Products",630,"Pharmaceutical products",63004,"Packaged Medicaments",2021,667753674
6,"Chemical Products",630,"Pharmaceutical products",63005,"Bandages",2021,9377948
6,"Chemical Products",630,"Pharmaceutical products",63006,"Special Pharmaceuticals",2021,400382235
6,"Chemical Products",631,"Fertilizers",63101,"Animal or Vegetable Fertilizers",2021,14566635
6,"Chemical Products",631,"Fertilizers",63102,"Nitrogenous Fertilizers",2021,307982745
6,"Chemical Products",631,"Fertilizers",63103,"Phosphatic Fertilizers",2021,9137
6,"Chemical Products",631,"Fertilizers",63104,"Potassic Fertilizers",2021,1189522
6,"Chemical Products",631,"Fertilizers",63105,"Mixed Mineral or Chemical Fertilizers",2021,1151654353
6,"Chemical Products",632,"Paints, dyes, & varnishes",63201,"Vegetable Tanning Extracts",2021,14895
6,"Chemical Products",632,"Paints, dyes, & varnishes",63202,"Synthetic Tanning Extracts",2021,15670
6,"Chemical Products",632,"Paints, dyes, & varnishes",63203,"Vegetable or Animal Dyes",2021,39165
6,"Chemical Products",632,"Paints, dyes, & varnishes",63204,"Synthetic Coloring Matter",2021,13618361
6,"Chemical Products",632,"Paints, dyes, & varnishes",63205,"Lake Pigments",2021,8022
6,"Chemical Products",632,"Paints, dyes, & varnishes",63206,"Other Coloring Matter",2021,119748023
6,"Chemical Products",632,"Paints, dyes, & varnishes",63207,"Prepared Pigments",2021,152583
6,"Chemical Products",632,"Paints, dyes, & varnishes",63208,"Nonaqueous Paints",2021,22087893
6,"Chemical Products",632,"Paints, dyes, & varnishes",63209,"Aqueous Paints",2021,58542056
6,"Chemical Products",632,"Paints, dyes, & varnishes",63210,"Other Paints",2021,9788728
6,"Chemical Products",632,"Paints, dyes, & varnishes",63211,"Prepared Paint Driers",2021,19548
6,"Chemical Products",632,"Paints, dyes, & varnishes",63212,"Nonaqueous Pigments",2021,11526499
6,"Chemical Products",632,"Paints, dyes, & varnishes",63213,"Artistry Paints",2021,176178
6,"Chemical Products",632,"Paints, dyes, & varnishes",63214,"Glaziers Putty",2021,18016785
6,"Chemical Products",632,"Paints, dyes, & varnishes",63215,"Ink",2021,618167
6,"Chemical Products",633,"Perfumery & cosmetics",63301,"Essential Oils",2021,77147
6,"Chemical Products",633,"Perfumery & cosmetics",63302,"Scented Mixtures",2021,9207024
6,"Chemical Products",633,"Perfumery & cosmetics",63303,"Perfumes",2021,7232989
6,"Chemical Products",633,"Perfumery & cosmetics",63304,"Beauty Products",2021,25067076
6,"Chemical Products",633,"Perfumery & cosmetics",63305,"Hair Products",2021,5540585
6,"Chemical Products",633,"Perfumery & cosmetics",63306,"Dental Products",2021,3257880
6,"Chemical Products",633,"Perfumery & cosmetics",63307,"Shaving Products",2021,1492979
6,"Chemical Products",634,"Soap, cleaners, candles, dental, modelling pastes",63401,"Soap",2021,3503678
6,"Chemical Products",634,"Soap, cleaners, candles, dental, modelling pastes",63402,"Cleaning Products",2021,138546224
6,"Chemical Products",634,"Soap, cleaners, candles, dental, modelling pastes",63403,"Lubricating Products",2021,4775553
6,"Chemical Products",634,"Soap, cleaners, candles, dental, modelling pastes",63404,"Waxes",2021,1968250
6,"Chemical Products",634,"Soap, cleaners, candles, dental, modelling pastes",63405,"Polishes and Creams",2021,764182
6,"Chemical Products",634,"Soap, cleaners, candles, dental, modelling pastes",63406,"Candles",2021,391805
6,"Chemical Products",634,"Soap, cleaners, candles, dental, modelling pastes",63407,"Pastes and Waxes",2021,49415
6,"Chemical Products",635,"Glues, starches, & albuminoid products",63501,"Casein",2021,634
6,"Chemical Products",635,"Glues, starches, & albuminoid products",63502,"Water Soluble Proteins",2021,15098807
6,"Chemical Products",635,"Glues, starches, & albuminoid products",63503,"Gelatin",2021,269839
6,"Chemical Products",635,"Glues, starches, & albuminoid products",63504,"Peptones",2021,13681107
6,"Chemical Products",635,"Glues, starches, & albuminoid products",63505,"Dextrins",2021,108212
6,"Chemical Products",635,"Glues, starches, & albuminoid products",63506,"Glues",2021,14516141
6,"Chemical Products",635,"Glues, starches, & albuminoid products",63507,"Enzymes",2021,2771703
6,"Chemical Products",636,"Explosives, matches, & fireworks",63601,"Propellant Powders",2021,3070986
6,"Chemical Products",636,"Explosives, matches, & fireworks",63602,"Prepared Explosives",2021,27985570
6,"Chemical Products",636,"Explosives, matches, & fireworks",63603,"Detonating Fuses",2021,6703275
6,"Chemical Products",636,"Explosives, matches, & fireworks",63604,"Fireworks",2021,388522
6,"Chemical Products",636,"Explosives, matches, & fireworks",63605,"Matches",2021,6003
6,"Chemical Products",636,"Explosives, matches, & fireworks",63606,"Pyrophoric Alloys",2021,18021
6,"Chemical Products",637,"Photo & movie goods",63701,"Photographic Plates",2021,92789
6,"Chemical Products",637,"Photo & movie goods",63702,"Photographic Film",2021,24523
6,"Chemical Products",637,"Photo & movie goods",63703,"Photographic Paper",2021,48602
6,"Chemical Products",637,"Photo & movie goods",63704,"Undeveloped Exposed Photographic Material",2021,47976
6,"Chemical Products",637,"Photo & movie goods",63705,"Developed Exposed Photographic Material",2021,70846
6,"Chemical Products",637,"Photo & movie goods",63706,"Motion-picture film, exposed and developed",2021,2167
6,"Chemical Products",637,"Photo & movie goods",63707,"Photographic Chemicals",2021,215607
6,"Chemical Products",638,"Chemical products n.e.s.",63801,"Artificial Graphite",2021,80427032
6,"Chemical Products",638,"Chemical products n.e.s.",63802,"Activated Carbon",2021,822620
6,"Chemical Products",638,"Chemical products n.e.s.",63803,"Tall Oil",2021,17234
6,"Chemical Products",638,"Chemical products n.e.s.",63804,"Wood Pulp Lyes",2021,146562666
6,"Chemical Products",638,"Chemical products n.e.s.",63805,"Turpentine",2021,144540
6,"Chemical Products",638,"Chemical products n.e.s.",63806,"Rosin",2021,101841
6,"Chemical Products",638,"Chemical products n.e.s.",63807,"Wood Tar, Oils and Pitch",2021,43516
6,"Chemical Products",638,"Chemical products n.e.s.",63808,"Pesticides",2021,93130636
6,"Chemical Products",638,"Chemical products n.e.s.",63809,"Dyeing Finishing Agents",2021,15836941
6,"Chemical Products",638,"Chemical products n.e.s.",63810,"Metal Pickling Preparations",2021,615161
6,"Chemical Products",638,"Chemical products n.e.s.",63811,"Antiknock",2021,7010011
6,"Chemical Products",638,"Chemical products n.e.s.",63812,"Prepared Rubber Accelerators",2021,58746.99999999999
6,"Chemical Products",638,"Chemical products n.e.s.",63813,"Fire Extinguishers Preparations",2021,256664
6,"Chemical Products",638,"Chemical products n.e.s.",63814,"Organic Composite Solvents",2021,525036
6,"Chemical Products",638,"Chemical products n.e.s.",63815,"Reaction and Catalytic Products",2021,21972089
6,"Chemical Products",638,"Chemical products n.e.s.",63816,"Refractory Cements",2021,8565733
6,"Chemical Products",638,"Chemical products n.e.s.",63817,"Alkylbenzenes and Alkylnaphthalenes",2021,182766
6,"Chemical Products",638,"Chemical products n.e.s.",63818,"Disc Chemicals for Electronics",2021,34742289
6,"Chemical Products",638,"Chemical products n.e.s.",63819,"Hydraulic Brake Fluid",2021,185528
6,"Chemical Products",638,"Chemical products n.e.s.",63820,"Antifreeze",2021,3082356
6,"Chemical Products",638,"Chemical products n.e.s.",63821,"Micro-Organism Culture Preparations",2021,164409
6,"Chemical Products",638,"Chemical products n.e.s.",63822,"Laboratory Reagents",2021,272564664
6,"Chemical Products",638,"Chemical products n.e.s.",63823,"Industrial Fatty Acids, Oils and Alcohols",2021,294846492
7,"Plastics and Rubbers",739,"Plastics & articles thereof",73901,"Ethylene Polymers",2021,200116890
7,"Plastics and Rubbers",739,"Plastics & articles thereof",73902,"Propylene Polymers",2021,6487991
7,"Plastics and Rubbers",739,"Plastics & articles thereof",73903,"Styrene Polymers",2021,90574730
7,"Plastics and Rubbers",739,"Plastics & articles thereof",73904,"Vinyl Chloride Polymers",2021,301859572
7,"Plastics and Rubbers",739,"Plastics & articles thereof",73905,"Other Vinyl Polymers",2021,994460
7,"Plastics and Rubbers",739,"Plastics & articles thereof",73906,"Acrylic Polymers",2021,18612940
7,"Plastics and Rubbers",739,"Plastics & articles thereof",73907,"Polyacetals",2021,79399155
7,"Plastics and Rubbers",739,"Plastics & articles thereof",73908,"Polyamides",2021,1979502
7,"Plastics and Rubbers",739,"Plastics & articles thereof",73909,"Amino-resins",2021,139869504
7,"Plastics and Rubbers",739,"Plastics & articles thereof",73910,"Silicone",2021,2111336
7,"Plastics and Rubbers",739,"Plastics & articles thereof",73911,"Petroleum Resins",2021,862849
7,"Plastics and Rubbers",739,"Plastics & articles thereof",73912,"Cellulose",2021,1704806
7,"Plastics and Rubbers",739,"Plastics & articles thereof",73913,"Natural Polymers",2021,64760711
7,"Plastics and Rubbers",739,"Plastics & articles thereof",73914,"Polymer Ion-Exchangers",2021,10506172
7,"Plastics and Rubbers",739,"Plastics & articles thereof",73915,"Scrap Plastic",2021,28082984
7,"Plastics and Rubbers",739,"Plastics & articles thereof",73916,"Monofilament",2021,3737996
7,"Plastics and Rubbers",739,"Plastics & articles thereof",73917,"Plastic Pipes",2021,107169709
7,"Plastics and Rubbers",739,"Plastics & articles thereof",73918,"Plastic Floor Coverings",2021,3702940
7,"Plastics and Rubbers",739,"Plastics & articles thereof",73919,"Self-adhesive Plastics",2021,10102996
7,"Plastics and Rubbers",739,"Plastics & articles thereof",73920,"Raw Plastic Sheeting",2021,35569318
7,"Plastics and Rubbers",739,"Plastics & articles thereof",73921,"Other Plastic Sheetings",2021,109239664
7,"Plastics and Rubbers",739,"Plastics & articles thereof",73922,"Plastic Wash Basins",2021,2653424
7,"Plastics and Rubbers",739,"Plastics & articles thereof",73923,"Plastic Lids",2021,191785541
7,"Plastics and Rubbers",739,"Plastics & articles thereof",73924,"Plastic Housewares",2021,2468949
7,"Plastics and Rubbers",739,"Plastics & articles thereof",73925,"Plastic Building Materials",2021,51939990
7,"Plastics and Rubbers",739,"Plastics & articles thereof",73926,"Other Plastic Products",2021,71035885
7,"Plastics and Rubbers",740,"Rubber & articles thereof",74001,"Rubber",2021,180096
7,"Plastics and Rubbers",740,"Rubber & articles thereof",74002,"Synthetic Rubber",2021,4013700
7,"Plastics and Rubbers",740,"Rubber & articles thereof",74003,"Reclaimed Rubber",2021,5403
7,"Plastics and Rubbers",740,"Rubber & articles thereof",74004,"Scrap Rubber",2021,2034662
7,"Plastics and Rubbers",740,"Rubber & articles thereof",74005,"Compounded Unvulcanised Rubber",2021,2311184
7,"Plastics and Rubbers",740,"Rubber & articles thereof",74006,"Unvulcanised Rubber Products",2021,399349
7,"Plastics and Rubbers",740,"Rubber & articles thereof",74007,"Rubber Thread",2021,58015
7,"Plastics and Rubbers",740,"Rubber & articles thereof",74008,"Rubber Sheets",2021,1863297
7,"Plastics and Rubbers",740,"Rubber & articles thereof",74009,"Rubber Pipes",2021,24698420
7,"Plastics and Rubbers",740,"Rubber & articles thereof",74010,"Rubber Belting",2021,1070282
7,"Plastics and Rubbers",740,"Rubber & articles thereof",74011,"Rubber Tires",2021,17516654
7,"Plastics and Rubbers",740,"Rubber & articles thereof",74012,"Used Rubber Tires",2021,1934871
7,"Plastics and Rubbers",740,"Rubber & articles thereof",74013,"Rubber Inner Tubes",2021,59127
7,"Plastics and Rubbers",740,"Rubber & articles thereof",74014,"Pharmaceutical Rubber Products",2021,253727
7,"Plastics and Rubbers",740,"Rubber & articles thereof",74015,"Rubber Apparel",2021,4091142
7,"Plastics and Rubbers",740,"Rubber & articles thereof",74016,"Other Rubber Products",2021,33304409
7,"Plastics and Rubbers",740,"Rubber & articles thereof",74017,"Hard Rubber",2021,300202
8,"Animal Hides",841,"Raw hides & skin (non-fur)",84101,"Equine and Bovine Hides",2021,352114.00000000006
8,"Animal Hides",841,"Raw hides & skin (non-fur)",84102,"Sheep Hides",2021,2863536
8,"Animal Hides",841,"Raw hides & skin (non-fur)",84103,"Other Hides and Skins",2021,580778
8,"Animal Hides",841,"Raw hides & skin (non-fur)",84104,"Tanned Equine and Bovine Hides",2021,32795908
8,"Animal Hides",841,"Raw hides & skin (non-fur)",84105,"Tanned Sheep Hides",2021,71732
8,"Animal Hides",841,"Raw hides & skin (non-fur)",84106,"Tanned Goat Hides",2021,1032
8,"Animal Hides",841,"Raw hides & skin (non-fur)",84107,"Leather of Other Animals",2021,205894
8,"Animal Hides",841,"Raw hides & skin (non-fur)",84108,"Chamois Leather",2021,726
8,"Animal Hides",841,"Raw hides & skin (non-fur)",84109,"Patent Leather",2021,2637
8,"Animal Hides",841,"Raw hides & skin (non-fur)",84110,"Leather Waste",2021,62520
8,"Animal Hides",841,"Raw hides & skin (non-fur)",84111,"Leather Sheets",2021,107447
8,"Animal Hides",842,"Leather articles",84201,"Saddlery",2021,2054644.9999999998
8,"Animal Hides",842,"Leather articles",84202,"Trunks and Cases",2021,11870096
8,"Animal Hides",842,"Leather articles",84203,"Leather Apparel",2021,2095599
8,"Animal Hides",842,"Leather articles",84205,"Other Leather Articles",2021,435822
8,"Animal Hides",842,"Leather articles",84206,"Articles of Gut",2021,2248
8,"Animal Hides",843,"Furskins, articifial fur, & articles",84301,"Raw Furskins",2021,12365010
8,"Animal Hides",843,"Furskins, articifial fur, & articles",84302,"Tanned Furskins",2021,1552412
8,"Animal Hides",843,"Furskins, articifial fur, & articles",84303,"Furskin Apparel",2021,151202
8,"Animal Hides",843,"Furskins, articifial fur, & articles",84304,"Artificial Fur",2021,9896
9,"Wood Products",944,"Wood, wood articles, & charcoal",94401,"Fuel Wood",2021,59630410
9,"Wood Products",944,"Wood, wood articles, & charcoal",94402,"Wood Charcoal",2021,2115192
9,"Wood Products",944,"Wood, wood articles, & charcoal",94403,"Rough Wood",2021,296784132
9,"Wood Products",944,"Wood, wood articles, & charcoal",94404,"Wood Stakes",2021,422197
9,"Wood Products",944,"Wood, wood articles, & charcoal",94405,"Wood Wool",2021,891517
9,"Wood Products",944,"Wood, wood articles, & charcoal",94406,"Railroad Ties",2021,246641
9,"Wood Products",944,"Wood, wood articles, & charcoal",94407,"Sawn Wood",2021,294790442
9,"Wood Products",944,"Wood, wood articles, & charcoal",94408,"Veneer Sheets",2021,65269
9,"Wood Products",944,"Wood, wood articles, & charcoal",94409,"Shaped Wood",2021,18001933
9,"Wood Products",944,"Wood, wood articles, & charcoal",94410,"Particle Board",2021,61379161
9,"Wood Products",944,"Wood, wood articles, & charcoal",94411,"Wood Fiberboard",2021,77494060
9,"Wood Products",944,"Wood, wood articles, & charcoal",94412,"Plywood",2021,28224282
9,"Wood Products",944,"Wood, wood articles, & charcoal",94413,"Densified Wood",2021,800833
9,"Wood Products",944,"Wood, wood articles, & charcoal",94414,"Wood Frames",2021,442572
9,"Wood Products",944,"Wood, wood articles, & charcoal",94415,"Wood Crates",2021,43442046
9,"Wood Products",944,"Wood, wood articles, & charcoal",94416,"Wood Barrels",2021,151247
9,"Wood Products",944,"Wood, wood articles, & charcoal",94417,"Wooden Tool Handles",2021,133802
9,"Wood Products",944,"Wood, wood articles, & charcoal",94418,"Wood Carpentry",2021,41174385
9,"Wood Products",944,"Wood, wood articles, & charcoal",94419,"Wood Kitchenware",2021,156321
9,"Wood Products",944,"Wood, wood articles, & charcoal",94420,"Wood Ornaments",2021,118223
9,"Wood Products",944,"Wood, wood articles, & charcoal",94421,"Other Wood Articles",2021,8703634
9,"Wood Products",945,"Cork & cork articles",94501,"Raw Cork",2021,3440
9,"Wood Products",945,"Cork & cork articles",94502,"Debacked Cork",2021,5846
9,"Wood Products",945,"Cork & cork articles",94503,"Natural Cork Articles",2021,32473
9,"Wood Products",945,"Cork & cork articles",94504,"Agglomerated Cork",2021,192241
9,"Wood Products",946,"Straw & esparto manufactures",94601,"Plaiting Products",2021,40732
9,"Wood Products",946,"Straw & esparto manufactures",94602,"Basketwork",2021,41021
10,"Paper Goods",1047,"Wood pulp & paper scrap",104701,"Mechanical Wood Pulp",2021,29040104
10,"Paper Goods",1047,"Wood pulp & paper scrap",104702,"Dissolving Grades Chemical Woodpulp",2021,191466170
10,"Paper Goods",1047,"Wood pulp & paper scrap",104703,"Sulfate Chemical Woodpulp",2021,1829918
10,"Paper Goods",1047,"Wood pulp & paper scrap",104704,"Sulfite Chemical Woodpulp",2021,31576508.000000004
10,"Paper Goods",1047,"Wood pulp & paper scrap",104705,"Semi chemical Woodpulp",2021,74767916
10,"Paper Goods",1047,"Wood pulp & paper scrap",104706,"Recovered Paper Pulp",2021,3957768
10,"Paper Goods",1047,"Wood pulp & paper scrap",104707,"Recovered Paper",2021,77834206
10,"Paper Goods",1048,"Paper articles",104801,"Newsprint",2021,440386888
10,"Paper Goods",1048,"Paper articles",104802,"Uncoated Paper",2021,7120542
10,"Paper Goods",1048,"Paper articles",104803,"Tissue",2021,529354
10,"Paper Goods",1048,"Paper articles",104804,"Kraft Paper",2021,2801410
10,"Paper Goods",1048,"Paper articles",104805,"Other Uncoated Paper",2021,49308148
10,"Paper Goods",1048,"Paper articles",104806,"Vegetable Parchment",2021,83436971
10,"Paper Goods",1048,"Paper articles",104807,"Composite Paper",2021,21693
10,"Paper Goods",1048,"Paper articles",104808,"Corrugated Paper",2021,324364
10,"Paper Goods",1048,"Paper articles",104809,"Carbon Paper",2021,237400
10,"Paper Goods",1048,"Paper articles",104810,"Kaolin Coated Paper",2021,3096716
10,"Paper Goods",1048,"Paper articles",104811,"Cellulose Fibers Paper",2021,7943121
10,"Paper Goods",1048,"Paper articles",104812,"Paper Pulp Filter Blocks",2021,867536.0000000001
10,"Paper Goods",1048,"Paper articles",104813,"Cigarette Paper",2021,49587
10,"Paper Goods",1048,"Paper articles",104814,"Wallpaper",2021,519492
10,"Paper Goods",1048,"Paper articles",104816,"Other Carbon Paper",2021,62751
10,"Paper Goods",1048,"Paper articles",104817,"Letter Stock",2021,271431
10,"Paper Goods",1048,"Paper articles",104818,"Toilet Paper",2021,34750362
10,"Paper Goods",1048,"Paper articles",104819,"Paper Containers",2021,29543648
10,"Paper Goods",1048,"Paper articles",104820,"Paper Notebooks",2021,1047548.0000000001
10,"Paper Goods",1048,"Paper articles",104821,"Paper Labels",2021,4744383
10,"Paper Goods",1048,"Paper articles",104822,"Paper Spools",2021,9480
10,"Paper Goods",1048,"Paper articles",104823,"Shaped Paper",2021,8295019
10,"Paper Goods",1049,"Books, newspapers, & other prints",104901,"Brochures",2021,13569731
10,"Paper Goods",1049,"Books, newspapers, & other prints",104902,"Newspapers",2021,7205846
10,"Paper Goods",1049,"Books, newspapers, & other prints",104903,"Children's Picture Books",2021,107528
10,"Paper Goods",1049,"Books, newspapers, & other prints",104904,"Sheet Music",2021,97546
10,"Paper Goods",1049,"Books, newspapers, & other prints",104905,"Maps",2021,236603
10,"Paper Goods",1049,"Books, newspapers, & other prints",104906,"Architectural Plans",2021,40704
10,"Paper Goods",1049,"Books, newspapers, & other prints",104907,"Documents of title (bonds etc) and unused stamps",2021,1663395
10,"Paper Goods",1049,"Books, newspapers, & other prints",104908,"Decals",2021,15934254
10,"Paper Goods",1049,"Books, newspapers, & other prints",104909,"Postcards",2021,78603
10,"Paper Goods",1049,"Books, newspapers, & other prints",104910,"Calendars",2021,230126
10,"Paper Goods",1049,"Books, newspapers, & other prints",104911,"Other Printed Material",2021,15551898
11,"Textiles",1150,"Silk",115001,"Silk-worm Cocoons",2021,37268
11,"Textiles",1150,"Silk",115003,"Silk Waste",2021,4
11,"Textiles",1150,"Silk",115004,"Non-Retail Silk Yarn",2021,4348
11,"Textiles",1150,"Silk",115006,"Retail Silk Yarn",2021,23410
11,"Textiles",1150,"Silk",115007,"Silk Fabrics",2021,215561
11,"Textiles",1151,"Wool & animal hair",115101,"Wool",2021,4127212
11,"Textiles",1151,"Wool & animal hair",115102,"Animal Hair",2021,43509
11,"Textiles",1151,"Wool & animal hair",115103,"Wool or Animal Hair Waste",2021,592.0000000000001
11,"Textiles",1151,"Wool & animal hair",115104,"Garnetted Wool or Animal Hair",2021,80010
11,"Textiles",1151,"Wool & animal hair",115105,"Prepared Wool or Animal Hair",2021,399214
11,"Textiles",1151,"Wool & animal hair",115106,"Non-Retail Carded Wool Yarn",2021,109928
11,"Textiles",1151,"Wool & animal hair",115107,"Non-Retail Combed Wool Yarn",2021,434084
11,"Textiles",1151,"Wool & animal hair",115108,"Non-Retail Animal Hair Yarn",2021,7639
11,"Textiles",1151,"Wool & animal hair",115109,"Retail Wool or Animal Hair Yarn",2021,29344796
11,"Textiles",1151,"Wool & animal hair",115110,"Horsehair Yarn",2021,13030
11,"Textiles",1151,"Wool & animal hair",115111,"Carded Wool or Animal Hair Fabric",2021,13809156
11,"Textiles",1151,"Wool & animal hair",115112,"Combed Wool or Animal Hair Fabric",2021,6307230
11,"Textiles",1151,"Wool & animal hair",115113,"Horsehair Fabric",2021,16068
11,"Textiles",1152,"Cotton",115201,"Raw Cotton",2021,118220
11,"Textiles",1152,"Cotton",115202,"Cotton Waste",2021,10975
11,"Textiles",1152,"Cotton",115203,"Prepared Cotton",2021,6037
11,"Textiles",1152,"Cotton",115204,"Cotton Sewing Thread",2021,16306
11,"Textiles",1152,"Cotton",115205,"Non-Retail Pure Cotton Yarn",2021,23281
11,"Textiles",1152,"Cotton",115206,"Non-Retail Mixed Cotton Yarn",2021,3208
11,"Textiles",1152,"Cotton",115207,"Retail Cotton Yarn",2021,5713716
11,"Textiles",1152,"Cotton",115208,"Light Pure Woven Cotton",2021,73956
11,"Textiles",1152,"Cotton",115209,"Heavy Pure Woven Cotton",2021,319990
11,"Textiles",1152,"Cotton",115210,"Light Mixed Woven Cotton",2021,24034
11,"Textiles",1152,"Cotton",115211,"Heavy Mixed Woven Cotton",2021,84572
11,"Textiles",1152,"Cotton",115212,"Other Cotton Fabrics",2021,27005
11,"Textiles",1153,"Vegetable textile fibers, paper yarn & fabrics",115301,"Flax Fibers",2021,20849
11,"Textiles",1153,"Vegetable textile fibers, paper yarn & fabrics",115302,"Hemp Fibers",2021,111.99999999999999
11,"Textiles",1153,"Vegetable textile fibers, paper yarn & fabrics",115303,"Jute and Other Textile Fibers",2021,33135
11,"Textiles",1153,"Vegetable textile fibers, paper yarn & fabrics",115305,"Coconut and Other Vegetable Fibers",2021,919
11,"Textiles",1153,"Vegetable textile fibers, paper yarn & fabrics",115306,"Flax Yarn",2021,23335
11,"Textiles",1153,"Vegetable textile fibers, paper yarn & fabrics",115307,"Jute Yarn",2021,2681
11,"Textiles",1153,"Vegetable textile fibers, paper yarn & fabrics",115308,"Other Vegetable Fibers Yarn",2021,7068
11,"Textiles",1153,"Vegetable textile fibers, paper yarn & fabrics",115309,"Flax Woven Fabric",2021,225302
11,"Textiles",1153,"Vegetable textile fibers, paper yarn & fabrics",115310,"Jute Woven Fabric",2021,941
11,"Textiles",1153,"Vegetable textile fibers, paper yarn & fabrics",115311,"Other Vegetable Fibers Fabric",2021,291.00000000000006
11,"Textiles",1154,"Man-made filaments",115401,"Artificial Filament Sewing Thread",2021,149239
11,"Textiles",1154,"Man-made filaments",115402,"Non-Retail Synthetic Filament Yarn",2021,2549393
11,"Textiles",1154,"Man-made filaments",115403,"Non-Retail Artificial Filament Yarn",2021,5242.999999999999
11,"Textiles",1154,"Man-made filaments",115404,"Synthetic Monofilament",2021,135652
11,"Textiles",1154,"Man-made filaments",115405,"Artificial Monofilament",2021,1531
11,"Textiles",1154,"Man-made filaments",115406,"Retail Artificial Filament Yarn",2021,59657
11,"Textiles",1154,"Man-made filaments",115407,"Synthetic Filament Yarn Woven Fabric",2021,1875067
11,"Textiles",1154,"Man-made filaments",115408,"Artificial Filament Yarn Woven Fabric",2021,25299
11,"Textiles",1155,"Man-made staple fibres",115501,"Synthetic Filament Tow",2021,33481
11,"Textiles",1155,"Man-made staple fibres",115502,"Artificial Filament Tow",2021,5694
11,"Textiles",1155,"Man-made staple fibres",115503,"Unprocessed Synthetic Staple Fibers",2021,36965
11,"Textiles",1155,"Man-made staple fibres",115504,"Unprocessed Artificial Staple Fibers",2021,9778
11,"Textiles",1155,"Man-made staple fibres",115505,"Artificial Fibers Waste",2021,9987
11,"Textiles",1155,"Man-made staple fibres",115506,"Processed Synthetic Staple Fibers",2021,1664.0000000000002
11,"Textiles",1155,"Man-made staple fibres",115507,"Processed Artificial Staple Fibers",2021,3289
11,"Textiles",1155,"Man-made staple fibres",115508,"Non-Retail Artificial Staple Fibers Sewing Thread",2021,168043
11,"Textiles",1155,"Man-made staple fibres",115509,"Non-Retail Synthetic Staple Fibers Yarn",2021,109962
11,"Textiles",1155,"Man-made staple fibres",115510,"Non-Retail Artificial Staple Fibers Yarn",2021,5145
11,"Textiles",1155,"Man-made staple fibres",115511,"Retail Artificial Staple Fibers Yarn",2021,15135
11,"Textiles",1155,"Man-made staple fibres",115512,"Synthetic Fabrics",2021,317988
11,"Textiles",1155,"Man-made staple fibres",115513,"Light Synthetic Cotton Fabrics",2021,34035
11,"Textiles",1155,"Man-made staple fibres",115514,"Heavy Synthetic Cotton Fabrics",2021,127120
11,"Textiles",1155,"Man-made staple fibres",115515,"Other Synthetic Fabrics",2021,674599
11,"Textiles",1155,"Man-made staple fibres",115516,"Woven Fabric of Synthetic Staple Fibers",2021,148407
11,"Textiles",1156,"Wadding, felt, nonwovens, twin, ropes, & articles thereof",115601,"Wadding",2021,301772
11,"Textiles",1156,"Wadding, felt, nonwovens, twin, ropes, & articles thereof",115602,"Felt",2021,85399
11,"Textiles",1156,"Wadding, felt, nonwovens, twin, ropes, & articles thereof",115603,"Non-woven Textiles",2021,4163185
11,"Textiles",1156,"Wadding, felt, nonwovens, twin, ropes, & articles thereof",115604,"Rubber Textiles",2021,34619
11,"Textiles",1156,"Wadding, felt, nonwovens, twin, ropes, & articles thereof",115605,"Metallic Yarn",2021,1868
11,"Textiles",1156,"Wadding, felt, nonwovens, twin, ropes, & articles thereof",115606,"Gimp Yarn",2021,29774
11,"Textiles",1156,"Wadding, felt, nonwovens, twin, ropes, & articles thereof",115607,"Twine and Rope",2021,9845511
11,"Textiles",1156,"Wadding, felt, nonwovens, twin, ropes, & articles thereof",115608,"Twine, cordage or rope; knotted netting, made up fishing nets and other made up nets, of textile materials",2021,28570696
11,"Textiles",1156,"Wadding, felt, nonwovens, twin, ropes, & articles thereof",115609,"Other Articles of Twine and Rope",2021,4091170
11,"Textiles",1157,"Carpets & textile floor covers",115701,"Knotted Carpets",2021,210934
11,"Textiles",1157,"Carpets & textile floor covers",115702,"Hand-Woven Rugs",2021,257857
11,"Textiles",1157,"Carpets & textile floor covers",115703,"Tufted Carpets",2021,404825
11,"Textiles",1157,"Carpets & textile floor covers",115704,"Felt Carpets",2021,90786
11,"Textiles",1157,"Carpets & textile floor covers",115705,"Other Carpets",2021,592888
11,"Textiles",1158,"Special woven fabrics and tapestries",115801,"Woven Fabrics",2021,153624
11,"Textiles",1158,"Special woven fabrics and tapestries",115802,"Terry Fabric",2021,16497
11,"Textiles",1158,"Special woven fabrics and tapestries",115803,"Gauze",2021,1618
11,"Textiles",1158,"Special woven fabrics and tapestries",115804,"Tulles and Net Fabric",2021,27227
11,"Textiles",1158,"Special woven fabrics and tapestries",115805,"Hand-Woven Tapestries",2021,45511
11,"Textiles",1158,"Special woven fabrics and tapestries",115806,"Narrow Woven Fabric",2021,496037
11,"Textiles",1158,"Special woven fabrics and tapestries",115807,"Labels",2021,391233
11,"Textiles",1158,"Special woven fabrics and tapestries",115808,"Ornamental Trimmings",2021,45581
11,"Textiles",1158,"Special woven fabrics and tapestries",115809,"Metallic Fabric",2021,13298
11,"Textiles",1158,"Special woven fabrics and tapestries",115810,"Embroidery",2021,45310
11,"Textiles",1158,"Special woven fabrics and tapestries",115811,"Quilted Textiles",2021,126534
11,"Textiles",1159,"Coated, covered, & laminated fabrics for industrial use",115901,"Gum Coated Textile Fabric",2021,80021
11,"Textiles",1159,"Coated, covered, & laminated fabrics for industrial use",115902,"Polyamide Fabric",2021,120934
11,"Textiles",1159,"Coated, covered, & laminated fabrics for industrial use",115903,"Plastic Coated Textile Fabric",2021,1593362
11,"Textiles",1159,"Coated, covered, & laminated fabrics for industrial use",115904,"Linoleum",2021,29548.000000000004
11,"Textiles",1159,"Coated, covered, & laminated fabrics for industrial use",115905,"Textile Wall Coverings",2021,1188.9999999999998
11,"Textiles",1159,"Coated, covered, & laminated fabrics for industrial use",115906,"Rubber Textile Fabric",2021,1366101
11,"Textiles",1159,"Coated, covered, & laminated fabrics for industrial use",115907,"Coated Textile Fabric",2021,179491
11,"Textiles",1159,"Coated, covered, & laminated fabrics for industrial use",115908,"Textile Wicks",2021,3409
11,"Textiles",1159,"Coated, covered, & laminated fabrics for industrial use",115909,"Hose Piping Textiles",2021,7216182
11,"Textiles",1159,"Coated, covered, & laminated fabrics for industrial use",115910,"Conveyor Belt Textiles",2021,93547
11,"Textiles",1159,"Coated, covered, & laminated fabrics for industrial use",115911,"Textiles for technical uses",2021,2987435
11,"Textiles",1160,"Knitted fabrics",116001,"Pile Fabric",2021,95597
11,"Textiles",1160,"Knitted fabrics",116002,"Light Rubberized Knitted Fabric",2021,5824741
11,"Textiles",1161,"Knitted clothing accesories",116101,"Knit Men's Coats",2021,1322743
11,"Textiles",1161,"Knitted clothing accesories",116102,"Knit Women's Coats",2021,2126093
11,"Textiles",1161,"Knitted clothing accesories",116103,"Knit Men's Suits",2021,2296218
11,"Textiles",1161,"Knitted clothing accesories",116104,"Knit Women's Suits",2021,7309002
11,"Textiles",1161,"Knitted clothing accesories",116105,"Knit Men's Shirts",2021,767749
11,"Textiles",1161,"Knitted clothing accesories",116106,"Knit Women's Shirts",2021,738547
11,"Textiles",1161,"Knitted clothing accesories",116107,"Knit Men's Undergarments",2021,4486634
11,"Textiles",1161,"Knitted clothing accesories",116108,"Knit Women's Undergarments",2021,3228126
11,"Textiles",1161,"Knitted clothing accesories",116109,"Knit T-shirts",2021,12541476
11,"Textiles",1161,"Knitted clothing accesories",116110,"Knit Sweaters",2021,14192434
11,"Textiles",1161,"Knitted clothing accesories",116111,"Knit Babies' Garments",2021,1024922
11,"Textiles",1161,"Knitted clothing accesories",116112,"Knit Active Wear",2021,903762
11,"Textiles",1161,"Knitted clothing accesories",116113,"Garments of Impregnated Fabric",2021,801954
11,"Textiles",1161,"Knitted clothing accesories",116114,"Other Knit Garments",2021,3625366
11,"Textiles",1161,"Knitted clothing accesories",116115,"Knit Socks and Hosiery",2021,3156233
11,"Textiles",1161,"Knitted clothing accesories",116116,"Knit Gloves",2021,1436676
11,"Textiles",1161,"Knitted clothing accesories",116117,"Other Knit Clothing Accessories",2021,1880129
11,"Textiles",1162,"Non-knitted clothing accesories",116201,"Non-Knit Men's Coats",2021,2700809
11,"Textiles",1162,"Non-knitted clothing accesories",116202,"Non-Knit Women's Coats",2021,5220061
11,"Textiles",1162,"Non-knitted clothing accesories",116203,"Non-Knit Men's Suits",2021,9496069
11,"Textiles",1162,"Non-knitted clothing accesories",116204,"Non-Knit Women's Suits",2021,13641317
11,"Textiles",1162,"Non-knitted clothing accesories",116205,"Non-Knit Men's Shirts",2021,1480502
11,"Textiles",1162,"Non-knitted clothing accesories",116206,"Non-Knit Women's Shirts",2021,2542033
11,"Textiles",1162,"Non-knitted clothing accesories",116207,"Non-Knit Men's Undergarments",2021,672343
11,"Textiles",1162,"Non-knitted clothing accesories",116208,"Non-Knit Women's Undergarments",2021,265147
11,"Textiles",1162,"Non-knitted clothing accesories",116209,"Non-Knit Babies' Garments",2021,257596
11,"Textiles",1162,"Non-knitted clothing accesories",116210,"Felt or Coated Fabric Garments",2021,6592703
11,"Textiles",1162,"Non-knitted clothing accesories",116211,"Non-Knit Active Wear",2021,3334549
11,"Textiles",1162,"Non-knitted clothing accesories",116212,"Other Women's Undergarments",2021,1432269
11,"Textiles",1162,"Non-knitted clothing accesories",116213,"Handkerchiefs",2021,25898
11,"Textiles",1162,"Non-knitted clothing accesories",116214,"Scarves",2021,772146
11,"Textiles",1162,"Non-knitted clothing accesories",116215,"Neck Ties",2021,76629
11,"Textiles",1162,"Non-knitted clothing accesories",116216,"Non-Knit Gloves",2021,371521
11,"Textiles",1162,"Non-knitted clothing accesories",116217,"Other Non-Knit Clothing Accessories",2021,336542
11,"Textiles",1163,"Used clothes & textile articles",116301,"Blankets",2021,1298695
11,"Textiles",1163,"Used clothes & textile articles",116302,"House Linens",2021,1288411
11,"Textiles",1163,"Used clothes & textile articles",116303,"Window Dressings",2021,926577
11,"Textiles",1163,"Used clothes & textile articles",116304,"Bedspreads",2021,695138
11,"Textiles",1163,"Used clothes & textile articles",116305,"Packing Bags",2021,1876301
11,"Textiles",1163,"Used clothes & textile articles",116306,"Awnings, Tents, and Sails",2021,8955818
11,"Textiles",1163,"Used clothes & textile articles",116307,"Other Cloth Articles",2021,6292491
11,"Textiles",1163,"Used clothes & textile articles",116308,"Packaged Sewing Sets",2021,25449
11,"Textiles",1163,"Used clothes & textile articles",116309,"Used Clothing",2021,26501039
11,"Textiles",1163,"Used clothes & textile articles",116310,"Textile Scraps",2021,7056122
12,"Footwear and Headwear",1264,"Footwear",126401,"Waterproof Footwear",2021,617359
12,"Footwear and Headwear",1264,"Footwear",126402,"Rubber Footwear",2021,7130806
12,"Footwear and Headwear",1264,"Footwear",126403,"Leather Footwear",2021,18551480
12,"Footwear and Headwear",1264,"Footwear",126404,"Textile Footwear",2021,6412377
12,"Footwear and Headwear",1264,"Footwear",126405,"Other Footwear",2021,1072556
12,"Footwear and Headwear",1264,"Footwear",126406,"Footwear Parts",2021,333155
12,"Footwear and Headwear",1265,"Headgear",126501,"Hat Forms",2021,24026
12,"Footwear and Headwear",1265,"Headgear",126502,"Hat Shapes",2021,20360
12,"Footwear and Headwear",1265,"Headgear",126504,"Hats",2021,48376
12,"Footwear and Headwear",1265,"Headgear",126505,"Knitted Hats",2021,1879832
12,"Footwear and Headwear",1265,"Headgear",126506,"Other Headwear",2021,1854901
12,"Footwear and Headwear",1265,"Headgear",126507,"Headbands and Linings",2021,267528
12,"Footwear and Headwear",1266,"Umbrellas, walking sticks, & whips",126601,"Umbrellas",2021,174538
12,"Footwear and Headwear",1266,"Umbrellas, walking sticks, & whips",126602,"Walking Sticks",2021,13759.000000000002
12,"Footwear and Headwear",1266,"Umbrellas, walking sticks, & whips",126603,"Umbrella and Walking Stick Accessories",2021,8067
12,"Footwear and Headwear",1267,"Feather articles, feathers, artificial flowers, & articles of human hair",126701,"Bird Skins and Feathers",2021,4300.000000000001
12,"Footwear and Headwear",1267,"Feather articles, feathers, artificial flowers, & articles of human hair",126702,"Artificial Vegetation",2021,69760
12,"Footwear and Headwear",1267,"Feather articles, feathers, artificial flowers, & articles of human hair",126703,"Processed Hair",2021,259194
12,"Footwear and Headwear",1267,"Feather articles, feathers, artificial flowers, & articles of human hair",126704,"Fake Hair",2021,231797
13,"Stone And Glass",1368,"Stone, plaster, cement, asbestos, mica.",136801,"Curbstones",2021,501759.99999999994
13,"Stone And Glass",1368,"Stone, plaster, cement, asbestos, mica.",136802,"Building Stone",2021,5200078
13,"Stone And Glass",1368,"Stone, plaster, cement, asbestos, mica.",136803,"Worked Slate",2021,6214048
13,"Stone And Glass",1368,"Stone, plaster, cement, asbestos, mica.",136804,"Milling Stones",2021,1187274
13,"Stone And Glass",1368,"Stone, plaster, cement, asbestos, mica.",136805,"Abrasive Powder",2021,510565
13,"Stone And Glass",1368,"Stone, plaster, cement, asbestos, mica.",136806,"Rock Wool",2021,47843778
13,"Stone And Glass",1368,"Stone, plaster, cement, asbestos, mica.",136807,"Asphalt",2021,10720826
13,"Stone And Glass",1368,"Stone, plaster, cement, asbestos, mica.",136808,"Vegetable Fiber",2021,409123
13,"Stone And Glass",1368,"Stone, plaster, cement, asbestos, mica.",136809,"Plaster Articles",2021,40409887
13,"Stone And Glass",1368,"Stone, plaster, cement, asbestos, mica.",136810,"Cement Articles",2021,8005489
13,"Stone And Glass",1368,"Stone, plaster, cement, asbestos, mica.",136811,"Asbestos Cement Articles",2021,77429
13,"Stone And Glass",1368,"Stone, plaster, cement, asbestos, mica.",136812,"Asbestos Fibres",2021,241561.00000000003
13,"Stone And Glass",1368,"Stone, plaster, cement, asbestos, mica.",136813,"Friction Material",2021,992473
13,"Stone And Glass",1368,"Stone, plaster, cement, asbestos, mica.",136814,"Processed Mica",2021,239238.00000000003
13,"Stone And Glass",1368,"Stone, plaster, cement, asbestos, mica.",136815,"Other Stone Articles",2021,33676768
13,"Stone And Glass",1369,"Ceramic products",136901,"Bricks",2021,28522
13,"Stone And Glass",1369,"Ceramic products",136902,"Refractory Bricks",2021,679993
13,"Stone And Glass",1369,"Ceramic products",136903,"Refractory Ceramics",2021,1452051
13,"Stone And Glass",1369,"Ceramic products",136904,"Ceramic Bricks",2021,47463
13,"Stone And Glass",1369,"Ceramic products",136905,"Roofing Tiles",2021,37564
13,"Stone And Glass",1369,"Ceramic products",136906,"Ceramic Pipes",2021,36151
13,"Stone And Glass",1369,"Ceramic products",136907,"Unglazed Ceramics",2021,2383963
13,"Stone And Glass",1369,"Ceramic products",136909,"Laboratory Ceramic Ware",2021,495857
13,"Stone And Glass",1369,"Ceramic products",136910,"Bathroom Ceramics",2021,5016307
13,"Stone And Glass",1369,"Ceramic products",136911,"Porcelain Tableware",2021,3980826
13,"Stone And Glass",1369,"Ceramic products",136912,"Ceramic Tableware",2021,448327
13,"Stone And Glass",1369,"Ceramic products",136913,"Ornamental Ceramics",2021,334989
13,"Stone And Glass",1369,"Ceramic products",136914,"Other Ceramic Articles",2021,1043204
13,"Stone And Glass",1370,"Glass & glassware",137001,"Glass Scraps",2021,4891649
13,"Stone And Glass",1370,"Glass & glassware",137002,"Glass Balls",2021,255245
13,"Stone And Glass",1370,"Glass & glassware",137003,"Cast or Rolled Glass",2021,204601
13,"Stone And Glass",1370,"Glass & glassware",137004,"Blown Glass",2021,10182
13,"Stone And Glass",1370,"Glass & glassware",137005,"Float Glass",2021,170999
13,"Stone And Glass",1370,"Glass & glassware",137006,"Glass with Edge Workings",2021,165849
13,"Stone And Glass",1370,"Glass & glassware",137007,"Safety Glass",2021,3553928
13,"Stone And Glass",1370,"Glass & glassware",137008,"Insulating Glass",2021,713271
13,"Stone And Glass",1370,"Glass & glassware",137009,"Glass Mirrors",2021,351649
13,"Stone And Glass",1370,"Glass & glassware",137010,"Glass Bottles",2021,208073
13,"Stone And Glass",1370,"Glass & glassware",137011,"Glass Bulbs",2021,38905
13,"Stone And Glass",1370,"Glass & glassware",137013,"Interior Decorative Glassware",2021,2394293
13,"Stone And Glass",1370,"Glass & glassware",137014,"Signaling Glassware",2021,25820
13,"Stone And Glass",1370,"Glass & glassware",137015,"Eyewear and Clock Glass",2021,7366
13,"Stone And Glass",1370,"Glass & glassware",137016,"Glass Bricks",2021,1928106
13,"Stone And Glass",1370,"Glass & glassware",137017,"Laboratory Glassware",2021,1492235
13,"Stone And Glass",1370,"Glass & glassware",137018,"Glass Beads",2021,227178
13,"Stone And Glass",1370,"Glass & glassware",137019,"Glass Fibers",2021,59183608
13,"Stone And Glass",1370,"Glass & glassware",137020,"Other Glass Articles",2021,813733
14,"Precious Metals",1471,"Precious stones, metals, & pearls",147101,"Pearls",2021,5174
14,"Precious Metals",1471,"Precious stones, metals, & pearls",147102,"Diamonds",2021,448492
14,"Precious Metals",1471,"Precious stones, metals, & pearls",147103,"Precious Stones",2021,366232
14,"Precious Metals",1471,"Precious stones, metals, & pearls",147104,"Synthetic Reconstructed Jewellery Stones",2021,11486
14,"Precious Metals",1471,"Precious stones, metals, & pearls",147105,"Precious Stone Dust",2021,7476
14,"Precious Metals",1471,"Precious stones, metals, & pearls",147106,"Silver",2021,26224555
14,"Precious Metals",1471,"Precious stones, metals, & pearls",147108,"Gold",2021,143568825
14,"Precious Metals",1471,"Precious stones, metals, & pearls",147109,"Gold Clad Metals",2021,1515
14,"Precious Metals",1471,"Precious stones, metals, & pearls",147110,"Platinum",2021,836553824
14,"Precious Metals",1471,"Precious stones, metals, & pearls",147111,"Platinum Clad Metals",2021,116151
14,"Precious Metals",1471,"Precious stones, metals, & pearls",147112,"Precious Metal Scraps",2021,81141186
14,"Precious Metals",1471,"Precious stones, metals, & pearls",147113,"Jewellery",2021,8905020
14,"Precious Metals",1471,"Precious stones, metals, & pearls",147114,"Metal-Clad Products",2021,2327429
14,"Precious Metals",1471,"Precious stones, metals, & pearls",147115,"Other Precious Metal Products",2021,102277122
14,"Precious Metals",1471,"Precious stones, metals, & pearls",147116,"Pearl Products",2021,187468
14,"Precious Metals",1471,"Precious stones, metals, & pearls",147117,"Imitation Jewellery",2021,2041884
14,"Precious Metals",1471,"Precious stones, metals, & pearls",147118,"Coin",2021,682944
15,"Metals",1572,"Iron & steel",157201,"Pig Iron",2021,45182118
15,"Metals",1572,"Iron & steel",157202,"Ferroalloys",2021,1535248622
15,"Metals",1572,"Iron & steel",157203,"Iron Reductions",2021,4150005
15,"Metals",1572,"Iron & steel",157204,"Scrap Iron",2021,294778224
15,"Metals",1572,"Iron & steel",157205,"Iron Powder",2021,1123534
15,"Metals",1572,"Iron & steel",157206,"Iron Ingots",2021,17417509
15,"Metals",1572,"Iron & steel",157207,"Semi-Finished Iron",2021,22781734
15,"Metals",1572,"Iron & steel",157208,"Hot-Rolled Iron",2021,7455814
15,"Metals",1572,"Iron & steel",157209,"Cold-Rolled Iron",2021,13422240
15,"Metals",1572,"Iron & steel",157210,"Coated Flat-Rolled Iron",2021,26841628
15,"Metals",1572,"Iron & steel",157211,"Large Flat-Rolled Iron",2021,14996270
15,"Metals",1572,"Iron & steel",157212,"Large Coated Flat-Rolled Iron",2021,9578067
15,"Metals",1572,"Iron & steel",157213,"Hot-Rolled Iron Bars",2021,116155727
15,"Metals",1572,"Iron & steel",157214,"Raw Iron Bars",2021,161694115
15,"Metals",1572,"Iron & steel",157215,"Other Iron Bars",2021,1482900
15,"Metals",1572,"Iron & steel",157216,"Iron Blocks",2021,2570288
15,"Metals",1572,"Iron & steel",157217,"Iron Wire",2021,737983
15,"Metals",1572,"Iron & steel",157218,"Stainless Steel Ingots",2021,6807727
15,"Metals",1572,"Iron & steel",157219,"Large Flat-Rolled Stainless Steel",2021,11175233
15,"Metals",1572,"Iron & steel",157220,"Flat-Rolled Stainless Steel",2021,633164
15,"Metals",1572,"Iron & steel",157221,"Hot-Rolled Stainless Steel Bars",2021,118232
15,"Metals",1572,"Iron & steel",157222,"Other Stainless Steel Bars",2021,16403858
15,"Metals",1572,"Iron & steel",157223,"Stainless Steel Wire",2021,273468
15,"Metals",1572,"Iron & steel",157224,"Steel Ingots",2021,686264
15,"Metals",1572,"Iron & steel",157225,"Flat Flat-Rolled Steel",2021,1312600
15,"Metals",1572,"Iron & steel",157226,"Flat-Rolled Iron",2021,861040
15,"Metals",1572,"Iron & steel",157227,"Steel Bars",2021,395373
15,"Metals",1572,"Iron & steel",157228,"Other Steel Bars",2021,2282635
15,"Metals",1572,"Iron & steel",157229,"Steel Wire",2021,3960404
15,"Metals",1573,"Iron/Steel Articles",157301,"Iron Sheet Piling",2021,1992488
15,"Metals",1573,"Iron/Steel Articles",157302,"Iron Railway Products",2021,2630361
15,"Metals",1573,"Iron/Steel Articles",157303,"Cast Iron Pipes",2021,1255541
15,"Metals",1573,"Iron/Steel Articles",157304,"Iron Pipes",2021,115411615
15,"Metals",1573,"Iron/Steel Articles",157305,"Other Large Iron Pipes",2021,8483681
15,"Metals",1573,"Iron/Steel Articles",157306,"Other Small Iron Pipes",2021,9147864
15,"Metals",1573,"Iron/Steel Articles",157307,"Iron Pipe Fittings",2021,72171222
15,"Metals",1573,"Iron/Steel Articles",157308,"Iron Structures",2021,181293670
15,"Metals",1573,"Iron/Steel Articles",157309,"Large Iron Containers",2021,7890959
15,"Metals",1573,"Iron/Steel Articles",157310,"Small Iron Containers",2021,14292448
15,"Metals",1573,"Iron/Steel Articles",157311,"Iron Gas Containers",2021,12478894
15,"Metals",1573,"Iron/Steel Articles",157312,"Stranded Iron Wire",2021,9766030
15,"Metals",1573,"Iron/Steel Articles",157313,"Barbed Wire",2021,66735
15,"Metals",1573,"Iron/Steel Articles",157314,"Iron Cloth",2021,5729907
15,"Metals",1573,"Iron/Steel Articles",157315,"Iron Chains",2021,25683752
15,"Metals",1573,"Iron/Steel Articles",157316,"Iron Anchors",2021,2028199
15,"Metals",1573,"Iron/Steel Articles",157317,"Iron Nails",2021,1977195
15,"Metals",1573,"Iron/Steel Articles",157318,"Iron Fasteners",2021,70562695
15,"Metals",1573,"Iron/Steel Articles",157319,"Iron Sewing Needles",2021,899922
15,"Metals",1573,"Iron/Steel Articles",157320,"Iron Springs",2021,1867260
15,"Metals",1573,"Iron/Steel Articles",157321,"Iron Stovetops",2021,33039578
15,"Metals",1573,"Iron/Steel Articles",157322,"Iron Radiators",2021,801400
15,"Metals",1573,"Iron/Steel Articles",157323,"Iron Housewares",2021,1715551
15,"Metals",1573,"Iron/Steel Articles",157324,"Iron Toiletry",2021,2284135
15,"Metals",1573,"Iron/Steel Articles",157325,"Other Cast Iron Products",2021,50463062
15,"Metals",1573,"Iron/Steel Articles",157326,"Other Iron Products",2021,177948868
15,"Metals",1574,"Copper articles",157401,"Precipitated Copper",2021,14103483
15,"Metals",1574,"Copper articles",157402,"Raw Copper",2021,658061
15,"Metals",1574,"Copper articles",157403,"Refined Copper",2021,201961880.99999997
15,"Metals",1574,"Copper articles",157404,"Scrap Copper",2021,137859400
15,"Metals",1574,"Copper articles",157405,"Copper Alloys",2021,4298
15,"Metals",1574,"Copper articles",157406,"Copper Powder",2021,40
15,"Metals",1574,"Copper articles",157407,"Copper Bars",2021,2155807
15,"Metals",1574,"Copper articles",157408,"Copper Wire",2021,181192
15,"Metals",1574,"Copper articles",157409,"Copper Plating",2021,303411
15,"Metals",1574,"Copper articles",157410,"Copper Foil",2021,73526
15,"Metals",1574,"Copper articles",157411,"Copper Pipes",2021,1571961
15,"Metals",1574,"Copper articles",157412,"Copper Pipe Fittings",2021,59779741
15,"Metals",1574,"Copper articles",157413,"Stranded Copper Wire",2021,111336
15,"Metals",1574,"Copper articles",157415,"Copper Fasteners",2021,6995854.999999999
15,"Metals",1574,"Copper articles",157418,"Copper Housewares",2021,323739
15,"Metals",1574,"Copper articles",157419,"Other Copper Products",2021,5906276
15,"Metals",1575,"Nickel articles",157501,"Nickel Mattes",2021,123
15,"Metals",1575,"Nickel articles",157502,"Raw Nickel",2021,1737566121
15,"Metals",1575,"Nickel articles",157503,"Scrap Nickel",2021,2798853
15,"Metals",1575,"Nickel articles",157504,"Nickel Powder",2021,95196
15,"Metals",1575,"Nickel articles",157505,"Nickel Bars",2021,2266594
15,"Metals",1575,"Nickel articles",157506,"Nickel Sheets",2021,15240811
15,"Metals",1575,"Nickel articles",157507,"Nickel Pipes",2021,929583
15,"Metals",1575,"Nickel articles",157508,"Other Nickel Products",2021,3968960
15,"Metals",1576,"Aluminum articles",157601,"Raw Aluminium",2021,4065012536
15,"Metals",1576,"Aluminum articles",157602,"Scrap Aluminium",2021,136287031
15,"Metals",1576,"Aluminum articles",157603,"Aluminium Powder",2021,71861
15,"Metals",1576,"Aluminum articles",157604,"Aluminium Bars",2021,103294771
15,"Metals",1576,"Aluminum articles",157605,"Aluminium Wire",2021,204168477
15,"Metals",1576,"Aluminum articles",157606,"Aluminium Plating",2021,824474604
15,"Metals",1576,"Aluminum articles",157607,"Aluminium Foil",2021,71472335
15,"Metals",1576,"Aluminum articles",157608,"Aluminium Pipes",2021,1198271
15,"Metals",1576,"Aluminum articles",157609,"Aluminium Pipe Fittings",2021,1168505
15,"Metals",1576,"Aluminum articles",157610,"Aluminium Structures",2021,23411726
15,"Metals",1576,"Aluminum articles",157611,"Large Aluminium Containers",2021,430693
15,"Metals",1576,"Aluminum articles",157612,"Aluminium Cans",2021,1597022
15,"Metals",1576,"Aluminum articles",157613,"Aluminium Gas Containers",2021,3715029
15,"Metals",1576,"Aluminum articles",157614,"Stranded Aluminium Wire",2021,929688.0000000001
15,"Metals",1576,"Aluminum articles",157615,"Aluminium Housewares",2021,1440311
15,"Metals",1576,"Aluminum articles",157616,"Other Aluminium Products",2021,23634240
15,"Metals",1578,"Lead articles",157801,"Raw Lead",2021,32177
15,"Metals",1578,"Lead articles",157802,"Scrap Lead",2021,1691977
15,"Metals",1578,"Lead articles",157804,"Lead Sheets",2021,41801
15,"Metals",1578,"Lead articles",157806,"Other Lead Products",2021,128417
15,"Metals",1579,"Zinc articles",157901,"Raw Zinc",2021,653543922
15,"Metals",1579,"Zinc articles",157902,"Scrap Waste",2021,185269
15,"Metals",1579,"Zinc articles",157903,"Zinc Powder",2021,21407449
15,"Metals",1579,"Zinc articles",157904,"Zinc Bars",2021,701837
15,"Metals",1579,"Zinc articles",157905,"Zinc Sheets",2021,15920
15,"Metals",1579,"Zinc articles",157907,"Other Zinc Products",2021,1597629
15,"Metals",1580,"Tin articles",158001,"Raw Tin",2021,85790
15,"Metals",1580,"Tin articles",158002,"Scrap Tin",2021,217557
15,"Metals",1580,"Tin articles",158003,"Tin Bars",2021,20433
15,"Metals",1580,"Tin articles",158007,"Other Tin Products",2021,44366
15,"Metals",1581,"Cermet articles",158101,"Tungsten",2021,372350
15,"Metals",1581,"Cermet articles",158104,"Magnesium",2021,1514292
15,"Metals",1581,"Cermet articles",158105,"Cobalt",2021,239125997
15,"Metals",1581,"Cermet articles",158106,"Bismuth",2021,15802
15,"Metals",1581,"Cermet articles",158107,"Cadmium",2021,771353
15,"Metals",1581,"Cermet articles",158108,"Titanium",2021,5771414
15,"Metals",1581,"Cermet articles",158109,"Zirconium",2021,69582
15,"Metals",1581,"Cermet articles",158111,"Manganese",2021,227164
15,"Metals",1581,"Cermet articles",158112,"Other Metals",2021,161046
15,"Metals",1581,"Cermet articles",158113,"Cermets",2021,276066
15,"Metals",1582,"Tools & cutlery",158201,"Garden Tools",2021,747567
15,"Metals",1582,"Tools & cutlery",158202,"Hand Saws",2021,5154322
15,"Metals",1582,"Tools & cutlery",158203,"Hand Tools",2021,1034919
15,"Metals",1582,"Tools & cutlery",158204,"Wrenches",2021,3246789
15,"Metals",1582,"Tools & cutlery",158205,"Other Hand Tools",2021,10380173
15,"Metals",1582,"Tools & cutlery",158206,"Tool Sets",2021,952184
15,"Metals",1582,"Tools & cutlery",158207,"Interchangeable Tool Parts",2021,47620839
15,"Metals",1582,"Tools & cutlery",158208,"Cutting Blades",2021,5226514
15,"Metals",1582,"Tools & cutlery",158209,"Tool Plates",2021,192174
15,"Metals",1582,"Tools & cutlery",158210,"Cooking Hand Tools",2021,74901
15,"Metals",1582,"Tools & cutlery",158211,"Knives",2021,3181732
15,"Metals",1582,"Tools & cutlery",158212,"Razor Blades",2021,140915
15,"Metals",1582,"Tools & cutlery",158213,"Scissors",2021,117234
15,"Metals",1582,"Tools & cutlery",158214,"Other Cutlery",2021,183424
15,"Metals",1582,"Tools & cutlery",158215,"Cutlery Sets",2021,965711
15,"Metals",1583,"Miscellaneous metal products",158301,"Padlocks",2021,8526583
15,"Metals",1583,"Miscellaneous metal products",158302,"Metal Mountings",2021,18716963
15,"Metals",1583,"Miscellaneous metal products",158303,"Safes",2021,518519
15,"Metals",1583,"Miscellaneous metal products",158304,"Filing Cabinets",2021,132733
15,"Metals",1583,"Miscellaneous metal products",158305,"Metal Office Supplies",2021,80285
15,"Metals",1583,"Miscellaneous metal products",158306,"Bells and Other Metal Ornaments",2021,488053
15,"Metals",1583,"Miscellaneous metal products",158307,"Flexible Metal Tubing",2021,7513719
15,"Metals",1583,"Miscellaneous metal products",158308,"Other Metal Fasteners",2021,381927
15,"Metals",1583,"Miscellaneous metal products",158309,"Metal Stoppers",2021,645970
15,"Metals",1583,"Miscellaneous metal products",158310,"Metal Signs",2021,635219
15,"Metals",1583,"Miscellaneous metal products",158311,"Coated Metal Soldering Products",2021,3534523
16,"Machines",1684,"Machinery, mechanical appliances, & parts",168401,"Nuclear Reactors",2021,116931
16,"Machines",1684,"Machinery, mechanical appliances, & parts",168402,"Steam Boilers",2021,15948596
16,"Machines",1684,"Machinery, mechanical appliances, & parts",168403,"Central Heating Boilers",2021,11661512
16,"Machines",1684,"Machinery, mechanical appliances, & parts",168404,"Boiler Plants",2021,693481
16,"Machines",1684,"Machinery, mechanical appliances, & parts",168405,"Water and Gas Generators",2021,32046502
16,"Machines",1684,"Machinery, mechanical appliances, & parts",168406,"Steam Turbines",2021,3099082
16,"Machines",1684,"Machinery, mechanical appliances, & parts",168407,"Spark-Ignition Engines",2021,12321085
16,"Machines",1684,"Machinery, mechanical appliances, & parts",168408,"Combustion Engines",2021,14241499
16,"Machines",1684,"Machinery, mechanical appliances, & parts",168409,"Engine Parts",2021,70340820
16,"Machines",1684,"Machinery, mechanical appliances, & parts",168410,"Hydraulic Turbines",2021,6007136
16,"Machines",1684,"Machinery, mechanical appliances, & parts",168411,"Gas Turbines",2021,373472096
16,"Machines",1684,"Machinery, mechanical appliances, & parts",168412,"Other Engines",2021,224972239
16,"Machines",1684,"Machinery, mechanical appliances, & parts",168413,"Liquid Pumps",2021,387732828
16,"Machines",1684,"Machinery, mechanical appliances, & parts",168414,"Air Pumps",2021,104287907
16,"Machines",1684,"Machinery, mechanical appliances, & parts",168415,"Air Conditioners",2021,16794964
16,"Machines",1684,"Machinery, mechanical appliances, & parts",168416,"Liquid Fuel Furnaces",2021,3499221
16,"Machines",1684,"Machinery, mechanical appliances, & parts",168417,"Industrial Furnaces",2021,9294302
16,"Machines",1684,"Machinery, mechanical appliances, & parts",168418,"Refrigerators",2021,31079486
16,"Machines",1684,"Machinery, mechanical appliances, & parts",168419,"Other Heating Machinery",2021,53512160
16,"Machines",1684,"Machinery, mechanical appliances, & parts",168420,"Rolling Machines",2021,1504389
16,"Machines",1684,"Machinery, mechanical appliances, & parts",168421,"Centrifuges",2021,114681271
16,"Machines",1684,"Machinery, mechanical appliances, & parts",168422,"Washing and Bottling Machines",2021,20588704
16,"Machines",1684,"Machinery, mechanical appliances, & parts",168423,"Scales",2021,5424143
16,"Machines",1684,"Machinery, mechanical appliances, & parts",168424,"Liquid Dispersing Machines",2021,29738631
16,"Machines",1684,"Machinery, mechanical appliances, & parts",168425,"Pulley Systems",2021,64131095
16,"Machines",1684,"Machinery, mechanical appliances, & parts",168426,"Cranes",2021,52370556
16,"Machines",1684,"Machinery, mechanical appliances, & parts",168427,"Fork-Lifts",2021,11600352
16,"Machines",1684,"Machinery, mechanical appliances, & parts",168428,"Lifting Machinery",2021,54534890
16,"Machines",1684,"Machinery, mechanical appliances, & parts",168429,"Large Construction Vehicles",2021,106818321
16,"Machines",1684,"Machinery, mechanical appliances, & parts",168430,"Other Construction Vehicles",2021,57165167
16,"Machines",1684,"Machinery, mechanical appliances, & parts",168431,"Excavation Machinery",2021,226152745
16,"Machines",1684,"Machinery, mechanical appliances, & parts",168432,"Soil Preparation Machinery",2021,82423577
16,"Machines",1684,"Machinery, mechanical appliances, & parts",168433,"Harvesting Machinery",2021,33808218
16,"Machines",1684,"Machinery, mechanical appliances, & parts",168434,"Dairy Machinery",2021,1117239
16,"Machines",1684,"Machinery, mechanical appliances, & parts",168435,"Fruit Pressing Machinery",2021,209171
16,"Machines",1684,"Machinery, mechanical appliances, & parts",168436,"Other Agricultural Machinery",2021,28189888
16,"Machines",1684,"Machinery, mechanical appliances, & parts",168437,"Mill Machinery",2021,1924627
16,"Machines",1684,"Machinery, mechanical appliances, & parts",168438,"Industrial Food Preperation Machinery",2021,117873259
16,"Machines",1684,"Machinery, mechanical appliances, & parts",168439,"Papermaking Machines",2021,16483211
16,"Machines",1684,"Machinery, mechanical appliances, & parts",168440,"Book-binding Machines",2021,311399
16,"Machines",1684,"Machinery, mechanical appliances, & parts",168441,"Other Paper Machinery",2021,3834815
16,"Machines",1684,"Machinery, mechanical appliances, & parts",168442,"Print Production Machinery",2021,853807
16,"Machines",1684,"Machinery, mechanical appliances, & parts",168443,"Industrial Printers",2021,5762208
16,"Machines",1684,"Machinery, mechanical appliances, & parts",168444,"Artificial Textile Machinery",2021,135372
16,"Machines",1684,"Machinery, mechanical appliances, & parts",168445,"Textile Fiber Machinery",2021,158979
16,"Machines",1684,"Machinery, mechanical appliances, & parts",168446,"Looms",2021,2805526
16,"Machines",1684,"Machinery, mechanical appliances, & parts",168447,"Knitting Machines",2021,264452
16,"Machines",1684,"Machinery, mechanical appliances, & parts",168448,"Knitting Machine Accessories",2021,2253912
16,"Machines",1684,"Machinery, mechanical appliances, & parts",168449,"Felt Machinery",2021,1886849
16,"Machines",1684,"Machinery, mechanical appliances, & parts",168450,"Household Washing Machines",2021,2156142
16,"Machines",1684,"Machinery, mechanical appliances, & parts",168451,"Textile Processing Machines",2021,1857744
16,"Machines",1684,"Machinery, mechanical appliances, & parts",168452,"Sewing Machines",2021,1177426
16,"Machines",1684,"Machinery, mechanical appliances, & parts",168453,"Leather Machinery",2021,322093
16,"Machines",1684,"Machinery, mechanical appliances, & parts",168454,"Casting Machines",2021,3107620
16,"Machines",1684,"Machinery, mechanical appliances, & parts",168455,"Metal-Rolling Mills",2021,1393134
16,"Machines",1684,"Machinery, mechanical appliances, & parts",168456,"Non-Mechanical Removal Machinery",2021,338032
16,"Machines",1684,"Machinery, mechanical appliances, & parts",168457,"Metalworking Transfer Machines",2021,2595785
16,"Machines",1684,"Machinery, mechanical appliances, & parts",168458,"Metal Lathes",2021,2470293
16,"Machines",1684,"Machinery, mechanical appliances, & parts",168459,"Drilling Machines",2021,2200134
16,"Machines",1684,"Machinery, mechanical appliances, & parts",168460,"Metal Finishing Machines",2021,437797
16,"Machines",1684,"Machinery, mechanical appliances, & parts",168461,"Metalworking Machines",2021,1558762
16,"Machines",1684,"Machinery, mechanical appliances, & parts",168462,"Forging Machines",2021,4156679
16,"Machines",1684,"Machinery, mechanical appliances, & parts",168463,"Other Non-Metal Removal Machinery",2021,321073
16,"Machines",1684,"Machinery, mechanical appliances, & parts",168464,"Stone Working Machines",2021,1622832
16,"Machines",1684,"Machinery, mechanical appliances, & parts",168465,"Woodworking machines",2021,4328268
16,"Machines",1684,"Machinery, mechanical appliances, & parts",168466,"Metalworking Machine Parts",2021,37438750
16,"Machines",1684,"Machinery, mechanical appliances, & parts",168467,"Motor-working Tools",2021,34737313
16,"Machines",1684,"Machinery, mechanical appliances, & parts",168468,"Soldering and Welding Machinery",2021,3034295
16,"Machines",1684,"Machinery, mechanical appliances, & parts",168470,"Calculators",2021,108602675.00000001
16,"Machines",1684,"Machinery, mechanical appliances, & parts",168471,"Computers",2021,130953064
16,"Machines",1684,"Machinery, mechanical appliances, & parts",168472,"Other Office Machines",2021,929546
16,"Machines",1684,"Machinery, mechanical appliances, & parts",168473,"Office Machine Parts",2021,218339970
16,"Machines",1684,"Machinery, mechanical appliances, & parts",168474,"Stone Processing Machines",2021,40471339
16,"Machines",1684,"Machinery, mechanical appliances, & parts",168475,"Glass Working Machines",2021,5057809
16,"Machines",1684,"Machinery, mechanical appliances, & parts",168476,"Vending Machines",2021,3759791
16,"Machines",1684,"Machinery, mechanical appliances, & parts",168477,"Rubberworking Machinery",2021,20924807
16,"Machines",1684,"Machinery, mechanical appliances, & parts",168478,"Tobacco Processing Machines",2021,280804
16,"Machines",1684,"Machinery, mechanical appliances, & parts",168479,"Machinery Having Individual Functions",2021,456377882
16,"Machines",1684,"Machinery, mechanical appliances, & parts",168480,"Metal Molds",2021,7928672
16,"Machines",1684,"Machinery, mechanical appliances, & parts",168481,"Valves",2021,284626505
16,"Machines",1684,"Machinery, mechanical appliances, & parts",168482,"Ball Bearings",2021,10746188
16,"Machines",1684,"Machinery, mechanical appliances, & parts",168483,"Transmissions",2021,57797402
16,"Machines",1684,"Machinery, mechanical appliances, & parts",168484,"Gaskets",2021,14525622
16,"Machines",1684,"Machinery, mechanical appliances, & parts",168485,"Boat Propellers",2021,91546151
16,"Machines",1685,"Electrical machinery and electronics",168501,"Electric Motors",2021,57466017
16,"Machines",1685,"Electrical machinery and electronics",168502,"Electric Generating Sets",2021,144847733
16,"Machines",1685,"Electrical machinery and electronics",168503,"Electric Motor Parts",2021,10345792
16,"Machines",1685,"Electrical machinery and electronics",168504,"Electrical Transformers",2021,185803824
16,"Machines",1685,"Electrical machinery and electronics",168505,"Electromagnets",2021,4762034
16,"Machines",1685,"Electrical machinery and electronics",168506,"Batteries",2021,10905390
16,"Machines",1685,"Electrical machinery and electronics",168507,"Electric Batteries",2021,63131322
16,"Machines",1685,"Electrical machinery and electronics",168508,"Vacuum Cleaners",2021,8870949
16,"Machines",1685,"Electrical machinery and electronics",168509,"Other Domestic Electric Housewares",2021,4269323
16,"Machines",1685,"Electrical machinery and electronics",168510,"Hair Trimmers",2021,186571
16,"Machines",1685,"Electrical machinery and electronics",168511,"Electrical Ignitions",2021,8592573
16,"Machines",1685,"Electrical machinery and electronics",168512,"Electrical Lighting and Signalling Equipment",2021,2958015
16,"Machines",1685,"Electrical machinery and electronics",168513,"Portable Lighting",2021,722191
16,"Machines",1685,"Electrical machinery and electronics",168514,"Electric Furnaces",2021,28563487
16,"Machines",1685,"Electrical machinery and electronics",168515,"Electric Soldering Equipment",2021,14675276
16,"Machines",1685,"Electrical machinery and electronics",168516,"Electric Heaters",2021,49614965
16,"Machines",1685,"Electrical machinery and electronics",168517,"Telephones",2021,48304878
16,"Machines",1685,"Electrical machinery and electronics",168518,"Microphones and Headphones",2021,38216424
16,"Machines",1685,"Electrical machinery and electronics",168519,"Sound Recording Equipment",2021,2968541
16,"Machines",1685,"Electrical machinery and electronics",168520,"Dictation Machines",2021,1072492
16,"Machines",1685,"Electrical machinery and electronics",168521,"Video Recording Equipment",2021,77767659
16,"Machines",1685,"Electrical machinery and electronics",168522,"Audio and Video Recording Accessories",2021,641203
16,"Machines",1685,"Electrical machinery and electronics",168523,"Blank Audio Media",2021,28009834
16,"Machines",1685,"Electrical machinery and electronics",168524,"Sound Recordings",2021,2138805
16,"Machines",1685,"Electrical machinery and electronics",168525,"Broadcasting Equipment",2021,179021584
16,"Machines",1685,"Electrical machinery and electronics",168526,"Navigation Equipment",2021,57217270
16,"Machines",1685,"Electrical machinery and electronics",168527,"Radio Receivers",2021,5497730
16,"Machines",1685,"Electrical machinery and electronics",168528,"Video Displays",2021,56562162
16,"Machines",1685,"Electrical machinery and electronics",168529,"Broadcasting Accessories",2021,69665695
16,"Machines",1685,"Electrical machinery and electronics",168530,"Traffic Signals",2021,18232180
16,"Machines",1685,"Electrical machinery and electronics",168531,"Audio Alarms",2021,43384785
16,"Machines",1685,"Electrical machinery and electronics",168532,"Electrical Capacitors",2021,1776477
16,"Machines",1685,"Electrical machinery and electronics",168533,"Electrical Resistors",2021,2718144
16,"Machines",1685,"Electrical machinery and electronics",168534,"Printed Circuit Boards",2021,15498490
16,"Machines",1685,"Electrical machinery and electronics",168535,"High-voltage Protection Equipment",2021,9965681
16,"Machines",1685,"Electrical machinery and electronics",168536,"Low-voltage Protection Equipment",2021,82480255
16,"Machines",1685,"Electrical machinery and electronics",168537,"Electrical Control Boards",2021,389184311
16,"Machines",1685,"Electrical machinery and electronics",168538,"Electrical Power Accessories",2021,55827656
16,"Machines",1685,"Electrical machinery and electronics",168539,"Electric Filament",2021,3435430
16,"Machines",1685,"Electrical machinery and electronics",168540,"Cathode Tubes",2021,928706
16,"Machines",1685,"Electrical machinery and electronics",168541,"Semiconductor Devices",2021,3798353
16,"Machines",1685,"Electrical machinery and electronics",168542,"Integrated Circuits",2021,77940400
16,"Machines",1685,"Electrical machinery and electronics",168543,"Other Electrical Machinery",2021,81830415
16,"Machines",1685,"Electrical machinery and electronics",168544,"Insulated Wire",2021,454826564
16,"Machines",1685,"Electrical machinery and electronics",168545,"Carbon-based Electronics",2021,212512758
16,"Machines",1685,"Electrical machinery and electronics",168546,"Electrical Insulators",2021,2982831
16,"Machines",1685,"Electrical machinery and electronics",168547,"Metal Insulating Fittings",2021,2277749
16,"Machines",1685,"Electrical machinery and electronics",168548,"Electrical Parts",2021,5046781
17,"Transportation",1786,"Railway and trams",178601,"Electric Locomotives",2021,4415403
17,"Transportation",1786,"Railway and trams",178602,"Other Locomotives",2021,2950029
17,"Transportation",1786,"Railway and trams",178603,"Self-Propelled Rail Transport",2021,1040120
17,"Transportation",1786,"Railway and trams",178604,"Railway Maintenance Vehicles",2021,9081264
17,"Transportation",1786,"Railway and trams",178605,"Railway Passenger Cars",2021,477375
17,"Transportation",1786,"Railway and trams",178606,"Railway Freight Cars",2021,3031083
17,"Transportation",1786,"Railway and trams",178607,"Locomotive Parts",2021,25725651
17,"Transportation",1786,"Railway and trams",178608,"Railway Track Fixtures",2021,1937187
17,"Transportation",1786,"Railway and trams",178609,"Railway Cargo Containers",2021,22877797
17,"Transportation",1787,"Cars, tractors, trucks & parts thereof.",178701,"Tractors",2021,38554735
17,"Transportation",1787,"Cars, tractors, trucks & parts thereof.",178702,"Buses",2021,29298457
17,"Transportation",1787,"Cars, tractors, trucks & parts thereof.",178703,"Cars",2021,57207577
17,"Transportation",1787,"Cars, tractors, trucks & parts thereof.",178704,"Delivery Trucks",2021,249925676
17,"Transportation",1787,"Cars, tractors, trucks & parts thereof.",178705,"Special purpose motor vehicles",2021,66266580
17,"Transportation",1787,"Cars, tractors, trucks & parts thereof.",178706,"Motor vehicle (8701 to 8705) chassis fitted with engine",2021,945501
17,"Transportation",1787,"Cars, tractors, trucks & parts thereof.",178707,"Vehicle Bodies (including cabs) for the motor vehicles (8701 to 8705)",2021,517384
17,"Transportation",1787,"Cars, tractors, trucks & parts thereof.",178708,"Motor vehicles; parts and accessories (8701 to 8705)",2021,592939147
17,"Transportation",1787,"Cars, tractors, trucks & parts thereof.",178709,"Work Trucks",2021,1318255
17,"Transportation",1787,"Cars, tractors, trucks & parts thereof.",178710,"Tanks and Armored vehicles",2021,11493762
17,"Transportation",1787,"Cars, tractors, trucks & parts thereof.",178711,"Motorcycles and cycles",2021,6024507
17,"Transportation",1787,"Cars, tractors, trucks & parts thereof.",178712,"Bicycles, delivery tricycles, other cycles",2021,623021
17,"Transportation",1787,"Cars, tractors, trucks & parts thereof.",178713,"Wheelchairs",2021,2533523
17,"Transportation",1787,"Cars, tractors, trucks & parts thereof.",178714,"Bi-Wheel Vehicle Parts",2021,4416224
17,"Transportation",1787,"Cars, tractors, trucks & parts thereof.",178715,"Baby Carriages",2021,133064
17,"Transportation",1787,"Cars, tractors, trucks & parts thereof.",178716,"Trailers and semi-trailers, not mechanically propelled vehicles",2021,32986641
17,"Transportation",1788,"Aircraft and Spacecraft",178801,"Non-powered Aircraft",2021,134310
17,"Transportation",1788,"Aircraft and Spacecraft",178802,"Planes, Helicopters, and/or Spacecraft",2021,106419060
17,"Transportation",1788,"Aircraft and Spacecraft",178803,"Aircraft parts (gliders, balloons, and powered aircraft)",2021,221107165
17,"Transportation",1788,"Aircraft and Spacecraft",178804,"Parachutes",2021,79009
17,"Transportation",1788,"Aircraft and Spacecraft",178805,"Aircraft Launch Gear",2021,2273254
17,"Transportation",1789,"Ships, boats, & floating structures",178901,"Passenger and Cargo Ships",2021,2123485462
17,"Transportation",1789,"Ships, boats, & floating structures",178902,"Fishing Ships",2021,135192420
17,"Transportation",1789,"Ships, boats, & floating structures",178903,"Recreational Boats",2021,55580475
17,"Transportation",1789,"Ships, boats, & floating structures",178904,"Tug Boats",2021,86640755
17,"Transportation",1789,"Ships, boats, & floating structures",178905,"Special Purpose Ships",2021,271736469
17,"Transportation",1789,"Ships, boats, & floating structures",178906,"Other Sea Vessels",2021,222076452
17,"Transportation",1789,"Ships, boats, & floating structures",178907,"Other Floating Structures",2021,31381448
17,"Transportation",1789,"Ships, boats, & floating structures",178908,"Scrap Vessels",2021,132166858.99999999
18,"Instruments",1890,"Optical, photo, & film equipment; medical instruments",189001,"Optical Fibers and optical fibre bundles",2021,2397116
18,"Instruments",1890,"Optical, photo, & film equipment; medical instruments",189002,"Mirrors and Lenses",2021,3561427
18,"Instruments",1890,"Optical, photo, & film equipment; medical instruments",189003,"Eyewear Frames",2021,1933580
18,"Instruments",1890,"Optical, photo, & film equipment; medical instruments",189004,"Eyewear",2021,3347058
18,"Instruments",1890,"Optical, photo, & film equipment; medical instruments",189005,"Binoculars and Telescopes",2021,637558
18,"Instruments",1890,"Optical, photo, & film equipment; medical instruments",189006,"Cameras",2021,7813567
18,"Instruments",1890,"Optical, photo, & film equipment; medical instruments",189007,"Video Cameras",2021,1615030
18,"Instruments",1890,"Optical, photo, & film equipment; medical instruments",189008,"Image Projectors",2021,348115.00000000006
18,"Instruments",1890,"Optical, photo, & film equipment; medical instruments",189009,"Photocopiers",2021,886985
18,"Instruments",1890,"Optical, photo, & film equipment; medical instruments",189010,"Photo Lab Equipment",2021,954608
18,"Instruments",1890,"Optical, photo, & film equipment; medical instruments",189011,"Microscopes",2021,1169199
18,"Instruments",1890,"Optical, photo, & film equipment; medical instruments",189012,"Non-optical Microscopes",2021,315283
18,"Instruments",1890,"Optical, photo, & film equipment; medical instruments",189013,"LCDs",2021,6587311
18,"Instruments",1890,"Optical, photo, & film equipment; medical instruments",189014,"Compasses",2021,145713574
18,"Instruments",1890,"Optical, photo, & film equipment; medical instruments",189015,"Surveying Equipment",2021,257410538
18,"Instruments",1890,"Optical, photo, & film equipment; medical instruments",189016,"Balances",2021,27641
18,"Instruments",1890,"Optical, photo, & film equipment; medical instruments",189017,"Drafting Tools",2021,864743
18,"Instruments",1890,"Optical, photo, & film equipment; medical instruments",189018,"Medical Instruments",2021,261382181
18,"Instruments",1890,"Optical, photo, & film equipment; medical instruments",189019,"Therapeutic Appliances",2021,5510885
18,"Instruments",1890,"Optical, photo, & film equipment; medical instruments",189020,"Breathing Appliances",2021,1115165
18,"Instruments",1890,"Optical, photo, & film equipment; medical instruments",189021,"Orthopedic Appliances",2021,48265912
18,"Instruments",1890,"Optical, photo, & film equipment; medical instruments",189022,"X-Ray Equipment",2021,8486044
18,"Instruments",1890,"Optical, photo, & film equipment; medical instruments",189023,"Instructional Models",2021,77867824
18,"Instruments",1890,"Optical, photo, & film equipment; medical instruments",189024,"Tensile Testing Machines",2021,3623515
18,"Instruments",1890,"Optical, photo, & film equipment; medical instruments",189025,"Hydrometers",2021,9146123
18,"Instruments",1890,"Optical, photo, & film equipment; medical instruments",189026,"Gas and Liquid Flow Measuring Instruments",2021,219822994
18,"Instruments",1890,"Optical, photo, & film equipment; medical instruments",189027,"Chemical Analysis Instruments",2021,87115266
18,"Instruments",1890,"Optical, photo, & film equipment; medical instruments",189028,"Utility Meters",2021,2632454
18,"Instruments",1890,"Optical, photo, & film equipment; medical instruments",189029,"Revolution Counters",2021,7563956
18,"Instruments",1890,"Optical, photo, & film equipment; medical instruments",189030,"Oscilloscopes",2021,37227191
18,"Instruments",1890,"Optical, photo, & film equipment; medical instruments",189031,"Other Measuring Instruments",2021,132971416
18,"Instruments",1890,"Optical, photo, & film equipment; medical instruments",189032,"Thermostats",2021,127106525
18,"Instruments",1890,"Optical, photo, & film equipment; medical instruments",189033,"Opto-Electric Instrument Parts",2021,7823207
18,"Instruments",1891,"Clocks, watches, & parts",189101,"Precious Metal Watches",2021,2037235
18,"Instruments",1891,"Clocks, watches, & parts",189102,"Base Metal Watches",2021,4148694
18,"Instruments",1891,"Clocks, watches, & parts",189103,"Clocks with Watch Movements",2021,10688
18,"Instruments",1891,"Clocks, watches, & parts",189104,"Dashboard Clocks",2021,142459
18,"Instruments",1891,"Clocks, watches, & parts",189105,"Other Clocks",2021,389194
18,"Instruments",1891,"Clocks, watches, & parts",189106,"Time Recording Instruments",2021,415279
18,"Instruments",1891,"Clocks, watches, & parts",189107,"Time Switches",2021,186705
18,"Instruments",1891,"Clocks, watches, & parts",189108,"Watch Movements",2021,57747
18,"Instruments",1891,"Clocks, watches, & parts",189109,"Clock Movements",2021,16439
18,"Instruments",1891,"Clocks, watches, & parts",189110,"Incomplete Movement Sets",2021,27566
18,"Instruments",1891,"Clocks, watches, & parts",189111,"Watch Cases and Parts",2021,54284
18,"Instruments",1891,"Clocks, watches, & parts",189112,"Clock Cases and Parts",2021,20917
18,"Instruments",1891,"Clocks, watches, & parts",189113,"Watch Straps",2021,181941
18,"Instruments",1891,"Clocks, watches, & parts",189114,"Other Clocks and Watches",2021,94496
18,"Instruments",1892,"Musical instruments",189201,"Pianos",2021,180993
18,"Instruments",1892,"Musical instruments",189202,"String Instruments",2021,296367
18,"Instruments",1892,"Musical instruments",189205,"Wind Instruments",2021,316660
18,"Instruments",1892,"Musical instruments",189206,"Percussion",2021,24668
18,"Instruments",1892,"Musical instruments",189207,"Electric Musical Instruments",2021,205905
18,"Instruments",1892,"Musical instruments",189208,"Other Musical Instruments",2021,92109
18,"Instruments",1892,"Musical instruments",189209,"Musical Instrument Parts",2021,276563
19,"Weapons",1993,"Weapons",199301,"Military Weapons",2021,57642132.00000001
19,"Weapons",1993,"Weapons",199302,"Handguns",2021,371751
19,"Weapons",1993,"Weapons",199303,"Other Firearms",2021,285746
19,"Weapons",1993,"Weapons",199304,"Spring, Air, and Gas Guns",2021,2330274
19,"Weapons",1993,"Weapons",199305,"Weapons Parts and Accessories",2021,68031302
19,"Weapons",1993,"Weapons",199306,"Explosive Ammunition",2021,131734285
19,"Weapons",1993,"Weapons",199307,"Bladed Weapons and Accessories",2021,612
20,"Miscellaneous",2094,"Furniture, bedding, lamps, & prefab buildings",209401,"Seats",2021,314006979
20,"Miscellaneous",2094,"Furniture, bedding, lamps, & prefab buildings",209402,"Medical Furniture",2021,3707021
20,"Miscellaneous",2094,"Furniture, bedding, lamps, & prefab buildings",209403,"Other Furniture",2021,40922895
20,"Miscellaneous",2094,"Furniture, bedding, lamps, & prefab buildings",209404,"Mattresses",2021,97482075
20,"Miscellaneous",2094,"Furniture, bedding, lamps, & prefab buildings",209405,"Light Fixtures",2021,91995143
20,"Miscellaneous",2094,"Furniture, bedding, lamps, & prefab buildings",209406,"Prefabricated Buildings",2021,34387618
20,"Miscellaneous",2095,"Toys, games, & sports",209503,"Other toys",2021,12170222
20,"Miscellaneous",2095,"Toys, games, & sports",209504,"Video and Card Games",2021,1638000
20,"Miscellaneous",2095,"Toys, games, & sports",209505,"Party Decorations",2021,659712
20,"Miscellaneous",2095,"Toys, games, & sports",209506,"Sports Equipment",2021,36583780
20,"Miscellaneous",2095,"Toys, games, & sports",209507,"Fishing and Hunting Equipment",2021,3460008
20,"Miscellaneous",2095,"Toys, games, & sports",209508,"Fairground Amusements",2021,219813
20,"Miscellaneous",2096,"Misc. manufactures",209601,"Worked Ivory and Bone",2021,27522
20,"Miscellaneous",2096,"Misc. manufactures",209602,"Vegetable and Mineral Carvings",2021,14296
20,"Miscellaneous",2096,"Misc. manufactures",209603,"Brooms",2021,4936336
20,"Miscellaneous",2096,"Misc. manufactures",209604,"Hand Sifters",2021,5596
20,"Miscellaneous",2096,"Misc. manufactures",209605,"Travel Kits",2021,54830
20,"Miscellaneous",2096,"Misc. manufactures",209606,"Buttons",2021,374457
20,"Miscellaneous",2096,"Misc. manufactures",209607,"Zippers",2021,816608
20,"Miscellaneous",2096,"Misc. manufactures",209608,"Pens",2021,501924
20,"Miscellaneous",2096,"Misc. manufactures",209609,"Pencils and Crayons",2021,48929
20,"Miscellaneous",2096,"Misc. manufactures",209610,"Chalkboards",2021,28701.999999999996
20,"Miscellaneous",2096,"Misc. manufactures",209611,"Rubber Stamps",2021,15689
20,"Miscellaneous",2096,"Misc. manufactures",209612,"Ink Ribbons",2021,69859
20,"Miscellaneous",2096,"Misc. manufactures",209613,"Lighters",2021,49185
20,"Miscellaneous",2096,"Misc. manufactures",209614,"Smoking Pipes",2021,10630.999999999998
20,"Miscellaneous",2096,"Misc. manufactures",209615,"Combs",2021,325771
20,"Miscellaneous",2096,"Misc. manufactures",209616,"Scent Sprays",2021,144531
20,"Miscellaneous",2096,"Misc. manufactures",209617,"Vacuum Flask",2021,326495
20,"Miscellaneous",2096,"Misc. manufactures",209618,"Mannequins",2021,276023
21,"Arts and Antiques",2197,"Art & antiques",219701,"Paintings",2021,47359562
21,"Arts and Antiques",2197,"Art & antiques",219702,"Prints",2021,3939434
21,"Arts and Antiques",2197,"Art & antiques",219703,"Sculptures",2021,2024129
21,"Arts and Antiques",2197,"Art & antiques",219704,"Revenue Stamps",2021,1314007
21,"Arts and Antiques",2197,"Art & antiques",219705,"Collector's Items",2021,5793653
21,"Arts and Antiques",2197,"Art & antiques",219706,"Antiques",2021,1069245