Section ID,Section,HS2 ID,HS2,HS4 ID,HS4,Year,Trade Value
1,"Animal Products",101,"Live animals",10101,"Horses",2021,130485
1,"Animal Products",101,"Live animals",10102,"Bovine",2021,4574
1,"Animal Products",101,"Live animals",10105,"Poultry",2021,64032
1,"Animal Products",101,"Live animals",10106,"Other Animals",2021,2651081
1,"Animal Products",102,"Meat & edible offal",10201,"Bovine Meat",2021,19
1,"Animal Products",102,"Meat & edible offal",10202,"Frozen Bovine Meat",2021,553105.0000000001
1,"Animal Products",102,"Meat & edible offal",10203,"Pig Meat",2021,528623
1,"Animal Products",102,"Meat & edible offal",10206,"Edible Offal",2021,102544
1,"Animal Products",102,"Meat & edible offal",10207,"Poultry Meat",2021,505268.00000000006
1,"Animal Products",102,"Meat & edible offal",10208,"Other Meat",2021,44339
1,"Animal Products",102,"Meat & edible offal",10209,"Animal Fat",2021,166289.99999999997
1,"Animal Products",102,"Meat & edible offal",10210,"Preserved Meat",2021,136561
1,"Animal Products",103,"Fish, Crustaceans & Molluscs",10301,"Live Fish",2021,124774847
1,"Animal Products",103,"Fish, Crustaceans & Molluscs",10302,"Non-fillet Fresh Fish",2021,21658038
1,"Animal Products",103,"Fish, Crustaceans & Molluscs",10303,"Non-fillet Frozen Fish",2021,75095043
1,"Animal Products",103,"Fish, Crustaceans & Molluscs",10304,"Fish Fillets",2021,96444814
1,"Animal Products",103,"Fish, Crustaceans & Molluscs",10305,"Dried/Salted/Smoked/Brined Fish",2021,11590604
1,"Animal Products",103,"Fish, Crustaceans & Molluscs",10306,"Crustaceans",2021,38292318
1,"Animal Products",103,"Fish, Crustaceans & Molluscs",10307,"Molluscs",2021,31458855
1,"Animal Products",104,"Edible products of animal origin, n.e.s.",10401,"Milk",2021,893607
1,"Animal Products",104,"Edible products of animal origin, n.e.s.",10402,"Concentrated Milk",2021,11258274
1,"Animal Products",104,"Edible products of animal origin, n.e.s.",10403,"Fermented Milk Products",2021,7066776
1,"Animal Products",104,"Edible products of animal origin, n.e.s.",10404,"Whey and other milk products",2021,207857
1,"Animal Products",104,"Edible products of animal origin, n.e.s.",10405,"Butter",2021,735893.9999999999
1,"Animal Products",104,"Edible products of animal origin, n.e.s.",10406,"Cheese",2021,3062922
1,"Animal Products",104,"Edible products of animal origin, n.e.s.",10407,"Eggs",2021,99650
1,"Animal Products",104,"Edible products of animal origin, n.e.s.",10408,"Processed Egg Products",2021,18394
1,"Animal Products",104,"Edible products of animal origin, n.e.s.",10409,"Honey",2021,26314
1,"Animal Products",104,"Edible products of animal origin, n.e.s.",10410,"Other Edible Animal Products",2021,1269
1,"Animal Products",105,"Animal originated products, n.e.s.",10502,"Pig Hair",2021,60
1,"Animal Products",105,"Animal originated products, n.e.s.",10505,"Bird Feathers and Skins",2021,15
1,"Animal Products",105,"Animal originated products, n.e.s.",10507,"Raw Bones",2021,24
1,"Animal Products",105,"Animal originated products, n.e.s.",10508,"Coral and Shells",2021,3772055
1,"Animal Products",105,"Animal originated products, n.e.s.",10510,"Pharmaceutical Animal Products",2021,24288
1,"Animal Products",105,"Animal originated products, n.e.s.",10511,"Other Inedible Animal Products",2021,511243
2,"Vegetable Products",206,"Live trees, plants, bulbs, cut flowers, & ornamental foliage",20601,"Bulbs and Roots",2021,18324
2,"Vegetable Products",206,"Live trees, plants, bulbs, cut flowers, & ornamental foliage",20602,"Other live plants, cuttings and slips;
mushroom spawn",2021,4941103
2,"Vegetable Products",206,"Live trees, plants, bulbs, cut flowers, & ornamental foliage",20603,"Cut Flowers",2021,2370348
2,"Vegetable Products",206,"Live trees, plants, bulbs, cut flowers, & ornamental foliage",20604,"Plant foliage",2021,4668300
2,"Vegetable Products",207,"Edible vegetables, roots, & tubers",20701,"Potatoes",2021,1535
2,"Vegetable Products",207,"Edible vegetables, roots, & tubers",20702,"Tomatoes",2021,2505
2,"Vegetable Products",207,"Edible vegetables, roots, & tubers",20703,"Onions",2021,361742
2,"Vegetable Products",207,"Edible vegetables, roots, & tubers",20704,"Cabbages",2021,6314
2,"Vegetable Products",207,"Edible vegetables, roots, & tubers",20705,"Lettuce",2021,7695
2,"Vegetable Products",207,"Edible vegetables, roots, & tubers",20706,"Root Vegetables",2021,27973
2,"Vegetable Products",207,"Edible vegetables, roots, & tubers",20708,"Legumes",2021,92995
2,"Vegetable Products",207,"Edible vegetables, roots, & tubers",20709,"Other Vegetables",2021,13543524
2,"Vegetable Products",207,"Edible vegetables, roots, & tubers",20710,"Frozen Vegetables",2021,1702931
2,"Vegetable Products",207,"Edible vegetables, roots, & tubers",20711,"Preserved Vegetables",2021,122438
2,"Vegetable Products",207,"Edible vegetables, roots, & tubers",20712,"Dried Vegetables",2021,2134842
2,"Vegetable Products",207,"Edible vegetables, roots, & tubers",20713,"Dried Legumes",2021,381066
2,"Vegetable Products",207,"Edible vegetables, roots, & tubers",20714,"Cassava",2021,2995018
2,"Vegetable Products",208,"Edible fruits, nuts & fruit peels",20801,"Coconuts, Brazil Nuts, and Cashews",2021,417427289
2,"Vegetable Products",208,"Edible fruits, nuts & fruit peels",20802,"Other Nuts",2021,803124
2,"Vegetable Products",208,"Edible fruits, nuts & fruit peels",20803,"Bananas",2021,1660331236
2,"Vegetable Products",208,"Edible fruits, nuts & fruit peels",20804,"Tropical Fruits",2021,437487813
2,"Vegetable Products",208,"Edible fruits, nuts & fruit peels",20805,"Citrus",2021,1035482
2,"Vegetable Products",208,"Edible fruits, nuts & fruit peels",20806,"Grapes",2021,79138
2,"Vegetable Products",208,"Edible fruits, nuts & fruit peels",20807,"Melons",2021,7959318
2,"Vegetable Products",208,"Edible fruits, nuts & fruit peels",20808,"Apples and Pears",2021,62997
2,"Vegetable Products",208,"Edible fruits, nuts & fruit peels",20809,"Pitted Fruits",2021,62702
2,"Vegetable Products",208,"Edible fruits, nuts & fruit peels",20810,"Other Fruits",2021,4088252
2,"Vegetable Products",208,"Edible fruits, nuts & fruit peels",20811,"Frozen Fruits and Nuts",2021,41594547
2,"Vegetable Products",208,"Edible fruits, nuts & fruit peels",20812,"Preserved Fruits and Nuts",2021,538137.0000000001
2,"Vegetable Products",208,"Edible fruits, nuts & fruit peels",20813,"Dried Fruits",2021,3805759
2,"Vegetable Products",208,"Edible fruits, nuts & fruit peels",20814,"Citrus and Melon Peels",2021,1077
2,"Vegetable Products",209,"Coffee, tea, mate & spices",20901,"Coffee",2021,2168024
2,"Vegetable Products",209,"Coffee, tea, mate & spices",20902,"Tea",2021,451395
2,"Vegetable Products",209,"Coffee, tea, mate & spices",20903,"Mate",2021,87
2,"Vegetable Products",209,"Coffee, tea, mate & spices",20904,"Pepper",2021,3241815.0000000005
2,"Vegetable Products",209,"Coffee, tea, mate & spices",20905,"Vanilla",2021,6
2,"Vegetable Products",209,"Coffee, tea, mate & spices",20906,"Cinnamon",2021,201081
2,"Vegetable Products",209,"Coffee, tea, mate & spices",20908,"Nutmeg, mace and cardamons",2021,26240
2,"Vegetable Products",209,"Coffee, tea, mate & spices",20909,"Spice Seeds",2021,130612.99999999999
2,"Vegetable Products",209,"Coffee, tea, mate & spices",20910,"Spices",2021,2544763
2,"Vegetable Products",210,"Cereals",21001,"Wheat",2021,99
2,"Vegetable Products",210,"Cereals",21003,"Barley",2021,789939
2,"Vegetable Products",210,"Cereals",21004,"Oats",2021,314
2,"Vegetable Products",210,"Cereals",21005,"Corn",2021,3404775
2,"Vegetable Products",210,"Cereals",21006,"Rice",2021,1039025
2,"Vegetable Products",210,"Cereals",21007,"Sorghum",2021,19
2,"Vegetable Products",210,"Cereals",21008,"Buckwheat",2021,14127.000000000002
2,"Vegetable Products",211,"Products of the milling industry",21101,"Wheat Flours",2021,9030728
2,"Vegetable Products",211,"Products of the milling industry",21102,"Cereal Flours",2021,297099
2,"Vegetable Products",211,"Products of the milling industry",21103,"Cereal Meal and Pellets",2021,12778
2,"Vegetable Products",211,"Products of the milling industry",21104,"Processed Cereals",2021,56170
2,"Vegetable Products",211,"Products of the milling industry",21105,"Potato Flours",2021,181778
2,"Vegetable Products",211,"Products of the milling industry",21106,"Legume Flours",2021,15328389
2,"Vegetable Products",211,"Products of the milling industry",21107,"Malt",2021,485
2,"Vegetable Products",211,"Products of the milling industry",21108,"Starches",2021,511144
2,"Vegetable Products",211,"Products of the milling industry",21109,"Wheat Gluten",2021,536
2,"Vegetable Products",212,"Oils seeds, oleaginous fruits, grains, straw & fodder",21201,"Soybeans",2021,12953.000000000002
2,"Vegetable Products",212,"Oils seeds, oleaginous fruits, grains, straw & fodder",21202,"Ground Nuts",2021,18325
2,"Vegetable Products",212,"Oils seeds, oleaginous fruits, grains, straw & fodder",21203,"Copra",2021,525402
2,"Vegetable Products",212,"Oils seeds, oleaginous fruits, grains, straw & fodder",21204,"Linseed",2021,20762
2,"Vegetable Products",212,"Oils seeds, oleaginous fruits, grains, straw & fodder",21206,"Sunflower Seeds",2021,811
2,"Vegetable Products",212,"Oils seeds, oleaginous fruits, grains, straw & fodder",21207,"Other Oily Seeds",2021,1204754
2,"Vegetable Products",212,"Oils seeds, oleaginous fruits, grains, straw & fodder",21208,"Oil Seed Flower",2021,42489
2,"Vegetable Products",212,"Oils seeds, oleaginous fruits, grains, straw & fodder",21209,"Sowing Seeds",2021,10690676
2,"Vegetable Products",212,"Oils seeds, oleaginous fruits, grains, straw & fodder",21210,"Hops",2021,5700
2,"Vegetable Products",212,"Oils seeds, oleaginous fruits, grains, straw & fodder",21211,"Perfume Plants",2021,529979
2,"Vegetable Products",212,"Oils seeds, oleaginous fruits, grains, straw & fodder",21212,"Locust beans, seaweed, sugar beet, cane, for food",2021,514029
2,"Vegetable Products",212,"Oils seeds, oleaginous fruits, grains, straw & fodder",21213,"Cereal Straws",2021,124
2,"Vegetable Products",212,"Oils seeds, oleaginous fruits, grains, straw & fodder",21214,"Forage Crops",2021,3980
2,"Vegetable Products",213,"Natural gums, resins & other vegetable extracts",21301,"Insect Resins",2021,1771705
2,"Vegetable Products",213,"Natural gums, resins & other vegetable extracts",21302,"Vegetable Saps",2021,179471126
2,"Vegetable Products",214,"Vegetable plaiting materials & products, n.e.s.",21401,"Vegetable Plaiting Materials",2021,7830496
2,"Vegetable Products",214,"Vegetable plaiting materials & products, n.e.s.",21404,"Other Vegetable Products",2021,9104757
3,"Animal and Vegetable Bi-Products",315,"Animal or vegetable fats, oils, & waxes",31501,"Pig and Poultry Fat",2021,40
3,"Animal and Vegetable Bi-Products",315,"Animal or vegetable fats, oils, & waxes",31502,"Bovine, Sheep, and Goat Fat",2021,12540
3,"Animal and Vegetable Bi-Products",315,"Animal or vegetable fats, oils, & waxes",31504,"Fish Oil",2021,8699690
3,"Animal and Vegetable Bi-Products",315,"Animal or vegetable fats, oils, & waxes",31506,"Other Animal Fats",2021,10
3,"Animal and Vegetable Bi-Products",315,"Animal or vegetable fats, oils, & waxes",31507,"Soybean Oil",2021,461719
3,"Animal and Vegetable Bi-Products",315,"Animal or vegetable fats, oils, & waxes",31508,"Ground Nut Oil",2021,400
3,"Animal and Vegetable Bi-Products",315,"Animal or vegetable fats, oils, & waxes",31509,"Pure Olive Oil",2021,126551
3,"Animal and Vegetable Bi-Products",315,"Animal or vegetable fats, oils, & waxes",31510,"Olive Oil",2021,400
3,"Animal and Vegetable Bi-Products",315,"Animal or vegetable fats, oils, & waxes",31511,"Palm Oil",2021,39803294
3,"Animal and Vegetable Bi-Products",315,"Animal or vegetable fats, oils, & waxes",31512,"Seed Oils",2021,7822
3,"Animal and Vegetable Bi-Products",315,"Animal or vegetable fats, oils, & waxes",31513,"Coconut Oil",2021,1775448599
3,"Animal and Vegetable Bi-Products",315,"Animal or vegetable fats, oils, & waxes",31514,"Rapeseed Oil",2021,19163
3,"Animal and Vegetable Bi-Products",315,"Animal or vegetable fats, oils, & waxes",31515,"Other Pure Vegetable Oils",2021,49408236
3,"Animal and Vegetable Bi-Products",315,"Animal or vegetable fats, oils, & waxes",31516,"Other Vegetable Oils",2021,8259314.999999999
3,"Animal and Vegetable Bi-Products",315,"Animal or vegetable fats, oils, & waxes",31517,"Margarine",2021,4417596
3,"Animal and Vegetable Bi-Products",315,"Animal or vegetable fats, oils, & waxes",31518,"Inedible Fats and Oils",2021,6702143
3,"Animal and Vegetable Bi-Products",315,"Animal or vegetable fats, oils, & waxes",31519,"Stearic Acid",2021,80968125
3,"Animal and Vegetable Bi-Products",315,"Animal or vegetable fats, oils, & waxes",31520,"Glycerol",2021,15481284
3,"Animal and Vegetable Bi-Products",315,"Animal or vegetable fats, oils, & waxes",31521,"Vegetable waxes and beeswax",2021,666152
3,"Animal and Vegetable Bi-Products",315,"Animal or vegetable fats, oils, & waxes",31522,"Fat and Oil Residues",2021,84247.00000000001
4,"Foodstuffs",416,"Preparations of fish, crustacenas, & molluscs",41601,"Sausages",2021,5848476
4,"Foodstuffs",416,"Preparations of fish, crustacenas, & molluscs",41602,"Other Prepared Meat",2021,14950654
4,"Foodstuffs",416,"Preparations of fish, crustacenas, & molluscs",41603,"Animal Extracts",2021,395021
4,"Foodstuffs",416,"Preparations of fish, crustacenas, & molluscs",41604,"Processed Fish",2021,406246790
4,"Foodstuffs",416,"Preparations of fish, crustacenas, & molluscs",41605,"Processed Crustaceans",2021,223221286
4,"Foodstuffs",417,"Sugars & confectioneries",41701,"Raw Sugar",2021,82428701
4,"Foodstuffs",417,"Sugars & confectioneries",41702,"Other Sugars",2021,4581975
4,"Foodstuffs",417,"Sugars & confectioneries",41703,"Molasses",2021,45355
4,"Foodstuffs",417,"Sugars & confectioneries",41704,"Confectionery Sugar",2021,47738164
4,"Foodstuffs",418,"Cocoa & cocoa preparations",41801,"Cocoa Beans",2021,18562367
4,"Foodstuffs",418,"Cocoa & cocoa preparations",41802,"Cocoa Shells",2021,193.99999999999997
4,"Foodstuffs",418,"Cocoa & cocoa preparations",41803,"Cocoa Paste",2021,10366
4,"Foodstuffs",418,"Cocoa & cocoa preparations",41804,"Cocoa Butter",2021,2539469
4,"Foodstuffs",418,"Cocoa & cocoa preparations",41805,"Cocoa Powder",2021,259797
4,"Foodstuffs",418,"Cocoa & cocoa preparations",41806,"Chocolate",2021,13564022
4,"Foodstuffs",419,"Preparations of cereals, flour, starch or milk",41901,"Malt Extract",2021,102918344
4,"Foodstuffs",419,"Preparations of cereals, flour, starch or milk",41902,"Pasta",2021,32469697
4,"Foodstuffs",419,"Preparations of cereals, flour, starch or milk",41903,"Tapioca",2021,873903
4,"Foodstuffs",419,"Preparations of cereals, flour, starch or milk",41904,"Prepared Cereals",2021,22224766
4,"Foodstuffs",419,"Preparations of cereals, flour, starch or milk",41905,"Baked Goods",2021,133694383
4,"Foodstuffs",420,"Preparations of vegetables, fruit, nuts or other plant parts",42001,"Pickled Foods",2021,634481
4,"Foodstuffs",420,"Preparations of vegetables, fruit, nuts or other plant parts",42002,"Processed Tomatoes",2021,89233
4,"Foodstuffs",420,"Preparations of vegetables, fruit, nuts or other plant parts",42003,"Processed Mushrooms",2021,95677
4,"Foodstuffs",420,"Preparations of vegetables, fruit, nuts or other plant parts",42004,"Other Frozen Vegetables",2021,144644
4,"Foodstuffs",420,"Preparations of vegetables, fruit, nuts or other plant parts",42005,"Other Processed Vegetables",2021,9724262
4,"Foodstuffs",420,"Preparations of vegetables, fruit, nuts or other plant parts",42006,"Sugar Preserved Foods",2021,10341171
4,"Foodstuffs",420,"Preparations of vegetables, fruit, nuts or other plant parts",42007,"Jams",2021,11960064
4,"Foodstuffs",420,"Preparations of vegetables, fruit, nuts or other plant parts",42008,"Other Processed Fruits and Nuts",2021,549508009
4,"Foodstuffs",420,"Preparations of vegetables, fruit, nuts or other plant parts",42009,"Fruit Juice",2021,151466122
4,"Foodstuffs",421,"Miscellaneous edible preparations",42101,"Coffee and Tea Extracts",2021,7504741
4,"Foodstuffs",421,"Miscellaneous edible preparations",42102,"Yeast",2021,137023
4,"Foodstuffs",421,"Miscellaneous edible preparations",42103,"Sauces and Seasonings",2021,119802146
4,"Foodstuffs",421,"Miscellaneous edible preparations",42104,"Soups and Broths",2021,7540573
4,"Foodstuffs",421,"Miscellaneous edible preparations",42105,"Ice Cream",2021,8594974
4,"Foodstuffs",421,"Miscellaneous edible preparations",42106,"Other Edible Preparations",2021,109137237
4,"Foodstuffs",422,"Beverages, spirits, & vinegar",42201,"Water",2021,768503
4,"Foodstuffs",422,"Beverages, spirits, & vinegar",42202,"Flavored Water",2021,185499901
4,"Foodstuffs",422,"Beverages, spirits, & vinegar",42203,"Beer",2021,6148907
4,"Foodstuffs",422,"Beverages, spirits, & vinegar",42204,"Wine",2021,343937
4,"Foodstuffs",422,"Beverages, spirits, & vinegar",42206,"Other Fermented Beverages",2021,100339
4,"Foodstuffs",422,"Beverages, spirits, & vinegar",42207,"Alcohol > 80% ABV",2021,2936878
4,"Foodstuffs",422,"Beverages, spirits, & vinegar",42208,"Hard Liquor",2021,20611169
4,"Foodstuffs",422,"Beverages, spirits, & vinegar",42209,"Vinegar",2021,10224460
4,"Foodstuffs",423,"Food residues & wastes; animal fodder",42301,"Animal Meal and Pellets",2021,22342554
4,"Foodstuffs",423,"Food residues & wastes; animal fodder",42302,"Bran",2021,6566149
4,"Foodstuffs",423,"Food residues & wastes; animal fodder",42303,"Starch Residue",2021,245085
4,"Foodstuffs",423,"Food residues & wastes; animal fodder",42304,"Soybean Meal",2021,103478
4,"Foodstuffs",423,"Food residues & wastes; animal fodder",42305,"Ground Nut Meal",2021,450
4,"Foodstuffs",423,"Food residues & wastes; animal fodder",42306,"Other Vegetable Residues",2021,91580126
4,"Foodstuffs",423,"Food residues & wastes; animal fodder",42308,"Other Vegetable Residues and Waste",2021,585212
4,"Foodstuffs",423,"Food residues & wastes; animal fodder",42309,"Animal Food",2021,4796630
4,"Foodstuffs",424,"Tobacco & substitutes",42401,"Raw Tobacco",2021,125024920
4,"Foodstuffs",424,"Tobacco & substitutes",42402,"Rolled Tobacco",2021,283269090
4,"Foodstuffs",424,"Tobacco & substitutes",42403,"Processed Tobacco",2021,103634588
5,"Mineral Products",525,"Salt, sulphur, cement, lime, stone, & plaster",52501,"Salt",2021,845787
5,"Mineral Products",525,"Salt, sulphur, cement, lime, stone, & plaster",52502,"Iron Pyrites",2021,62361.00000000001
5,"Mineral Products",525,"Salt, sulphur, cement, lime, stone, & plaster",52503,"Sulphur",2021,9972518
5,"Mineral Products",525,"Salt, sulphur, cement, lime, stone, & plaster",52504,"Graphite",2021,121
5,"Mineral Products",525,"Salt, sulphur, cement, lime, stone, & plaster",52505,"Sand",2021,33892008
5,"Mineral Products",525,"Salt, sulphur, cement, lime, stone, & plaster",52506,"Quartz",2021,214
5,"Mineral Products",525,"Salt, sulphur, cement, lime, stone, & plaster",52507,"Kaolin",2021,327
5,"Mineral Products",525,"Salt, sulphur, cement, lime, stone, & plaster",52508,"Clays",2021,2249
5,"Mineral Products",525,"Salt, sulphur, cement, lime, stone, & plaster",52509,"Chalk",2021,361
5,"Mineral Products",525,"Salt, sulphur, cement, lime, stone, & plaster",52510,"Calcium Phosphates",2021,13470
5,"Mineral Products",525,"Salt, sulphur, cement, lime, stone, & plaster",52513,"Pumice",2021,45023
5,"Mineral Products",525,"Salt, sulphur, cement, lime, stone, & plaster",52515,"Marble, Travertine and Alabaster",2021,424328
5,"Mineral Products",525,"Salt, sulphur, cement, lime, stone, & plaster",52516,"Granite",2021,92794
5,"Mineral Products",525,"Salt, sulphur, cement, lime, stone, & plaster",52517,"Gravel and Crushed Stone",2021,4154625
5,"Mineral Products",525,"Salt, sulphur, cement, lime, stone, & plaster",52518,"Dolomite",2021,27568882
5,"Mineral Products",525,"Salt, sulphur, cement, lime, stone, & plaster",52519,"Magnesium Carbonate",2021,116
5,"Mineral Products",525,"Salt, sulphur, cement, lime, stone, & plaster",52520,"Gypsum",2021,36
5,"Mineral Products",525,"Salt, sulphur, cement, lime, stone, & plaster",52521,"Limestone",2021,15809136
5,"Mineral Products",525,"Salt, sulphur, cement, lime, stone, & plaster",52523,"Cement",2021,2128767
5,"Mineral Products",525,"Salt, sulphur, cement, lime, stone, & plaster",52526,"Soapstone",2021,16402
5,"Mineral Products",525,"Salt, sulphur, cement, lime, stone, & plaster",52530,"Other Mineral",2021,2488795
5,"Mineral Products",526,"Ores, slag and ash",52601,"Iron Ore",2021,243214443
5,"Mineral Products",526,"Ores, slag and ash",52603,"Copper Ore",2021,664248547
5,"Mineral Products",526,"Ores, slag and ash",52604,"Nickel Ore",2021,1514169146.0000002
5,"Mineral Products",526,"Ores, slag and ash",52605,"Cobalt Ore",2021,238176
5,"Mineral Products",526,"Ores, slag and ash",52606,"Aluminium Ore",2021,36.00000000000001
5,"Mineral Products",526,"Ores, slag and ash",52607,"Lead Ore",2021,468432
5,"Mineral Products",526,"Ores, slag and ash",52610,"Chromium Ore",2021,7578816.999999999
5,"Mineral Products",526,"Ores, slag and ash",52613,"Molybdenum Ore",2021,11.000000000000002
5,"Mineral Products",526,"Ores, slag and ash",52616,"Precious Metal Ore",2021,4877552
5,"Mineral Products",526,"Ores, slag and ash",52617,"Other Ores",2021,212
5,"Mineral Products",526,"Ores, slag and ash",52618,"Granulated Slag",2021,602369
5,"Mineral Products",526,"Ores, slag and ash",52619,"Slag Dross",2021,7111245
5,"Mineral Products",526,"Ores, slag and ash",52620,"Non-Iron and Steel Slag, Ash and Residues",2021,8927772
5,"Mineral Products",526,"Ores, slag and ash",52621,"Other Slag and Ash",2021,23127.999999999996
5,"Mineral Products",527,"Mineral fuels, mineral oils and products of their distillation",52701,"Coal Briquettes",2021,625299303
5,"Mineral Products",527,"Mineral fuels, mineral oils and products of their distillation",52702,"Lignite",2021,610328034
5,"Mineral Products",527,"Mineral fuels, mineral oils and products of their distillation",52703,"Peat",2021,47440.99999999999
5,"Mineral Products",527,"Mineral fuels, mineral oils and products of their distillation",52707,"Coal Tar Oil",2021,112647779
5,"Mineral Products",527,"Mineral fuels, mineral oils and products of their distillation",52709,"Crude Petroleum",2021,268637754
5,"Mineral Products",527,"Mineral fuels, mineral oils and products of their distillation",52710,"Refined Petroleum",2021,70944161
5,"Mineral Products",527,"Mineral fuels, mineral oils and products of their distillation",52711,"Petroleum Gas",2021,47505047
5,"Mineral Products",527,"Mineral fuels, mineral oils and products of their distillation",52712,"Petroleum Jelly",2021,522916
5,"Mineral Products",527,"Mineral fuels, mineral oils and products of their distillation",52713,"Petroleum Coke",2021,807.0000000000001
5,"Mineral Products",527,"Mineral fuels, mineral oils and products of their distillation",52715,"Asphalt Mixtures",2021,198
6,"Chemical Products",628,"Inorganic chemicals",62801,"Halogens",2021,949.0000000000001
6,"Chemical Products",628,"Inorganic chemicals",62802,"Sulfur",2021,1056310
6,"Chemical Products",628,"Inorganic chemicals",62803,"Carbon",2021,139437
6,"Chemical Products",628,"Inorganic chemicals",62804,"Hydrogen",2021,18829526
6,"Chemical Products",628,"Inorganic chemicals",62805,"Alkali, alkaline-earth, rare-earth metals, scandium, yttrium, and mercury",2021,3567747
6,"Chemical Products",628,"Inorganic chemicals",62806,"Hydrochloric Acid",2021,4327.000000000001
6,"Chemical Products",628,"Inorganic chemicals",62807,"Sulfuric Acid",2021,47832661
6,"Chemical Products",628,"Inorganic chemicals",62809,"Phosphoric Acid",2021,49662929
6,"Chemical Products",628,"Inorganic chemicals",62811,"Other Inorganic Acids",2021,50576
6,"Chemical Products",628,"Inorganic chemicals",62812,"Halides",2021,130507
6,"Chemical Products",628,"Inorganic chemicals",62814,"Ammonia",2021,9960
6,"Chemical Products",628,"Inorganic chemicals",62815,"Sodium or Potassium Peroxides",2021,188964
6,"Chemical Products",628,"Inorganic chemicals",62816,"Magnesium Hydroxide and Peroxide",2021,27655
6,"Chemical Products",628,"Inorganic chemicals",62817,"Zinc Oxide and Peroxide",2021,6567243
6,"Chemical Products",628,"Inorganic chemicals",62818,"Aluminium Oxide",2021,12522
6,"Chemical Products",628,"Inorganic chemicals",62819,"Chromium Oxides and Hydroxides",2021,2249
6,"Chemical Products",628,"Inorganic chemicals",62821,"Iron Oxides and Hydroxides",2021,64350.99999999999
6,"Chemical Products",628,"Inorganic chemicals",62823,"Titanium Oxides",2021,10013
6,"Chemical Products",628,"Inorganic chemicals",62825,"Inorganic Salts",2021,10859741
6,"Chemical Products",628,"Inorganic chemicals",62826,"Fluorides",2021,313
6,"Chemical Products",628,"Inorganic chemicals",62827,"Chlorides",2021,4325
6,"Chemical Products",628,"Inorganic chemicals",62828,"Hypochlorites",2021,67592
6,"Chemical Products",628,"Inorganic chemicals",62830,"Sulfides",2021,395105
6,"Chemical Products",628,"Inorganic chemicals",62832,"Sulfites",2021,29680
6,"Chemical Products",628,"Inorganic chemicals",62833,"Sulfates",2021,5461292
6,"Chemical Products",628,"Inorganic chemicals",62834,"Nitrites and Nitrates",2021,17338
6,"Chemical Products",628,"Inorganic chemicals",62835,"Phosphinates (hypophosphites) and phosphonates (phosphites)",2021,21509
6,"Chemical Products",628,"Inorganic chemicals",62836,"Carbonates",2021,13320420
6,"Chemical Products",628,"Inorganic chemicals",62839,"Silicates",2021,34675
6,"Chemical Products",628,"Inorganic chemicals",62841,"Oxometallic or Peroxometallic Acid Salts",2021,9003298
6,"Chemical Products",628,"Inorganic chemicals",62842,"Other Inorganic Acids Salts",2021,36350161
6,"Chemical Products",628,"Inorganic chemicals",62843,"Precious Metal Compounds",2021,2081178
6,"Chemical Products",628,"Inorganic chemicals",62844,"Radioactive Chemicals",2021,48411
6,"Chemical Products",628,"Inorganic chemicals",62846,"Rare-Earth Metal Compounds",2021,5899498.000000001
6,"Chemical Products",628,"Inorganic chemicals",62847,"Hydrogen peroxide",2021,18425.000000000004
6,"Chemical Products",628,"Inorganic chemicals",62850,"Hydrides and other anions",2021,2592
6,"Chemical Products",628,"Inorganic chemicals",62851,"Inorganic Compounds",2021,3231702
6,"Chemical Products",629,"Organic chemicals",62901,"Acyclic Hydrocarbons",2021,204771322
6,"Chemical Products",629,"Organic chemicals",62902,"Cyclic Hydrocarbons",2021,99081619
6,"Chemical Products",629,"Organic chemicals",62903,"Halogenated Hydrocarbons",2021,8183
6,"Chemical Products",629,"Organic chemicals",62905,"Acyclic alcohol derivatives (halogenated, sulphonated, nitrated)",2021,216530976
6,"Chemical Products",629,"Organic chemicals",62906,"Cyclic Alcohols",2021,58754
6,"Chemical Products",629,"Organic chemicals",62907,"Phenols",2021,30307
6,"Chemical Products",629,"Organic chemicals",62908,"Phenol Derivatives",2021,563
6,"Chemical Products",629,"Organic chemicals",62909,"Ethers",2021,9378741
6,"Chemical Products",629,"Organic chemicals",62910,"Epoxides",2021,487351
6,"Chemical Products",629,"Organic chemicals",62911,"Acetals and Hemiacetals",2021,3380
6,"Chemical Products",629,"Organic chemicals",62912,"Aldehydes, cyclic polymers, and paraformaldehyde",2021,15292895
6,"Chemical Products",629,"Organic chemicals",62914,"Ketones and Quinones",2021,11.000000000000002
6,"Chemical Products",629,"Organic chemicals",62915,"Saturated Acyclic Monocarboxylic Acids",2021,2704225
6,"Chemical Products",629,"Organic chemicals",62916,"Unsaturated Acyclic Monocarboxylic Acids",2021,1879276
6,"Chemical Products",629,"Organic chemicals",62917,"Polycarboxylic Acids",2021,90588
6,"Chemical Products",629,"Organic chemicals",62918,"Carboxylic Acids",2021,343145
6,"Chemical Products",629,"Organic chemicals",62919,"Phosphoric Esters and Salts",2021,6501
6,"Chemical Products",629,"Organic chemicals",62920,"Other Esters",2021,93261.99999999999
6,"Chemical Products",629,"Organic chemicals",62921,"Amine Compounds",2021,104463427
6,"Chemical Products",629,"Organic chemicals",62922,"Oxygen Amino Compounds",2021,1903479
6,"Chemical Products",629,"Organic chemicals",62923,"Quaternary Ammonium Salts and Hydroxides",2021,1886314
6,"Chemical Products",629,"Organic chemicals",62924,"Carboxyamide Compounds",2021,82181.00000000001
6,"Chemical Products",629,"Organic chemicals",62925,"Carboxyimide Compounds",2021,52824.00000000001
6,"Chemical Products",629,"Organic chemicals",62926,"Nitrile Compounds",2021,1535.0000000000002
6,"Chemical Products",629,"Organic chemicals",62928,"Hydrazine or Hydroxylamine Derivatives",2021,3828.9999999999995
6,"Chemical Products",629,"Organic chemicals",62929,"Other Nitrogen Compounds",2021,18674.000000000004
6,"Chemical Products",629,"Organic chemicals",62930,"Organo-Sulfur Compounds",2021,342306
6,"Chemical Products",629,"Organic chemicals",62931,"Other Organo-Inorganic Compounds",2021,994537
6,"Chemical Products",629,"Organic chemicals",62932,"Oxygen Heterocyclic Compounds",2021,33610
6,"Chemical Products",629,"Organic chemicals",62933,"Nitrogen Heterocyclic Compounds",2021,4484857
6,"Chemical Products",629,"Organic chemicals",62934,"Nucleic Acids",2021,31255
6,"Chemical Products",629,"Organic chemicals",62935,"Sulfonamides",2021,1390
6,"Chemical Products",629,"Organic chemicals",62936,"Vitamins",2021,1798739
6,"Chemical Products",629,"Organic chemicals",62937,"Hormones",2021,18892
6,"Chemical Products",629,"Organic chemicals",62938,"Glycosides",2021,161527
6,"Chemical Products",629,"Organic chemicals",62939,"Vegetable Alkaloids",2021,13.999999999999998
6,"Chemical Products",629,"Organic chemicals",62940,"Chemically Pure Sugars",2021,2440
6,"Chemical Products",629,"Organic chemicals",62941,"Antibiotics",2021,135826
6,"Chemical Products",629,"Organic chemicals",62942,"Other Organic Compounds",2021,65235346.00000001
6,"Chemical Products",630,"Pharmaceutical products",63001,"Glands and Other Organs",2021,96075
6,"Chemical Products",630,"Pharmaceutical products",63002,"Vaccines, blood, antisera, toxins and cultures",2021,1291843
6,"Chemical Products",630,"Pharmaceutical products",63003,"Unpackaged Medicaments",2021,180766
6,"Chemical Products",630,"Pharmaceutical products",63004,"Packaged Medicaments",2021,45722289
6,"Chemical Products",630,"Pharmaceutical products",63005,"Bandages",2021,9805027
6,"Chemical Products",630,"Pharmaceutical products",63006,"Special Pharmaceuticals",2021,2812314
6,"Chemical Products",631,"Fertilizers",63101,"Animal or Vegetable Fertilizers",2021,124224.99999999999
6,"Chemical Products",631,"Fertilizers",63102,"Nitrogenous Fertilizers",2021,1865082
6,"Chemical Products",631,"Fertilizers",63103,"Phosphatic Fertilizers",2021,142582
6,"Chemical Products",631,"Fertilizers",63104,"Potassic Fertilizers",2021,1773717
6,"Chemical Products",631,"Fertilizers",63105,"Mixed Mineral or Chemical Fertilizers",2021,12928847
6,"Chemical Products",632,"Paints, dyes, & varnishes",63202,"Synthetic Tanning Extracts",2021,1964
6,"Chemical Products",632,"Paints, dyes, & varnishes",63203,"Vegetable or Animal Dyes",2021,404225
6,"Chemical Products",632,"Paints, dyes, & varnishes",63204,"Synthetic Coloring Matter",2021,2566318
6,"Chemical Products",632,"Paints, dyes, & varnishes",63205,"Lake Pigments",2021,252524.99999999997
6,"Chemical Products",632,"Paints, dyes, & varnishes",63206,"Other Coloring Matter",2021,1786939
6,"Chemical Products",632,"Paints, dyes, & varnishes",63207,"Prepared Pigments",2021,1673561.9999999998
6,"Chemical Products",632,"Paints, dyes, & varnishes",63208,"Nonaqueous Paints",2021,5362163
6,"Chemical Products",632,"Paints, dyes, & varnishes",63209,"Aqueous Paints",2021,1994246
6,"Chemical Products",632,"Paints, dyes, & varnishes",63210,"Other Paints",2021,149356
6,"Chemical Products",632,"Paints, dyes, & varnishes",63211,"Prepared Paint Driers",2021,1726.9999999999998
6,"Chemical Products",632,"Paints, dyes, & varnishes",63212,"Nonaqueous Pigments",2021,786583
6,"Chemical Products",632,"Paints, dyes, & varnishes",63213,"Artistry Paints",2021,29248.000000000004
6,"Chemical Products",632,"Paints, dyes, & varnishes",63214,"Glaziers Putty",2021,385727
6,"Chemical Products",632,"Paints, dyes, & varnishes",63215,"Ink",2021,275464708
6,"Chemical Products",633,"Perfumery & cosmetics",63301,"Essential Oils",2021,1586405
6,"Chemical Products",633,"Perfumery & cosmetics",63302,"Scented Mixtures",2021,2936004
6,"Chemical Products",633,"Perfumery & cosmetics",63303,"Perfumes",2021,5116483
6,"Chemical Products",633,"Perfumery & cosmetics",63304,"Beauty Products",2021,21257376
6,"Chemical Products",633,"Perfumery & cosmetics",63305,"Hair Products",2021,9787128
6,"Chemical Products",633,"Perfumery & cosmetics",63306,"Dental Products",2021,836489
6,"Chemical Products",633,"Perfumery & cosmetics",63307,"Shaving Products",2021,78889749
6,"Chemical Products",634,"Soap, cleaners, candles, dental, modelling pastes",63401,"Soap",2021,24703752
6,"Chemical Products",634,"Soap, cleaners, candles, dental, modelling pastes",63402,"Cleaning Products",2021,58356676
6,"Chemical Products",634,"Soap, cleaners, candles, dental, modelling pastes",63403,"Lubricating Products",2021,3264893
6,"Chemical Products",634,"Soap, cleaners, candles, dental, modelling pastes",63404,"Waxes",2021,1213743
6,"Chemical Products",634,"Soap, cleaners, candles, dental, modelling pastes",63405,"Polishes and Creams",2021,202879
6,"Chemical Products",634,"Soap, cleaners, candles, dental, modelling pastes",63406,"Candles",2021,49955
6,"Chemical Products",634,"Soap, cleaners, candles, dental, modelling pastes",63407,"Pastes and Waxes",2021,684462
6,"Chemical Products",635,"Glues, starches, & albuminoid products",63501,"Casein",2021,1024
6,"Chemical Products",635,"Glues, starches, & albuminoid products",63502,"Water Soluble Proteins",2021,105421
6,"Chemical Products",635,"Glues, starches, & albuminoid products",63503,"Gelatin",2021,107924
6,"Chemical Products",635,"Glues, starches, & albuminoid products",63504,"Peptones",2021,57378
6,"Chemical Products",635,"Glues, starches, & albuminoid products",63505,"Dextrins",2021,175570
6,"Chemical Products",635,"Glues, starches, & albuminoid products",63506,"Glues",2021,8082611.000000001
6,"Chemical Products",635,"Glues, starches, & albuminoid products",63507,"Enzymes",2021,335887
6,"Chemical Products",636,"Explosives, matches, & fireworks",63602,"Prepared Explosives",2021,30272946
6,"Chemical Products",636,"Explosives, matches, & fireworks",63603,"Detonating Fuses",2021,31441062
6,"Chemical Products",636,"Explosives, matches, & fireworks",63604,"Fireworks",2021,6900
6,"Chemical Products",636,"Explosives, matches, & fireworks",63605,"Matches",2021,560
6,"Chemical Products",636,"Explosives, matches, & fireworks",63606,"Pyrophoric Alloys",2021,15531118
6,"Chemical Products",637,"Photo & movie goods",63701,"Photographic Plates",2021,41208
6,"Chemical Products",637,"Photo & movie goods",63702,"Photographic Film",2021,405538.99999999994
6,"Chemical Products",637,"Photo & movie goods",63703,"Photographic Paper",2021,233257
6,"Chemical Products",637,"Photo & movie goods",63704,"Undeveloped Exposed Photographic Material",2021,440095.99999999994
6,"Chemical Products",637,"Photo & movie goods",63705,"Developed Exposed Photographic Material",2021,15210
6,"Chemical Products",637,"Photo & movie goods",63706,"Motion-picture film, exposed and developed",2021,1225843
6,"Chemical Products",637,"Photo & movie goods",63707,"Photographic Chemicals",2021,905861
6,"Chemical Products",638,"Chemical products n.e.s.",63801,"Artificial Graphite",2021,85454.00000000001
6,"Chemical Products",638,"Chemical products n.e.s.",63802,"Activated Carbon",2021,154568585
6,"Chemical Products",638,"Chemical products n.e.s.",63804,"Wood Pulp Lyes",2021,10780
6,"Chemical Products",638,"Chemical products n.e.s.",63805,"Turpentine",2021,86
6,"Chemical Products",638,"Chemical products n.e.s.",63806,"Rosin",2021,2000
6,"Chemical Products",638,"Chemical products n.e.s.",63808,"Pesticides",2021,16125473
6,"Chemical Products",638,"Chemical products n.e.s.",63809,"Dyeing Finishing Agents",2021,484248
6,"Chemical Products",638,"Chemical products n.e.s.",63810,"Metal Pickling Preparations",2021,1049426
6,"Chemical Products",638,"Chemical products n.e.s.",63811,"Antiknock",2021,24464352.999999996
6,"Chemical Products",638,"Chemical products n.e.s.",63812,"Prepared Rubber Accelerators",2021,1380096
6,"Chemical Products",638,"Chemical products n.e.s.",63813,"Fire Extinguishers Preparations",2021,1498.0000000000002
6,"Chemical Products",638,"Chemical products n.e.s.",63814,"Organic Composite Solvents",2021,173243
6,"Chemical Products",638,"Chemical products n.e.s.",63815,"Reaction and Catalytic Products",2021,359393
6,"Chemical Products",638,"Chemical products n.e.s.",63816,"Refractory Cements",2021,8812.000000000002
6,"Chemical Products",638,"Chemical products n.e.s.",63818,"Disc Chemicals for Electronics",2021,4973848
6,"Chemical Products",638,"Chemical products n.e.s.",63819,"Hydraulic Brake Fluid",2021,1854.9999999999998
6,"Chemical Products",638,"Chemical products n.e.s.",63820,"Antifreeze",2021,26350
6,"Chemical Products",638,"Chemical products n.e.s.",63821,"Micro-Organism Culture Preparations",2021,250722
6,"Chemical Products",638,"Chemical products n.e.s.",63822,"Laboratory Reagents",2021,7739535
6,"Chemical Products",638,"Chemical products n.e.s.",63823,"Industrial Fatty Acids, Oils and Alcohols",2021,69200877
7,"Plastics and Rubbers",739,"Plastics & articles thereof",73901,"Ethylene Polymers",2021,122096022
7,"Plastics and Rubbers",739,"Plastics & articles thereof",73902,"Propylene Polymers",2021,32822723
7,"Plastics and Rubbers",739,"Plastics & articles thereof",73903,"Styrene Polymers",2021,24068653
7,"Plastics and Rubbers",739,"Plastics & articles thereof",73904,"Vinyl Chloride Polymers",2021,61706544
7,"Plastics and Rubbers",739,"Plastics & articles thereof",73905,"Other Vinyl Polymers",2021,44968
7,"Plastics and Rubbers",739,"Plastics & articles thereof",73906,"Acrylic Polymers",2021,1805933
7,"Plastics and Rubbers",739,"Plastics & articles thereof",73907,"Polyacetals",2021,38164709
7,"Plastics and Rubbers",739,"Plastics & articles thereof",73908,"Polyamides",2021,9660362
7,"Plastics and Rubbers",739,"Plastics & articles thereof",73909,"Amino-resins",2021,219872
7,"Plastics and Rubbers",739,"Plastics & articles thereof",73910,"Silicone",2021,1251779
7,"Plastics and Rubbers",739,"Plastics & articles thereof",73911,"Petroleum Resins",2021,436257
7,"Plastics and Rubbers",739,"Plastics & articles thereof",73912,"Cellulose",2021,220128
7,"Plastics and Rubbers",739,"Plastics & articles thereof",73913,"Natural Polymers",2021,190505
7,"Plastics and Rubbers",739,"Plastics & articles thereof",73914,"Polymer Ion-Exchangers",2021,242878
7,"Plastics and Rubbers",739,"Plastics & articles thereof",73915,"Scrap Plastic",2021,114486240
7,"Plastics and Rubbers",739,"Plastics & articles thereof",73916,"Monofilament",2021,1299430
7,"Plastics and Rubbers",739,"Plastics & articles thereof",73917,"Plastic Pipes",2021,77472569
7,"Plastics and Rubbers",739,"Plastics & articles thereof",73918,"Plastic Floor Coverings",2021,338391
7,"Plastics and Rubbers",739,"Plastics & articles thereof",73919,"Self-adhesive Plastics",2021,7192156
7,"Plastics and Rubbers",739,"Plastics & articles thereof",73920,"Raw Plastic Sheeting",2021,30953989
7,"Plastics and Rubbers",739,"Plastics & articles thereof",73921,"Other Plastic Sheetings",2021,14157422
7,"Plastics and Rubbers",739,"Plastics & articles thereof",73922,"Plastic Wash Basins",2021,64061037
7,"Plastics and Rubbers",739,"Plastics & articles thereof",73923,"Plastic Lids",2021,170353593
7,"Plastics and Rubbers",739,"Plastics & articles thereof",73924,"Plastic Housewares",2021,24025690
7,"Plastics and Rubbers",739,"Plastics & articles thereof",73925,"Plastic Building Materials",2021,66203202
7,"Plastics and Rubbers",739,"Plastics & articles thereof",73926,"Other Plastic Products",2021,198898634
7,"Plastics and Rubbers",740,"Rubber & articles thereof",74001,"Rubber",2021,195495295
7,"Plastics and Rubbers",740,"Rubber & articles thereof",74002,"Synthetic Rubber",2021,7040212
7,"Plastics and Rubbers",740,"Rubber & articles thereof",74003,"Reclaimed Rubber",2021,4354
7,"Plastics and Rubbers",740,"Rubber & articles thereof",74004,"Scrap Rubber",2021,145893
7,"Plastics and Rubbers",740,"Rubber & articles thereof",74005,"Compounded Unvulcanised Rubber",2021,153396.00000000003
7,"Plastics and Rubbers",740,"Rubber & articles thereof",74006,"Unvulcanised Rubber Products",2021,509491.99999999994
7,"Plastics and Rubbers",740,"Rubber & articles thereof",74007,"Rubber Thread",2021,16064
7,"Plastics and Rubbers",740,"Rubber & articles thereof",74008,"Rubber Sheets",2021,20340319
7,"Plastics and Rubbers",740,"Rubber & articles thereof",74009,"Rubber Pipes",2021,6563369
7,"Plastics and Rubbers",740,"Rubber & articles thereof",74010,"Rubber Belting",2021,1689643
7,"Plastics and Rubbers",740,"Rubber & articles thereof",74011,"Rubber Tires",2021,340826988
7,"Plastics and Rubbers",740,"Rubber & articles thereof",74012,"Used Rubber Tires",2021,11466997
7,"Plastics and Rubbers",740,"Rubber & articles thereof",74013,"Rubber Inner Tubes",2021,180023
7,"Plastics and Rubbers",740,"Rubber & articles thereof",74014,"Pharmaceutical Rubber Products",2021,586583
7,"Plastics and Rubbers",740,"Rubber & articles thereof",74015,"Rubber Apparel",2021,478329
7,"Plastics and Rubbers",740,"Rubber & articles thereof",74016,"Other Rubber Products",2021,106892998
7,"Plastics and Rubbers",740,"Rubber & articles thereof",74017,"Hard Rubber",2021,2216983
8,"Animal Hides",841,"Raw hides & skin (non-fur)",84102,"Sheep Hides",2021,853
8,"Animal Hides",841,"Raw hides & skin (non-fur)",84104,"Tanned Equine and Bovine Hides",2021,368711
8,"Animal Hides",841,"Raw hides & skin (non-fur)",84105,"Tanned Sheep Hides",2021,337079
8,"Animal Hides",841,"Raw hides & skin (non-fur)",84106,"Tanned Goat Hides",2021,30317
8,"Animal Hides",841,"Raw hides & skin (non-fur)",84107,"Leather of Other Animals",2021,321051
8,"Animal Hides",841,"Raw hides & skin (non-fur)",84108,"Chamois Leather",2021,200
8,"Animal Hides",841,"Raw hides & skin (non-fur)",84109,"Patent Leather",2021,75422
8,"Animal Hides",841,"Raw hides & skin (non-fur)",84110,"Leather Waste",2021,188.99999999999997
8,"Animal Hides",841,"Raw hides & skin (non-fur)",84111,"Leather Sheets",2021,129588
8,"Animal Hides",842,"Leather articles",84201,"Saddlery",2021,3558385
8,"Animal Hides",842,"Leather articles",84202,"Trunks and Cases",2021,724831035
8,"Animal Hides",842,"Leather articles",84203,"Leather Apparel",2021,66221709
8,"Animal Hides",842,"Leather articles",84205,"Other Leather Articles",2021,1966016
8,"Animal Hides",843,"Furskins, articifial fur, & articles",84302,"Tanned Furskins",2021,201380
8,"Animal Hides",843,"Furskins, articifial fur, & articles",84303,"Furskin Apparel",2021,12323429
8,"Animal Hides",843,"Furskins, articifial fur, & articles",84304,"Artificial Fur",2021,262533
9,"Wood Products",944,"Wood, wood articles, & charcoal",94401,"Fuel Wood",2021,1458743
9,"Wood Products",944,"Wood, wood articles, & charcoal",94402,"Wood Charcoal",2021,63484770
9,"Wood Products",944,"Wood, wood articles, & charcoal",94403,"Rough Wood",2021,41937
9,"Wood Products",944,"Wood, wood articles, & charcoal",94404,"Wood Stakes",2021,9950
9,"Wood Products",944,"Wood, wood articles, & charcoal",94407,"Sawn Wood",2021,62390615.00000001
9,"Wood Products",944,"Wood, wood articles, & charcoal",94408,"Veneer Sheets",2021,3362211
9,"Wood Products",944,"Wood, wood articles, & charcoal",94409,"Shaped Wood",2021,15649075
9,"Wood Products",944,"Wood, wood articles, & charcoal",94410,"Particle Board",2021,563738
9,"Wood Products",944,"Wood, wood articles, & charcoal",94411,"Wood Fiberboard",2021,47706566
9,"Wood Products",944,"Wood, wood articles, & charcoal",94412,"Plywood",2021,35708741
9,"Wood Products",944,"Wood, wood articles, & charcoal",94413,"Densified Wood",2021,224627
9,"Wood Products",944,"Wood, wood articles, & charcoal",94414,"Wood Frames",2021,371102
9,"Wood Products",944,"Wood, wood articles, & charcoal",94415,"Wood Crates",2021,616912
9,"Wood Products",944,"Wood, wood articles, & charcoal",94416,"Wood Barrels",2021,457240
9,"Wood Products",944,"Wood, wood articles, & charcoal",94417,"Wooden Tool Handles",2021,50547
9,"Wood Products",944,"Wood, wood articles, & charcoal",94418,"Wood Carpentry",2021,980503856.0000001
9,"Wood Products",944,"Wood, wood articles, & charcoal",94419,"Wood Kitchenware",2021,18860748
9,"Wood Products",944,"Wood, wood articles, & charcoal",94420,"Wood Ornaments",2021,12446231
9,"Wood Products",944,"Wood, wood articles, & charcoal",94421,"Other Wood Articles",2021,19430785
9,"Wood Products",945,"Cork & cork articles",94501,"Raw Cork",2021,580153
9,"Wood Products",945,"Cork & cork articles",94502,"Debacked Cork",2021,8
9,"Wood Products",945,"Cork & cork articles",94503,"Natural Cork Articles",2021,204587.00000000003
9,"Wood Products",945,"Cork & cork articles",94504,"Agglomerated Cork",2021,145618.99999999997
9,"Wood Products",946,"Straw & esparto manufactures",94601,"Plaiting Products",2021,3801301
9,"Wood Products",946,"Straw & esparto manufactures",94602,"Basketwork",2021,59639280
10,"Paper Goods",1047,"Wood pulp & paper scrap",104701,"Mechanical Wood Pulp",2021,9100
10,"Paper Goods",1047,"Wood pulp & paper scrap",104703,"Sulfate Chemical Woodpulp",2021,16382690
10,"Paper Goods",1047,"Wood pulp & paper scrap",104704,"Sulfite Chemical Woodpulp",2021,6.999999999999999
10,"Paper Goods",1047,"Wood pulp & paper scrap",104706,"Recovered Paper Pulp",2021,140725552
10,"Paper Goods",1047,"Wood pulp & paper scrap",104707,"Recovered Paper",2021,19200046
10,"Paper Goods",1048,"Paper articles",104801,"Newsprint",2021,17001
10,"Paper Goods",1048,"Paper articles",104802,"Uncoated Paper",2021,947585
10,"Paper Goods",1048,"Paper articles",104803,"Tissue",2021,2240270
10,"Paper Goods",1048,"Paper articles",104804,"Kraft Paper",2021,452762
10,"Paper Goods",1048,"Paper articles",104805,"Other Uncoated Paper",2021,2140989
10,"Paper Goods",1048,"Paper articles",104806,"Vegetable Parchment",2021,41527
10,"Paper Goods",1048,"Paper articles",104807,"Composite Paper",2021,907
10,"Paper Goods",1048,"Paper articles",104808,"Corrugated Paper",2021,280208
10,"Paper Goods",1048,"Paper articles",104809,"Carbon Paper",2021,2911
10,"Paper Goods",1048,"Paper articles",104810,"Kaolin Coated Paper",2021,4079966
10,"Paper Goods",1048,"Paper articles",104811,"Cellulose Fibers Paper",2021,3964207
10,"Paper Goods",1048,"Paper articles",104812,"Paper Pulp Filter Blocks",2021,70899
10,"Paper Goods",1048,"Paper articles",104813,"Cigarette Paper",2021,51084380
10,"Paper Goods",1048,"Paper articles",104814,"Wallpaper",2021,4153845
10,"Paper Goods",1048,"Paper articles",104816,"Other Carbon Paper",2021,115798
10,"Paper Goods",1048,"Paper articles",104817,"Letter Stock",2021,185735
10,"Paper Goods",1048,"Paper articles",104818,"Toilet Paper",2021,46439632.00000001
10,"Paper Goods",1048,"Paper articles",104819,"Paper Containers",2021,20923183
10,"Paper Goods",1048,"Paper articles",104820,"Paper Notebooks",2021,518903
10,"Paper Goods",1048,"Paper articles",104821,"Paper Labels",2021,9815997
10,"Paper Goods",1048,"Paper articles",104822,"Paper Spools",2021,52256
10,"Paper Goods",1048,"Paper articles",104823,"Shaped Paper",2021,15095075
10,"Paper Goods",1049,"Books, newspapers, & other prints",104901,"Brochures",2021,2315646
10,"Paper Goods",1049,"Books, newspapers, & other prints",104902,"Newspapers",2021,141368
10,"Paper Goods",1049,"Books, newspapers, & other prints",104903,"Children's Picture Books",2021,15651
10,"Paper Goods",1049,"Books, newspapers, & other prints",104904,"Sheet Music",2021,51
10,"Paper Goods",1049,"Books, newspapers, & other prints",104905,"Maps",2021,32064
10,"Paper Goods",1049,"Books, newspapers, & other prints",104906,"Architectural Plans",2021,2793
10,"Paper Goods",1049,"Books, newspapers, & other prints",104907,"Documents of title (bonds etc) and unused stamps",2021,602924
10,"Paper Goods",1049,"Books, newspapers, & other prints",104908,"Decals",2021,241167
10,"Paper Goods",1049,"Books, newspapers, & other prints",104909,"Postcards",2021,2367000
10,"Paper Goods",1049,"Books, newspapers, & other prints",104910,"Calendars",2021,98669
10,"Paper Goods",1049,"Books, newspapers, & other prints",104911,"Other Printed Material",2021,2802280
11,"Textiles",1150,"Silk",115001,"Silk-worm Cocoons",2021,1495
11,"Textiles",1150,"Silk",115007,"Silk Fabrics",2021,134793
11,"Textiles",1151,"Wool & animal hair",115105,"Prepared Wool or Animal Hair",2021,548
11,"Textiles",1151,"Wool & animal hair",115106,"Non-Retail Carded Wool Yarn",2021,3720
11,"Textiles",1151,"Wool & animal hair",115108,"Non-Retail Animal Hair Yarn",2021,45706
11,"Textiles",1151,"Wool & animal hair",115109,"Retail Wool or Animal Hair Yarn",2021,2435
11,"Textiles",1151,"Wool & animal hair",115111,"Carded Wool or Animal Hair Fabric",2021,45364
11,"Textiles",1151,"Wool & animal hair",115112,"Combed Wool or Animal Hair Fabric",2021,18996
11,"Textiles",1151,"Wool & animal hair",115113,"Horsehair Fabric",2021,101
11,"Textiles",1152,"Cotton",115201,"Raw Cotton",2021,480812
11,"Textiles",1152,"Cotton",115202,"Cotton Waste",2021,1568768
11,"Textiles",1152,"Cotton",115203,"Prepared Cotton",2021,247856
11,"Textiles",1152,"Cotton",115204,"Cotton Sewing Thread",2021,118757
11,"Textiles",1152,"Cotton",115205,"Non-Retail Pure Cotton Yarn",2021,891631
11,"Textiles",1152,"Cotton",115206,"Non-Retail Mixed Cotton Yarn",2021,3490695
11,"Textiles",1152,"Cotton",115207,"Retail Cotton Yarn",2021,82
11,"Textiles",1152,"Cotton",115208,"Light Pure Woven Cotton",2021,378711
11,"Textiles",1152,"Cotton",115209,"Heavy Pure Woven Cotton",2021,160543
11,"Textiles",1152,"Cotton",115210,"Light Mixed Woven Cotton",2021,1324840.0000000002
11,"Textiles",1152,"Cotton",115211,"Heavy Mixed Woven Cotton",2021,24297
11,"Textiles",1152,"Cotton",115212,"Other Cotton Fabrics",2021,20356
11,"Textiles",1153,"Vegetable textile fibers, paper yarn & fabrics",115301,"Flax Fibers",2021,5
11,"Textiles",1153,"Vegetable textile fibers, paper yarn & fabrics",115303,"Jute and Other Textile Fibers",2021,133887
11,"Textiles",1153,"Vegetable textile fibers, paper yarn & fabrics",115305,"Coconut and Other Vegetable Fibers",2021,38104021
11,"Textiles",1153,"Vegetable textile fibers, paper yarn & fabrics",115306,"Flax Yarn",2021,626
11,"Textiles",1153,"Vegetable textile fibers, paper yarn & fabrics",115308,"Other Vegetable Fibers Yarn",2021,144240
11,"Textiles",1153,"Vegetable textile fibers, paper yarn & fabrics",115309,"Flax Woven Fabric",2021,47107
11,"Textiles",1153,"Vegetable textile fibers, paper yarn & fabrics",115310,"Jute Woven Fabric",2021,52047
11,"Textiles",1153,"Vegetable textile fibers, paper yarn & fabrics",115311,"Other Vegetable Fibers Fabric",2021,881454
11,"Textiles",1154,"Man-made filaments",115401,"Artificial Filament Sewing Thread",2021,155400
11,"Textiles",1154,"Man-made filaments",115402,"Non-Retail Synthetic Filament Yarn",2021,3025893
11,"Textiles",1154,"Man-made filaments",115403,"Non-Retail Artificial Filament Yarn",2021,151192
11,"Textiles",1154,"Man-made filaments",115404,"Synthetic Monofilament",2021,67565
11,"Textiles",1154,"Man-made filaments",115406,"Retail Artificial Filament Yarn",2021,24502.999999999996
11,"Textiles",1154,"Man-made filaments",115407,"Synthetic Filament Yarn Woven Fabric",2021,5240616
11,"Textiles",1154,"Man-made filaments",115408,"Artificial Filament Yarn Woven Fabric",2021,31575
11,"Textiles",1155,"Man-made staple fibres",115501,"Synthetic Filament Tow",2021,3717
11,"Textiles",1155,"Man-made staple fibres",115502,"Artificial Filament Tow",2021,659041
11,"Textiles",1155,"Man-made staple fibres",115503,"Unprocessed Synthetic Staple Fibers",2021,182276.00000000003
11,"Textiles",1155,"Man-made staple fibres",115504,"Unprocessed Artificial Staple Fibers",2021,731289.0000000001
11,"Textiles",1155,"Man-made staple fibres",115505,"Artificial Fibers Waste",2021,368885
11,"Textiles",1155,"Man-made staple fibres",115506,"Processed Synthetic Staple Fibers",2021,20018
11,"Textiles",1155,"Man-made staple fibres",115508,"Non-Retail Artificial Staple Fibers Sewing Thread",2021,32254
11,"Textiles",1155,"Man-made staple fibres",115509,"Non-Retail Synthetic Staple Fibers Yarn",2021,15467947
11,"Textiles",1155,"Man-made staple fibres",115510,"Non-Retail Artificial Staple Fibers Yarn",2021,30352
11,"Textiles",1155,"Man-made staple fibres",115511,"Retail Artificial Staple Fibers Yarn",2021,132730
11,"Textiles",1155,"Man-made staple fibres",115512,"Synthetic Fabrics",2021,185758
11,"Textiles",1155,"Man-made staple fibres",115513,"Light Synthetic Cotton Fabrics",2021,26043.000000000004
11,"Textiles",1155,"Man-made staple fibres",115514,"Heavy Synthetic Cotton Fabrics",2021,31700
11,"Textiles",1155,"Man-made staple fibres",115515,"Other Synthetic Fabrics",2021,177267
11,"Textiles",1155,"Man-made staple fibres",115516,"Woven Fabric of Synthetic Staple Fibers",2021,32873
11,"Textiles",1156,"Wadding, felt, nonwovens, twin, ropes, & articles thereof",115601,"Wadding",2021,17707687
11,"Textiles",1156,"Wadding, felt, nonwovens, twin, ropes, & articles thereof",115602,"Felt",2021,139120
11,"Textiles",1156,"Wadding, felt, nonwovens, twin, ropes, & articles thereof",115603,"Non-woven Textiles",2021,2329462
11,"Textiles",1156,"Wadding, felt, nonwovens, twin, ropes, & articles thereof",115604,"Rubber Textiles",2021,26229
11,"Textiles",1156,"Wadding, felt, nonwovens, twin, ropes, & articles thereof",115605,"Metallic Yarn",2021,1979
11,"Textiles",1156,"Wadding, felt, nonwovens, twin, ropes, & articles thereof",115606,"Gimp Yarn",2021,313
11,"Textiles",1156,"Wadding, felt, nonwovens, twin, ropes, & articles thereof",115607,"Twine and Rope",2021,11964528
11,"Textiles",1156,"Wadding, felt, nonwovens, twin, ropes, & articles thereof",115608,"Twine, cordage or rope; knotted netting, made up fishing nets and other made up nets, of textile materials",2021,21324153
11,"Textiles",1156,"Wadding, felt, nonwovens, twin, ropes, & articles thereof",115609,"Other Articles of Twine and Rope",2021,5760904
11,"Textiles",1157,"Carpets & textile floor covers",115701,"Knotted Carpets",2021,125211
11,"Textiles",1157,"Carpets & textile floor covers",115702,"Hand-Woven Rugs",2021,658917
11,"Textiles",1157,"Carpets & textile floor covers",115703,"Tufted Carpets",2021,173492
11,"Textiles",1157,"Carpets & textile floor covers",115704,"Felt Carpets",2021,1577
11,"Textiles",1157,"Carpets & textile floor covers",115705,"Other Carpets",2021,80177
11,"Textiles",1158,"Special woven fabrics and tapestries",115801,"Woven Fabrics",2021,46760
11,"Textiles",1158,"Special woven fabrics and tapestries",115802,"Terry Fabric",2021,1543
11,"Textiles",1158,"Special woven fabrics and tapestries",115804,"Tulles and Net Fabric",2021,325801
11,"Textiles",1158,"Special woven fabrics and tapestries",115805,"Hand-Woven Tapestries",2021,250222
11,"Textiles",1158,"Special woven fabrics and tapestries",115806,"Narrow Woven Fabric",2021,49655793
11,"Textiles",1158,"Special woven fabrics and tapestries",115807,"Labels",2021,71898
11,"Textiles",1158,"Special woven fabrics and tapestries",115808,"Ornamental Trimmings",2021,2509007
11,"Textiles",1158,"Special woven fabrics and tapestries",115809,"Metallic Fabric",2021,5204
11,"Textiles",1158,"Special woven fabrics and tapestries",115810,"Embroidery",2021,418758
11,"Textiles",1158,"Special woven fabrics and tapestries",115811,"Quilted Textiles",2021,62003.99999999999
11,"Textiles",1159,"Coated, covered, & laminated fabrics for industrial use",115901,"Gum Coated Textile Fabric",2021,29237.000000000004
11,"Textiles",1159,"Coated, covered, & laminated fabrics for industrial use",115902,"Polyamide Fabric",2021,920188
11,"Textiles",1159,"Coated, covered, & laminated fabrics for industrial use",115903,"Plastic Coated Textile Fabric",2021,46439811
11,"Textiles",1159,"Coated, covered, & laminated fabrics for industrial use",115904,"Linoleum",2021,8160
11,"Textiles",1159,"Coated, covered, & laminated fabrics for industrial use",115905,"Textile Wall Coverings",2021,777287
11,"Textiles",1159,"Coated, covered, & laminated fabrics for industrial use",115906,"Rubber Textile Fabric",2021,2841984
11,"Textiles",1159,"Coated, covered, & laminated fabrics for industrial use",115907,"Coated Textile Fabric",2021,659186.0000000001
11,"Textiles",1159,"Coated, covered, & laminated fabrics for industrial use",115908,"Textile Wicks",2021,620673
11,"Textiles",1159,"Coated, covered, & laminated fabrics for industrial use",115909,"Hose Piping Textiles",2021,792706
11,"Textiles",1159,"Coated, covered, & laminated fabrics for industrial use",115910,"Conveyor Belt Textiles",2021,9260195
11,"Textiles",1159,"Coated, covered, & laminated fabrics for industrial use",115911,"Textiles for technical uses",2021,8575093
11,"Textiles",1160,"Knitted fabrics",116001,"Pile Fabric",2021,23901
11,"Textiles",1160,"Knitted fabrics",116002,"Light Rubberized Knitted Fabric",2021,4427609
11,"Textiles",1161,"Knitted clothing accesories",116101,"Knit Men's Coats",2021,11299572
11,"Textiles",1161,"Knitted clothing accesories",116102,"Knit Women's Coats",2021,17858513
11,"Textiles",1161,"Knitted clothing accesories",116103,"Knit Men's Suits",2021,115369506
11,"Textiles",1161,"Knitted clothing accesories",116104,"Knit Women's Suits",2021,174930718
11,"Textiles",1161,"Knitted clothing accesories",116105,"Knit Men's Shirts",2021,30891006
11,"Textiles",1161,"Knitted clothing accesories",116106,"Knit Women's Shirts",2021,20947642
11,"Textiles",1161,"Knitted clothing accesories",116107,"Knit Men's Undergarments",2021,35158028
11,"Textiles",1161,"Knitted clothing accesories",116108,"Knit Women's Undergarments",2021,61832642
11,"Textiles",1161,"Knitted clothing accesories",116109,"Knit T-shirts",2021,86701180
11,"Textiles",1161,"Knitted clothing accesories",116110,"Knit Sweaters",2021,200154649
11,"Textiles",1161,"Knitted clothing accesories",116111,"Knit Babies' Garments",2021,13568514
11,"Textiles",1161,"Knitted clothing accesories",116112,"Knit Active Wear",2021,4090157
11,"Textiles",1161,"Knitted clothing accesories",116113,"Garments of Impregnated Fabric",2021,2393613
11,"Textiles",1161,"Knitted clothing accesories",116114,"Other Knit Garments",2021,32369730
11,"Textiles",1161,"Knitted clothing accesories",116115,"Knit Socks and Hosiery",2021,21078048
11,"Textiles",1161,"Knitted clothing accesories",116116,"Knit Gloves",2021,27556716
11,"Textiles",1161,"Knitted clothing accesories",116117,"Other Knit Clothing Accessories",2021,5360987
11,"Textiles",1162,"Non-knitted clothing accesories",116201,"Non-Knit Men's Coats",2021,24277894
11,"Textiles",1162,"Non-knitted clothing accesories",116202,"Non-Knit Women's Coats",2021,21854053
11,"Textiles",1162,"Non-knitted clothing accesories",116203,"Non-Knit Men's Suits",2021,87862154
11,"Textiles",1162,"Non-knitted clothing accesories",116204,"Non-Knit Women's Suits",2021,139581930
11,"Textiles",1162,"Non-knitted clothing accesories",116205,"Non-Knit Men's Shirts",2021,55823898
11,"Textiles",1162,"Non-knitted clothing accesories",116206,"Non-Knit Women's Shirts",2021,35500886
11,"Textiles",1162,"Non-knitted clothing accesories",116207,"Non-Knit Men's Undergarments",2021,1880160
11,"Textiles",1162,"Non-knitted clothing accesories",116208,"Non-Knit Women's Undergarments",2021,7347187
11,"Textiles",1162,"Non-knitted clothing accesories",116209,"Non-Knit Babies' Garments",2021,7693057
11,"Textiles",1162,"Non-knitted clothing accesories",116210,"Felt or Coated Fabric Garments",2021,4499933
11,"Textiles",1162,"Non-knitted clothing accesories",116211,"Non-Knit Active Wear",2021,33766841
11,"Textiles",1162,"Non-knitted clothing accesories",116212,"Other Women's Undergarments",2021,51491211
11,"Textiles",1162,"Non-knitted clothing accesories",116213,"Handkerchiefs",2021,58615
11,"Textiles",1162,"Non-knitted clothing accesories",116214,"Scarves",2021,557660
11,"Textiles",1162,"Non-knitted clothing accesories",116215,"Neck Ties",2021,118070
11,"Textiles",1162,"Non-knitted clothing accesories",116216,"Non-Knit Gloves",2021,9875454
11,"Textiles",1162,"Non-knitted clothing accesories",116217,"Other Non-Knit Clothing Accessories",2021,2221129
11,"Textiles",1163,"Used clothes & textile articles",116301,"Blankets",2021,419395
11,"Textiles",1163,"Used clothes & textile articles",116302,"House Linens",2021,4897632
11,"Textiles",1163,"Used clothes & textile articles",116303,"Window Dressings",2021,9434103
11,"Textiles",1163,"Used clothes & textile articles",116304,"Bedspreads",2021,433710
11,"Textiles",1163,"Used clothes & textile articles",116305,"Packing Bags",2021,23390559
11,"Textiles",1163,"Used clothes & textile articles",116306,"Awnings, Tents, and Sails",2021,6013540
11,"Textiles",1163,"Used clothes & textile articles",116307,"Other Cloth Articles",2021,52327441
11,"Textiles",1163,"Used clothes & textile articles",116308,"Packaged Sewing Sets",2021,262298
11,"Textiles",1163,"Used clothes & textile articles",116309,"Used Clothing",2021,12776782
11,"Textiles",1163,"Used clothes & textile articles",116310,"Textile Scraps",2021,2631338
12,"Footwear and Headwear",1264,"Footwear",126401,"Waterproof Footwear",2021,2788517
12,"Footwear and Headwear",1264,"Footwear",126402,"Rubber Footwear",2021,3762841
12,"Footwear and Headwear",1264,"Footwear",126403,"Leather Footwear",2021,123235221
12,"Footwear and Headwear",1264,"Footwear",126404,"Textile Footwear",2021,79541810
12,"Footwear and Headwear",1264,"Footwear",126405,"Other Footwear",2021,20090058
12,"Footwear and Headwear",1264,"Footwear",126406,"Footwear Parts",2021,4575987
12,"Footwear and Headwear",1265,"Headgear",126501,"Hat Forms",2021,2232.0000000000005
12,"Footwear and Headwear",1265,"Headgear",126502,"Hat Shapes",2021,547511
12,"Footwear and Headwear",1265,"Headgear",126504,"Hats",2021,341752
12,"Footwear and Headwear",1265,"Headgear",126505,"Knitted Hats",2021,45329811
12,"Footwear and Headwear",1265,"Headgear",126506,"Other Headwear",2021,999760
12,"Footwear and Headwear",1265,"Headgear",126507,"Headbands and Linings",2021,256650
12,"Footwear and Headwear",1266,"Umbrellas, walking sticks, & whips",126601,"Umbrellas",2021,2082029.9999999998
12,"Footwear and Headwear",1266,"Umbrellas, walking sticks, & whips",126602,"Walking Sticks",2021,5353
12,"Footwear and Headwear",1266,"Umbrellas, walking sticks, & whips",126603,"Umbrella and Walking Stick Accessories",2021,594287
12,"Footwear and Headwear",1267,"Feather articles, feathers, artificial flowers, & articles of human hair",126701,"Bird Skins and Feathers",2021,7153
12,"Footwear and Headwear",1267,"Feather articles, feathers, artificial flowers, & articles of human hair",126702,"Artificial Vegetation",2021,1505698
12,"Footwear and Headwear",1267,"Feather articles, feathers, artificial flowers, & articles of human hair",126703,"Processed Hair",2021,710447
12,"Footwear and Headwear",1267,"Feather articles, feathers, artificial flowers, & articles of human hair",126704,"Fake Hair",2021,37204019
13,"Stone And Glass",1368,"Stone, plaster, cement, asbestos, mica.",136801,"Curbstones",2021,71366
13,"Stone And Glass",1368,"Stone, plaster, cement, asbestos, mica.",136802,"Building Stone",2021,2654270
13,"Stone And Glass",1368,"Stone, plaster, cement, asbestos, mica.",136803,"Worked Slate",2021,41261
13,"Stone And Glass",1368,"Stone, plaster, cement, asbestos, mica.",136804,"Milling Stones",2021,41795007
13,"Stone And Glass",1368,"Stone, plaster, cement, asbestos, mica.",136805,"Abrasive Powder",2021,431446
13,"Stone And Glass",1368,"Stone, plaster, cement, asbestos, mica.",136806,"Rock Wool",2021,19469939
13,"Stone And Glass",1368,"Stone, plaster, cement, asbestos, mica.",136807,"Asphalt",2021,644424
13,"Stone And Glass",1368,"Stone, plaster, cement, asbestos, mica.",136808,"Vegetable Fiber",2021,17529
13,"Stone And Glass",1368,"Stone, plaster, cement, asbestos, mica.",136809,"Plaster Articles",2021,84794
13,"Stone And Glass",1368,"Stone, plaster, cement, asbestos, mica.",136810,"Cement Articles",2021,60443838
13,"Stone And Glass",1368,"Stone, plaster, cement, asbestos, mica.",136811,"Asbestos Cement Articles",2021,7168775
13,"Stone And Glass",1368,"Stone, plaster, cement, asbestos, mica.",136812,"Asbestos Fibres",2021,26791
13,"Stone And Glass",1368,"Stone, plaster, cement, asbestos, mica.",136813,"Friction Material",2021,4208822
13,"Stone And Glass",1368,"Stone, plaster, cement, asbestos, mica.",136815,"Other Stone Articles",2021,3405993
13,"Stone And Glass",1369,"Ceramic products",136901,"Bricks",2021,19262641
13,"Stone And Glass",1369,"Ceramic products",136902,"Refractory Bricks",2021,61451
13,"Stone And Glass",1369,"Ceramic products",136903,"Refractory Ceramics",2021,39911
13,"Stone And Glass",1369,"Ceramic products",136904,"Ceramic Bricks",2021,1023
13,"Stone And Glass",1369,"Ceramic products",136905,"Roofing Tiles",2021,3250.0000000000005
13,"Stone And Glass",1369,"Ceramic products",136906,"Ceramic Pipes",2021,21662.000000000004
13,"Stone And Glass",1369,"Ceramic products",136907,"Unglazed Ceramics",2021,62930963.99999999
13,"Stone And Glass",1369,"Ceramic products",136909,"Laboratory Ceramic Ware",2021,3055312
13,"Stone And Glass",1369,"Ceramic products",136910,"Bathroom Ceramics",2021,142670
13,"Stone And Glass",1369,"Ceramic products",136911,"Porcelain Tableware",2021,453090
13,"Stone And Glass",1369,"Ceramic products",136912,"Ceramic Tableware",2021,9169919
13,"Stone And Glass",1369,"Ceramic products",136913,"Ornamental Ceramics",2021,14866981
13,"Stone And Glass",1369,"Ceramic products",136914,"Other Ceramic Articles",2021,1819938.9999999998
13,"Stone And Glass",1370,"Glass & glassware",137001,"Glass Scraps",2021,429521
13,"Stone And Glass",1370,"Glass & glassware",137002,"Glass Balls",2021,27407
13,"Stone And Glass",1370,"Glass & glassware",137003,"Cast or Rolled Glass",2021,21095
13,"Stone And Glass",1370,"Glass & glassware",137004,"Blown Glass",2021,3696179.9999999995
13,"Stone And Glass",1370,"Glass & glassware",137005,"Float Glass",2021,29834527
13,"Stone And Glass",1370,"Glass & glassware",137006,"Glass with Edge Workings",2021,62917
13,"Stone And Glass",1370,"Glass & glassware",137007,"Safety Glass",2021,904858
13,"Stone And Glass",1370,"Glass & glassware",137008,"Insulating Glass",2021,63276
13,"Stone And Glass",1370,"Glass & glassware",137009,"Glass Mirrors",2021,10709351
13,"Stone And Glass",1370,"Glass & glassware",137010,"Glass Bottles",2021,14182847
13,"Stone And Glass",1370,"Glass & glassware",137011,"Glass Bulbs",2021,14144
13,"Stone And Glass",1370,"Glass & glassware",137013,"Interior Decorative Glassware",2021,1625848
13,"Stone And Glass",1370,"Glass & glassware",137014,"Signaling Glassware",2021,21804.000000000004
13,"Stone And Glass",1370,"Glass & glassware",137015,"Eyewear and Clock Glass",2021,5844326
13,"Stone And Glass",1370,"Glass & glassware",137016,"Glass Bricks",2021,219788
13,"Stone And Glass",1370,"Glass & glassware",137017,"Laboratory Glassware",2021,100546
13,"Stone And Glass",1370,"Glass & glassware",137018,"Glass Beads",2021,129836
13,"Stone And Glass",1370,"Glass & glassware",137019,"Glass Fibers",2021,5896554
13,"Stone And Glass",1370,"Glass & glassware",137020,"Other Glass Articles",2021,2319622
14,"Precious Metals",1471,"Precious stones, metals, & pearls",147101,"Pearls",2021,32431446
14,"Precious Metals",1471,"Precious stones, metals, & pearls",147102,"Diamonds",2021,116920
14,"Precious Metals",1471,"Precious stones, metals, & pearls",147103,"Precious Stones",2021,3846034
14,"Precious Metals",1471,"Precious stones, metals, & pearls",147104,"Synthetic Reconstructed Jewellery Stones",2021,13402934
14,"Precious Metals",1471,"Precious stones, metals, & pearls",147105,"Precious Stone Dust",2021,106
14,"Precious Metals",1471,"Precious stones, metals, & pearls",147106,"Silver",2021,34527368
14,"Precious Metals",1471,"Precious stones, metals, & pearls",147107,"Silver Clad Metals",2021,165158.00000000003
14,"Precious Metals",1471,"Precious stones, metals, & pearls",147108,"Gold",2021,1358902112
14,"Precious Metals",1471,"Precious stones, metals, & pearls",147109,"Gold Clad Metals",2021,62513519
14,"Precious Metals",1471,"Precious stones, metals, & pearls",147110,"Platinum",2021,10022592
14,"Precious Metals",1471,"Precious stones, metals, & pearls",147111,"Platinum Clad Metals",2021,21953080
14,"Precious Metals",1471,"Precious stones, metals, & pearls",147112,"Precious Metal Scraps",2021,692792211.9999999
14,"Precious Metals",1471,"Precious stones, metals, & pearls",147113,"Jewellery",2021,25321200
14,"Precious Metals",1471,"Precious stones, metals, & pearls",147114,"Metal-Clad Products",2021,67827
14,"Precious Metals",1471,"Precious stones, metals, & pearls",147115,"Other Precious Metal Products",2021,755488
14,"Precious Metals",1471,"Precious stones, metals, & pearls",147116,"Pearl Products",2021,804714
14,"Precious Metals",1471,"Precious stones, metals, & pearls",147117,"Imitation Jewellery",2021,15837932
14,"Precious Metals",1471,"Precious stones, metals, & pearls",147118,"Coin",2021,16344.000000000002
15,"Metals",1572,"Iron & steel",157201,"Pig Iron",2021,1646.9999999999998
15,"Metals",1572,"Iron & steel",157202,"Ferroalloys",2021,2788719
15,"Metals",1572,"Iron & steel",157204,"Scrap Iron",2021,149714550
15,"Metals",1572,"Iron & steel",157205,"Iron Powder",2021,2730057
15,"Metals",1572,"Iron & steel",157206,"Iron Ingots",2021,3
15,"Metals",1572,"Iron & steel",157207,"Semi-Finished Iron",2021,3532
15,"Metals",1572,"Iron & steel",157208,"Hot-Rolled Iron",2021,483466
15,"Metals",1572,"Iron & steel",157209,"Cold-Rolled Iron",2021,87864
15,"Metals",1572,"Iron & steel",157210,"Coated Flat-Rolled Iron",2021,2264100
15,"Metals",1572,"Iron & steel",157211,"Large Flat-Rolled Iron",2021,12840
15,"Metals",1572,"Iron & steel",157212,"Large Coated Flat-Rolled Iron",2021,830498
15,"Metals",1572,"Iron & steel",157214,"Raw Iron Bars",2021,7408433
15,"Metals",1572,"Iron & steel",157215,"Other Iron Bars",2021,26406
15,"Metals",1572,"Iron & steel",157216,"Iron Blocks",2021,2182611
15,"Metals",1572,"Iron & steel",157217,"Iron Wire",2021,329155
15,"Metals",1572,"Iron & steel",157218,"Stainless Steel Ingots",2021,74536
15,"Metals",1572,"Iron & steel",157219,"Large Flat-Rolled Stainless Steel",2021,465867
15,"Metals",1572,"Iron & steel",157220,"Flat-Rolled Stainless Steel",2021,196788
15,"Metals",1572,"Iron & steel",157222,"Other Stainless Steel Bars",2021,522592
15,"Metals",1572,"Iron & steel",157223,"Stainless Steel Wire",2021,9052857
15,"Metals",1572,"Iron & steel",157224,"Steel Ingots",2021,2672026
15,"Metals",1572,"Iron & steel",157225,"Flat Flat-Rolled Steel",2021,1046260
15,"Metals",1572,"Iron & steel",157226,"Flat-Rolled Iron",2021,5504525.999999999
15,"Metals",1572,"Iron & steel",157227,"Steel Bars",2021,1635
15,"Metals",1572,"Iron & steel",157228,"Other Steel Bars",2021,4485891
15,"Metals",1572,"Iron & steel",157229,"Steel Wire",2021,216886
15,"Metals",1573,"Iron/Steel Articles",157301,"Iron Sheet Piling",2021,884307
15,"Metals",1573,"Iron/Steel Articles",157302,"Iron Railway Products",2021,1214602
15,"Metals",1573,"Iron/Steel Articles",157303,"Cast Iron Pipes",2021,558192
15,"Metals",1573,"Iron/Steel Articles",157304,"Iron Pipes",2021,3216412
15,"Metals",1573,"Iron/Steel Articles",157305,"Other Large Iron Pipes",2021,362379.99999999994
15,"Metals",1573,"Iron/Steel Articles",157306,"Other Small Iron Pipes",2021,13349998
15,"Metals",1573,"Iron/Steel Articles",157307,"Iron Pipe Fittings",2021,22984740
15,"Metals",1573,"Iron/Steel Articles",157308,"Iron Structures",2021,63074393
15,"Metals",1573,"Iron/Steel Articles",157309,"Large Iron Containers",2021,4363515
15,"Metals",1573,"Iron/Steel Articles",157310,"Small Iron Containers",2021,4990741
15,"Metals",1573,"Iron/Steel Articles",157311,"Iron Gas Containers",2021,5981348
15,"Metals",1573,"Iron/Steel Articles",157312,"Stranded Iron Wire",2021,17362642
15,"Metals",1573,"Iron/Steel Articles",157313,"Barbed Wire",2021,49181
15,"Metals",1573,"Iron/Steel Articles",157314,"Iron Cloth",2021,11248622
15,"Metals",1573,"Iron/Steel Articles",157315,"Iron Chains",2021,1282533
15,"Metals",1573,"Iron/Steel Articles",157316,"Iron Anchors",2021,25624.999999999996
15,"Metals",1573,"Iron/Steel Articles",157317,"Iron Nails",2021,8211116.000000001
15,"Metals",1573,"Iron/Steel Articles",157318,"Iron Fasteners",2021,121540832
15,"Metals",1573,"Iron/Steel Articles",157319,"Iron Sewing Needles",2021,200443
15,"Metals",1573,"Iron/Steel Articles",157320,"Iron Springs",2021,2431910
15,"Metals",1573,"Iron/Steel Articles",157321,"Iron Stovetops",2021,169630
15,"Metals",1573,"Iron/Steel Articles",157322,"Iron Radiators",2021,31111
15,"Metals",1573,"Iron/Steel Articles",157323,"Iron Housewares",2021,2965917
15,"Metals",1573,"Iron/Steel Articles",157324,"Iron Toiletry",2021,1224143
15,"Metals",1573,"Iron/Steel Articles",157325,"Other Cast Iron Products",2021,2132810
15,"Metals",1573,"Iron/Steel Articles",157326,"Other Iron Products",2021,45864282
15,"Metals",1574,"Copper articles",157401,"Precipitated Copper",2021,59398344
15,"Metals",1574,"Copper articles",157402,"Raw Copper",2021,150477349
15,"Metals",1574,"Copper articles",157403,"Refined Copper",2021,2046046033
15,"Metals",1574,"Copper articles",157404,"Scrap Copper",2021,566382466
15,"Metals",1574,"Copper articles",157405,"Copper Alloys",2021,56190
15,"Metals",1574,"Copper articles",157406,"Copper Powder",2021,148977
15,"Metals",1574,"Copper articles",157407,"Copper Bars",2021,185386
15,"Metals",1574,"Copper articles",157408,"Copper Wire",2021,98836797
15,"Metals",1574,"Copper articles",157409,"Copper Plating",2021,3422946
15,"Metals",1574,"Copper articles",157410,"Copper Foil",2021,105957212
15,"Metals",1574,"Copper articles",157411,"Copper Pipes",2021,342398
15,"Metals",1574,"Copper articles",157412,"Copper Pipe Fittings",2021,100401
15,"Metals",1574,"Copper articles",157413,"Stranded Copper Wire",2021,1809559
15,"Metals",1574,"Copper articles",157415,"Copper Fasteners",2021,1299884
15,"Metals",1574,"Copper articles",157418,"Copper Housewares",2021,8904051
15,"Metals",1574,"Copper articles",157419,"Other Copper Products",2021,3409281
15,"Metals",1575,"Nickel articles",157501,"Nickel Mattes",2021,745840317.9999999
15,"Metals",1575,"Nickel articles",157502,"Raw Nickel",2021,72.00000000000001
15,"Metals",1575,"Nickel articles",157503,"Scrap Nickel",2021,2482879
15,"Metals",1575,"Nickel articles",157504,"Nickel Powder",2021,65769
15,"Metals",1575,"Nickel articles",157505,"Nickel Bars",2021,6934999
15,"Metals",1575,"Nickel articles",157506,"Nickel Sheets",2021,10994
15,"Metals",1575,"Nickel articles",157507,"Nickel Pipes",2021,6738
15,"Metals",1575,"Nickel articles",157508,"Other Nickel Products",2021,53258
15,"Metals",1576,"Aluminum articles",157601,"Raw Aluminium",2021,5576110
15,"Metals",1576,"Aluminum articles",157602,"Scrap Aluminium",2021,96688205
15,"Metals",1576,"Aluminum articles",157603,"Aluminium Powder",2021,6972091
15,"Metals",1576,"Aluminum articles",157604,"Aluminium Bars",2021,43010424.00000001
15,"Metals",1576,"Aluminum articles",157605,"Aluminium Wire",2021,967509
15,"Metals",1576,"Aluminum articles",157606,"Aluminium Plating",2021,2714039
15,"Metals",1576,"Aluminum articles",157607,"Aluminium Foil",2021,47234593
15,"Metals",1576,"Aluminum articles",157608,"Aluminium Pipes",2021,31141
15,"Metals",1576,"Aluminum articles",157609,"Aluminium Pipe Fittings",2021,1463893
15,"Metals",1576,"Aluminum articles",157610,"Aluminium Structures",2021,27656335
15,"Metals",1576,"Aluminum articles",157611,"Large Aluminium Containers",2021,701549
15,"Metals",1576,"Aluminum articles",157612,"Aluminium Cans",2021,7418148.999999999
15,"Metals",1576,"Aluminum articles",157613,"Aluminium Gas Containers",2021,21351
15,"Metals",1576,"Aluminum articles",157614,"Stranded Aluminium Wire",2021,2195637
15,"Metals",1576,"Aluminum articles",157615,"Aluminium Housewares",2021,1833301
15,"Metals",1576,"Aluminum articles",157616,"Other Aluminium Products",2021,10058542
15,"Metals",1578,"Lead articles",157801,"Raw Lead",2021,43839632
15,"Metals",1578,"Lead articles",157802,"Scrap Lead",2021,2641415
15,"Metals",1578,"Lead articles",157804,"Lead Sheets",2021,166544
15,"Metals",1578,"Lead articles",157806,"Other Lead Products",2021,7392727
15,"Metals",1579,"Zinc articles",157901,"Raw Zinc",2021,135851
15,"Metals",1579,"Zinc articles",157902,"Scrap Waste",2021,2570404
15,"Metals",1579,"Zinc articles",157903,"Zinc Powder",2021,2873926
15,"Metals",1579,"Zinc articles",157904,"Zinc Bars",2021,107643.99999999999
15,"Metals",1579,"Zinc articles",157905,"Zinc Sheets",2021,55
15,"Metals",1579,"Zinc articles",157907,"Other Zinc Products",2021,1910071
15,"Metals",1580,"Tin articles",158001,"Raw Tin",2021,46550490
15,"Metals",1580,"Tin articles",158002,"Scrap Tin",2021,1489674
15,"Metals",1580,"Tin articles",158003,"Tin Bars",2021,788956
15,"Metals",1580,"Tin articles",158007,"Other Tin Products",2021,1175228
15,"Metals",1581,"Cermet articles",158101,"Tungsten",2021,483559
15,"Metals",1581,"Cermet articles",158102,"Molybdenum",2021,1914.0000000000002
15,"Metals",1581,"Cermet articles",158103,"Tantalum",2021,93056
15,"Metals",1581,"Cermet articles",158104,"Magnesium",2021,193620
15,"Metals",1581,"Cermet articles",158105,"Cobalt",2021,4594655
15,"Metals",1581,"Cermet articles",158108,"Titanium",2021,308981
15,"Metals",1581,"Cermet articles",158109,"Zirconium",2021,1192270
15,"Metals",1581,"Cermet articles",158112,"Other Metals",2021,5041107
15,"Metals",1581,"Cermet articles",158113,"Cermets",2021,623
15,"Metals",1582,"Tools & cutlery",158201,"Garden Tools",2021,47538
15,"Metals",1582,"Tools & cutlery",158202,"Hand Saws",2021,15321113
15,"Metals",1582,"Tools & cutlery",158203,"Hand Tools",2021,1032268
15,"Metals",1582,"Tools & cutlery",158204,"Wrenches",2021,170410
15,"Metals",1582,"Tools & cutlery",158205,"Other Hand Tools",2021,3699803
15,"Metals",1582,"Tools & cutlery",158206,"Tool Sets",2021,388647
15,"Metals",1582,"Tools & cutlery",158207,"Interchangeable Tool Parts",2021,10877348
15,"Metals",1582,"Tools & cutlery",158208,"Cutting Blades",2021,6426983
15,"Metals",1582,"Tools & cutlery",158209,"Tool Plates",2021,338673
15,"Metals",1582,"Tools & cutlery",158210,"Cooking Hand Tools",2021,44676.99999999999
15,"Metals",1582,"Tools & cutlery",158211,"Knives",2021,56770
15,"Metals",1582,"Tools & cutlery",158212,"Razor Blades",2021,63676
15,"Metals",1582,"Tools & cutlery",158213,"Scissors",2021,150585
15,"Metals",1582,"Tools & cutlery",158214,"Other Cutlery",2021,256840.99999999997
15,"Metals",1582,"Tools & cutlery",158215,"Cutlery Sets",2021,132196
15,"Metals",1583,"Miscellaneous metal products",158301,"Padlocks",2021,55658562
15,"Metals",1583,"Miscellaneous metal products",158302,"Metal Mountings",2021,111714865
15,"Metals",1583,"Miscellaneous metal products",158303,"Safes",2021,4489
15,"Metals",1583,"Miscellaneous metal products",158304,"Filing Cabinets",2021,1287199
15,"Metals",1583,"Miscellaneous metal products",158305,"Metal Office Supplies",2021,75754
15,"Metals",1583,"Miscellaneous metal products",158306,"Bells and Other Metal Ornaments",2021,4336718
15,"Metals",1583,"Miscellaneous metal products",158307,"Flexible Metal Tubing",2021,1291103
15,"Metals",1583,"Miscellaneous metal products",158308,"Other Metal Fasteners",2021,838309
15,"Metals",1583,"Miscellaneous metal products",158309,"Metal Stoppers",2021,16893289
15,"Metals",1583,"Miscellaneous metal products",158310,"Metal Signs",2021,507181
15,"Metals",1583,"Miscellaneous metal products",158311,"Coated Metal Soldering Products",2021,8337305
16,"Machines",1684,"Machinery, mechanical appliances, & parts",168401,"Nuclear Reactors",2021,853
16,"Machines",1684,"Machinery, mechanical appliances, & parts",168402,"Steam Boilers",2021,18243437
16,"Machines",1684,"Machinery, mechanical appliances, & parts",168403,"Central Heating Boilers",2021,990973
16,"Machines",1684,"Machinery, mechanical appliances, & parts",168404,"Boiler Plants",2021,7743962.999999999
16,"Machines",1684,"Machinery, mechanical appliances, & parts",168405,"Water and Gas Generators",2021,799585
16,"Machines",1684,"Machinery, mechanical appliances, & parts",168406,"Steam Turbines",2021,418891
16,"Machines",1684,"Machinery, mechanical appliances, & parts",168407,"Spark-Ignition Engines",2021,4294190
16,"Machines",1684,"Machinery, mechanical appliances, & parts",168408,"Combustion Engines",2021,2214775
16,"Machines",1684,"Machinery, mechanical appliances, & parts",168409,"Engine Parts",2021,117944606
16,"Machines",1684,"Machinery, mechanical appliances, & parts",168410,"Hydraulic Turbines",2021,61173
16,"Machines",1684,"Machinery, mechanical appliances, & parts",168411,"Gas Turbines",2021,105031358
16,"Machines",1684,"Machinery, mechanical appliances, & parts",168412,"Other Engines",2021,126068600
16,"Machines",1684,"Machinery, mechanical appliances, & parts",168413,"Liquid Pumps",2021,15739873
16,"Machines",1684,"Machinery, mechanical appliances, & parts",168414,"Air Pumps",2021,537266856
16,"Machines",1684,"Machinery, mechanical appliances, & parts",168415,"Air Conditioners",2021,67303592
16,"Machines",1684,"Machinery, mechanical appliances, & parts",168416,"Liquid Fuel Furnaces",2021,625806
16,"Machines",1684,"Machinery, mechanical appliances, & parts",168417,"Industrial Furnaces",2021,2568539
16,"Machines",1684,"Machinery, mechanical appliances, & parts",168418,"Refrigerators",2021,50047813
16,"Machines",1684,"Machinery, mechanical appliances, & parts",168419,"Other Heating Machinery",2021,137719497
16,"Machines",1684,"Machinery, mechanical appliances, & parts",168420,"Rolling Machines",2021,436481
16,"Machines",1684,"Machinery, mechanical appliances, & parts",168421,"Centrifuges",2021,157033187
16,"Machines",1684,"Machinery, mechanical appliances, & parts",168422,"Washing and Bottling Machines",2021,11111530
16,"Machines",1684,"Machinery, mechanical appliances, & parts",168423,"Scales",2021,1344330
16,"Machines",1684,"Machinery, mechanical appliances, & parts",168424,"Liquid Dispersing Machines",2021,157516780
16,"Machines",1684,"Machinery, mechanical appliances, & parts",168425,"Pulley Systems",2021,1189485
16,"Machines",1684,"Machinery, mechanical appliances, & parts",168426,"Cranes",2021,1606822
16,"Machines",1684,"Machinery, mechanical appliances, & parts",168427,"Fork-Lifts",2021,663622
16,"Machines",1684,"Machinery, mechanical appliances, & parts",168428,"Lifting Machinery",2021,8987762
16,"Machines",1684,"Machinery, mechanical appliances, & parts",168429,"Large Construction Vehicles",2021,6509686
16,"Machines",1684,"Machinery, mechanical appliances, & parts",168430,"Other Construction Vehicles",2021,2944528
16,"Machines",1684,"Machinery, mechanical appliances, & parts",168431,"Excavation Machinery",2021,37620976
16,"Machines",1684,"Machinery, mechanical appliances, & parts",168432,"Soil Preparation Machinery",2021,1042185
16,"Machines",1684,"Machinery, mechanical appliances, & parts",168433,"Harvesting Machinery",2021,484836
16,"Machines",1684,"Machinery, mechanical appliances, & parts",168434,"Dairy Machinery",2021,5065004
16,"Machines",1684,"Machinery, mechanical appliances, & parts",168435,"Fruit Pressing Machinery",2021,27974
16,"Machines",1684,"Machinery, mechanical appliances, & parts",168436,"Other Agricultural Machinery",2021,796689
16,"Machines",1684,"Machinery, mechanical appliances, & parts",168437,"Mill Machinery",2021,166865
16,"Machines",1684,"Machinery, mechanical appliances, & parts",168438,"Industrial Food Preperation Machinery",2021,9874339
16,"Machines",1684,"Machinery, mechanical appliances, & parts",168439,"Papermaking Machines",2021,384983
16,"Machines",1684,"Machinery, mechanical appliances, & parts",168440,"Book-binding Machines",2021,73894
16,"Machines",1684,"Machinery, mechanical appliances, & parts",168441,"Other Paper Machinery",2021,3384054
16,"Machines",1684,"Machinery, mechanical appliances, & parts",168442,"Print Production Machinery",2021,681026
16,"Machines",1684,"Machinery, mechanical appliances, & parts",168443,"Industrial Printers",2021,458783365
16,"Machines",1684,"Machinery, mechanical appliances, & parts",168444,"Artificial Textile Machinery",2021,128
16,"Machines",1684,"Machinery, mechanical appliances, & parts",168445,"Textile Fiber Machinery",2021,53926
16,"Machines",1684,"Machinery, mechanical appliances, & parts",168447,"Knitting Machines",2021,849085
16,"Machines",1684,"Machinery, mechanical appliances, & parts",168448,"Knitting Machine Accessories",2021,392869
16,"Machines",1684,"Machinery, mechanical appliances, & parts",168449,"Felt Machinery",2021,465
16,"Machines",1684,"Machinery, mechanical appliances, & parts",168450,"Household Washing Machines",2021,281600
16,"Machines",1684,"Machinery, mechanical appliances, & parts",168451,"Textile Processing Machines",2021,135521
16,"Machines",1684,"Machinery, mechanical appliances, & parts",168452,"Sewing Machines",2021,2508111
16,"Machines",1684,"Machinery, mechanical appliances, & parts",168453,"Leather Machinery",2021,39774.00000000001
16,"Machines",1684,"Machinery, mechanical appliances, & parts",168454,"Casting Machines",2021,11838795
16,"Machines",1684,"Machinery, mechanical appliances, & parts",168455,"Metal-Rolling Mills",2021,99563
16,"Machines",1684,"Machinery, mechanical appliances, & parts",168456,"Non-Mechanical Removal Machinery",2021,1745693
16,"Machines",1684,"Machinery, mechanical appliances, & parts",168457,"Metalworking Transfer Machines",2021,988055
16,"Machines",1684,"Machinery, mechanical appliances, & parts",168458,"Metal Lathes",2021,32641783
16,"Machines",1684,"Machinery, mechanical appliances, & parts",168459,"Drilling Machines",2021,666627
16,"Machines",1684,"Machinery, mechanical appliances, & parts",168460,"Metal Finishing Machines",2021,644032
16,"Machines",1684,"Machinery, mechanical appliances, & parts",168461,"Metalworking Machines",2021,491784
16,"Machines",1684,"Machinery, mechanical appliances, & parts",168462,"Forging Machines",2021,3581081
16,"Machines",1684,"Machinery, mechanical appliances, & parts",168463,"Other Non-Metal Removal Machinery",2021,304204
16,"Machines",1684,"Machinery, mechanical appliances, & parts",168464,"Stone Working Machines",2021,313401
16,"Machines",1684,"Machinery, mechanical appliances, & parts",168465,"Woodworking machines",2021,865019
16,"Machines",1684,"Machinery, mechanical appliances, & parts",168466,"Metalworking Machine Parts",2021,21022606
16,"Machines",1684,"Machinery, mechanical appliances, & parts",168467,"Motor-working Tools",2021,1408850
16,"Machines",1684,"Machinery, mechanical appliances, & parts",168468,"Soldering and Welding Machinery",2021,215814
16,"Machines",1684,"Machinery, mechanical appliances, & parts",168470,"Calculators",2021,162566311
16,"Machines",1684,"Machinery, mechanical appliances, & parts",168471,"Computers",2021,125742920
16,"Machines",1684,"Machinery, mechanical appliances, & parts",168472,"Other Office Machines",2021,179811432
16,"Machines",1684,"Machinery, mechanical appliances, & parts",168473,"Office Machine Parts",2021,14058839913
16,"Machines",1684,"Machinery, mechanical appliances, & parts",168474,"Stone Processing Machines",2021,3395257
16,"Machines",1684,"Machinery, mechanical appliances, & parts",168475,"Glass Working Machines",2021,36337
16,"Machines",1684,"Machinery, mechanical appliances, & parts",168476,"Vending Machines",2021,12766180
16,"Machines",1684,"Machinery, mechanical appliances, & parts",168477,"Rubberworking Machinery",2021,7122530
16,"Machines",1684,"Machinery, mechanical appliances, & parts",168478,"Tobacco Processing Machines",2021,1209177
16,"Machines",1684,"Machinery, mechanical appliances, & parts",168479,"Machinery Having Individual Functions",2021,197662824
16,"Machines",1684,"Machinery, mechanical appliances, & parts",168480,"Metal Molds",2021,10984435
16,"Machines",1684,"Machinery, mechanical appliances, & parts",168481,"Valves",2021,118561071
16,"Machines",1684,"Machinery, mechanical appliances, & parts",168482,"Ball Bearings",2021,40097402
16,"Machines",1684,"Machinery, mechanical appliances, & parts",168483,"Transmissions",2021,105852317
16,"Machines",1684,"Machinery, mechanical appliances, & parts",168484,"Gaskets",2021,8823530
16,"Machines",1684,"Machinery, mechanical appliances, & parts",168485,"Boat Propellers",2021,15824192
16,"Machines",1685,"Electrical machinery and electronics",168501,"Electric Motors",2021,1241198727
16,"Machines",1685,"Electrical machinery and electronics",168502,"Electric Generating Sets",2021,1734556
16,"Machines",1685,"Electrical machinery and electronics",168503,"Electric Motor Parts",2021,102401252
16,"Machines",1685,"Electrical machinery and electronics",168504,"Electrical Transformers",2021,3069454202
16,"Machines",1685,"Electrical machinery and electronics",168505,"Electromagnets",2021,538560093
16,"Machines",1685,"Electrical machinery and electronics",168506,"Batteries",2021,3638229
16,"Machines",1685,"Electrical machinery and electronics",168507,"Electric Batteries",2021,400760858
16,"Machines",1685,"Electrical machinery and electronics",168508,"Vacuum Cleaners",2021,273214
16,"Machines",1685,"Electrical machinery and electronics",168509,"Other Domestic Electric Housewares",2021,685116938
16,"Machines",1685,"Electrical machinery and electronics",168510,"Hair Trimmers",2021,2455702
16,"Machines",1685,"Electrical machinery and electronics",168511,"Electrical Ignitions",2021,122780586
16,"Machines",1685,"Electrical machinery and electronics",168512,"Electrical Lighting and Signalling Equipment",2021,186998769
16,"Machines",1685,"Electrical machinery and electronics",168513,"Portable Lighting",2021,177865
16,"Machines",1685,"Electrical machinery and electronics",168514,"Electric Furnaces",2021,9798166.999999998
16,"Machines",1685,"Electrical machinery and electronics",168515,"Electric Soldering Equipment",2021,7260028
16,"Machines",1685,"Electrical machinery and electronics",168516,"Electric Heaters",2021,702777200
16,"Machines",1685,"Electrical machinery and electronics",168517,"Telephones",2021,133128159
16,"Machines",1685,"Electrical machinery and electronics",168518,"Microphones and Headphones",2021,196994963
16,"Machines",1685,"Electrical machinery and electronics",168519,"Sound Recording Equipment",2021,111718
16,"Machines",1685,"Electrical machinery and electronics",168520,"Dictation Machines",2021,19600640
16,"Machines",1685,"Electrical machinery and electronics",168521,"Video Recording Equipment",2021,180945027
16,"Machines",1685,"Electrical machinery and electronics",168522,"Audio and Video Recording Accessories",2021,24552837
16,"Machines",1685,"Electrical machinery and electronics",168523,"Blank Audio Media",2021,1752619282
16,"Machines",1685,"Electrical machinery and electronics",168524,"Sound Recordings",2021,4269710
16,"Machines",1685,"Electrical machinery and electronics",168525,"Broadcasting Equipment",2021,985597239
16,"Machines",1685,"Electrical machinery and electronics",168526,"Navigation Equipment",2021,361866251.00000006
16,"Machines",1685,"Electrical machinery and electronics",168527,"Radio Receivers",2021,19378571
16,"Machines",1685,"Electrical machinery and electronics",168528,"Video Displays",2021,555157914
16,"Machines",1685,"Electrical machinery and electronics",168529,"Broadcasting Accessories",2021,719368868
16,"Machines",1685,"Electrical machinery and electronics",168530,"Traffic Signals",2021,616203
16,"Machines",1685,"Electrical machinery and electronics",168531,"Audio Alarms",2021,90463075
16,"Machines",1685,"Electrical machinery and electronics",168532,"Electrical Capacitors",2021,1976341692
16,"Machines",1685,"Electrical machinery and electronics",168533,"Electrical Resistors",2021,298422216
16,"Machines",1685,"Electrical machinery and electronics",168534,"Printed Circuit Boards",2021,588272206
16,"Machines",1685,"Electrical machinery and electronics",168535,"High-voltage Protection Equipment",2021,96858157
16,"Machines",1685,"Electrical machinery and electronics",168536,"Low-voltage Protection Equipment",2021,1247115508
16,"Machines",1685,"Electrical machinery and electronics",168537,"Electrical Control Boards",2021,345530422
16,"Machines",1685,"Electrical machinery and electronics",168538,"Electrical Power Accessories",2021,107574792
16,"Machines",1685,"Electrical machinery and electronics",168539,"Electric Filament",2021,61621123
16,"Machines",1685,"Electrical machinery and electronics",168540,"Cathode Tubes",2021,7276281
16,"Machines",1685,"Electrical machinery and electronics",168541,"Semiconductor Devices",2021,2888835385
16,"Machines",1685,"Electrical machinery and electronics",168542,"Integrated Circuits",2021,31039386123
16,"Machines",1685,"Electrical machinery and electronics",168543,"Other Electrical Machinery",2021,259981001
16,"Machines",1685,"Electrical machinery and electronics",168544,"Insulated Wire",2021,3164225762
16,"Machines",1685,"Electrical machinery and electronics",168545,"Carbon-based Electronics",2021,2914235
16,"Machines",1685,"Electrical machinery and electronics",168546,"Electrical Insulators",2021,652077
16,"Machines",1685,"Electrical machinery and electronics",168547,"Metal Insulating Fittings",2021,8697210
16,"Machines",1685,"Electrical machinery and electronics",168548,"Electrical Parts",2021,43639823
17,"Transportation",1786,"Railway and trams",178603,"Self-Propelled Rail Transport",2021,798834
17,"Transportation",1786,"Railway and trams",178605,"Railway Passenger Cars",2021,78
17,"Transportation",1786,"Railway and trams",178607,"Locomotive Parts",2021,4495890
17,"Transportation",1786,"Railway and trams",178608,"Railway Track Fixtures",2021,26398
17,"Transportation",1786,"Railway and trams",178609,"Railway Cargo Containers",2021,2552279
17,"Transportation",1787,"Cars, tractors, trucks & parts thereof.",178701,"Tractors",2021,12601
17,"Transportation",1787,"Cars, tractors, trucks & parts thereof.",178702,"Buses",2021,4081.0000000000005
17,"Transportation",1787,"Cars, tractors, trucks & parts thereof.",178703,"Cars",2021,26691676
17,"Transportation",1787,"Cars, tractors, trucks & parts thereof.",178704,"Delivery Trucks",2021,3580017
17,"Transportation",1787,"Cars, tractors, trucks & parts thereof.",178705,"Special purpose motor vehicles",2021,40243
17,"Transportation",1787,"Cars, tractors, trucks & parts thereof.",178706,"Motor vehicle (8701 to 8705) chassis fitted with engine",2021,605296
17,"Transportation",1787,"Cars, tractors, trucks & parts thereof.",178707,"Vehicle Bodies (including cabs) for the motor vehicles (8701 to 8705)",2021,1145578
17,"Transportation",1787,"Cars, tractors, trucks & parts thereof.",178708,"Motor vehicles; parts and accessories (8701 to 8705)",2021,708194415
17,"Transportation",1787,"Cars, tractors, trucks & parts thereof.",178709,"Work Trucks",2021,9093
17,"Transportation",1787,"Cars, tractors, trucks & parts thereof.",178710,"Tanks and Armored vehicles",2021,400
17,"Transportation",1787,"Cars, tractors, trucks & parts thereof.",178711,"Motorcycles and cycles",2021,35549588.99999999
17,"Transportation",1787,"Cars, tractors, trucks & parts thereof.",178712,"Bicycles, delivery tricycles, other cycles",2021,74404204
17,"Transportation",1787,"Cars, tractors, trucks & parts thereof.",178713,"Wheelchairs",2021,25967
17,"Transportation",1787,"Cars, tractors, trucks & parts thereof.",178714,"Bi-Wheel Vehicle Parts",2021,75026691
17,"Transportation",1787,"Cars, tractors, trucks & parts thereof.",178715,"Baby Carriages",2021,115830.00000000001
17,"Transportation",1787,"Cars, tractors, trucks & parts thereof.",178716,"Trailers and semi-trailers, not mechanically propelled vehicles",2021,4535634
17,"Transportation",1788,"Aircraft and Spacecraft",178801,"Non-powered Aircraft",2021,11924
17,"Transportation",1788,"Aircraft and Spacecraft",178802,"Planes, Helicopters, and/or Spacecraft",2021,44861
17,"Transportation",1788,"Aircraft and Spacecraft",178803,"Aircraft parts (gliders, balloons, and powered aircraft)",2021,242559191
17,"Transportation",1788,"Aircraft and Spacecraft",178804,"Parachutes",2021,1286
17,"Transportation",1788,"Aircraft and Spacecraft",178805,"Aircraft Launch Gear",2021,32821
17,"Transportation",1789,"Ships, boats, & floating structures",178901,"Passenger and Cargo Ships",2021,699157446
17,"Transportation",1789,"Ships, boats, & floating structures",178902,"Fishing Ships",2021,570000
17,"Transportation",1789,"Ships, boats, & floating structures",178903,"Recreational Boats",2021,1675067
17,"Transportation",1789,"Ships, boats, & floating structures",178906,"Other Sea Vessels",2021,75652
17,"Transportation",1789,"Ships, boats, & floating structures",178907,"Other Floating Structures",2021,100828
18,"Instruments",1890,"Optical, photo, & film equipment; medical instruments",189001,"Optical Fibers and optical fibre bundles",2021,532359008
18,"Instruments",1890,"Optical, photo, & film equipment; medical instruments",189002,"Mirrors and Lenses",2021,123861160
18,"Instruments",1890,"Optical, photo, & film equipment; medical instruments",189003,"Eyewear Frames",2021,28333373
18,"Instruments",1890,"Optical, photo, & film equipment; medical instruments",189004,"Eyewear",2021,20604569
18,"Instruments",1890,"Optical, photo, & film equipment; medical instruments",189005,"Binoculars and Telescopes",2021,22626583
18,"Instruments",1890,"Optical, photo, & film equipment; medical instruments",189006,"Cameras",2021,237789648.99999997
18,"Instruments",1890,"Optical, photo, & film equipment; medical instruments",189007,"Video Cameras",2021,1756288
18,"Instruments",1890,"Optical, photo, & film equipment; medical instruments",189008,"Image Projectors",2021,8262825
18,"Instruments",1890,"Optical, photo, & film equipment; medical instruments",189009,"Photocopiers",2021,61249575
18,"Instruments",1890,"Optical, photo, & film equipment; medical instruments",189010,"Photo Lab Equipment",2021,11167979
18,"Instruments",1890,"Optical, photo, & film equipment; medical instruments",189011,"Microscopes",2021,26765481
18,"Instruments",1890,"Optical, photo, & film equipment; medical instruments",189012,"Non-optical Microscopes",2021,6674595
18,"Instruments",1890,"Optical, photo, & film equipment; medical instruments",189013,"LCDs",2021,328488265
18,"Instruments",1890,"Optical, photo, & film equipment; medical instruments",189014,"Compasses",2021,13017807
18,"Instruments",1890,"Optical, photo, & film equipment; medical instruments",189015,"Surveying Equipment",2021,37317033
18,"Instruments",1890,"Optical, photo, & film equipment; medical instruments",189016,"Balances",2021,15790697
18,"Instruments",1890,"Optical, photo, & film equipment; medical instruments",189017,"Drafting Tools",2021,864148
18,"Instruments",1890,"Optical, photo, & film equipment; medical instruments",189018,"Medical Instruments",2021,219643558
18,"Instruments",1890,"Optical, photo, & film equipment; medical instruments",189019,"Therapeutic Appliances",2021,1701479
18,"Instruments",1890,"Optical, photo, & film equipment; medical instruments",189020,"Breathing Appliances",2021,11708617
18,"Instruments",1890,"Optical, photo, & film equipment; medical instruments",189021,"Orthopedic Appliances",2021,253899555
18,"Instruments",1890,"Optical, photo, & film equipment; medical instruments",189022,"X-Ray Equipment",2021,37375182
18,"Instruments",1890,"Optical, photo, & film equipment; medical instruments",189023,"Instructional Models",2021,6226157.999999999
18,"Instruments",1890,"Optical, photo, & film equipment; medical instruments",189024,"Tensile Testing Machines",2021,1245304
18,"Instruments",1890,"Optical, photo, & film equipment; medical instruments",189025,"Hydrometers",2021,47907591
18,"Instruments",1890,"Optical, photo, & film equipment; medical instruments",189026,"Gas and Liquid Flow Measuring Instruments",2021,134727649
18,"Instruments",1890,"Optical, photo, & film equipment; medical instruments",189027,"Chemical Analysis Instruments",2021,45847955
18,"Instruments",1890,"Optical, photo, & film equipment; medical instruments",189028,"Utility Meters",2021,9022871
18,"Instruments",1890,"Optical, photo, & film equipment; medical instruments",189029,"Revolution Counters",2021,120091889
18,"Instruments",1890,"Optical, photo, & film equipment; medical instruments",189030,"Oscilloscopes",2021,248959571
18,"Instruments",1890,"Optical, photo, & film equipment; medical instruments",189031,"Other Measuring Instruments",2021,338284758
18,"Instruments",1890,"Optical, photo, & film equipment; medical instruments",189032,"Thermostats",2021,281002874
18,"Instruments",1890,"Optical, photo, & film equipment; medical instruments",189033,"Opto-Electric Instrument Parts",2021,12352823
18,"Instruments",1891,"Clocks, watches, & parts",189101,"Precious Metal Watches",2021,2136307
18,"Instruments",1891,"Clocks, watches, & parts",189102,"Base Metal Watches",2021,156628430
18,"Instruments",1891,"Clocks, watches, & parts",189103,"Clocks with Watch Movements",2021,1369
18,"Instruments",1891,"Clocks, watches, & parts",189104,"Dashboard Clocks",2021,7435542
18,"Instruments",1891,"Clocks, watches, & parts",189105,"Other Clocks",2021,217434
18,"Instruments",1891,"Clocks, watches, & parts",189106,"Time Recording Instruments",2021,107723
18,"Instruments",1891,"Clocks, watches, & parts",189107,"Time Switches",2021,86076
18,"Instruments",1891,"Clocks, watches, & parts",189108,"Watch Movements",2021,1578894
18,"Instruments",1891,"Clocks, watches, & parts",189109,"Clock Movements",2021,131553
18,"Instruments",1891,"Clocks, watches, & parts",189110,"Incomplete Movement Sets",2021,67364
18,"Instruments",1891,"Clocks, watches, & parts",189111,"Watch Cases and Parts",2021,356002
18,"Instruments",1891,"Clocks, watches, & parts",189112,"Clock Cases and Parts",2021,898821.9999999999
18,"Instruments",1891,"Clocks, watches, & parts",189113,"Watch Straps",2021,1028883
18,"Instruments",1891,"Clocks, watches, & parts",189114,"Other Clocks and Watches",2021,3256438
18,"Instruments",1892,"Musical instruments",189201,"Pianos",2021,2899438
18,"Instruments",1892,"Musical instruments",189202,"String Instruments",2021,61438
18,"Instruments",1892,"Musical instruments",189205,"Wind Instruments",2021,7339
18,"Instruments",1892,"Musical instruments",189206,"Percussion",2021,12978
18,"Instruments",1892,"Musical instruments",189207,"Electric Musical Instruments",2021,177997.00000000003
18,"Instruments",1892,"Musical instruments",189208,"Other Musical Instruments",2021,88372
18,"Instruments",1892,"Musical instruments",189209,"Musical Instrument Parts",2021,491542
19,"Weapons",1993,"Weapons",199302,"Handguns",2021,48440141
19,"Weapons",1993,"Weapons",199303,"Other Firearms",2021,8733773
19,"Weapons",1993,"Weapons",199304,"Spring, Air, and Gas Guns",2021,3430356
19,"Weapons",1993,"Weapons",199305,"Weapons Parts and Accessories",2021,1785229
19,"Weapons",1993,"Weapons",199306,"Explosive Ammunition",2021,65336059.99999999
19,"Weapons",1993,"Weapons",199307,"Bladed Weapons and Accessories",2021,144352
20,"Miscellaneous",2094,"Furniture, bedding, lamps, & prefab buildings",209401,"Seats",2021,135363189
20,"Miscellaneous",2094,"Furniture, bedding, lamps, & prefab buildings",209402,"Medical Furniture",2021,532009
20,"Miscellaneous",2094,"Furniture, bedding, lamps, & prefab buildings",209403,"Other Furniture",2021,280034782
20,"Miscellaneous",2094,"Furniture, bedding, lamps, & prefab buildings",209404,"Mattresses",2021,151365262
20,"Miscellaneous",2094,"Furniture, bedding, lamps, & prefab buildings",209405,"Light Fixtures",2021,227134846
20,"Miscellaneous",2094,"Furniture, bedding, lamps, & prefab buildings",209406,"Prefabricated Buildings",2021,11158684
20,"Miscellaneous",2095,"Toys, games, & sports",209503,"Other toys",2021,63437634
20,"Miscellaneous",2095,"Toys, games, & sports",209504,"Video and Card Games",2021,64094009
20,"Miscellaneous",2095,"Toys, games, & sports",209505,"Party Decorations",2021,23377180
20,"Miscellaneous",2095,"Toys, games, & sports",209506,"Sports Equipment",2021,53278500
20,"Miscellaneous",2095,"Toys, games, & sports",209507,"Fishing and Hunting Equipment",2021,36277740
20,"Miscellaneous",2095,"Toys, games, & sports",209508,"Fairground Amusements",2021,13372858
20,"Miscellaneous",2096,"Misc. manufactures",209601,"Worked Ivory and Bone",2021,10852960
20,"Miscellaneous",2096,"Misc. manufactures",209602,"Vegetable and Mineral Carvings",2021,603914
20,"Miscellaneous",2096,"Misc. manufactures",209603,"Brooms",2021,19127439
20,"Miscellaneous",2096,"Misc. manufactures",209604,"Hand Sifters",2021,1484
20,"Miscellaneous",2096,"Misc. manufactures",209605,"Travel Kits",2021,149433
20,"Miscellaneous",2096,"Misc. manufactures",209606,"Buttons",2021,288642
20,"Miscellaneous",2096,"Misc. manufactures",209607,"Zippers",2021,823655
20,"Miscellaneous",2096,"Misc. manufactures",209608,"Pens",2021,686823
20,"Miscellaneous",2096,"Misc. manufactures",209609,"Pencils and Crayons",2021,17792136
20,"Miscellaneous",2096,"Misc. manufactures",209610,"Chalkboards",2021,266596.00000000006
20,"Miscellaneous",2096,"Misc. manufactures",209611,"Rubber Stamps",2021,293310
20,"Miscellaneous",2096,"Misc. manufactures",209612,"Ink Ribbons",2021,16353714
20,"Miscellaneous",2096,"Misc. manufactures",209613,"Lighters",2021,21491242
20,"Miscellaneous",2096,"Misc. manufactures",209614,"Smoking Pipes",2021,115360
20,"Miscellaneous",2096,"Misc. manufactures",209615,"Combs",2021,9296177
20,"Miscellaneous",2096,"Misc. manufactures",209616,"Scent Sprays",2021,1256412
20,"Miscellaneous",2096,"Misc. manufactures",209617,"Vacuum Flask",2021,38433124
20,"Miscellaneous",2096,"Misc. manufactures",209618,"Mannequins",2021,3131684
21,"Arts and Antiques",2197,"Art & antiques",219701,"Paintings",2021,3693503
21,"Arts and Antiques",2197,"Art & antiques",219702,"Prints",2021,159247
21,"Arts and Antiques",2197,"Art & antiques",219703,"Sculptures",2021,4044933
21,"Arts and Antiques",2197,"Art & antiques",219704,"Revenue Stamps",2021,663.9999999999999
21,"Arts and Antiques",2197,"Art & antiques",219705,"Collector's Items",2021,423785
21,"Arts and Antiques",2197,"Art & antiques",219706,"Antiques",2021,30068