Section ID,Section,HS2 ID,HS2,HS4 ID,HS4,Year,Trade Value
1,"Animal Products",101,"Live animals",10101,"Horses",2021,2073628
1,"Animal Products",101,"Live animals",10102,"Bovine",2021,1466158
1,"Animal Products",101,"Live animals",10104,"Sheep and Goats",2021,305122
1,"Animal Products",101,"Live animals",10105,"Poultry",2021,4298888
1,"Animal Products",101,"Live animals",10106,"Other Animals",2021,14029145
1,"Animal Products",102,"Meat & edible offal",10201,"Bovine Meat",2021,305483714
1,"Animal Products",102,"Meat & edible offal",10202,"Frozen Bovine Meat",2021,7517675
1,"Animal Products",102,"Meat & edible offal",10204,"Sheep and Goat Meat",2021,27012033
1,"Animal Products",102,"Meat & edible offal",10206,"Edible Offal",2021,8369496
1,"Animal Products",102,"Meat & edible offal",10207,"Poultry Meat",2021,4547304
1,"Animal Products",102,"Meat & edible offal",10208,"Other Meat",2021,1785726
1,"Animal Products",102,"Meat & edible offal",10210,"Preserved Meat",2021,15059090
1,"Animal Products",103,"Fish, Crustaceans & Molluscs",10301,"Live Fish",2021,270897
1,"Animal Products",103,"Fish, Crustaceans & Molluscs",10302,"Non-fillet Fresh Fish",2021,54585402
1,"Animal Products",103,"Fish, Crustaceans & Molluscs",10303,"Non-fillet Frozen Fish",2021,121544853
1,"Animal Products",103,"Fish, Crustaceans & Molluscs",10304,"Fish Fillets",2021,34968031
1,"Animal Products",103,"Fish, Crustaceans & Molluscs",10305,"Dried/Salted/Smoked/Brined Fish",2021,5257925
1,"Animal Products",103,"Fish, Crustaceans & Molluscs",10306,"Crustaceans",2021,94029103
1,"Animal Products",103,"Fish, Crustaceans & Molluscs",10307,"Molluscs",2021,119552782
1,"Animal Products",104,"Edible products of animal origin, n.e.s.",10401,"Milk",2021,5881931
1,"Animal Products",104,"Edible products of animal origin, n.e.s.",10402,"Concentrated Milk",2021,1148432
1,"Animal Products",104,"Edible products of animal origin, n.e.s.",10403,"Fermented Milk Products",2021,3505027
1,"Animal Products",104,"Edible products of animal origin, n.e.s.",10404,"Whey and other milk products",2021,76175
1,"Animal Products",104,"Edible products of animal origin, n.e.s.",10405,"Butter",2021,498411
1,"Animal Products",104,"Edible products of animal origin, n.e.s.",10406,"Cheese",2021,81453.99999999999
1,"Animal Products",104,"Edible products of animal origin, n.e.s.",10407,"Eggs",2021,14740283
1,"Animal Products",104,"Edible products of animal origin, n.e.s.",10409,"Honey",2021,8926944
1,"Animal Products",104,"Edible products of animal origin, n.e.s.",10410,"Other Edible Animal Products",2021,3890
1,"Animal Products",105,"Animal originated products, n.e.s.",10501,"Human Hair",2021,4762843
1,"Animal Products",105,"Animal originated products, n.e.s.",10502,"Pig Hair",2021,10273
1,"Animal Products",105,"Animal originated products, n.e.s.",10504,"Animal Organs",2021,28812935
1,"Animal Products",105,"Animal originated products, n.e.s.",10505,"Bird Feathers and Skins",2021,10200383
1,"Animal Products",105,"Animal originated products, n.e.s.",10506,"Processed Bones",2021,21597494
1,"Animal Products",105,"Animal originated products, n.e.s.",10507,"Raw Bones",2021,3996846
1,"Animal Products",105,"Animal originated products, n.e.s.",10508,"Coral and Shells",2021,52830
1,"Animal Products",105,"Animal originated products, n.e.s.",10510,"Pharmaceutical Animal Products",2021,222927
1,"Animal Products",105,"Animal originated products, n.e.s.",10511,"Other Inedible Animal Products",2021,705039
2,"Vegetable Products",206,"Live trees, plants, bulbs, cut flowers, & ornamental foliage",20601,"Bulbs and Roots",2021,477144
2,"Vegetable Products",206,"Live trees, plants, bulbs, cut flowers, & ornamental foliage",20602,"Other live plants, cuttings and slips;
mushroom spawn",2021,923210
2,"Vegetable Products",206,"Live trees, plants, bulbs, cut flowers, & ornamental foliage",20603,"Cut Flowers",2021,1658915
2,"Vegetable Products",206,"Live trees, plants, bulbs, cut flowers, & ornamental foliage",20604,"Plant foliage",2021,278490
2,"Vegetable Products",207,"Edible vegetables, roots, & tubers",20701,"Potatoes",2021,143830402
2,"Vegetable Products",207,"Edible vegetables, roots, & tubers",20702,"Tomatoes",2021,9302382.000000002
2,"Vegetable Products",207,"Edible vegetables, roots, & tubers",20703,"Onions",2021,147981981
2,"Vegetable Products",207,"Edible vegetables, roots, & tubers",20704,"Cabbages",2021,8752538
2,"Vegetable Products",207,"Edible vegetables, roots, & tubers",20705,"Lettuce",2021,36513
2,"Vegetable Products",207,"Edible vegetables, roots, & tubers",20706,"Root Vegetables",2021,1740552
2,"Vegetable Products",207,"Edible vegetables, roots, & tubers",20707,"Cucumbers",2021,762835
2,"Vegetable Products",207,"Edible vegetables, roots, & tubers",20708,"Legumes",2021,2308984
2,"Vegetable Products",207,"Edible vegetables, roots, & tubers",20709,"Other Vegetables",2021,21069025
2,"Vegetable Products",207,"Edible vegetables, roots, & tubers",20710,"Frozen Vegetables",2021,2554866
2,"Vegetable Products",207,"Edible vegetables, roots, & tubers",20711,"Preserved Vegetables",2021,184228
2,"Vegetable Products",207,"Edible vegetables, roots, & tubers",20712,"Dried Vegetables",2021,11043686
2,"Vegetable Products",207,"Edible vegetables, roots, & tubers",20713,"Dried Legumes",2021,5923894
2,"Vegetable Products",207,"Edible vegetables, roots, & tubers",20714,"Cassava",2021,351031
2,"Vegetable Products",208,"Edible fruits, nuts & fruit peels",20801,"Coconuts, Brazil Nuts, and Cashews",2021,355707
2,"Vegetable Products",208,"Edible fruits, nuts & fruit peels",20802,"Other Nuts",2021,80545014
2,"Vegetable Products",208,"Edible fruits, nuts & fruit peels",20803,"Bananas",2021,39331250
2,"Vegetable Products",208,"Edible fruits, nuts & fruit peels",20804,"Tropical Fruits",2021,208743146
2,"Vegetable Products",208,"Edible fruits, nuts & fruit peels",20805,"Citrus",2021,254643174
2,"Vegetable Products",208,"Edible fruits, nuts & fruit peels",20806,"Grapes",2021,1555847
2,"Vegetable Products",208,"Edible fruits, nuts & fruit peels",20807,"Melons",2021,1436569.0000000002
2,"Vegetable Products",208,"Edible fruits, nuts & fruit peels",20808,"Apples and Pears",2021,342404
2,"Vegetable Products",208,"Edible fruits, nuts & fruit peels",20809,"Pitted Fruits",2021,465670
2,"Vegetable Products",208,"Edible fruits, nuts & fruit peels",20810,"Other Fruits",2021,3829796
2,"Vegetable Products",208,"Edible fruits, nuts & fruit peels",20811,"Frozen Fruits and Nuts",2021,249857
2,"Vegetable Products",208,"Edible fruits, nuts & fruit peels",20812,"Preserved Fruits and Nuts",2021,385476
2,"Vegetable Products",208,"Edible fruits, nuts & fruit peels",20813,"Dried Fruits",2021,72683226
2,"Vegetable Products",208,"Edible fruits, nuts & fruit peels",20814,"Citrus and Melon Peels",2021,24583
2,"Vegetable Products",209,"Coffee, tea, mate & spices",20901,"Coffee",2021,142988
2,"Vegetable Products",209,"Coffee, tea, mate & spices",20902,"Tea",2021,24529560
2,"Vegetable Products",209,"Coffee, tea, mate & spices",20903,"Mate",2021,40844
2,"Vegetable Products",209,"Coffee, tea, mate & spices",20904,"Pepper",2021,5704591
2,"Vegetable Products",209,"Coffee, tea, mate & spices",20905,"Vanilla",2021,6276
2,"Vegetable Products",209,"Coffee, tea, mate & spices",20906,"Cinnamon",2021,137851
2,"Vegetable Products",209,"Coffee, tea, mate & spices",20907,"Cloves",2021,28759
2,"Vegetable Products",209,"Coffee, tea, mate & spices",20908,"Nutmeg, mace and cardamons",2021,309426
2,"Vegetable Products",209,"Coffee, tea, mate & spices",20909,"Spice Seeds",2021,3941812
2,"Vegetable Products",209,"Coffee, tea, mate & spices",20910,"Spices",2021,86279842
2,"Vegetable Products",210,"Cereals",21001,"Wheat",2021,25448.999999999996
2,"Vegetable Products",210,"Cereals",21002,"Rye",2021,5597
2,"Vegetable Products",210,"Cereals",21003,"Barley",2021,418429
2,"Vegetable Products",210,"Cereals",21004,"Oats",2021,2096
2,"Vegetable Products",210,"Cereals",21005,"Corn",2021,99959661
2,"Vegetable Products",210,"Cereals",21006,"Rice",2021,2287392268
2,"Vegetable Products",210,"Cereals",21008,"Buckwheat",2021,1647666
2,"Vegetable Products",211,"Products of the milling industry",21101,"Wheat Flours",2021,412432
2,"Vegetable Products",211,"Products of the milling industry",21102,"Cereal Flours",2021,2638709
2,"Vegetable Products",211,"Products of the milling industry",21103,"Cereal Meal and Pellets",2021,21108203
2,"Vegetable Products",211,"Products of the milling industry",21104,"Processed Cereals",2021,2822481
2,"Vegetable Products",211,"Products of the milling industry",21105,"Potato Flours",2021,13871
2,"Vegetable Products",211,"Products of the milling industry",21106,"Legume Flours",2021,117414
2,"Vegetable Products",211,"Products of the milling industry",21108,"Starches",2021,16538129
2,"Vegetable Products",212,"Oils seeds, oleaginous fruits, grains, straw & fodder",21201,"Soybeans",2021,206224.99999999997
2,"Vegetable Products",212,"Oils seeds, oleaginous fruits, grains, straw & fodder",21202,"Ground Nuts",2021,255398.99999999997
2,"Vegetable Products",212,"Oils seeds, oleaginous fruits, grains, straw & fodder",21203,"Copra",2021,6999
2,"Vegetable Products",212,"Oils seeds, oleaginous fruits, grains, straw & fodder",21204,"Linseed",2021,89694
2,"Vegetable Products",212,"Oils seeds, oleaginous fruits, grains, straw & fodder",21205,"Rapeseed",2021,1
2,"Vegetable Products",212,"Oils seeds, oleaginous fruits, grains, straw & fodder",21206,"Sunflower Seeds",2021,1187
2,"Vegetable Products",212,"Oils seeds, oleaginous fruits, grains, straw & fodder",21207,"Other Oily Seeds",2021,214519212
2,"Vegetable Products",212,"Oils seeds, oleaginous fruits, grains, straw & fodder",21208,"Oil Seed Flower",2021,195350
2,"Vegetable Products",212,"Oils seeds, oleaginous fruits, grains, straw & fodder",21209,"Sowing Seeds",2021,2771067
2,"Vegetable Products",212,"Oils seeds, oleaginous fruits, grains, straw & fodder",21210,"Hops",2021,4730
2,"Vegetable Products",212,"Oils seeds, oleaginous fruits, grains, straw & fodder",21211,"Perfume Plants",2021,16233460
2,"Vegetable Products",212,"Oils seeds, oleaginous fruits, grains, straw & fodder",21212,"Locust beans, seaweed, sugar beet, cane, for food",2021,2271160
2,"Vegetable Products",212,"Oils seeds, oleaginous fruits, grains, straw & fodder",21213,"Cereal Straws",2021,43552799
2,"Vegetable Products",212,"Oils seeds, oleaginous fruits, grains, straw & fodder",21214,"Forage Crops",2021,12864159
2,"Vegetable Products",213,"Natural gums, resins & other vegetable extracts",21301,"Insect Resins",2021,1044831
2,"Vegetable Products",213,"Natural gums, resins & other vegetable extracts",21302,"Vegetable Saps",2021,38616720
2,"Vegetable Products",214,"Vegetable plaiting materials & products, n.e.s.",21401,"Vegetable Plaiting Materials",2021,1368036
2,"Vegetable Products",214,"Vegetable plaiting materials & products, n.e.s.",21404,"Other Vegetable Products",2021,6812204
3,"Animal and Vegetable Bi-Products",315,"Animal or vegetable fats, oils, & waxes",31501,"Pig and Poultry Fat",2021,445665
3,"Animal and Vegetable Bi-Products",315,"Animal or vegetable fats, oils, & waxes",31502,"Bovine, Sheep, and Goat Fat",2021,2391
3,"Animal and Vegetable Bi-Products",315,"Animal or vegetable fats, oils, & waxes",31504,"Fish Oil",2021,642259
3,"Animal and Vegetable Bi-Products",315,"Animal or vegetable fats, oils, & waxes",31506,"Other Animal Fats",2021,23
3,"Animal and Vegetable Bi-Products",315,"Animal or vegetable fats, oils, & waxes",31507,"Soybean Oil",2021,1384991
3,"Animal and Vegetable Bi-Products",315,"Animal or vegetable fats, oils, & waxes",31508,"Ground Nut Oil",2021,25245
3,"Animal and Vegetable Bi-Products",315,"Animal or vegetable fats, oils, & waxes",31509,"Pure Olive Oil",2021,53956
3,"Animal and Vegetable Bi-Products",315,"Animal or vegetable fats, oils, & waxes",31510,"Olive Oil",2021,248553
3,"Animal and Vegetable Bi-Products",315,"Animal or vegetable fats, oils, & waxes",31511,"Palm Oil",2021,2390335
3,"Animal and Vegetable Bi-Products",315,"Animal or vegetable fats, oils, & waxes",31512,"Seed Oils",2021,11504.999999999998
3,"Animal and Vegetable Bi-Products",315,"Animal or vegetable fats, oils, & waxes",31513,"Coconut Oil",2021,250084
3,"Animal and Vegetable Bi-Products",315,"Animal or vegetable fats, oils, & waxes",31514,"Rapeseed Oil",2021,5866033
3,"Animal and Vegetable Bi-Products",315,"Animal or vegetable fats, oils, & waxes",31515,"Other Pure Vegetable Oils",2021,1638051
3,"Animal and Vegetable Bi-Products",315,"Animal or vegetable fats, oils, & waxes",31516,"Other Vegetable Oils",2021,76178596
3,"Animal and Vegetable Bi-Products",315,"Animal or vegetable fats, oils, & waxes",31517,"Margarine",2021,842369.9999999999
3,"Animal and Vegetable Bi-Products",315,"Animal or vegetable fats, oils, & waxes",31518,"Inedible Fats and Oils",2021,528733
3,"Animal and Vegetable Bi-Products",315,"Animal or vegetable fats, oils, & waxes",31519,"Stearic Acid",2021,248535.00000000003
3,"Animal and Vegetable Bi-Products",315,"Animal or vegetable fats, oils, & waxes",31520,"Glycerol",2021,6197091
3,"Animal and Vegetable Bi-Products",315,"Animal or vegetable fats, oils, & waxes",31521,"Vegetable waxes and beeswax",2021,57682
3,"Animal and Vegetable Bi-Products",315,"Animal or vegetable fats, oils, & waxes",31522,"Fat and Oil Residues",2021,22955
4,"Foodstuffs",416,"Preparations of fish, crustacenas, & molluscs",41601,"Sausages",2021,32178
4,"Foodstuffs",416,"Preparations of fish, crustacenas, & molluscs",41602,"Other Prepared Meat",2021,4557448
4,"Foodstuffs",416,"Preparations of fish, crustacenas, & molluscs",41604,"Processed Fish",2021,740793
4,"Foodstuffs",416,"Preparations of fish, crustacenas, & molluscs",41605,"Processed Crustaceans",2021,68393642
4,"Foodstuffs",417,"Sugars & confectioneries",41701,"Raw Sugar",2021,10774928
4,"Foodstuffs",417,"Sugars & confectioneries",41702,"Other Sugars",2021,58017112.99999999
4,"Foodstuffs",417,"Sugars & confectioneries",41703,"Molasses",2021,444807
4,"Foodstuffs",417,"Sugars & confectioneries",41704,"Confectionery Sugar",2021,62801455
4,"Foodstuffs",418,"Cocoa & cocoa preparations",41802,"Cocoa Shells",2021,10
4,"Foodstuffs",418,"Cocoa & cocoa preparations",41804,"Cocoa Butter",2021,1245
4,"Foodstuffs",418,"Cocoa & cocoa preparations",41805,"Cocoa Powder",2021,133806
4,"Foodstuffs",418,"Cocoa & cocoa preparations",41806,"Chocolate",2021,3993928
4,"Foodstuffs",419,"Preparations of cereals, flour, starch or milk",41901,"Malt Extract",2021,17038826
4,"Foodstuffs",419,"Preparations of cereals, flour, starch or milk",41902,"Pasta",2021,11121038
4,"Foodstuffs",419,"Preparations of cereals, flour, starch or milk",41903,"Tapioca",2021,921751
4,"Foodstuffs",419,"Preparations of cereals, flour, starch or milk",41904,"Prepared Cereals",2021,1742904
4,"Foodstuffs",419,"Preparations of cereals, flour, starch or milk",41905,"Baked Goods",2021,42440832
4,"Foodstuffs",420,"Preparations of vegetables, fruit, nuts or other plant parts",42001,"Pickled Foods",2021,9076102
4,"Foodstuffs",420,"Preparations of vegetables, fruit, nuts or other plant parts",42002,"Processed Tomatoes",2021,874020
4,"Foodstuffs",420,"Preparations of vegetables, fruit, nuts or other plant parts",42003,"Processed Mushrooms",2021,233615
4,"Foodstuffs",420,"Preparations of vegetables, fruit, nuts or other plant parts",42004,"Other Frozen Vegetables",2021,495020
4,"Foodstuffs",420,"Preparations of vegetables, fruit, nuts or other plant parts",42005,"Other Processed Vegetables",2021,7410074
4,"Foodstuffs",420,"Preparations of vegetables, fruit, nuts or other plant parts",42006,"Sugar Preserved Foods",2021,166236
4,"Foodstuffs",420,"Preparations of vegetables, fruit, nuts or other plant parts",42007,"Jams",2021,4033653
4,"Foodstuffs",420,"Preparations of vegetables, fruit, nuts or other plant parts",42008,"Other Processed Fruits and Nuts",2021,8276847
4,"Foodstuffs",420,"Preparations of vegetables, fruit, nuts or other plant parts",42009,"Fruit Juice",2021,30786066
4,"Foodstuffs",421,"Miscellaneous edible preparations",42101,"Coffee and Tea Extracts",2021,751148
4,"Foodstuffs",421,"Miscellaneous edible preparations",42102,"Yeast",2021,80233
4,"Foodstuffs",421,"Miscellaneous edible preparations",42103,"Sauces and Seasonings",2021,25760733
4,"Foodstuffs",421,"Miscellaneous edible preparations",42104,"Soups and Broths",2021,733618
4,"Foodstuffs",421,"Miscellaneous edible preparations",42105,"Ice Cream",2021,376743.00000000006
4,"Foodstuffs",421,"Miscellaneous edible preparations",42106,"Other Edible Preparations",2021,95178044
4,"Foodstuffs",422,"Beverages, spirits, & vinegar",42201,"Water",2021,116618
4,"Foodstuffs",422,"Beverages, spirits, & vinegar",42202,"Flavored Water",2021,11535531
4,"Foodstuffs",422,"Beverages, spirits, & vinegar",42203,"Beer",2021,29238.000000000004
4,"Foodstuffs",422,"Beverages, spirits, & vinegar",42204,"Wine",2021,8
4,"Foodstuffs",422,"Beverages, spirits, & vinegar",42206,"Other Fermented Beverages",2021,791.9999999999999
4,"Foodstuffs",422,"Beverages, spirits, & vinegar",42207,"Alcohol > 80% ABV",2021,440995678
4,"Foodstuffs",422,"Beverages, spirits, & vinegar",42208,"Hard Liquor",2021,10147
4,"Foodstuffs",422,"Beverages, spirits, & vinegar",42209,"Vinegar",2021,99514
4,"Foodstuffs",423,"Food residues & wastes; animal fodder",42301,"Animal Meal and Pellets",2021,40186597
4,"Foodstuffs",423,"Food residues & wastes; animal fodder",42302,"Bran",2021,18487088
4,"Foodstuffs",423,"Food residues & wastes; animal fodder",42303,"Starch Residue",2021,3398100
4,"Foodstuffs",423,"Food residues & wastes; animal fodder",42304,"Soybean Meal",2021,19251785
4,"Foodstuffs",423,"Food residues & wastes; animal fodder",42306,"Other Vegetable Residues",2021,19231158
4,"Foodstuffs",423,"Food residues & wastes; animal fodder",42308,"Other Vegetable Residues and Waste",2021,7032687
4,"Foodstuffs",423,"Food residues & wastes; animal fodder",42309,"Animal Food",2021,5037598
4,"Foodstuffs",424,"Tobacco & substitutes",42401,"Raw Tobacco",2021,21236954
4,"Foodstuffs",424,"Tobacco & substitutes",42402,"Rolled Tobacco",2021,18426067
4,"Foodstuffs",424,"Tobacco & substitutes",42403,"Processed Tobacco",2021,25977214
5,"Mineral Products",525,"Salt, sulphur, cement, lime, stone, & plaster",52501,"Salt",2021,85126006
5,"Mineral Products",525,"Salt, sulphur, cement, lime, stone, & plaster",52502,"Iron Pyrites",2021,20814
5,"Mineral Products",525,"Salt, sulphur, cement, lime, stone, & plaster",52503,"Sulphur",2021,5
5,"Mineral Products",525,"Salt, sulphur, cement, lime, stone, & plaster",52504,"Graphite",2021,11748
5,"Mineral Products",525,"Salt, sulphur, cement, lime, stone, & plaster",52505,"Sand",2021,1705093
5,"Mineral Products",525,"Salt, sulphur, cement, lime, stone, & plaster",52506,"Quartz",2021,213435
5,"Mineral Products",525,"Salt, sulphur, cement, lime, stone, & plaster",52507,"Kaolin",2021,1460183
5,"Mineral Products",525,"Salt, sulphur, cement, lime, stone, & plaster",52508,"Clays",2021,833128
5,"Mineral Products",525,"Salt, sulphur, cement, lime, stone, & plaster",52509,"Chalk",2021,14980
5,"Mineral Products",525,"Salt, sulphur, cement, lime, stone, & plaster",52510,"Calcium Phosphates",2021,1375671
5,"Mineral Products",525,"Salt, sulphur, cement, lime, stone, & plaster",52511,"Barium Sulphate",2021,14555535
5,"Mineral Products",525,"Salt, sulphur, cement, lime, stone, & plaster",52512,"Siliceous Fossil Meals",2021,6680
5,"Mineral Products",525,"Salt, sulphur, cement, lime, stone, & plaster",52513,"Pumice",2021,104577
5,"Mineral Products",525,"Salt, sulphur, cement, lime, stone, & plaster",52514,"Slate",2021,263103
5,"Mineral Products",525,"Salt, sulphur, cement, lime, stone, & plaster",52515,"Marble, Travertine and Alabaster",2021,40409546
5,"Mineral Products",525,"Salt, sulphur, cement, lime, stone, & plaster",52516,"Granite",2021,1013698
5,"Mineral Products",525,"Salt, sulphur, cement, lime, stone, & plaster",52517,"Gravel and Crushed Stone",2021,499386.99999999994
5,"Mineral Products",525,"Salt, sulphur, cement, lime, stone, & plaster",52518,"Dolomite",2021,3797630
5,"Mineral Products",525,"Salt, sulphur, cement, lime, stone, & plaster",52519,"Magnesium Carbonate",2021,1255803
5,"Mineral Products",525,"Salt, sulphur, cement, lime, stone, & plaster",52520,"Gypsum",2021,695728
5,"Mineral Products",525,"Salt, sulphur, cement, lime, stone, & plaster",52521,"Limestone",2021,504314
5,"Mineral Products",525,"Salt, sulphur, cement, lime, stone, & plaster",52522,"Quicklime",2021,110798
5,"Mineral Products",525,"Salt, sulphur, cement, lime, stone, & plaster",52523,"Cement",2021,346316018
5,"Mineral Products",525,"Salt, sulphur, cement, lime, stone, & plaster",52524,"Asbestos",2021,50
5,"Mineral Products",525,"Salt, sulphur, cement, lime, stone, & plaster",52525,"Mica",2021,311299
5,"Mineral Products",525,"Salt, sulphur, cement, lime, stone, & plaster",52526,"Soapstone",2021,86254800
5,"Mineral Products",525,"Salt, sulphur, cement, lime, stone, & plaster",52529,"Feldspar",2021,24728468
5,"Mineral Products",525,"Salt, sulphur, cement, lime, stone, & plaster",52530,"Other Mineral",2021,660747
5,"Mineral Products",526,"Ores, slag and ash",52601,"Iron Ore",2021,52529251
5,"Mineral Products",526,"Ores, slag and ash",52602,"Manganese Ore",2021,256408
5,"Mineral Products",526,"Ores, slag and ash",52603,"Copper Ore",2021,13182953
5,"Mineral Products",526,"Ores, slag and ash",52604,"Nickel Ore",2021,282
5,"Mineral Products",526,"Ores, slag and ash",52606,"Aluminium Ore",2021,171637
5,"Mineral Products",526,"Ores, slag and ash",52607,"Lead Ore",2021,40763145
5,"Mineral Products",526,"Ores, slag and ash",52608,"Zinc Ore",2021,115864168.00000001
5,"Mineral Products",526,"Ores, slag and ash",52610,"Chromium Ore",2021,82202527
5,"Mineral Products",526,"Ores, slag and ash",52611,"Tungsten Ore",2021,103.00000000000001
5,"Mineral Products",526,"Ores, slag and ash",52613,"Molybdenum Ore",2021,33241
5,"Mineral Products",526,"Ores, slag and ash",52615,"Niobium, Tantalum, Vanadium and Zirconium Ore",2021,8174201.999999999
5,"Mineral Products",526,"Ores, slag and ash",52616,"Precious Metal Ore",2021,570194
5,"Mineral Products",526,"Ores, slag and ash",52617,"Other Ores",2021,69416
5,"Mineral Products",526,"Ores, slag and ash",52619,"Slag Dross",2021,20237412
5,"Mineral Products",526,"Ores, slag and ash",52620,"Non-Iron and Steel Slag, Ash and Residues",2021,42661200.00000001
5,"Mineral Products",526,"Ores, slag and ash",52621,"Other Slag and Ash",2021,28175
5,"Mineral Products",527,"Mineral fuels, mineral oils and products of their distillation",52701,"Coal Briquettes",2021,276.99999999999994
5,"Mineral Products",527,"Mineral fuels, mineral oils and products of their distillation",52702,"Lignite",2021,145159
5,"Mineral Products",527,"Mineral fuels, mineral oils and products of their distillation",52707,"Coal Tar Oil",2021,96203
5,"Mineral Products",527,"Mineral fuels, mineral oils and products of their distillation",52708,"Pitch Coke",2021,2765
5,"Mineral Products",527,"Mineral fuels, mineral oils and products of their distillation",52709,"Crude Petroleum",2021,144177295
5,"Mineral Products",527,"Mineral fuels, mineral oils and products of their distillation",52710,"Refined Petroleum",2021,641826427
5,"Mineral Products",527,"Mineral fuels, mineral oils and products of their distillation",52711,"Petroleum Gas",2021,2017
5,"Mineral Products",527,"Mineral fuels, mineral oils and products of their distillation",52712,"Petroleum Jelly",2021,276519
5,"Mineral Products",527,"Mineral fuels, mineral oils and products of their distillation",52713,"Petroleum Coke",2021,16523929
5,"Mineral Products",527,"Mineral fuels, mineral oils and products of their distillation",52714,"Bitumen and asphalt",2021,86882
5,"Mineral Products",527,"Mineral fuels, mineral oils and products of their distillation",52715,"Asphalt Mixtures",2021,1525
6,"Chemical Products",628,"Inorganic chemicals",62804,"Hydrogen",2021,3213
6,"Chemical Products",628,"Inorganic chemicals",62805,"Alkali, alkaline-earth, rare-earth metals, scandium, yttrium, and mercury",2021,18461
6,"Chemical Products",628,"Inorganic chemicals",62806,"Hydrochloric Acid",2021,3387953
6,"Chemical Products",628,"Inorganic chemicals",62807,"Sulfuric Acid",2021,76658
6,"Chemical Products",628,"Inorganic chemicals",62808,"Nitric Acids",2021,213902.00000000003
6,"Chemical Products",628,"Inorganic chemicals",62809,"Phosphoric Acid",2021,39692
6,"Chemical Products",628,"Inorganic chemicals",62810,"Boron",2021,40000
6,"Chemical Products",628,"Inorganic chemicals",62811,"Other Inorganic Acids",2021,395385
6,"Chemical Products",628,"Inorganic chemicals",62814,"Ammonia",2021,825818
6,"Chemical Products",628,"Inorganic chemicals",62815,"Sodium or Potassium Peroxides",2021,2419069
6,"Chemical Products",628,"Inorganic chemicals",62816,"Magnesium Hydroxide and Peroxide",2021,32
6,"Chemical Products",628,"Inorganic chemicals",62817,"Zinc Oxide and Peroxide",2021,4120938.0000000005
6,"Chemical Products",628,"Inorganic chemicals",62818,"Aluminium Oxide",2021,29659
6,"Chemical Products",628,"Inorganic chemicals",62821,"Iron Oxides and Hydroxides",2021,39816
6,"Chemical Products",628,"Inorganic chemicals",62822,"Cobalt Oxides and Hydroxides",2021,120
6,"Chemical Products",628,"Inorganic chemicals",62823,"Titanium Oxides",2021,6744
6,"Chemical Products",628,"Inorganic chemicals",62825,"Inorganic Salts",2021,175398
6,"Chemical Products",628,"Inorganic chemicals",62826,"Fluorides",2021,10841
6,"Chemical Products",628,"Inorganic chemicals",62827,"Chlorides",2021,2625022
6,"Chemical Products",628,"Inorganic chemicals",62828,"Hypochlorites",2021,191620
6,"Chemical Products",628,"Inorganic chemicals",62831,"Dithionites and Sulfoxylates",2021,4670
6,"Chemical Products",628,"Inorganic chemicals",62832,"Sulfites",2021,2215
6,"Chemical Products",628,"Inorganic chemicals",62833,"Sulfates",2021,65850
6,"Chemical Products",628,"Inorganic chemicals",62835,"Phosphinates (hypophosphites) and phosphonates (phosphites)",2021,1700397
6,"Chemical Products",628,"Inorganic chemicals",62836,"Carbonates",2021,19753501
6,"Chemical Products",628,"Inorganic chemicals",62839,"Silicates",2021,3459082
6,"Chemical Products",628,"Inorganic chemicals",62841,"Oxometallic or Peroxometallic Acid Salts",2021,4849
6,"Chemical Products",628,"Inorganic chemicals",62842,"Other Inorganic Acids Salts",2021,25449
6,"Chemical Products",628,"Inorganic chemicals",62843,"Precious Metal Compounds",2021,11
6,"Chemical Products",628,"Inorganic chemicals",62844,"Radioactive Chemicals",2021,2401
6,"Chemical Products",628,"Inorganic chemicals",62847,"Hydrogen peroxide",2021,430073
6,"Chemical Products",628,"Inorganic chemicals",62849,"Carbides",2021,4683
6,"Chemical Products",628,"Inorganic chemicals",62851,"Inorganic Compounds",2021,564
6,"Chemical Products",629,"Organic chemicals",62901,"Acyclic Hydrocarbons",2021,1151
6,"Chemical Products",629,"Organic chemicals",62902,"Cyclic Hydrocarbons",2021,68049
6,"Chemical Products",629,"Organic chemicals",62903,"Halogenated Hydrocarbons",2021,4255
6,"Chemical Products",629,"Organic chemicals",62904,"Sulfonated, Nitrated or Nitrosated Hydrocarbons",2021,542462
6,"Chemical Products",629,"Organic chemicals",62905,"Acyclic alcohol derivatives (halogenated, sulphonated, nitrated)",2021,1496818
6,"Chemical Products",629,"Organic chemicals",62906,"Cyclic Alcohols",2021,7684
6,"Chemical Products",629,"Organic chemicals",62907,"Phenols",2021,17
6,"Chemical Products",629,"Organic chemicals",62909,"Ethers",2021,55674
6,"Chemical Products",629,"Organic chemicals",62910,"Epoxides",2021,1824
6,"Chemical Products",629,"Organic chemicals",62912,"Aldehydes, cyclic polymers, and paraformaldehyde",2021,137816
6,"Chemical Products",629,"Organic chemicals",62914,"Ketones and Quinones",2021,2487
6,"Chemical Products",629,"Organic chemicals",62915,"Saturated Acyclic Monocarboxylic Acids",2021,291548
6,"Chemical Products",629,"Organic chemicals",62916,"Unsaturated Acyclic Monocarboxylic Acids",2021,3482597
6,"Chemical Products",629,"Organic chemicals",62917,"Polycarboxylic Acids",2021,7919226
6,"Chemical Products",629,"Organic chemicals",62918,"Carboxylic Acids",2021,74371
6,"Chemical Products",629,"Organic chemicals",62920,"Other Esters",2021,23756.999999999996
6,"Chemical Products",629,"Organic chemicals",62921,"Amine Compounds",2021,272713
6,"Chemical Products",629,"Organic chemicals",62922,"Oxygen Amino Compounds",2021,35411
6,"Chemical Products",629,"Organic chemicals",62923,"Quaternary Ammonium Salts and Hydroxides",2021,3900.0000000000005
6,"Chemical Products",629,"Organic chemicals",62924,"Carboxyamide Compounds",2021,61163
6,"Chemical Products",629,"Organic chemicals",62925,"Carboxyimide Compounds",2021,32357
6,"Chemical Products",629,"Organic chemicals",62927,"Diazo, Azo or Aoxy Compounds",2021,4
6,"Chemical Products",629,"Organic chemicals",62928,"Hydrazine or Hydroxylamine Derivatives",2021,18596
6,"Chemical Products",629,"Organic chemicals",62930,"Organo-Sulfur Compounds",2021,31148
6,"Chemical Products",629,"Organic chemicals",62931,"Other Organo-Inorganic Compounds",2021,30
6,"Chemical Products",629,"Organic chemicals",62932,"Oxygen Heterocyclic Compounds",2021,125025
6,"Chemical Products",629,"Organic chemicals",62933,"Nitrogen Heterocyclic Compounds",2021,3449030.9999999995
6,"Chemical Products",629,"Organic chemicals",62934,"Nucleic Acids",2021,1784390
6,"Chemical Products",629,"Organic chemicals",62936,"Vitamins",2021,348241
6,"Chemical Products",629,"Organic chemicals",62937,"Hormones",2021,86232
6,"Chemical Products",629,"Organic chemicals",62938,"Glycosides",2021,2497
6,"Chemical Products",629,"Organic chemicals",62939,"Vegetable Alkaloids",2021,23447.000000000004
6,"Chemical Products",629,"Organic chemicals",62941,"Antibiotics",2021,265950
6,"Chemical Products",629,"Organic chemicals",62942,"Other Organic Compounds",2021,6923
6,"Chemical Products",630,"Pharmaceutical products",63001,"Glands and Other Organs",2021,123709.00000000001
6,"Chemical Products",630,"Pharmaceutical products",63002,"Vaccines, blood, antisera, toxins and cultures",2021,567819
6,"Chemical Products",630,"Pharmaceutical products",63003,"Unpackaged Medicaments",2021,24515692
6,"Chemical Products",630,"Pharmaceutical products",63004,"Packaged Medicaments",2021,327992921
6,"Chemical Products",630,"Pharmaceutical products",63005,"Bandages",2021,5198216
6,"Chemical Products",630,"Pharmaceutical products",63006,"Special Pharmaceuticals",2021,7104393
6,"Chemical Products",631,"Fertilizers",63101,"Animal or Vegetable Fertilizers",2021,681188
6,"Chemical Products",631,"Fertilizers",63103,"Phosphatic Fertilizers",2021,91
6,"Chemical Products",631,"Fertilizers",63104,"Potassic Fertilizers",2021,12
6,"Chemical Products",631,"Fertilizers",63105,"Mixed Mineral or Chemical Fertilizers",2021,41849.99999999999
6,"Chemical Products",632,"Paints, dyes, & varnishes",63201,"Vegetable Tanning Extracts",2021,617
6,"Chemical Products",632,"Paints, dyes, & varnishes",63202,"Synthetic Tanning Extracts",2021,144184
6,"Chemical Products",632,"Paints, dyes, & varnishes",63203,"Vegetable or Animal Dyes",2021,186000
6,"Chemical Products",632,"Paints, dyes, & varnishes",63204,"Synthetic Coloring Matter",2021,29681094
6,"Chemical Products",632,"Paints, dyes, & varnishes",63205,"Lake Pigments",2021,33136
6,"Chemical Products",632,"Paints, dyes, & varnishes",63206,"Other Coloring Matter",2021,1059932
6,"Chemical Products",632,"Paints, dyes, & varnishes",63207,"Prepared Pigments",2021,68718
6,"Chemical Products",632,"Paints, dyes, & varnishes",63208,"Nonaqueous Paints",2021,7467633.999999999
6,"Chemical Products",632,"Paints, dyes, & varnishes",63209,"Aqueous Paints",2021,5452636.000000001
6,"Chemical Products",632,"Paints, dyes, & varnishes",63210,"Other Paints",2021,46161.99999999999
6,"Chemical Products",632,"Paints, dyes, & varnishes",63211,"Prepared Paint Driers",2021,8941
6,"Chemical Products",632,"Paints, dyes, & varnishes",63212,"Nonaqueous Pigments",2021,880989.9999999999
6,"Chemical Products",632,"Paints, dyes, & varnishes",63213,"Artistry Paints",2021,43098
6,"Chemical Products",632,"Paints, dyes, & varnishes",63214,"Glaziers Putty",2021,1063871
6,"Chemical Products",632,"Paints, dyes, & varnishes",63215,"Ink",2021,440972
6,"Chemical Products",633,"Perfumery & cosmetics",63301,"Essential Oils",2021,4761164
6,"Chemical Products",633,"Perfumery & cosmetics",63302,"Scented Mixtures",2021,4881548
6,"Chemical Products",633,"Perfumery & cosmetics",63303,"Perfumes",2021,973902
6,"Chemical Products",633,"Perfumery & cosmetics",63304,"Beauty Products",2021,14840590
6,"Chemical Products",633,"Perfumery & cosmetics",63305,"Hair Products",2021,8684068
6,"Chemical Products",633,"Perfumery & cosmetics",63306,"Dental Products",2021,933322
6,"Chemical Products",633,"Perfumery & cosmetics",63307,"Shaving Products",2021,8367120
6,"Chemical Products",634,"Soap, cleaners, candles, dental, modelling pastes",63401,"Soap",2021,32361123
6,"Chemical Products",634,"Soap, cleaners, candles, dental, modelling pastes",63402,"Cleaning Products",2021,23552835
6,"Chemical Products",634,"Soap, cleaners, candles, dental, modelling pastes",63403,"Lubricating Products",2021,223189
6,"Chemical Products",634,"Soap, cleaners, candles, dental, modelling pastes",63404,"Waxes",2021,67057
6,"Chemical Products",634,"Soap, cleaners, candles, dental, modelling pastes",63405,"Polishes and Creams",2021,1279823
6,"Chemical Products",634,"Soap, cleaners, candles, dental, modelling pastes",63406,"Candles",2021,72407
6,"Chemical Products",634,"Soap, cleaners, candles, dental, modelling pastes",63407,"Pastes and Waxes",2021,131423
6,"Chemical Products",635,"Glues, starches, & albuminoid products",63501,"Casein",2021,41762
6,"Chemical Products",635,"Glues, starches, & albuminoid products",63502,"Water Soluble Proteins",2021,1640.9999999999998
6,"Chemical Products",635,"Glues, starches, & albuminoid products",63503,"Gelatin",2021,5950735
6,"Chemical Products",635,"Glues, starches, & albuminoid products",63504,"Peptones",2021,196373
6,"Chemical Products",635,"Glues, starches, & albuminoid products",63505,"Dextrins",2021,7262621
6,"Chemical Products",635,"Glues, starches, & albuminoid products",63506,"Glues",2021,1153711
6,"Chemical Products",635,"Glues, starches, & albuminoid products",63507,"Enzymes",2021,100882
6,"Chemical Products",636,"Explosives, matches, & fireworks",63601,"Propellant Powders",2021,4952
6,"Chemical Products",636,"Explosives, matches, & fireworks",63602,"Prepared Explosives",2021,216991
6,"Chemical Products",636,"Explosives, matches, & fireworks",63603,"Detonating Fuses",2021,3750
6,"Chemical Products",636,"Explosives, matches, & fireworks",63604,"Fireworks",2021,294030
6,"Chemical Products",636,"Explosives, matches, & fireworks",63605,"Matches",2021,11237524
6,"Chemical Products",636,"Explosives, matches, & fireworks",63606,"Pyrophoric Alloys",2021,112
6,"Chemical Products",637,"Photo & movie goods",63701,"Photographic Plates",2021,216816
6,"Chemical Products",637,"Photo & movie goods",63702,"Photographic Film",2021,31
6,"Chemical Products",637,"Photo & movie goods",63703,"Photographic Paper",2021,940
6,"Chemical Products",637,"Photo & movie goods",63705,"Developed Exposed Photographic Material",2021,84
6,"Chemical Products",637,"Photo & movie goods",63706,"Motion-picture film, exposed and developed",2021,23
6,"Chemical Products",637,"Photo & movie goods",63707,"Photographic Chemicals",2021,19156
6,"Chemical Products",638,"Chemical products n.e.s.",63801,"Artificial Graphite",2021,41043
6,"Chemical Products",638,"Chemical products n.e.s.",63802,"Activated Carbon",2021,1405055
6,"Chemical Products",638,"Chemical products n.e.s.",63803,"Tall Oil",2021,7337.999999999999
6,"Chemical Products",638,"Chemical products n.e.s.",63804,"Wood Pulp Lyes",2021,15670
6,"Chemical Products",638,"Chemical products n.e.s.",63805,"Turpentine",2021,105
6,"Chemical Products",638,"Chemical products n.e.s.",63806,"Rosin",2021,2688
6,"Chemical Products",638,"Chemical products n.e.s.",63808,"Pesticides",2021,4908654
6,"Chemical Products",638,"Chemical products n.e.s.",63809,"Dyeing Finishing Agents",2021,2166358
6,"Chemical Products",638,"Chemical products n.e.s.",63810,"Metal Pickling Preparations",2021,1536
6,"Chemical Products",638,"Chemical products n.e.s.",63811,"Antiknock",2021,210282
6,"Chemical Products",638,"Chemical products n.e.s.",63812,"Prepared Rubber Accelerators",2021,497
6,"Chemical Products",638,"Chemical products n.e.s.",63813,"Fire Extinguishers Preparations",2021,28.999999999999996
6,"Chemical Products",638,"Chemical products n.e.s.",63814,"Organic Composite Solvents",2021,11624444
6,"Chemical Products",638,"Chemical products n.e.s.",63815,"Reaction and Catalytic Products",2021,12915003
6,"Chemical Products",638,"Chemical products n.e.s.",63816,"Refractory Cements",2021,47518
6,"Chemical Products",638,"Chemical products n.e.s.",63817,"Alkylbenzenes and Alkylnaphthalenes",2021,28824
6,"Chemical Products",638,"Chemical products n.e.s.",63819,"Hydraulic Brake Fluid",2021,7987
6,"Chemical Products",638,"Chemical products n.e.s.",63820,"Antifreeze",2021,3795
6,"Chemical Products",638,"Chemical products n.e.s.",63821,"Micro-Organism Culture Preparations",2021,10184
6,"Chemical Products",638,"Chemical products n.e.s.",63822,"Laboratory Reagents",2021,552839
6,"Chemical Products",638,"Chemical products n.e.s.",63823,"Industrial Fatty Acids, Oils and Alcohols",2021,28923287
7,"Plastics and Rubbers",739,"Plastics & articles thereof",73901,"Ethylene Polymers",2021,7004362
7,"Plastics and Rubbers",739,"Plastics & articles thereof",73902,"Propylene Polymers",2021,2072307
7,"Plastics and Rubbers",739,"Plastics & articles thereof",73903,"Styrene Polymers",2021,73261032
7,"Plastics and Rubbers",739,"Plastics & articles thereof",73904,"Vinyl Chloride Polymers",2021,32822299
7,"Plastics and Rubbers",739,"Plastics & articles thereof",73905,"Other Vinyl Polymers",2021,511032
7,"Plastics and Rubbers",739,"Plastics & articles thereof",73906,"Acrylic Polymers",2021,2197500
7,"Plastics and Rubbers",739,"Plastics & articles thereof",73907,"Polyacetals",2021,140469083
7,"Plastics and Rubbers",739,"Plastics & articles thereof",73908,"Polyamides",2021,861275
7,"Plastics and Rubbers",739,"Plastics & articles thereof",73909,"Amino-resins",2021,573754.0000000001
7,"Plastics and Rubbers",739,"Plastics & articles thereof",73910,"Silicone",2021,576069
7,"Plastics and Rubbers",739,"Plastics & articles thereof",73911,"Petroleum Resins",2021,26226
7,"Plastics and Rubbers",739,"Plastics & articles thereof",73912,"Cellulose",2021,123836
7,"Plastics and Rubbers",739,"Plastics & articles thereof",73913,"Natural Polymers",2021,869202.9999999999
7,"Plastics and Rubbers",739,"Plastics & articles thereof",73915,"Scrap Plastic",2021,5541108
7,"Plastics and Rubbers",739,"Plastics & articles thereof",73916,"Monofilament",2021,173162
7,"Plastics and Rubbers",739,"Plastics & articles thereof",73917,"Plastic Pipes",2021,1364153
7,"Plastics and Rubbers",739,"Plastics & articles thereof",73918,"Plastic Floor Coverings",2021,2432183
7,"Plastics and Rubbers",739,"Plastics & articles thereof",73919,"Self-adhesive Plastics",2021,237246
7,"Plastics and Rubbers",739,"Plastics & articles thereof",73920,"Raw Plastic Sheeting",2021,60605301
7,"Plastics and Rubbers",739,"Plastics & articles thereof",73921,"Other Plastic Sheetings",2021,1194719
7,"Plastics and Rubbers",739,"Plastics & articles thereof",73922,"Plastic Wash Basins",2021,448421
7,"Plastics and Rubbers",739,"Plastics & articles thereof",73923,"Plastic Lids",2021,11571937
7,"Plastics and Rubbers",739,"Plastics & articles thereof",73924,"Plastic Housewares",2021,21092368
7,"Plastics and Rubbers",739,"Plastics & articles thereof",73925,"Plastic Building Materials",2021,236921
7,"Plastics and Rubbers",739,"Plastics & articles thereof",73926,"Other Plastic Products",2021,41336643
7,"Plastics and Rubbers",740,"Rubber & articles thereof",74001,"Rubber",2021,1153901
7,"Plastics and Rubbers",740,"Rubber & articles thereof",74002,"Synthetic Rubber",2021,483355
7,"Plastics and Rubbers",740,"Rubber & articles thereof",74003,"Reclaimed Rubber",2021,262386
7,"Plastics and Rubbers",740,"Rubber & articles thereof",74004,"Scrap Rubber",2021,6954926
7,"Plastics and Rubbers",740,"Rubber & articles thereof",74005,"Compounded Unvulcanised Rubber",2021,794615.9999999999
7,"Plastics and Rubbers",740,"Rubber & articles thereof",74006,"Unvulcanised Rubber Products",2021,73808
7,"Plastics and Rubbers",740,"Rubber & articles thereof",74007,"Rubber Thread",2021,338
7,"Plastics and Rubbers",740,"Rubber & articles thereof",74008,"Rubber Sheets",2021,140464
7,"Plastics and Rubbers",740,"Rubber & articles thereof",74009,"Rubber Pipes",2021,8242029
7,"Plastics and Rubbers",740,"Rubber & articles thereof",74010,"Rubber Belting",2021,96510
7,"Plastics and Rubbers",740,"Rubber & articles thereof",74011,"Rubber Tires",2021,21362343
7,"Plastics and Rubbers",740,"Rubber & articles thereof",74012,"Used Rubber Tires",2021,122871
7,"Plastics and Rubbers",740,"Rubber & articles thereof",74013,"Rubber Inner Tubes",2021,12621593
7,"Plastics and Rubbers",740,"Rubber & articles thereof",74014,"Pharmaceutical Rubber Products",2021,32807
7,"Plastics and Rubbers",740,"Rubber & articles thereof",74015,"Rubber Apparel",2021,10451269
7,"Plastics and Rubbers",740,"Rubber & articles thereof",74016,"Other Rubber Products",2021,2677463
7,"Plastics and Rubbers",740,"Rubber & articles thereof",74017,"Hard Rubber",2021,8870
8,"Animal Hides",841,"Raw hides & skin (non-fur)",84101,"Equine and Bovine Hides",2021,2760
8,"Animal Hides",841,"Raw hides & skin (non-fur)",84102,"Sheep Hides",2021,10017
8,"Animal Hides",841,"Raw hides & skin (non-fur)",84103,"Other Hides and Skins",2021,3027
8,"Animal Hides",841,"Raw hides & skin (non-fur)",84104,"Tanned Equine and Bovine Hides",2021,136721210
8,"Animal Hides",841,"Raw hides & skin (non-fur)",84105,"Tanned Sheep Hides",2021,15062362
8,"Animal Hides",841,"Raw hides & skin (non-fur)",84106,"Tanned Goat Hides",2021,43763325
8,"Animal Hides",841,"Raw hides & skin (non-fur)",84107,"Leather of Other Animals",2021,8384436
8,"Animal Hides",841,"Raw hides & skin (non-fur)",84108,"Chamois Leather",2021,838949
8,"Animal Hides",841,"Raw hides & skin (non-fur)",84109,"Patent Leather",2021,492550
8,"Animal Hides",841,"Raw hides & skin (non-fur)",84110,"Leather Waste",2021,6974
8,"Animal Hides",841,"Raw hides & skin (non-fur)",84111,"Leather Sheets",2021,879610
8,"Animal Hides",842,"Leather articles",84201,"Saddlery",2021,7727751
8,"Animal Hides",842,"Leather articles",84202,"Trunks and Cases",2021,88324959
8,"Animal Hides",842,"Leather articles",84203,"Leather Apparel",2021,707387048
8,"Animal Hides",842,"Leather articles",84205,"Other Leather Articles",2021,5643351
8,"Animal Hides",842,"Leather articles",84206,"Articles of Gut",2021,40492
8,"Animal Hides",843,"Furskins, articifial fur, & articles",84301,"Raw Furskins",2021,37.00000000000001
8,"Animal Hides",843,"Furskins, articifial fur, & articles",84302,"Tanned Furskins",2021,127573
8,"Animal Hides",843,"Furskins, articifial fur, & articles",84303,"Furskin Apparel",2021,2055529
8,"Animal Hides",843,"Furskins, articifial fur, & articles",84304,"Artificial Fur",2021,76981
9,"Wood Products",944,"Wood, wood articles, & charcoal",94401,"Fuel Wood",2021,187878
9,"Wood Products",944,"Wood, wood articles, & charcoal",94402,"Wood Charcoal",2021,20824
9,"Wood Products",944,"Wood, wood articles, & charcoal",94403,"Rough Wood",2021,3736
9,"Wood Products",944,"Wood, wood articles, & charcoal",94404,"Wood Stakes",2021,33334
9,"Wood Products",944,"Wood, wood articles, & charcoal",94405,"Wood Wool",2021,243655
9,"Wood Products",944,"Wood, wood articles, & charcoal",94406,"Railroad Ties",2021,15.000000000000002
9,"Wood Products",944,"Wood, wood articles, & charcoal",94407,"Sawn Wood",2021,258406
9,"Wood Products",944,"Wood, wood articles, & charcoal",94408,"Veneer Sheets",2021,4167
9,"Wood Products",944,"Wood, wood articles, & charcoal",94409,"Shaped Wood",2021,59046
9,"Wood Products",944,"Wood, wood articles, & charcoal",94410,"Particle Board",2021,2505634
9,"Wood Products",944,"Wood, wood articles, & charcoal",94411,"Wood Fiberboard",2021,23637168
9,"Wood Products",944,"Wood, wood articles, & charcoal",94412,"Plywood",2021,1731845
9,"Wood Products",944,"Wood, wood articles, & charcoal",94413,"Densified Wood",2021,13756
9,"Wood Products",944,"Wood, wood articles, & charcoal",94414,"Wood Frames",2021,77665
9,"Wood Products",944,"Wood, wood articles, & charcoal",94415,"Wood Crates",2021,211788
9,"Wood Products",944,"Wood, wood articles, & charcoal",94416,"Wood Barrels",2021,1134.0000000000002
9,"Wood Products",944,"Wood, wood articles, & charcoal",94417,"Wooden Tool Handles",2021,98970
9,"Wood Products",944,"Wood, wood articles, & charcoal",94418,"Wood Carpentry",2021,302526
9,"Wood Products",944,"Wood, wood articles, & charcoal",94419,"Wood Kitchenware",2021,499723
9,"Wood Products",944,"Wood, wood articles, & charcoal",94420,"Wood Ornaments",2021,955173
9,"Wood Products",944,"Wood, wood articles, & charcoal",94421,"Other Wood Articles",2021,1099743
9,"Wood Products",945,"Cork & cork articles",94501,"Raw Cork",2021,84
9,"Wood Products",945,"Cork & cork articles",94502,"Debacked Cork",2021,15727.000000000002
9,"Wood Products",945,"Cork & cork articles",94503,"Natural Cork Articles",2021,3597.0000000000005
9,"Wood Products",945,"Cork & cork articles",94504,"Agglomerated Cork",2021,30203.999999999996
9,"Wood Products",946,"Straw & esparto manufactures",94601,"Plaiting Products",2021,411928
9,"Wood Products",946,"Straw & esparto manufactures",94602,"Basketwork",2021,1573507
10,"Paper Goods",1047,"Wood pulp & paper scrap",104706,"Recovered Paper Pulp",2021,727
10,"Paper Goods",1047,"Wood pulp & paper scrap",104707,"Recovered Paper",2021,398086
10,"Paper Goods",1048,"Paper articles",104801,"Newsprint",2021,106539
10,"Paper Goods",1048,"Paper articles",104802,"Uncoated Paper",2021,396578
10,"Paper Goods",1048,"Paper articles",104803,"Tissue",2021,829795
10,"Paper Goods",1048,"Paper articles",104804,"Kraft Paper",2021,3691831
10,"Paper Goods",1048,"Paper articles",104805,"Other Uncoated Paper",2021,7565790
10,"Paper Goods",1048,"Paper articles",104806,"Vegetable Parchment",2021,66769
10,"Paper Goods",1048,"Paper articles",104808,"Corrugated Paper",2021,1930689
10,"Paper Goods",1048,"Paper articles",104809,"Carbon Paper",2021,27258
10,"Paper Goods",1048,"Paper articles",104810,"Kaolin Coated Paper",2021,4039940
10,"Paper Goods",1048,"Paper articles",104811,"Cellulose Fibers Paper",2021,48538059
10,"Paper Goods",1048,"Paper articles",104812,"Paper Pulp Filter Blocks",2021,3
10,"Paper Goods",1048,"Paper articles",104813,"Cigarette Paper",2021,512116
10,"Paper Goods",1048,"Paper articles",104814,"Wallpaper",2021,112248
10,"Paper Goods",1048,"Paper articles",104816,"Other Carbon Paper",2021,46500.99999999999
10,"Paper Goods",1048,"Paper articles",104817,"Letter Stock",2021,135767
10,"Paper Goods",1048,"Paper articles",104818,"Toilet Paper",2021,15697059
10,"Paper Goods",1048,"Paper articles",104819,"Paper Containers",2021,8804609
10,"Paper Goods",1048,"Paper articles",104820,"Paper Notebooks",2021,225068
10,"Paper Goods",1048,"Paper articles",104821,"Paper Labels",2021,1369941
10,"Paper Goods",1048,"Paper articles",104822,"Paper Spools",2021,244615
10,"Paper Goods",1048,"Paper articles",104823,"Shaped Paper",2021,2313790
10,"Paper Goods",1049,"Books, newspapers, & other prints",104901,"Brochures",2021,3784772
10,"Paper Goods",1049,"Books, newspapers, & other prints",104902,"Newspapers",2021,82913
10,"Paper Goods",1049,"Books, newspapers, & other prints",104903,"Children's Picture Books",2021,12527
10,"Paper Goods",1049,"Books, newspapers, & other prints",104904,"Sheet Music",2021,240
10,"Paper Goods",1049,"Books, newspapers, & other prints",104905,"Maps",2021,63042
10,"Paper Goods",1049,"Books, newspapers, & other prints",104906,"Architectural Plans",2021,243781
10,"Paper Goods",1049,"Books, newspapers, & other prints",104907,"Documents of title (bonds etc) and unused stamps",2021,39423
10,"Paper Goods",1049,"Books, newspapers, & other prints",104908,"Decals",2021,172860
10,"Paper Goods",1049,"Books, newspapers, & other prints",104909,"Postcards",2021,19105
10,"Paper Goods",1049,"Books, newspapers, & other prints",104910,"Calendars",2021,15414
10,"Paper Goods",1049,"Books, newspapers, & other prints",104911,"Other Printed Material",2021,576927
11,"Textiles",1150,"Silk",115002,"Raw Silk",2021,1565
11,"Textiles",1150,"Silk",115004,"Non-Retail Silk Yarn",2021,2683.0000000000005
11,"Textiles",1150,"Silk",115006,"Retail Silk Yarn",2021,3351
11,"Textiles",1150,"Silk",115007,"Silk Fabrics",2021,310910
11,"Textiles",1151,"Wool & animal hair",115101,"Wool",2021,513244
11,"Textiles",1151,"Wool & animal hair",115102,"Animal Hair",2021,1344065
11,"Textiles",1151,"Wool & animal hair",115103,"Wool or Animal Hair Waste",2021,246092
11,"Textiles",1151,"Wool & animal hair",115105,"Prepared Wool or Animal Hair",2021,252502
11,"Textiles",1151,"Wool & animal hair",115106,"Non-Retail Carded Wool Yarn",2021,10287
11,"Textiles",1151,"Wool & animal hair",115107,"Non-Retail Combed Wool Yarn",2021,6155
11,"Textiles",1151,"Wool & animal hair",115108,"Non-Retail Animal Hair Yarn",2021,1185
11,"Textiles",1151,"Wool & animal hair",115109,"Retail Wool or Animal Hair Yarn",2021,701825
11,"Textiles",1151,"Wool & animal hair",115111,"Carded Wool or Animal Hair Fabric",2021,48459
11,"Textiles",1151,"Wool & animal hair",115112,"Combed Wool or Animal Hair Fabric",2021,51133.00000000001
11,"Textiles",1152,"Cotton",115201,"Raw Cotton",2021,15529905
11,"Textiles",1152,"Cotton",115202,"Cotton Waste",2021,47776878
11,"Textiles",1152,"Cotton",115203,"Prepared Cotton",2021,14356502
11,"Textiles",1152,"Cotton",115204,"Cotton Sewing Thread",2021,5428616
11,"Textiles",1152,"Cotton",115205,"Non-Retail Pure Cotton Yarn",2021,1169801802
11,"Textiles",1152,"Cotton",115206,"Non-Retail Mixed Cotton Yarn",2021,66238943
11,"Textiles",1152,"Cotton",115207,"Retail Cotton Yarn",2021,4972426
11,"Textiles",1152,"Cotton",115208,"Light Pure Woven Cotton",2021,773236750
11,"Textiles",1152,"Cotton",115209,"Heavy Pure Woven Cotton",2021,898112268
11,"Textiles",1152,"Cotton",115210,"Light Mixed Woven Cotton",2021,180784077
11,"Textiles",1152,"Cotton",115211,"Heavy Mixed Woven Cotton",2021,195144821
11,"Textiles",1152,"Cotton",115212,"Other Cotton Fabrics",2021,76825521
11,"Textiles",1153,"Vegetable textile fibers, paper yarn & fabrics",115301,"Flax Fibers",2021,15921
11,"Textiles",1153,"Vegetable textile fibers, paper yarn & fabrics",115302,"Hemp Fibers",2021,9.000000000000002
11,"Textiles",1153,"Vegetable textile fibers, paper yarn & fabrics",115303,"Jute and Other Textile Fibers",2021,770419
11,"Textiles",1153,"Vegetable textile fibers, paper yarn & fabrics",115306,"Flax Yarn",2021,385.99999999999994
11,"Textiles",1153,"Vegetable textile fibers, paper yarn & fabrics",115307,"Jute Yarn",2021,112102
11,"Textiles",1153,"Vegetable textile fibers, paper yarn & fabrics",115308,"Other Vegetable Fibers Yarn",2021,139203
11,"Textiles",1153,"Vegetable textile fibers, paper yarn & fabrics",115309,"Flax Woven Fabric",2021,572706
11,"Textiles",1153,"Vegetable textile fibers, paper yarn & fabrics",115310,"Jute Woven Fabric",2021,10098602
11,"Textiles",1153,"Vegetable textile fibers, paper yarn & fabrics",115311,"Other Vegetable Fibers Fabric",2021,128327
11,"Textiles",1154,"Man-made filaments",115401,"Artificial Filament Sewing Thread",2021,1312807
11,"Textiles",1154,"Man-made filaments",115402,"Non-Retail Synthetic Filament Yarn",2021,30369378
11,"Textiles",1154,"Man-made filaments",115403,"Non-Retail Artificial Filament Yarn",2021,532612
11,"Textiles",1154,"Man-made filaments",115404,"Synthetic Monofilament",2021,293182
11,"Textiles",1154,"Man-made filaments",115405,"Artificial Monofilament",2021,11.000000000000002
11,"Textiles",1154,"Man-made filaments",115406,"Retail Artificial Filament Yarn",2021,52274.00000000001
11,"Textiles",1154,"Man-made filaments",115407,"Synthetic Filament Yarn Woven Fabric",2021,54093116
11,"Textiles",1154,"Man-made filaments",115408,"Artificial Filament Yarn Woven Fabric",2021,3274706
11,"Textiles",1155,"Man-made staple fibres",115501,"Synthetic Filament Tow",2021,121247
11,"Textiles",1155,"Man-made staple fibres",115502,"Artificial Filament Tow",2021,215580
11,"Textiles",1155,"Man-made staple fibres",115503,"Unprocessed Synthetic Staple Fibers",2021,8499309
11,"Textiles",1155,"Man-made staple fibres",115504,"Unprocessed Artificial Staple Fibers",2021,11518
11,"Textiles",1155,"Man-made staple fibres",115505,"Artificial Fibers Waste",2021,406598
11,"Textiles",1155,"Man-made staple fibres",115506,"Processed Synthetic Staple Fibers",2021,172598
11,"Textiles",1155,"Man-made staple fibres",115507,"Processed Artificial Staple Fibers",2021,21150
11,"Textiles",1155,"Man-made staple fibres",115508,"Non-Retail Artificial Staple Fibers Sewing Thread",2021,584233
11,"Textiles",1155,"Man-made staple fibres",115509,"Non-Retail Synthetic Staple Fibers Yarn",2021,41564555
11,"Textiles",1155,"Man-made staple fibres",115510,"Non-Retail Artificial Staple Fibers Yarn",2021,5261620
11,"Textiles",1155,"Man-made staple fibres",115511,"Retail Artificial Staple Fibers Yarn",2021,2270821
11,"Textiles",1155,"Man-made staple fibres",115512,"Synthetic Fabrics",2021,57995966
11,"Textiles",1155,"Man-made staple fibres",115513,"Light Synthetic Cotton Fabrics",2021,243932341
11,"Textiles",1155,"Man-made staple fibres",115514,"Heavy Synthetic Cotton Fabrics",2021,130389045
11,"Textiles",1155,"Man-made staple fibres",115515,"Other Synthetic Fabrics",2021,19965910
11,"Textiles",1155,"Man-made staple fibres",115516,"Woven Fabric of Synthetic Staple Fibers",2021,27219694
11,"Textiles",1156,"Wadding, felt, nonwovens, twin, ropes, & articles thereof",115601,"Wadding",2021,4740407
11,"Textiles",1156,"Wadding, felt, nonwovens, twin, ropes, & articles thereof",115602,"Felt",2021,809556
11,"Textiles",1156,"Wadding, felt, nonwovens, twin, ropes, & articles thereof",115603,"Non-woven Textiles",2021,2575990
11,"Textiles",1156,"Wadding, felt, nonwovens, twin, ropes, & articles thereof",115604,"Rubber Textiles",2021,57729
11,"Textiles",1156,"Wadding, felt, nonwovens, twin, ropes, & articles thereof",115605,"Metallic Yarn",2021,514967
11,"Textiles",1156,"Wadding, felt, nonwovens, twin, ropes, & articles thereof",115606,"Gimp Yarn",2021,611608
11,"Textiles",1156,"Wadding, felt, nonwovens, twin, ropes, & articles thereof",115607,"Twine and Rope",2021,3258516
11,"Textiles",1156,"Wadding, felt, nonwovens, twin, ropes, & articles thereof",115608,"Twine, cordage or rope; knotted netting, made up fishing nets and other made up nets, of textile materials",2021,3910285
11,"Textiles",1156,"Wadding, felt, nonwovens, twin, ropes, & articles thereof",115609,"Other Articles of Twine and Rope",2021,2983318
11,"Textiles",1157,"Carpets & textile floor covers",115701,"Knotted Carpets",2021,84228184
11,"Textiles",1157,"Carpets & textile floor covers",115702,"Hand-Woven Rugs",2021,31271602
11,"Textiles",1157,"Carpets & textile floor covers",115703,"Tufted Carpets",2021,2558507
11,"Textiles",1157,"Carpets & textile floor covers",115704,"Felt Carpets",2021,62053
11,"Textiles",1157,"Carpets & textile floor covers",115705,"Other Carpets",2021,3345471
11,"Textiles",1158,"Special woven fabrics and tapestries",115801,"Woven Fabrics",2021,3039414
11,"Textiles",1158,"Special woven fabrics and tapestries",115802,"Terry Fabric",2021,9961507
11,"Textiles",1158,"Special woven fabrics and tapestries",115803,"Gauze",2021,83842
11,"Textiles",1158,"Special woven fabrics and tapestries",115804,"Tulles and Net Fabric",2021,1801239
11,"Textiles",1158,"Special woven fabrics and tapestries",115805,"Hand-Woven Tapestries",2021,9203
11,"Textiles",1158,"Special woven fabrics and tapestries",115806,"Narrow Woven Fabric",2021,3844322
11,"Textiles",1158,"Special woven fabrics and tapestries",115807,"Labels",2021,3865396
11,"Textiles",1158,"Special woven fabrics and tapestries",115808,"Ornamental Trimmings",2021,591405
11,"Textiles",1158,"Special woven fabrics and tapestries",115809,"Metallic Fabric",2021,259855
11,"Textiles",1158,"Special woven fabrics and tapestries",115810,"Embroidery",2021,3810688
11,"Textiles",1158,"Special woven fabrics and tapestries",115811,"Quilted Textiles",2021,1394236
11,"Textiles",1159,"Coated, covered, & laminated fabrics for industrial use",115901,"Gum Coated Textile Fabric",2021,1030606.9999999999
11,"Textiles",1159,"Coated, covered, & laminated fabrics for industrial use",115902,"Polyamide Fabric",2021,238453
11,"Textiles",1159,"Coated, covered, & laminated fabrics for industrial use",115903,"Plastic Coated Textile Fabric",2021,9088894
11,"Textiles",1159,"Coated, covered, & laminated fabrics for industrial use",115904,"Linoleum",2021,3445
11,"Textiles",1159,"Coated, covered, & laminated fabrics for industrial use",115905,"Textile Wall Coverings",2021,29871
11,"Textiles",1159,"Coated, covered, & laminated fabrics for industrial use",115906,"Rubber Textile Fabric",2021,1059183
11,"Textiles",1159,"Coated, covered, & laminated fabrics for industrial use",115907,"Coated Textile Fabric",2021,3203135
11,"Textiles",1159,"Coated, covered, & laminated fabrics for industrial use",115908,"Textile Wicks",2021,97599
11,"Textiles",1159,"Coated, covered, & laminated fabrics for industrial use",115909,"Hose Piping Textiles",2021,5782
11,"Textiles",1159,"Coated, covered, & laminated fabrics for industrial use",115910,"Conveyor Belt Textiles",2021,439676
11,"Textiles",1159,"Coated, covered, & laminated fabrics for industrial use",115911,"Textiles for technical uses",2021,2560673
11,"Textiles",1160,"Knitted fabrics",116001,"Pile Fabric",2021,9755041
11,"Textiles",1160,"Knitted fabrics",116002,"Light Rubberized Knitted Fabric",2021,70207380
11,"Textiles",1161,"Knitted clothing accesories",116101,"Knit Men's Coats",2021,134146631
11,"Textiles",1161,"Knitted clothing accesories",116102,"Knit Women's Coats",2021,79599719
11,"Textiles",1161,"Knitted clothing accesories",116103,"Knit Men's Suits",2021,564547839
11,"Textiles",1161,"Knitted clothing accesories",116104,"Knit Women's Suits",2021,523696915
11,"Textiles",1161,"Knitted clothing accesories",116105,"Knit Men's Shirts",2021,249807811
11,"Textiles",1161,"Knitted clothing accesories",116106,"Knit Women's Shirts",2021,32459727
11,"Textiles",1161,"Knitted clothing accesories",116107,"Knit Men's Undergarments",2021,224939680
11,"Textiles",1161,"Knitted clothing accesories",116108,"Knit Women's Undergarments",2021,46337987
11,"Textiles",1161,"Knitted clothing accesories",116109,"Knit T-shirts",2021,566705408
11,"Textiles",1161,"Knitted clothing accesories",116110,"Knit Sweaters",2021,1402523547
11,"Textiles",1161,"Knitted clothing accesories",116111,"Knit Babies' Garments",2021,107421848
11,"Textiles",1161,"Knitted clothing accesories",116112,"Knit Active Wear",2021,64672855
11,"Textiles",1161,"Knitted clothing accesories",116113,"Garments of Impregnated Fabric",2021,4040969
11,"Textiles",1161,"Knitted clothing accesories",116114,"Other Knit Garments",2021,71025015
11,"Textiles",1161,"Knitted clothing accesories",116115,"Knit Socks and Hosiery",2021,606793160
11,"Textiles",1161,"Knitted clothing accesories",116116,"Knit Gloves",2021,281050079
11,"Textiles",1161,"Knitted clothing accesories",116117,"Other Knit Clothing Accessories",2021,12796831
11,"Textiles",1162,"Non-knitted clothing accesories",116201,"Non-Knit Men's Coats",2021,95682099
11,"Textiles",1162,"Non-knitted clothing accesories",116202,"Non-Knit Women's Coats",2021,46515633
11,"Textiles",1162,"Non-knitted clothing accesories",116203,"Non-Knit Men's Suits",2021,2211192147
11,"Textiles",1162,"Non-knitted clothing accesories",116204,"Non-Knit Women's Suits",2021,1495858846
11,"Textiles",1162,"Non-knitted clothing accesories",116205,"Non-Knit Men's Shirts",2021,23015169
11,"Textiles",1162,"Non-knitted clothing accesories",116206,"Non-Knit Women's Shirts",2021,22376931
11,"Textiles",1162,"Non-knitted clothing accesories",116207,"Non-Knit Men's Undergarments",2021,62017334
11,"Textiles",1162,"Non-knitted clothing accesories",116208,"Non-Knit Women's Undergarments",2021,59666126
11,"Textiles",1162,"Non-knitted clothing accesories",116209,"Non-Knit Babies' Garments",2021,16380759
11,"Textiles",1162,"Non-knitted clothing accesories",116210,"Felt or Coated Fabric Garments",2021,35780331
11,"Textiles",1162,"Non-knitted clothing accesories",116211,"Non-Knit Active Wear",2021,191671039
11,"Textiles",1162,"Non-knitted clothing accesories",116212,"Other Women's Undergarments",2021,4081045
11,"Textiles",1162,"Non-knitted clothing accesories",116213,"Handkerchiefs",2021,326608
11,"Textiles",1162,"Non-knitted clothing accesories",116214,"Scarves",2021,9714070
11,"Textiles",1162,"Non-knitted clothing accesories",116215,"Neck Ties",2021,611317
11,"Textiles",1162,"Non-knitted clothing accesories",116216,"Non-Knit Gloves",2021,70161406
11,"Textiles",1162,"Non-knitted clothing accesories",116217,"Other Non-Knit Clothing Accessories",2021,13076979
11,"Textiles",1163,"Used clothes & textile articles",116301,"Blankets",2021,64653145
11,"Textiles",1163,"Used clothes & textile articles",116302,"House Linens",2021,4467097979
11,"Textiles",1163,"Used clothes & textile articles",116303,"Window Dressings",2021,135994809
11,"Textiles",1163,"Used clothes & textile articles",116304,"Bedspreads",2021,76283986
11,"Textiles",1163,"Used clothes & textile articles",116305,"Packing Bags",2021,35500183
11,"Textiles",1163,"Used clothes & textile articles",116306,"Awnings, Tents, and Sails",2021,106055867
11,"Textiles",1163,"Used clothes & textile articles",116307,"Other Cloth Articles",2021,363978053
11,"Textiles",1163,"Used clothes & textile articles",116308,"Packaged Sewing Sets",2021,2138398
11,"Textiles",1163,"Used clothes & textile articles",116309,"Used Clothing",2021,227795318
11,"Textiles",1163,"Used clothes & textile articles",116310,"Textile Scraps",2021,58602657
12,"Footwear and Headwear",1264,"Footwear",126401,"Waterproof Footwear",2021,1494278
12,"Footwear and Headwear",1264,"Footwear",126402,"Rubber Footwear",2021,10377967
12,"Footwear and Headwear",1264,"Footwear",126403,"Leather Footwear",2021,142909965
12,"Footwear and Headwear",1264,"Footwear",126404,"Textile Footwear",2021,8565857
12,"Footwear and Headwear",1264,"Footwear",126405,"Other Footwear",2021,17853879
12,"Footwear and Headwear",1264,"Footwear",126406,"Footwear Parts",2021,20958110
12,"Footwear and Headwear",1265,"Headgear",126501,"Hat Forms",2021,18873
12,"Footwear and Headwear",1265,"Headgear",126502,"Hat Shapes",2021,23743
12,"Footwear and Headwear",1265,"Headgear",126504,"Hats",2021,358203
12,"Footwear and Headwear",1265,"Headgear",126505,"Knitted Hats",2021,8456644
12,"Footwear and Headwear",1265,"Headgear",126506,"Other Headwear",2021,6385619
12,"Footwear and Headwear",1265,"Headgear",126507,"Headbands and Linings",2021,818486
12,"Footwear and Headwear",1266,"Umbrellas, walking sticks, & whips",126601,"Umbrellas",2021,108541
12,"Footwear and Headwear",1266,"Umbrellas, walking sticks, & whips",126602,"Walking Sticks",2021,648565
12,"Footwear and Headwear",1266,"Umbrellas, walking sticks, & whips",126603,"Umbrella and Walking Stick Accessories",2021,71772
12,"Footwear and Headwear",1267,"Feather articles, feathers, artificial flowers, & articles of human hair",126701,"Bird Skins and Feathers",2021,59639
12,"Footwear and Headwear",1267,"Feather articles, feathers, artificial flowers, & articles of human hair",126702,"Artificial Vegetation",2021,217911
12,"Footwear and Headwear",1267,"Feather articles, feathers, artificial flowers, & articles of human hair",126703,"Processed Hair",2021,222326
12,"Footwear and Headwear",1267,"Feather articles, feathers, artificial flowers, & articles of human hair",126704,"Fake Hair",2021,181328
13,"Stone And Glass",1368,"Stone, plaster, cement, asbestos, mica.",136801,"Curbstones",2021,728847
13,"Stone And Glass",1368,"Stone, plaster, cement, asbestos, mica.",136802,"Building Stone",2021,22642733
13,"Stone And Glass",1368,"Stone, plaster, cement, asbestos, mica.",136803,"Worked Slate",2021,876
13,"Stone And Glass",1368,"Stone, plaster, cement, asbestos, mica.",136804,"Milling Stones",2021,182140
13,"Stone And Glass",1368,"Stone, plaster, cement, asbestos, mica.",136805,"Abrasive Powder",2021,83310
13,"Stone And Glass",1368,"Stone, plaster, cement, asbestos, mica.",136806,"Rock Wool",2021,11360
13,"Stone And Glass",1368,"Stone, plaster, cement, asbestos, mica.",136807,"Asphalt",2021,9299
13,"Stone And Glass",1368,"Stone, plaster, cement, asbestos, mica.",136808,"Vegetable Fiber",2021,3155
13,"Stone And Glass",1368,"Stone, plaster, cement, asbestos, mica.",136809,"Plaster Articles",2021,293320
13,"Stone And Glass",1368,"Stone, plaster, cement, asbestos, mica.",136810,"Cement Articles",2021,1870430
13,"Stone And Glass",1368,"Stone, plaster, cement, asbestos, mica.",136811,"Asbestos Cement Articles",2021,22693.000000000004
13,"Stone And Glass",1368,"Stone, plaster, cement, asbestos, mica.",136812,"Asbestos Fibres",2021,10576
13,"Stone And Glass",1368,"Stone, plaster, cement, asbestos, mica.",136813,"Friction Material",2021,69979
13,"Stone And Glass",1368,"Stone, plaster, cement, asbestos, mica.",136814,"Processed Mica",2021,4615
13,"Stone And Glass",1368,"Stone, plaster, cement, asbestos, mica.",136815,"Other Stone Articles",2021,7233786
13,"Stone And Glass",1369,"Ceramic products",136901,"Bricks",2021,388599
13,"Stone And Glass",1369,"Ceramic products",136902,"Refractory Bricks",2021,1138644
13,"Stone And Glass",1369,"Ceramic products",136903,"Refractory Ceramics",2021,29553
13,"Stone And Glass",1369,"Ceramic products",136904,"Ceramic Bricks",2021,11924904.000000002
13,"Stone And Glass",1369,"Ceramic products",136906,"Ceramic Pipes",2021,393.99999999999994
13,"Stone And Glass",1369,"Ceramic products",136907,"Unglazed Ceramics",2021,147050
13,"Stone And Glass",1369,"Ceramic products",136909,"Laboratory Ceramic Ware",2021,17275
13,"Stone And Glass",1369,"Ceramic products",136910,"Bathroom Ceramics",2021,1086825
13,"Stone And Glass",1369,"Ceramic products",136911,"Porcelain Tableware",2021,882565
13,"Stone And Glass",1369,"Ceramic products",136912,"Ceramic Tableware",2021,1099643
13,"Stone And Glass",1369,"Ceramic products",136913,"Ornamental Ceramics",2021,920720
13,"Stone And Glass",1369,"Ceramic products",136914,"Other Ceramic Articles",2021,7031094.999999999
13,"Stone And Glass",1370,"Glass & glassware",137001,"Glass Scraps",2021,485677
13,"Stone And Glass",1370,"Glass & glassware",137002,"Glass Balls",2021,342017
13,"Stone And Glass",1370,"Glass & glassware",137003,"Cast or Rolled Glass",2021,114266.00000000001
13,"Stone And Glass",1370,"Glass & glassware",137004,"Blown Glass",2021,80185
13,"Stone And Glass",1370,"Glass & glassware",137005,"Float Glass",2021,14277670
13,"Stone And Glass",1370,"Glass & glassware",137006,"Glass with Edge Workings",2021,1136.9999999999998
13,"Stone And Glass",1370,"Glass & glassware",137007,"Safety Glass",2021,50044
13,"Stone And Glass",1370,"Glass & glassware",137008,"Insulating Glass",2021,38240
13,"Stone And Glass",1370,"Glass & glassware",137009,"Glass Mirrors",2021,971633
13,"Stone And Glass",1370,"Glass & glassware",137010,"Glass Bottles",2021,8329090
13,"Stone And Glass",1370,"Glass & glassware",137011,"Glass Bulbs",2021,1406
13,"Stone And Glass",1370,"Glass & glassware",137013,"Interior Decorative Glassware",2021,7140489
13,"Stone And Glass",1370,"Glass & glassware",137014,"Signaling Glassware",2021,132
13,"Stone And Glass",1370,"Glass & glassware",137015,"Eyewear and Clock Glass",2021,4198
13,"Stone And Glass",1370,"Glass & glassware",137016,"Glass Bricks",2021,77280
13,"Stone And Glass",1370,"Glass & glassware",137017,"Laboratory Glassware",2021,177103
13,"Stone And Glass",1370,"Glass & glassware",137018,"Glass Beads",2021,507239.00000000006
13,"Stone And Glass",1370,"Glass & glassware",137019,"Glass Fibers",2021,161942
13,"Stone And Glass",1370,"Glass & glassware",137020,"Other Glass Articles",2021,75312
14,"Precious Metals",1471,"Precious stones, metals, & pearls",147101,"Pearls",2021,1489726
14,"Precious Metals",1471,"Precious stones, metals, & pearls",147102,"Diamonds",2021,16045.000000000004
14,"Precious Metals",1471,"Precious stones, metals, & pearls",147103,"Precious Stones",2021,10014157
14,"Precious Metals",1471,"Precious stones, metals, & pearls",147104,"Synthetic Reconstructed Jewellery Stones",2021,406398
14,"Precious Metals",1471,"Precious stones, metals, & pearls",147106,"Silver",2021,190324
14,"Precious Metals",1471,"Precious stones, metals, & pearls",147107,"Silver Clad Metals",2021,448158.99999999994
14,"Precious Metals",1471,"Precious stones, metals, & pearls",147108,"Gold",2021,9887372
14,"Precious Metals",1471,"Precious stones, metals, & pearls",147109,"Gold Clad Metals",2021,28164
14,"Precious Metals",1471,"Precious stones, metals, & pearls",147110,"Platinum",2021,859625.9999999999
14,"Precious Metals",1471,"Precious stones, metals, & pearls",147111,"Platinum Clad Metals",2021,5
14,"Precious Metals",1471,"Precious stones, metals, & pearls",147112,"Precious Metal Scraps",2021,14305928
14,"Precious Metals",1471,"Precious stones, metals, & pearls",147113,"Jewellery",2021,36018991
14,"Precious Metals",1471,"Precious stones, metals, & pearls",147114,"Metal-Clad Products",2021,32078
14,"Precious Metals",1471,"Precious stones, metals, & pearls",147115,"Other Precious Metal Products",2021,5447573
14,"Precious Metals",1471,"Precious stones, metals, & pearls",147116,"Pearl Products",2021,916437
14,"Precious Metals",1471,"Precious stones, metals, & pearls",147117,"Imitation Jewellery",2021,853265
14,"Precious Metals",1471,"Precious stones, metals, & pearls",147118,"Coin",2021,370
15,"Metals",1572,"Iron & steel",157201,"Pig Iron",2021,12653
15,"Metals",1572,"Iron & steel",157202,"Ferroalloys",2021,294965
15,"Metals",1572,"Iron & steel",157203,"Iron Reductions",2021,228913556
15,"Metals",1572,"Iron & steel",157204,"Scrap Iron",2021,23959854.000000004
15,"Metals",1572,"Iron & steel",157205,"Iron Powder",2021,141119.99999999997
15,"Metals",1572,"Iron & steel",157206,"Iron Ingots",2021,14020
15,"Metals",1572,"Iron & steel",157207,"Semi-Finished Iron",2021,129765.99999999999
15,"Metals",1572,"Iron & steel",157208,"Hot-Rolled Iron",2021,832052
15,"Metals",1572,"Iron & steel",157209,"Cold-Rolled Iron",2021,34793480
15,"Metals",1572,"Iron & steel",157210,"Coated Flat-Rolled Iron",2021,70732003
15,"Metals",1572,"Iron & steel",157211,"Large Flat-Rolled Iron",2021,2458708
15,"Metals",1572,"Iron & steel",157212,"Large Coated Flat-Rolled Iron",2021,4270116
15,"Metals",1572,"Iron & steel",157213,"Hot-Rolled Iron Bars",2021,5196240
15,"Metals",1572,"Iron & steel",157214,"Raw Iron Bars",2021,433169
15,"Metals",1572,"Iron & steel",157215,"Other Iron Bars",2021,52534
15,"Metals",1572,"Iron & steel",157216,"Iron Blocks",2021,162562
15,"Metals",1572,"Iron & steel",157217,"Iron Wire",2021,457431
15,"Metals",1572,"Iron & steel",157218,"Stainless Steel Ingots",2021,784826
15,"Metals",1572,"Iron & steel",157219,"Large Flat-Rolled Stainless Steel",2021,181467
15,"Metals",1572,"Iron & steel",157220,"Flat-Rolled Stainless Steel",2021,9450
15,"Metals",1572,"Iron & steel",157221,"Hot-Rolled Stainless Steel Bars",2021,348
15,"Metals",1572,"Iron & steel",157222,"Other Stainless Steel Bars",2021,109594
15,"Metals",1572,"Iron & steel",157223,"Stainless Steel Wire",2021,30755.000000000004
15,"Metals",1572,"Iron & steel",157224,"Steel Ingots",2021,9119
15,"Metals",1572,"Iron & steel",157225,"Flat Flat-Rolled Steel",2021,2899795
15,"Metals",1572,"Iron & steel",157226,"Flat-Rolled Iron",2021,123828.00000000001
15,"Metals",1572,"Iron & steel",157227,"Steel Bars",2021,1663.9999999999998
15,"Metals",1572,"Iron & steel",157228,"Other Steel Bars",2021,51221
15,"Metals",1572,"Iron & steel",157229,"Steel Wire",2021,1261231
15,"Metals",1573,"Iron/Steel Articles",157301,"Iron Sheet Piling",2021,3019
15,"Metals",1573,"Iron/Steel Articles",157302,"Iron Railway Products",2021,911.9999999999999
15,"Metals",1573,"Iron/Steel Articles",157303,"Cast Iron Pipes",2021,3784
15,"Metals",1573,"Iron/Steel Articles",157304,"Iron Pipes",2021,603596
15,"Metals",1573,"Iron/Steel Articles",157306,"Other Small Iron Pipes",2021,86626391
15,"Metals",1573,"Iron/Steel Articles",157307,"Iron Pipe Fittings",2021,328664
15,"Metals",1573,"Iron/Steel Articles",157308,"Iron Structures",2021,1504848
15,"Metals",1573,"Iron/Steel Articles",157309,"Large Iron Containers",2021,42168
15,"Metals",1573,"Iron/Steel Articles",157310,"Small Iron Containers",2021,15364754
15,"Metals",1573,"Iron/Steel Articles",157311,"Iron Gas Containers",2021,352867
15,"Metals",1573,"Iron/Steel Articles",157312,"Stranded Iron Wire",2021,278617
15,"Metals",1573,"Iron/Steel Articles",157313,"Barbed Wire",2021,1290
15,"Metals",1573,"Iron/Steel Articles",157314,"Iron Cloth",2021,81171
15,"Metals",1573,"Iron/Steel Articles",157315,"Iron Chains",2021,228899
15,"Metals",1573,"Iron/Steel Articles",157316,"Iron Anchors",2021,17275
15,"Metals",1573,"Iron/Steel Articles",157317,"Iron Nails",2021,26566
15,"Metals",1573,"Iron/Steel Articles",157318,"Iron Fasteners",2021,2633223
15,"Metals",1573,"Iron/Steel Articles",157319,"Iron Sewing Needles",2021,81172
15,"Metals",1573,"Iron/Steel Articles",157320,"Iron Springs",2021,102729
15,"Metals",1573,"Iron/Steel Articles",157321,"Iron Stovetops",2021,1614282
15,"Metals",1573,"Iron/Steel Articles",157322,"Iron Radiators",2021,18832
15,"Metals",1573,"Iron/Steel Articles",157323,"Iron Housewares",2021,5603340
15,"Metals",1573,"Iron/Steel Articles",157324,"Iron Toiletry",2021,548301
15,"Metals",1573,"Iron/Steel Articles",157325,"Other Cast Iron Products",2021,1112482
15,"Metals",1573,"Iron/Steel Articles",157326,"Other Iron Products",2021,13868394
15,"Metals",1574,"Copper articles",157402,"Raw Copper",2021,313111520
15,"Metals",1574,"Copper articles",157403,"Refined Copper",2021,721778452
15,"Metals",1574,"Copper articles",157404,"Scrap Copper",2021,51573401
15,"Metals",1574,"Copper articles",157406,"Copper Powder",2021,22118.000000000004
15,"Metals",1574,"Copper articles",157407,"Copper Bars",2021,28903931
15,"Metals",1574,"Copper articles",157408,"Copper Wire",2021,5560221
15,"Metals",1574,"Copper articles",157409,"Copper Plating",2021,227410
15,"Metals",1574,"Copper articles",157410,"Copper Foil",2021,38
15,"Metals",1574,"Copper articles",157411,"Copper Pipes",2021,23121
15,"Metals",1574,"Copper articles",157412,"Copper Pipe Fittings",2021,37936
15,"Metals",1574,"Copper articles",157413,"Stranded Copper Wire",2021,217126
15,"Metals",1574,"Copper articles",157415,"Copper Fasteners",2021,88840
15,"Metals",1574,"Copper articles",157418,"Copper Housewares",2021,2594092
15,"Metals",1574,"Copper articles",157419,"Other Copper Products",2021,507447
15,"Metals",1575,"Nickel articles",157503,"Scrap Nickel",2021,701625
15,"Metals",1575,"Nickel articles",157504,"Nickel Powder",2021,2093
15,"Metals",1575,"Nickel articles",157505,"Nickel Bars",2021,10595
15,"Metals",1575,"Nickel articles",157506,"Nickel Sheets",2021,2766
15,"Metals",1575,"Nickel articles",157508,"Other Nickel Products",2021,33845
15,"Metals",1576,"Aluminum articles",157601,"Raw Aluminium",2021,85027645.00000001
15,"Metals",1576,"Aluminum articles",157602,"Scrap Aluminium",2021,3998643
15,"Metals",1576,"Aluminum articles",157603,"Aluminium Powder",2021,1216
15,"Metals",1576,"Aluminum articles",157604,"Aluminium Bars",2021,210586
15,"Metals",1576,"Aluminum articles",157605,"Aluminium Wire",2021,128700
15,"Metals",1576,"Aluminum articles",157606,"Aluminium Plating",2021,199730
15,"Metals",1576,"Aluminum articles",157607,"Aluminium Foil",2021,604069
15,"Metals",1576,"Aluminum articles",157608,"Aluminium Pipes",2021,6458
15,"Metals",1576,"Aluminum articles",157609,"Aluminium Pipe Fittings",2021,92032
15,"Metals",1576,"Aluminum articles",157610,"Aluminium Structures",2021,530295
15,"Metals",1576,"Aluminum articles",157612,"Aluminium Cans",2021,23582645
15,"Metals",1576,"Aluminum articles",157613,"Aluminium Gas Containers",2021,7170
15,"Metals",1576,"Aluminum articles",157614,"Stranded Aluminium Wire",2021,8929
15,"Metals",1576,"Aluminum articles",157615,"Aluminium Housewares",2021,18022818
15,"Metals",1576,"Aluminum articles",157616,"Other Aluminium Products",2021,2539584
15,"Metals",1578,"Lead articles",157801,"Raw Lead",2021,20385714
15,"Metals",1578,"Lead articles",157804,"Lead Sheets",2021,100.99999999999999
15,"Metals",1578,"Lead articles",157806,"Other Lead Products",2021,23214
15,"Metals",1579,"Zinc articles",157901,"Raw Zinc",2021,68109
15,"Metals",1579,"Zinc articles",157902,"Scrap Waste",2021,2557111
15,"Metals",1579,"Zinc articles",157903,"Zinc Powder",2021,2056719
15,"Metals",1579,"Zinc articles",157904,"Zinc Bars",2021,4499
15,"Metals",1579,"Zinc articles",157907,"Other Zinc Products",2021,393170
15,"Metals",1580,"Tin articles",158001,"Raw Tin",2021,141863
15,"Metals",1580,"Tin articles",158002,"Scrap Tin",2021,10399
15,"Metals",1580,"Tin articles",158007,"Other Tin Products",2021,12601
15,"Metals",1581,"Cermet articles",158101,"Tungsten",2021,1139970
15,"Metals",1581,"Cermet articles",158102,"Molybdenum",2021,70
15,"Metals",1581,"Cermet articles",158104,"Magnesium",2021,179
15,"Metals",1581,"Cermet articles",158105,"Cobalt",2021,171821
15,"Metals",1581,"Cermet articles",158108,"Titanium",2021,202826
15,"Metals",1581,"Cermet articles",158109,"Zirconium",2021,3670
15,"Metals",1581,"Cermet articles",158110,"Antimony",2021,2097
15,"Metals",1581,"Cermet articles",158113,"Cermets",2021,22.000000000000004
15,"Metals",1582,"Tools & cutlery",158201,"Garden Tools",2021,2239639
15,"Metals",1582,"Tools & cutlery",158202,"Hand Saws",2021,93066
15,"Metals",1582,"Tools & cutlery",158203,"Hand Tools",2021,30084171
15,"Metals",1582,"Tools & cutlery",158204,"Wrenches",2021,99085
15,"Metals",1582,"Tools & cutlery",158205,"Other Hand Tools",2021,9132023
15,"Metals",1582,"Tools & cutlery",158206,"Tool Sets",2021,355877
15,"Metals",1582,"Tools & cutlery",158207,"Interchangeable Tool Parts",2021,1147068
15,"Metals",1582,"Tools & cutlery",158208,"Cutting Blades",2021,576035
15,"Metals",1582,"Tools & cutlery",158209,"Tool Plates",2021,51613
15,"Metals",1582,"Tools & cutlery",158210,"Cooking Hand Tools",2021,114172
15,"Metals",1582,"Tools & cutlery",158211,"Knives",2021,13371128
15,"Metals",1582,"Tools & cutlery",158212,"Razor Blades",2021,15711193
15,"Metals",1582,"Tools & cutlery",158213,"Scissors",2021,36026374
15,"Metals",1582,"Tools & cutlery",158214,"Other Cutlery",2021,36299224
15,"Metals",1582,"Tools & cutlery",158215,"Cutlery Sets",2021,1612244
15,"Metals",1583,"Miscellaneous metal products",158301,"Padlocks",2021,190219
15,"Metals",1583,"Miscellaneous metal products",158302,"Metal Mountings",2021,4803933
15,"Metals",1583,"Miscellaneous metal products",158303,"Safes",2021,2236
15,"Metals",1583,"Miscellaneous metal products",158304,"Filing Cabinets",2021,32771
15,"Metals",1583,"Miscellaneous metal products",158305,"Metal Office Supplies",2021,188489
15,"Metals",1583,"Miscellaneous metal products",158306,"Bells and Other Metal Ornaments",2021,923467
15,"Metals",1583,"Miscellaneous metal products",158307,"Flexible Metal Tubing",2021,61536
15,"Metals",1583,"Miscellaneous metal products",158308,"Other Metal Fasteners",2021,855688
15,"Metals",1583,"Miscellaneous metal products",158309,"Metal Stoppers",2021,137768
15,"Metals",1583,"Miscellaneous metal products",158310,"Metal Signs",2021,718129
15,"Metals",1583,"Miscellaneous metal products",158311,"Coated Metal Soldering Products",2021,133895
16,"Machines",1684,"Machinery, mechanical appliances, & parts",168401,"Nuclear Reactors",2021,9517
16,"Machines",1684,"Machinery, mechanical appliances, & parts",168402,"Steam Boilers",2021,3066622
16,"Machines",1684,"Machinery, mechanical appliances, & parts",168403,"Central Heating Boilers",2021,23233
16,"Machines",1684,"Machinery, mechanical appliances, & parts",168404,"Boiler Plants",2021,111192
16,"Machines",1684,"Machinery, mechanical appliances, & parts",168405,"Water and Gas Generators",2021,117396
16,"Machines",1684,"Machinery, mechanical appliances, & parts",168406,"Steam Turbines",2021,1293124.9999999998
16,"Machines",1684,"Machinery, mechanical appliances, & parts",168407,"Spark-Ignition Engines",2021,9487837
16,"Machines",1684,"Machinery, mechanical appliances, & parts",168408,"Combustion Engines",2021,670472
16,"Machines",1684,"Machinery, mechanical appliances, & parts",168409,"Engine Parts",2021,3877465
16,"Machines",1684,"Machinery, mechanical appliances, & parts",168410,"Hydraulic Turbines",2021,9109
16,"Machines",1684,"Machinery, mechanical appliances, & parts",168411,"Gas Turbines",2021,15597485
16,"Machines",1684,"Machinery, mechanical appliances, & parts",168412,"Other Engines",2021,467050
16,"Machines",1684,"Machinery, mechanical appliances, & parts",168413,"Liquid Pumps",2021,5830711
16,"Machines",1684,"Machinery, mechanical appliances, & parts",168414,"Air Pumps",2021,28670029
16,"Machines",1684,"Machinery, mechanical appliances, & parts",168415,"Air Conditioners",2021,952089
16,"Machines",1684,"Machinery, mechanical appliances, & parts",168416,"Liquid Fuel Furnaces",2021,32128
16,"Machines",1684,"Machinery, mechanical appliances, & parts",168417,"Industrial Furnaces",2021,745213
16,"Machines",1684,"Machinery, mechanical appliances, & parts",168418,"Refrigerators",2021,3339302
16,"Machines",1684,"Machinery, mechanical appliances, & parts",168419,"Other Heating Machinery",2021,1039628
16,"Machines",1684,"Machinery, mechanical appliances, & parts",168420,"Rolling Machines",2021,647059
16,"Machines",1684,"Machinery, mechanical appliances, & parts",168421,"Centrifuges",2021,13844188
16,"Machines",1684,"Machinery, mechanical appliances, & parts",168422,"Washing and Bottling Machines",2021,11956580
16,"Machines",1684,"Machinery, mechanical appliances, & parts",168423,"Scales",2021,185631
16,"Machines",1684,"Machinery, mechanical appliances, & parts",168424,"Liquid Dispersing Machines",2021,570737
16,"Machines",1684,"Machinery, mechanical appliances, & parts",168425,"Pulley Systems",2021,563977
16,"Machines",1684,"Machinery, mechanical appliances, & parts",168426,"Cranes",2021,379211
16,"Machines",1684,"Machinery, mechanical appliances, & parts",168427,"Fork-Lifts",2021,168494
16,"Machines",1684,"Machinery, mechanical appliances, & parts",168428,"Lifting Machinery",2021,578675
16,"Machines",1684,"Machinery, mechanical appliances, & parts",168429,"Large Construction Vehicles",2021,927162
16,"Machines",1684,"Machinery, mechanical appliances, & parts",168430,"Other Construction Vehicles",2021,647369
16,"Machines",1684,"Machinery, mechanical appliances, & parts",168431,"Excavation Machinery",2021,4430181
16,"Machines",1684,"Machinery, mechanical appliances, & parts",168432,"Soil Preparation Machinery",2021,5593181
16,"Machines",1684,"Machinery, mechanical appliances, & parts",168433,"Harvesting Machinery",2021,1933003
16,"Machines",1684,"Machinery, mechanical appliances, & parts",168434,"Dairy Machinery",2021,726721
16,"Machines",1684,"Machinery, mechanical appliances, & parts",168435,"Fruit Pressing Machinery",2021,55053
16,"Machines",1684,"Machinery, mechanical appliances, & parts",168436,"Other Agricultural Machinery",2021,276407
16,"Machines",1684,"Machinery, mechanical appliances, & parts",168437,"Mill Machinery",2021,395294
16,"Machines",1684,"Machinery, mechanical appliances, & parts",168438,"Industrial Food Preperation Machinery",2021,8195254
16,"Machines",1684,"Machinery, mechanical appliances, & parts",168439,"Papermaking Machines",2021,200400
16,"Machines",1684,"Machinery, mechanical appliances, & parts",168440,"Book-binding Machines",2021,9172
16,"Machines",1684,"Machinery, mechanical appliances, & parts",168441,"Other Paper Machinery",2021,455324
16,"Machines",1684,"Machinery, mechanical appliances, & parts",168442,"Print Production Machinery",2021,133554
16,"Machines",1684,"Machinery, mechanical appliances, & parts",168443,"Industrial Printers",2021,2175745
16,"Machines",1684,"Machinery, mechanical appliances, & parts",168444,"Artificial Textile Machinery",2021,5254
16,"Machines",1684,"Machinery, mechanical appliances, & parts",168445,"Textile Fiber Machinery",2021,993352
16,"Machines",1684,"Machinery, mechanical appliances, & parts",168446,"Looms",2021,3303540
16,"Machines",1684,"Machinery, mechanical appliances, & parts",168447,"Knitting Machines",2021,42742
16,"Machines",1684,"Machinery, mechanical appliances, & parts",168448,"Knitting Machine Accessories",2021,3299240
16,"Machines",1684,"Machinery, mechanical appliances, & parts",168450,"Household Washing Machines",2021,876736
16,"Machines",1684,"Machinery, mechanical appliances, & parts",168451,"Textile Processing Machines",2021,732366
16,"Machines",1684,"Machinery, mechanical appliances, & parts",168452,"Sewing Machines",2021,1492832
16,"Machines",1684,"Machinery, mechanical appliances, & parts",168453,"Leather Machinery",2021,339153
16,"Machines",1684,"Machinery, mechanical appliances, & parts",168454,"Casting Machines",2021,699871
16,"Machines",1684,"Machinery, mechanical appliances, & parts",168455,"Metal-Rolling Mills",2021,362380
16,"Machines",1684,"Machinery, mechanical appliances, & parts",168456,"Non-Mechanical Removal Machinery",2021,319189
16,"Machines",1684,"Machinery, mechanical appliances, & parts",168457,"Metalworking Transfer Machines",2021,54.00000000000001
16,"Machines",1684,"Machinery, mechanical appliances, & parts",168458,"Metal Lathes",2021,1040847
16,"Machines",1684,"Machinery, mechanical appliances, & parts",168459,"Drilling Machines",2021,55858
16,"Machines",1684,"Machinery, mechanical appliances, & parts",168460,"Metal Finishing Machines",2021,182080
16,"Machines",1684,"Machinery, mechanical appliances, & parts",168461,"Metalworking Machines",2021,20483
16,"Machines",1684,"Machinery, mechanical appliances, & parts",168462,"Forging Machines",2021,483195
16,"Machines",1684,"Machinery, mechanical appliances, & parts",168463,"Other Non-Metal Removal Machinery",2021,181406
16,"Machines",1684,"Machinery, mechanical appliances, & parts",168464,"Stone Working Machines",2021,63244
16,"Machines",1684,"Machinery, mechanical appliances, & parts",168465,"Woodworking machines",2021,261994
16,"Machines",1684,"Machinery, mechanical appliances, & parts",168466,"Metalworking Machine Parts",2021,397511
16,"Machines",1684,"Machinery, mechanical appliances, & parts",168467,"Motor-working Tools",2021,180779
16,"Machines",1684,"Machinery, mechanical appliances, & parts",168468,"Soldering and Welding Machinery",2021,24623
16,"Machines",1684,"Machinery, mechanical appliances, & parts",168470,"Calculators",2021,51338
16,"Machines",1684,"Machinery, mechanical appliances, & parts",168471,"Computers",2021,1446655
16,"Machines",1684,"Machinery, mechanical appliances, & parts",168472,"Other Office Machines",2021,5174
16,"Machines",1684,"Machinery, mechanical appliances, & parts",168473,"Office Machine Parts",2021,2140466
16,"Machines",1684,"Machinery, mechanical appliances, & parts",168474,"Stone Processing Machines",2021,813177
16,"Machines",1684,"Machinery, mechanical appliances, & parts",168475,"Glass Working Machines",2021,180590
16,"Machines",1684,"Machinery, mechanical appliances, & parts",168476,"Vending Machines",2021,502
16,"Machines",1684,"Machinery, mechanical appliances, & parts",168477,"Rubberworking Machinery",2021,2873082
16,"Machines",1684,"Machinery, mechanical appliances, & parts",168478,"Tobacco Processing Machines",2021,1404067
16,"Machines",1684,"Machinery, mechanical appliances, & parts",168479,"Machinery Having Individual Functions",2021,2751128
16,"Machines",1684,"Machinery, mechanical appliances, & parts",168480,"Metal Molds",2021,2352021
16,"Machines",1684,"Machinery, mechanical appliances, & parts",168481,"Valves",2021,2489463
16,"Machines",1684,"Machinery, mechanical appliances, & parts",168482,"Ball Bearings",2021,408450
16,"Machines",1684,"Machinery, mechanical appliances, & parts",168483,"Transmissions",2021,2977633
16,"Machines",1684,"Machinery, mechanical appliances, & parts",168484,"Gaskets",2021,1375964
16,"Machines",1684,"Machinery, mechanical appliances, & parts",168485,"Boat Propellers",2021,1044720
16,"Machines",1685,"Electrical machinery and electronics",168501,"Electric Motors",2021,8660860
16,"Machines",1685,"Electrical machinery and electronics",168502,"Electric Generating Sets",2021,2829337
16,"Machines",1685,"Electrical machinery and electronics",168503,"Electric Motor Parts",2021,580039
16,"Machines",1685,"Electrical machinery and electronics",168504,"Electrical Transformers",2021,6445342
16,"Machines",1685,"Electrical machinery and electronics",168505,"Electromagnets",2021,533723
16,"Machines",1685,"Electrical machinery and electronics",168506,"Batteries",2021,1953363.0000000002
16,"Machines",1685,"Electrical machinery and electronics",168507,"Electric Batteries",2021,27240410
16,"Machines",1685,"Electrical machinery and electronics",168508,"Vacuum Cleaners",2021,123594
16,"Machines",1685,"Electrical machinery and electronics",168509,"Other Domestic Electric Housewares",2021,159623
16,"Machines",1685,"Electrical machinery and electronics",168510,"Hair Trimmers",2021,51741
16,"Machines",1685,"Electrical machinery and electronics",168511,"Electrical Ignitions",2021,571084
16,"Machines",1685,"Electrical machinery and electronics",168512,"Electrical Lighting and Signalling Equipment",2021,312730
16,"Machines",1685,"Electrical machinery and electronics",168513,"Portable Lighting",2021,86249
16,"Machines",1685,"Electrical machinery and electronics",168514,"Electric Furnaces",2021,634066
16,"Machines",1685,"Electrical machinery and electronics",168515,"Electric Soldering Equipment",2021,160064
16,"Machines",1685,"Electrical machinery and electronics",168516,"Electric Heaters",2021,494569
16,"Machines",1685,"Electrical machinery and electronics",168517,"Telephones",2021,8506717
16,"Machines",1685,"Electrical machinery and electronics",168518,"Microphones and Headphones",2021,79705
16,"Machines",1685,"Electrical machinery and electronics",168519,"Sound Recording Equipment",2021,1766
16,"Machines",1685,"Electrical machinery and electronics",168520,"Dictation Machines",2021,49
16,"Machines",1685,"Electrical machinery and electronics",168521,"Video Recording Equipment",2021,477974
16,"Machines",1685,"Electrical machinery and electronics",168522,"Audio and Video Recording Accessories",2021,86429
16,"Machines",1685,"Electrical machinery and electronics",168523,"Blank Audio Media",2021,1102032
16,"Machines",1685,"Electrical machinery and electronics",168524,"Sound Recordings",2021,67437
16,"Machines",1685,"Electrical machinery and electronics",168525,"Broadcasting Equipment",2021,8175032
16,"Machines",1685,"Electrical machinery and electronics",168526,"Navigation Equipment",2021,1080768
16,"Machines",1685,"Electrical machinery and electronics",168527,"Radio Receivers",2021,22613
16,"Machines",1685,"Electrical machinery and electronics",168528,"Video Displays",2021,1144158
16,"Machines",1685,"Electrical machinery and electronics",168529,"Broadcasting Accessories",2021,9440116
16,"Machines",1685,"Electrical machinery and electronics",168530,"Traffic Signals",2021,5087
16,"Machines",1685,"Electrical machinery and electronics",168531,"Audio Alarms",2021,1467538
16,"Machines",1685,"Electrical machinery and electronics",168532,"Electrical Capacitors",2021,970814
16,"Machines",1685,"Electrical machinery and electronics",168533,"Electrical Resistors",2021,86988
16,"Machines",1685,"Electrical machinery and electronics",168534,"Printed Circuit Boards",2021,47588
16,"Machines",1685,"Electrical machinery and electronics",168535,"High-voltage Protection Equipment",2021,50962
16,"Machines",1685,"Electrical machinery and electronics",168536,"Low-voltage Protection Equipment",2021,1054014
16,"Machines",1685,"Electrical machinery and electronics",168537,"Electrical Control Boards",2021,989318
16,"Machines",1685,"Electrical machinery and electronics",168538,"Electrical Power Accessories",2021,1034445
16,"Machines",1685,"Electrical machinery and electronics",168539,"Electric Filament",2021,293733
16,"Machines",1685,"Electrical machinery and electronics",168540,"Cathode Tubes",2021,8995
16,"Machines",1685,"Electrical machinery and electronics",168541,"Semiconductor Devices",2021,265880
16,"Machines",1685,"Electrical machinery and electronics",168542,"Integrated Circuits",2021,519842
16,"Machines",1685,"Electrical machinery and electronics",168543,"Other Electrical Machinery",2021,1203923
16,"Machines",1685,"Electrical machinery and electronics",168544,"Insulated Wire",2021,4180423
16,"Machines",1685,"Electrical machinery and electronics",168545,"Carbon-based Electronics",2021,25969
16,"Machines",1685,"Electrical machinery and electronics",168546,"Electrical Insulators",2021,290469
16,"Machines",1685,"Electrical machinery and electronics",168547,"Metal Insulating Fittings",2021,158629
16,"Machines",1685,"Electrical machinery and electronics",168548,"Electrical Parts",2021,28766
17,"Transportation",1786,"Railway and trams",178603,"Self-Propelled Rail Transport",2021,158900.00000000003
17,"Transportation",1786,"Railway and trams",178607,"Locomotive Parts",2021,104909.99999999999
17,"Transportation",1786,"Railway and trams",178609,"Railway Cargo Containers",2021,383750.00000000006
17,"Transportation",1787,"Cars, tractors, trucks & parts thereof.",178701,"Tractors",2021,48198325
17,"Transportation",1787,"Cars, tractors, trucks & parts thereof.",178702,"Buses",2021,48455
17,"Transportation",1787,"Cars, tractors, trucks & parts thereof.",178703,"Cars",2021,2133602
17,"Transportation",1787,"Cars, tractors, trucks & parts thereof.",178704,"Delivery Trucks",2021,251046
17,"Transportation",1787,"Cars, tractors, trucks & parts thereof.",178705,"Special purpose motor vehicles",2021,7707805
17,"Transportation",1787,"Cars, tractors, trucks & parts thereof.",178706,"Motor vehicle (8701 to 8705) chassis fitted with engine",2021,407018.99999999994
17,"Transportation",1787,"Cars, tractors, trucks & parts thereof.",178707,"Vehicle Bodies (including cabs) for the motor vehicles (8701 to 8705)",2021,189302
17,"Transportation",1787,"Cars, tractors, trucks & parts thereof.",178708,"Motor vehicles; parts and accessories (8701 to 8705)",2021,21511622
17,"Transportation",1787,"Cars, tractors, trucks & parts thereof.",178709,"Work Trucks",2021,60353
17,"Transportation",1787,"Cars, tractors, trucks & parts thereof.",178711,"Motorcycles and cycles",2021,4347210
17,"Transportation",1787,"Cars, tractors, trucks & parts thereof.",178712,"Bicycles, delivery tricycles, other cycles",2021,19228
17,"Transportation",1787,"Cars, tractors, trucks & parts thereof.",178713,"Wheelchairs",2021,11697
17,"Transportation",1787,"Cars, tractors, trucks & parts thereof.",178714,"Bi-Wheel Vehicle Parts",2021,1771857
17,"Transportation",1787,"Cars, tractors, trucks & parts thereof.",178715,"Baby Carriages",2021,3994
17,"Transportation",1787,"Cars, tractors, trucks & parts thereof.",178716,"Trailers and semi-trailers, not mechanically propelled vehicles",2021,1266609
17,"Transportation",1788,"Aircraft and Spacecraft",178801,"Non-powered Aircraft",2021,1581
17,"Transportation",1788,"Aircraft and Spacecraft",178802,"Planes, Helicopters, and/or Spacecraft",2021,61186302
17,"Transportation",1788,"Aircraft and Spacecraft",178803,"Aircraft parts (gliders, balloons, and powered aircraft)",2021,15387001
17,"Transportation",1788,"Aircraft and Spacecraft",178804,"Parachutes",2021,32495
17,"Transportation",1789,"Ships, boats, & floating structures",178901,"Passenger and Cargo Ships",2021,248964567
17,"Transportation",1789,"Ships, boats, & floating structures",178903,"Recreational Boats",2021,236404.99999999997
17,"Transportation",1789,"Ships, boats, & floating structures",178904,"Tug Boats",2021,3089680
17,"Transportation",1789,"Ships, boats, & floating structures",178906,"Other Sea Vessels",2021,4953
17,"Transportation",1789,"Ships, boats, & floating structures",178907,"Other Floating Structures",2021,57141
17,"Transportation",1789,"Ships, boats, & floating structures",178908,"Scrap Vessels",2021,52587
18,"Instruments",1890,"Optical, photo, & film equipment; medical instruments",189001,"Optical Fibers and optical fibre bundles",2021,301814
18,"Instruments",1890,"Optical, photo, & film equipment; medical instruments",189002,"Mirrors and Lenses",2021,45515
18,"Instruments",1890,"Optical, photo, & film equipment; medical instruments",189003,"Eyewear Frames",2021,29197
18,"Instruments",1890,"Optical, photo, & film equipment; medical instruments",189004,"Eyewear",2021,3561998
18,"Instruments",1890,"Optical, photo, & film equipment; medical instruments",189005,"Binoculars and Telescopes",2021,1074352
18,"Instruments",1890,"Optical, photo, & film equipment; medical instruments",189006,"Cameras",2021,5823
18,"Instruments",1890,"Optical, photo, & film equipment; medical instruments",189007,"Video Cameras",2021,30061
18,"Instruments",1890,"Optical, photo, & film equipment; medical instruments",189008,"Image Projectors",2021,63
18,"Instruments",1890,"Optical, photo, & film equipment; medical instruments",189009,"Photocopiers",2021,187325
18,"Instruments",1890,"Optical, photo, & film equipment; medical instruments",189010,"Photo Lab Equipment",2021,891079
18,"Instruments",1890,"Optical, photo, & film equipment; medical instruments",189011,"Microscopes",2021,19713
18,"Instruments",1890,"Optical, photo, & film equipment; medical instruments",189012,"Non-optical Microscopes",2021,23172
18,"Instruments",1890,"Optical, photo, & film equipment; medical instruments",189013,"LCDs",2021,48074
18,"Instruments",1890,"Optical, photo, & film equipment; medical instruments",189014,"Compasses",2021,724316
18,"Instruments",1890,"Optical, photo, & film equipment; medical instruments",189015,"Surveying Equipment",2021,977392
18,"Instruments",1890,"Optical, photo, & film equipment; medical instruments",189016,"Balances",2021,1036
18,"Instruments",1890,"Optical, photo, & film equipment; medical instruments",189017,"Drafting Tools",2021,642385
18,"Instruments",1890,"Optical, photo, & film equipment; medical instruments",189018,"Medical Instruments",2021,466668596
18,"Instruments",1890,"Optical, photo, & film equipment; medical instruments",189019,"Therapeutic Appliances",2021,6718335
18,"Instruments",1890,"Optical, photo, & film equipment; medical instruments",189020,"Breathing Appliances",2021,90875
18,"Instruments",1890,"Optical, photo, & film equipment; medical instruments",189021,"Orthopedic Appliances",2021,5046306
18,"Instruments",1890,"Optical, photo, & film equipment; medical instruments",189022,"X-Ray Equipment",2021,1433362
18,"Instruments",1890,"Optical, photo, & film equipment; medical instruments",189023,"Instructional Models",2021,638751
18,"Instruments",1890,"Optical, photo, & film equipment; medical instruments",189024,"Tensile Testing Machines",2021,222632
18,"Instruments",1890,"Optical, photo, & film equipment; medical instruments",189025,"Hydrometers",2021,474617.00000000006
18,"Instruments",1890,"Optical, photo, & film equipment; medical instruments",189026,"Gas and Liquid Flow Measuring Instruments",2021,1269137
18,"Instruments",1890,"Optical, photo, & film equipment; medical instruments",189027,"Chemical Analysis Instruments",2021,2203049
18,"Instruments",1890,"Optical, photo, & film equipment; medical instruments",189028,"Utility Meters",2021,1240569
18,"Instruments",1890,"Optical, photo, & film equipment; medical instruments",189029,"Revolution Counters",2021,36298
18,"Instruments",1890,"Optical, photo, & film equipment; medical instruments",189030,"Oscilloscopes",2021,2837409
18,"Instruments",1890,"Optical, photo, & film equipment; medical instruments",189031,"Other Measuring Instruments",2021,1471017
18,"Instruments",1890,"Optical, photo, & film equipment; medical instruments",189032,"Thermostats",2021,972530
18,"Instruments",1890,"Optical, photo, & film equipment; medical instruments",189033,"Opto-Electric Instrument Parts",2021,671941
18,"Instruments",1891,"Clocks, watches, & parts",189101,"Precious Metal Watches",2021,43194
18,"Instruments",1891,"Clocks, watches, & parts",189102,"Base Metal Watches",2021,1133243
18,"Instruments",1891,"Clocks, watches, & parts",189103,"Clocks with Watch Movements",2021,6781
18,"Instruments",1891,"Clocks, watches, & parts",189104,"Dashboard Clocks",2021,5088.999999999999
18,"Instruments",1891,"Clocks, watches, & parts",189105,"Other Clocks",2021,109438
18,"Instruments",1891,"Clocks, watches, & parts",189106,"Time Recording Instruments",2021,21896
18,"Instruments",1891,"Clocks, watches, & parts",189107,"Time Switches",2021,2797.9999999999995
18,"Instruments",1891,"Clocks, watches, & parts",189108,"Watch Movements",2021,4478
18,"Instruments",1891,"Clocks, watches, & parts",189109,"Clock Movements",2021,9511
18,"Instruments",1891,"Clocks, watches, & parts",189110,"Incomplete Movement Sets",2021,19
18,"Instruments",1891,"Clocks, watches, & parts",189111,"Watch Cases and Parts",2021,465
18,"Instruments",1891,"Clocks, watches, & parts",189112,"Clock Cases and Parts",2021,3883
18,"Instruments",1891,"Clocks, watches, & parts",189113,"Watch Straps",2021,5558
18,"Instruments",1891,"Clocks, watches, & parts",189114,"Other Clocks and Watches",2021,2756
18,"Instruments",1892,"Musical instruments",189201,"Pianos",2021,6078
18,"Instruments",1892,"Musical instruments",189202,"String Instruments",2021,1285297
18,"Instruments",1892,"Musical instruments",189205,"Wind Instruments",2021,651827
18,"Instruments",1892,"Musical instruments",189206,"Percussion",2021,1415021
18,"Instruments",1892,"Musical instruments",189207,"Electric Musical Instruments",2021,68250
18,"Instruments",1892,"Musical instruments",189208,"Other Musical Instruments",2021,434530.00000000006
18,"Instruments",1892,"Musical instruments",189209,"Musical Instrument Parts",2021,633039
19,"Weapons",1993,"Weapons",199302,"Handguns",2021,8347.999999999998
19,"Weapons",1993,"Weapons",199303,"Other Firearms",2021,10866
19,"Weapons",1993,"Weapons",199304,"Spring, Air, and Gas Guns",2021,682473
19,"Weapons",1993,"Weapons",199305,"Weapons Parts and Accessories",2021,264915
19,"Weapons",1993,"Weapons",199306,"Explosive Ammunition",2021,4979765
19,"Weapons",1993,"Weapons",199307,"Bladed Weapons and Accessories",2021,1342804
20,"Miscellaneous",2094,"Furniture, bedding, lamps, & prefab buildings",209401,"Seats",2021,1652985
20,"Miscellaneous",2094,"Furniture, bedding, lamps, & prefab buildings",209402,"Medical Furniture",2021,310645
20,"Miscellaneous",2094,"Furniture, bedding, lamps, & prefab buildings",209403,"Other Furniture",2021,8526720
20,"Miscellaneous",2094,"Furniture, bedding, lamps, & prefab buildings",209404,"Mattresses",2021,263902220
20,"Miscellaneous",2094,"Furniture, bedding, lamps, & prefab buildings",209405,"Light Fixtures",2021,21841461
20,"Miscellaneous",2094,"Furniture, bedding, lamps, & prefab buildings",209406,"Prefabricated Buildings",2021,2444546
20,"Miscellaneous",2095,"Toys, games, & sports",209503,"Other toys",2021,5430946
20,"Miscellaneous",2095,"Toys, games, & sports",209504,"Video and Card Games",2021,1013962
20,"Miscellaneous",2095,"Toys, games, & sports",209505,"Party Decorations",2021,525688
20,"Miscellaneous",2095,"Toys, games, & sports",209506,"Sports Equipment",2021,327252845
20,"Miscellaneous",2095,"Toys, games, & sports",209507,"Fishing and Hunting Equipment",2021,884778
20,"Miscellaneous",2095,"Toys, games, & sports",209508,"Fairground Amusements",2021,58585
20,"Miscellaneous",2096,"Misc. manufactures",209601,"Worked Ivory and Bone",2021,5298
20,"Miscellaneous",2096,"Misc. manufactures",209602,"Vegetable and Mineral Carvings",2021,3452365
20,"Miscellaneous",2096,"Misc. manufactures",209603,"Brooms",2021,11897980
20,"Miscellaneous",2096,"Misc. manufactures",209604,"Hand Sifters",2021,40870.99999999999
20,"Miscellaneous",2096,"Misc. manufactures",209605,"Travel Kits",2021,23552
20,"Miscellaneous",2096,"Misc. manufactures",209606,"Buttons",2021,450597
20,"Miscellaneous",2096,"Misc. manufactures",209607,"Zippers",2021,1003605
20,"Miscellaneous",2096,"Misc. manufactures",209608,"Pens",2021,1196193
20,"Miscellaneous",2096,"Misc. manufactures",209609,"Pencils and Crayons",2021,8424191
20,"Miscellaneous",2096,"Misc. manufactures",209610,"Chalkboards",2021,22161
20,"Miscellaneous",2096,"Misc. manufactures",209611,"Rubber Stamps",2021,26331
20,"Miscellaneous",2096,"Misc. manufactures",209612,"Ink Ribbons",2021,6179
20,"Miscellaneous",2096,"Misc. manufactures",209613,"Lighters",2021,2739
20,"Miscellaneous",2096,"Misc. manufactures",209614,"Smoking Pipes",2021,524110.99999999994
20,"Miscellaneous",2096,"Misc. manufactures",209615,"Combs",2021,254854
20,"Miscellaneous",2096,"Misc. manufactures",209616,"Scent Sprays",2021,120600.00000000001
20,"Miscellaneous",2096,"Misc. manufactures",209617,"Vacuum Flask",2021,600233
20,"Miscellaneous",2096,"Misc. manufactures",209618,"Mannequins",2021,19448
21,"Arts and Antiques",2197,"Art & antiques",219701,"Paintings",2021,2378467
21,"Arts and Antiques",2197,"Art & antiques",219702,"Prints",2021,6128
21,"Arts and Antiques",2197,"Art & antiques",219703,"Sculptures",2021,456279
21,"Arts and Antiques",2197,"Art & antiques",219704,"Revenue Stamps",2021,778
21,"Arts and Antiques",2197,"Art & antiques",219705,"Collector's Items",2021,4919126
21,"Arts and Antiques",2197,"Art & antiques",219706,"Antiques",2021,4848314