Section ID,Section,HS2 ID,HS2,HS4 ID,HS4,Year,Trade Value
1,"Animal Products",101,"Live animals",10101,"Horses",2021,50520
1,"Animal Products",101,"Live animals",10102,"Bovine",2021,41352056
1,"Animal Products",101,"Live animals",10104,"Sheep and Goats",2021,19955016
1,"Animal Products",101,"Live animals",10105,"Poultry",2021,3076402
1,"Animal Products",101,"Live animals",10106,"Other Animals",2021,2434805
1,"Animal Products",102,"Meat & edible offal",10201,"Bovine Meat",2021,7856081
1,"Animal Products",102,"Meat & edible offal",10202,"Frozen Bovine Meat",2021,7326254
1,"Animal Products",102,"Meat & edible offal",10203,"Pig Meat",2021,4235373
1,"Animal Products",102,"Meat & edible offal",10204,"Sheep and Goat Meat",2021,7047961
1,"Animal Products",102,"Meat & edible offal",10206,"Edible Offal",2021,1783220
1,"Animal Products",102,"Meat & edible offal",10207,"Poultry Meat",2021,12594369
1,"Animal Products",102,"Meat & edible offal",10208,"Other Meat",2021,3363
1,"Animal Products",102,"Meat & edible offal",10209,"Animal Fat",2021,159244
1,"Animal Products",102,"Meat & edible offal",10210,"Preserved Meat",2021,2271546
1,"Animal Products",103,"Fish, Crustaceans & Molluscs",10301,"Live Fish",2021,1001742
1,"Animal Products",103,"Fish, Crustaceans & Molluscs",10302,"Non-fillet Fresh Fish",2021,1403300
1,"Animal Products",103,"Fish, Crustaceans & Molluscs",10303,"Non-fillet Frozen Fish",2021,335487
1,"Animal Products",103,"Fish, Crustaceans & Molluscs",10304,"Fish Fillets",2021,14302962
1,"Animal Products",103,"Fish, Crustaceans & Molluscs",10305,"Dried/Salted/Smoked/Brined Fish",2021,8452955
1,"Animal Products",103,"Fish, Crustaceans & Molluscs",10306,"Crustaceans",2021,27000
1,"Animal Products",103,"Fish, Crustaceans & Molluscs",10307,"Molluscs",2021,3486817
1,"Animal Products",104,"Edible products of animal origin, n.e.s.",10401,"Milk",2021,18525354
1,"Animal Products",104,"Edible products of animal origin, n.e.s.",10402,"Concentrated Milk",2021,348604
1,"Animal Products",104,"Edible products of animal origin, n.e.s.",10403,"Fermented Milk Products",2021,16824564
1,"Animal Products",104,"Edible products of animal origin, n.e.s.",10404,"Whey and other milk products",2021,312557
1,"Animal Products",104,"Edible products of animal origin, n.e.s.",10405,"Butter",2021,5446041
1,"Animal Products",104,"Edible products of animal origin, n.e.s.",10406,"Cheese",2021,57448051
1,"Animal Products",104,"Edible products of animal origin, n.e.s.",10407,"Eggs",2021,3397487
1,"Animal Products",104,"Edible products of animal origin, n.e.s.",10408,"Processed Egg Products",2021,1134936
1,"Animal Products",104,"Edible products of animal origin, n.e.s.",10409,"Honey",2021,15869306
1,"Animal Products",104,"Edible products of animal origin, n.e.s.",10410,"Other Edible Animal Products",2021,33582
1,"Animal Products",105,"Animal originated products, n.e.s.",10504,"Animal Organs",2021,2101987
1,"Animal Products",105,"Animal originated products, n.e.s.",10505,"Bird Feathers and Skins",2021,2547785
1,"Animal Products",105,"Animal originated products, n.e.s.",10506,"Processed Bones",2021,40.99999999999999
1,"Animal Products",105,"Animal originated products, n.e.s.",10507,"Raw Bones",2021,444755
1,"Animal Products",105,"Animal originated products, n.e.s.",10508,"Coral and Shells",2021,787902
1,"Animal Products",105,"Animal originated products, n.e.s.",10511,"Other Inedible Animal Products",2021,750181
2,"Vegetable Products",206,"Live trees, plants, bulbs, cut flowers, & ornamental foliage",20601,"Bulbs and Roots",2021,2384
2,"Vegetable Products",206,"Live trees, plants, bulbs, cut flowers, & ornamental foliage",20602,"Other live plants, cuttings and slips;
mushroom spawn",2021,34594039
2,"Vegetable Products",206,"Live trees, plants, bulbs, cut flowers, & ornamental foliage",20603,"Cut Flowers",2021,501637
2,"Vegetable Products",206,"Live trees, plants, bulbs, cut flowers, & ornamental foliage",20604,"Plant foliage",2021,506276
2,"Vegetable Products",207,"Edible vegetables, roots, & tubers",20701,"Potatoes",2021,5759120.000000001
2,"Vegetable Products",207,"Edible vegetables, roots, & tubers",20702,"Tomatoes",2021,4529997
2,"Vegetable Products",207,"Edible vegetables, roots, & tubers",20703,"Onions",2021,4847401
2,"Vegetable Products",207,"Edible vegetables, roots, & tubers",20704,"Cabbages",2021,991415
2,"Vegetable Products",207,"Edible vegetables, roots, & tubers",20705,"Lettuce",2021,2057765
2,"Vegetable Products",207,"Edible vegetables, roots, & tubers",20706,"Root Vegetables",2021,6064566
2,"Vegetable Products",207,"Edible vegetables, roots, & tubers",20707,"Cucumbers",2021,17162917
2,"Vegetable Products",207,"Edible vegetables, roots, & tubers",20708,"Legumes",2021,19152
2,"Vegetable Products",207,"Edible vegetables, roots, & tubers",20709,"Other Vegetables",2021,17954933
2,"Vegetable Products",207,"Edible vegetables, roots, & tubers",20710,"Frozen Vegetables",2021,43275912
2,"Vegetable Products",207,"Edible vegetables, roots, & tubers",20711,"Preserved Vegetables",2021,735082
2,"Vegetable Products",207,"Edible vegetables, roots, & tubers",20712,"Dried Vegetables",2021,27892964
2,"Vegetable Products",207,"Edible vegetables, roots, & tubers",20713,"Dried Legumes",2021,1306456
2,"Vegetable Products",207,"Edible vegetables, roots, & tubers",20714,"Cassava",2021,5453
2,"Vegetable Products",208,"Edible fruits, nuts & fruit peels",20801,"Coconuts, Brazil Nuts, and Cashews",2021,777385
2,"Vegetable Products",208,"Edible fruits, nuts & fruit peels",20802,"Other Nuts",2021,3357110
2,"Vegetable Products",208,"Edible fruits, nuts & fruit peels",20803,"Bananas",2021,371057
2,"Vegetable Products",208,"Edible fruits, nuts & fruit peels",20804,"Tropical Fruits",2021,715806
2,"Vegetable Products",208,"Edible fruits, nuts & fruit peels",20805,"Citrus",2021,689783
2,"Vegetable Products",208,"Edible fruits, nuts & fruit peels",20806,"Grapes",2021,726005
2,"Vegetable Products",208,"Edible fruits, nuts & fruit peels",20807,"Melons",2021,1101894
2,"Vegetable Products",208,"Edible fruits, nuts & fruit peels",20808,"Apples and Pears",2021,137053685
2,"Vegetable Products",208,"Edible fruits, nuts & fruit peels",20809,"Pitted Fruits",2021,56448302
2,"Vegetable Products",208,"Edible fruits, nuts & fruit peels",20810,"Other Fruits",2021,58679957
2,"Vegetable Products",208,"Edible fruits, nuts & fruit peels",20811,"Frozen Fruits and Nuts",2021,642275161
2,"Vegetable Products",208,"Edible fruits, nuts & fruit peels",20812,"Preserved Fruits and Nuts",2021,6723
2,"Vegetable Products",208,"Edible fruits, nuts & fruit peels",20813,"Dried Fruits",2021,40196032
2,"Vegetable Products",208,"Edible fruits, nuts & fruit peels",20814,"Citrus and Melon Peels",2021,2234
2,"Vegetable Products",209,"Coffee, tea, mate & spices",20901,"Coffee",2021,11892305
2,"Vegetable Products",209,"Coffee, tea, mate & spices",20902,"Tea",2021,609283
2,"Vegetable Products",209,"Coffee, tea, mate & spices",20903,"Mate",2021,4715
2,"Vegetable Products",209,"Coffee, tea, mate & spices",20904,"Pepper",2021,6982089
2,"Vegetable Products",209,"Coffee, tea, mate & spices",20906,"Cinnamon",2021,45025
2,"Vegetable Products",209,"Coffee, tea, mate & spices",20907,"Cloves",2021,9505
2,"Vegetable Products",209,"Coffee, tea, mate & spices",20908,"Nutmeg, mace and cardamons",2021,30295.999999999996
2,"Vegetable Products",209,"Coffee, tea, mate & spices",20909,"Spice Seeds",2021,10409734
2,"Vegetable Products",209,"Coffee, tea, mate & spices",20910,"Spices",2021,827013
2,"Vegetable Products",210,"Cereals",21001,"Wheat",2021,129618900
2,"Vegetable Products",210,"Cereals",21002,"Rye",2021,577036
2,"Vegetable Products",210,"Cereals",21003,"Barley",2021,35226038
2,"Vegetable Products",210,"Cereals",21004,"Oats",2021,429574
2,"Vegetable Products",210,"Cereals",21005,"Corn",2021,619424771
2,"Vegetable Products",210,"Cereals",21006,"Rice",2021,343655
2,"Vegetable Products",210,"Cereals",21007,"Sorghum",2021,38330
2,"Vegetable Products",210,"Cereals",21008,"Buckwheat",2021,510858
2,"Vegetable Products",211,"Products of the milling industry",21101,"Wheat Flours",2021,43778221
2,"Vegetable Products",211,"Products of the milling industry",21102,"Cereal Flours",2021,1753331
2,"Vegetable Products",211,"Products of the milling industry",21103,"Cereal Meal and Pellets",2021,8338929
2,"Vegetable Products",211,"Products of the milling industry",21104,"Processed Cereals",2021,4362870
2,"Vegetable Products",211,"Products of the milling industry",21105,"Potato Flours",2021,207248
2,"Vegetable Products",211,"Products of the milling industry",21106,"Legume Flours",2021,2041933
2,"Vegetable Products",211,"Products of the milling industry",21107,"Malt",2021,5390164
2,"Vegetable Products",211,"Products of the milling industry",21108,"Starches",2021,28500182
2,"Vegetable Products",211,"Products of the milling industry",21109,"Wheat Gluten",2021,1364675
2,"Vegetable Products",212,"Oils seeds, oleaginous fruits, grains, straw & fodder",21201,"Soybeans",2021,38790723
2,"Vegetable Products",212,"Oils seeds, oleaginous fruits, grains, straw & fodder",21202,"Ground Nuts",2021,287280
2,"Vegetable Products",212,"Oils seeds, oleaginous fruits, grains, straw & fodder",21204,"Linseed",2021,37110
2,"Vegetable Products",212,"Oils seeds, oleaginous fruits, grains, straw & fodder",21205,"Rapeseed",2021,45137968
2,"Vegetable Products",212,"Oils seeds, oleaginous fruits, grains, straw & fodder",21206,"Sunflower Seeds",2021,60033462
2,"Vegetable Products",212,"Oils seeds, oleaginous fruits, grains, straw & fodder",21207,"Other Oily Seeds",2021,2402318
2,"Vegetable Products",212,"Oils seeds, oleaginous fruits, grains, straw & fodder",21208,"Oil Seed Flower",2021,26474899
2,"Vegetable Products",212,"Oils seeds, oleaginous fruits, grains, straw & fodder",21209,"Sowing Seeds",2021,6215583
2,"Vegetable Products",212,"Oils seeds, oleaginous fruits, grains, straw & fodder",21210,"Hops",2021,104363
2,"Vegetable Products",212,"Oils seeds, oleaginous fruits, grains, straw & fodder",21211,"Perfume Plants",2021,10418079
2,"Vegetable Products",212,"Oils seeds, oleaginous fruits, grains, straw & fodder",21212,"Locust beans, seaweed, sugar beet, cane, for food",2021,270930
2,"Vegetable Products",212,"Oils seeds, oleaginous fruits, grains, straw & fodder",21213,"Cereal Straws",2021,128449
2,"Vegetable Products",212,"Oils seeds, oleaginous fruits, grains, straw & fodder",21214,"Forage Crops",2021,266092
2,"Vegetable Products",213,"Natural gums, resins & other vegetable extracts",21301,"Insect Resins",2021,52137
2,"Vegetable Products",213,"Natural gums, resins & other vegetable extracts",21302,"Vegetable Saps",2021,4120731
2,"Vegetable Products",214,"Vegetable plaiting materials & products, n.e.s.",21401,"Vegetable Plaiting Materials",2021,488948
2,"Vegetable Products",214,"Vegetable plaiting materials & products, n.e.s.",21404,"Other Vegetable Products",2021,468917
3,"Animal and Vegetable Bi-Products",315,"Animal or vegetable fats, oils, & waxes",31501,"Pig and Poultry Fat",2021,273231
3,"Animal and Vegetable Bi-Products",315,"Animal or vegetable fats, oils, & waxes",31502,"Bovine, Sheep, and Goat Fat",2021,941602
3,"Animal and Vegetable Bi-Products",315,"Animal or vegetable fats, oils, & waxes",31504,"Fish Oil",2021,30415
3,"Animal and Vegetable Bi-Products",315,"Animal or vegetable fats, oils, & waxes",31505,"Wool Grease",2021,273339
3,"Animal and Vegetable Bi-Products",315,"Animal or vegetable fats, oils, & waxes",31506,"Other Animal Fats",2021,4239585
3,"Animal and Vegetable Bi-Products",315,"Animal or vegetable fats, oils, & waxes",31507,"Soybean Oil",2021,81659747
3,"Animal and Vegetable Bi-Products",315,"Animal or vegetable fats, oils, & waxes",31508,"Ground Nut Oil",2021,1110
3,"Animal and Vegetable Bi-Products",315,"Animal or vegetable fats, oils, & waxes",31509,"Pure Olive Oil",2021,24241
3,"Animal and Vegetable Bi-Products",315,"Animal or vegetable fats, oils, & waxes",31510,"Olive Oil",2021,4069
3,"Animal and Vegetable Bi-Products",315,"Animal or vegetable fats, oils, & waxes",31511,"Palm Oil",2021,135240
3,"Animal and Vegetable Bi-Products",315,"Animal or vegetable fats, oils, & waxes",31512,"Seed Oils",2021,183158057
3,"Animal and Vegetable Bi-Products",315,"Animal or vegetable fats, oils, & waxes",31513,"Coconut Oil",2021,42874
3,"Animal and Vegetable Bi-Products",315,"Animal or vegetable fats, oils, & waxes",31514,"Rapeseed Oil",2021,25767100
3,"Animal and Vegetable Bi-Products",315,"Animal or vegetable fats, oils, & waxes",31515,"Other Pure Vegetable Oils",2021,390229
3,"Animal and Vegetable Bi-Products",315,"Animal or vegetable fats, oils, & waxes",31516,"Other Vegetable Oils",2021,3777166
3,"Animal and Vegetable Bi-Products",315,"Animal or vegetable fats, oils, & waxes",31517,"Margarine",2021,10086468
3,"Animal and Vegetable Bi-Products",315,"Animal or vegetable fats, oils, & waxes",31518,"Inedible Fats and Oils",2021,7407661
3,"Animal and Vegetable Bi-Products",315,"Animal or vegetable fats, oils, & waxes",31519,"Stearic Acid",2021,3309478
3,"Animal and Vegetable Bi-Products",315,"Animal or vegetable fats, oils, & waxes",31520,"Glycerol",2021,171684
3,"Animal and Vegetable Bi-Products",315,"Animal or vegetable fats, oils, & waxes",31521,"Vegetable waxes and beeswax",2021,72804
3,"Animal and Vegetable Bi-Products",315,"Animal or vegetable fats, oils, & waxes",31522,"Fat and Oil Residues",2021,56966
4,"Foodstuffs",416,"Preparations of fish, crustacenas, & molluscs",41601,"Sausages",2021,31385003
4,"Foodstuffs",416,"Preparations of fish, crustacenas, & molluscs",41602,"Other Prepared Meat",2021,40612634
4,"Foodstuffs",416,"Preparations of fish, crustacenas, & molluscs",41604,"Processed Fish",2021,3164724
4,"Foodstuffs",416,"Preparations of fish, crustacenas, & molluscs",41605,"Processed Crustaceans",2021,121078
4,"Foodstuffs",417,"Sugars & confectioneries",41701,"Raw Sugar",2021,105655801
4,"Foodstuffs",417,"Sugars & confectioneries",41702,"Other Sugars",2021,2028676
4,"Foodstuffs",417,"Sugars & confectioneries",41703,"Molasses",2021,8516122
4,"Foodstuffs",417,"Sugars & confectioneries",41704,"Confectionery Sugar",2021,9343182
4,"Foodstuffs",418,"Cocoa & cocoa preparations",41801,"Cocoa Beans",2021,81
4,"Foodstuffs",418,"Cocoa & cocoa preparations",41803,"Cocoa Paste",2021,111280.00000000001
4,"Foodstuffs",418,"Cocoa & cocoa preparations",41804,"Cocoa Butter",2021,613090
4,"Foodstuffs",418,"Cocoa & cocoa preparations",41805,"Cocoa Powder",2021,2253063
4,"Foodstuffs",418,"Cocoa & cocoa preparations",41806,"Chocolate",2021,78588885
4,"Foodstuffs",419,"Preparations of cereals, flour, starch or milk",41901,"Malt Extract",2021,16406054
4,"Foodstuffs",419,"Preparations of cereals, flour, starch or milk",41902,"Pasta",2021,36023163
4,"Foodstuffs",419,"Preparations of cereals, flour, starch or milk",41903,"Tapioca",2021,1437
4,"Foodstuffs",419,"Preparations of cereals, flour, starch or milk",41904,"Prepared Cereals",2021,24158242
4,"Foodstuffs",419,"Preparations of cereals, flour, starch or milk",41905,"Baked Goods",2021,137666459
4,"Foodstuffs",420,"Preparations of vegetables, fruit, nuts or other plant parts",42001,"Pickled Foods",2021,9015270
4,"Foodstuffs",420,"Preparations of vegetables, fruit, nuts or other plant parts",42002,"Processed Tomatoes",2021,5450517
4,"Foodstuffs",420,"Preparations of vegetables, fruit, nuts or other plant parts",42003,"Processed Mushrooms",2021,2034225
4,"Foodstuffs",420,"Preparations of vegetables, fruit, nuts or other plant parts",42004,"Other Frozen Vegetables",2021,822413
4,"Foodstuffs",420,"Preparations of vegetables, fruit, nuts or other plant parts",42005,"Other Processed Vegetables",2021,45874164
4,"Foodstuffs",420,"Preparations of vegetables, fruit, nuts or other plant parts",42006,"Sugar Preserved Foods",2021,1176988
4,"Foodstuffs",420,"Preparations of vegetables, fruit, nuts or other plant parts",42007,"Jams",2021,29068754
4,"Foodstuffs",420,"Preparations of vegetables, fruit, nuts or other plant parts",42008,"Other Processed Fruits and Nuts",2021,19481132
4,"Foodstuffs",420,"Preparations of vegetables, fruit, nuts or other plant parts",42009,"Fruit Juice",2021,58325302
4,"Foodstuffs",421,"Miscellaneous edible preparations",42101,"Coffee and Tea Extracts",2021,19851135
4,"Foodstuffs",421,"Miscellaneous edible preparations",42102,"Yeast",2021,7805450
4,"Foodstuffs",421,"Miscellaneous edible preparations",42103,"Sauces and Seasonings",2021,47411725
4,"Foodstuffs",421,"Miscellaneous edible preparations",42104,"Soups and Broths",2021,9529467
4,"Foodstuffs",421,"Miscellaneous edible preparations",42105,"Ice Cream",2021,77140912
4,"Foodstuffs",421,"Miscellaneous edible preparations",42106,"Other Edible Preparations",2021,135559373
4,"Foodstuffs",422,"Beverages, spirits, & vinegar",42201,"Water",2021,30835598
4,"Foodstuffs",422,"Beverages, spirits, & vinegar",42202,"Flavored Water",2021,214339811
4,"Foodstuffs",422,"Beverages, spirits, & vinegar",42203,"Beer",2021,62915622
4,"Foodstuffs",422,"Beverages, spirits, & vinegar",42204,"Wine",2021,22322189
4,"Foodstuffs",422,"Beverages, spirits, & vinegar",42205,"Vermouth",2021,452718
4,"Foodstuffs",422,"Beverages, spirits, & vinegar",42206,"Other Fermented Beverages",2021,7229479
4,"Foodstuffs",422,"Beverages, spirits, & vinegar",42207,"Alcohol > 80% ABV",2021,439658
4,"Foodstuffs",422,"Beverages, spirits, & vinegar",42208,"Hard Liquor",2021,19426987
4,"Foodstuffs",422,"Beverages, spirits, & vinegar",42209,"Vinegar",2021,619872
4,"Foodstuffs",423,"Food residues & wastes; animal fodder",42301,"Animal Meal and Pellets",2021,6525671
4,"Foodstuffs",423,"Food residues & wastes; animal fodder",42302,"Bran",2021,16062819
4,"Foodstuffs",423,"Food residues & wastes; animal fodder",42303,"Starch Residue",2021,17457422
4,"Foodstuffs",423,"Food residues & wastes; animal fodder",42304,"Soybean Meal",2021,12071737
4,"Foodstuffs",423,"Food residues & wastes; animal fodder",42305,"Ground Nut Meal",2021,2113
4,"Foodstuffs",423,"Food residues & wastes; animal fodder",42306,"Other Vegetable Residues",2021,4075312
4,"Foodstuffs",423,"Food residues & wastes; animal fodder",42307,"Wine Lees",2021,794
4,"Foodstuffs",423,"Food residues & wastes; animal fodder",42308,"Other Vegetable Residues and Waste",2021,86983
4,"Foodstuffs",423,"Food residues & wastes; animal fodder",42309,"Animal Food",2021,236257575
4,"Foodstuffs",424,"Tobacco & substitutes",42401,"Raw Tobacco",2021,24842448
4,"Foodstuffs",424,"Tobacco & substitutes",42402,"Rolled Tobacco",2021,575980148
4,"Foodstuffs",424,"Tobacco & substitutes",42403,"Processed Tobacco",2021,244845241.00000003
5,"Mineral Products",525,"Salt, sulphur, cement, lime, stone, & plaster",52501,"Salt",2021,1827421
5,"Mineral Products",525,"Salt, sulphur, cement, lime, stone, & plaster",52502,"Iron Pyrites",2021,121735
5,"Mineral Products",525,"Salt, sulphur, cement, lime, stone, & plaster",52503,"Sulphur",2021,4016117
5,"Mineral Products",525,"Salt, sulphur, cement, lime, stone, & plaster",52504,"Graphite",2021,12030
5,"Mineral Products",525,"Salt, sulphur, cement, lime, stone, & plaster",52505,"Sand",2021,4606786
5,"Mineral Products",525,"Salt, sulphur, cement, lime, stone, & plaster",52506,"Quartz",2021,52565
5,"Mineral Products",525,"Salt, sulphur, cement, lime, stone, & plaster",52507,"Kaolin",2021,408499
5,"Mineral Products",525,"Salt, sulphur, cement, lime, stone, & plaster",52508,"Clays",2021,3624808
5,"Mineral Products",525,"Salt, sulphur, cement, lime, stone, & plaster",52509,"Chalk",2021,122306
5,"Mineral Products",525,"Salt, sulphur, cement, lime, stone, & plaster",52510,"Calcium Phosphates",2021,320679.00000000006
5,"Mineral Products",525,"Salt, sulphur, cement, lime, stone, & plaster",52511,"Barium Sulphate",2021,5914
5,"Mineral Products",525,"Salt, sulphur, cement, lime, stone, & plaster",52512,"Siliceous Fossil Meals",2021,4957
5,"Mineral Products",525,"Salt, sulphur, cement, lime, stone, & plaster",52513,"Pumice",2021,55384.99999999999
5,"Mineral Products",525,"Salt, sulphur, cement, lime, stone, & plaster",52514,"Slate",2021,5847
5,"Mineral Products",525,"Salt, sulphur, cement, lime, stone, & plaster",52515,"Marble, Travertine and Alabaster",2021,400269
5,"Mineral Products",525,"Salt, sulphur, cement, lime, stone, & plaster",52516,"Granite",2021,80020
5,"Mineral Products",525,"Salt, sulphur, cement, lime, stone, & plaster",52517,"Gravel and Crushed Stone",2021,8761112
5,"Mineral Products",525,"Salt, sulphur, cement, lime, stone, & plaster",52518,"Dolomite",2021,11448
5,"Mineral Products",525,"Salt, sulphur, cement, lime, stone, & plaster",52519,"Magnesium Carbonate",2021,43536
5,"Mineral Products",525,"Salt, sulphur, cement, lime, stone, & plaster",52520,"Gypsum",2021,195668
5,"Mineral Products",525,"Salt, sulphur, cement, lime, stone, & plaster",52521,"Limestone",2021,6697
5,"Mineral Products",525,"Salt, sulphur, cement, lime, stone, & plaster",52522,"Quicklime",2021,1247181
5,"Mineral Products",525,"Salt, sulphur, cement, lime, stone, & plaster",52523,"Cement",2021,8962006
5,"Mineral Products",525,"Salt, sulphur, cement, lime, stone, & plaster",52524,"Asbestos",2021,2755
5,"Mineral Products",525,"Salt, sulphur, cement, lime, stone, & plaster",52525,"Mica",2021,19663
5,"Mineral Products",525,"Salt, sulphur, cement, lime, stone, & plaster",52526,"Soapstone",2021,74055
5,"Mineral Products",525,"Salt, sulphur, cement, lime, stone, & plaster",52528,"Borax",2021,5258
5,"Mineral Products",525,"Salt, sulphur, cement, lime, stone, & plaster",52530,"Other Mineral",2021,680786
5,"Mineral Products",526,"Ores, slag and ash",52601,"Iron Ore",2021,134135
5,"Mineral Products",526,"Ores, slag and ash",52603,"Copper Ore",2021,813247933
5,"Mineral Products",526,"Ores, slag and ash",52604,"Nickel Ore",2021,1629
5,"Mineral Products",526,"Ores, slag and ash",52606,"Aluminium Ore",2021,16141
5,"Mineral Products",526,"Ores, slag and ash",52607,"Lead Ore",2021,107986042
5,"Mineral Products",526,"Ores, slag and ash",52608,"Zinc Ore",2021,55535075
5,"Mineral Products",526,"Ores, slag and ash",52610,"Chromium Ore",2021,9901
5,"Mineral Products",526,"Ores, slag and ash",52615,"Niobium, Tantalum, Vanadium and Zirconium Ore",2021,49443.99999999999
5,"Mineral Products",526,"Ores, slag and ash",52616,"Precious Metal Ore",2021,3616930.9999999995
5,"Mineral Products",526,"Ores, slag and ash",52617,"Other Ores",2021,67771
5,"Mineral Products",526,"Ores, slag and ash",52618,"Granulated Slag",2021,3164866
5,"Mineral Products",526,"Ores, slag and ash",52619,"Slag Dross",2021,234671
5,"Mineral Products",526,"Ores, slag and ash",52620,"Non-Iron and Steel Slag, Ash and Residues",2021,14386768
5,"Mineral Products",526,"Ores, slag and ash",52621,"Other Slag and Ash",2021,352727.99999999994
5,"Mineral Products",527,"Mineral fuels, mineral oils and products of their distillation",52701,"Coal Briquettes",2021,562943
5,"Mineral Products",527,"Mineral fuels, mineral oils and products of their distillation",52702,"Lignite",2021,12611084
5,"Mineral Products",527,"Mineral fuels, mineral oils and products of their distillation",52703,"Peat",2021,329122.00000000006
5,"Mineral Products",527,"Mineral fuels, mineral oils and products of their distillation",52704,"Coke",2021,12472
5,"Mineral Products",527,"Mineral fuels, mineral oils and products of their distillation",52707,"Coal Tar Oil",2021,184933
5,"Mineral Products",527,"Mineral fuels, mineral oils and products of their distillation",52708,"Pitch Coke",2021,801
5,"Mineral Products",527,"Mineral fuels, mineral oils and products of their distillation",52709,"Crude Petroleum",2021,249855
5,"Mineral Products",527,"Mineral fuels, mineral oils and products of their distillation",52710,"Refined Petroleum",2021,431666450
5,"Mineral Products",527,"Mineral fuels, mineral oils and products of their distillation",52711,"Petroleum Gas",2021,36234698
5,"Mineral Products",527,"Mineral fuels, mineral oils and products of their distillation",52712,"Petroleum Jelly",2021,1561256
5,"Mineral Products",527,"Mineral fuels, mineral oils and products of their distillation",52713,"Petroleum Coke",2021,103025998
5,"Mineral Products",527,"Mineral fuels, mineral oils and products of their distillation",52714,"Bitumen and asphalt",2021,442968.99999999994
5,"Mineral Products",527,"Mineral fuels, mineral oils and products of their distillation",52715,"Asphalt Mixtures",2021,1505551
5,"Mineral Products",527,"Mineral fuels, mineral oils and products of their distillation",52716,"Electricity",2021,1047546714
6,"Chemical Products",628,"Inorganic chemicals",62801,"Halogens",2021,39523
6,"Chemical Products",628,"Inorganic chemicals",62802,"Sulfur",2021,1414213
6,"Chemical Products",628,"Inorganic chemicals",62803,"Carbon",2021,168894
6,"Chemical Products",628,"Inorganic chemicals",62804,"Hydrogen",2021,15339063
6,"Chemical Products",628,"Inorganic chemicals",62805,"Alkali, alkaline-earth, rare-earth metals, scandium, yttrium, and mercury",2021,123.00000000000001
6,"Chemical Products",628,"Inorganic chemicals",62806,"Hydrochloric Acid",2021,83845
6,"Chemical Products",628,"Inorganic chemicals",62807,"Sulfuric Acid",2021,922407
6,"Chemical Products",628,"Inorganic chemicals",62808,"Nitric Acids",2021,46936
6,"Chemical Products",628,"Inorganic chemicals",62809,"Phosphoric Acid",2021,16936621
6,"Chemical Products",628,"Inorganic chemicals",62810,"Boron",2021,25133.000000000004
6,"Chemical Products",628,"Inorganic chemicals",62811,"Other Inorganic Acids",2021,5844434
6,"Chemical Products",628,"Inorganic chemicals",62812,"Halides",2021,93049
6,"Chemical Products",628,"Inorganic chemicals",62813,"Nonmetal Sulfides",2021,69
6,"Chemical Products",628,"Inorganic chemicals",62814,"Ammonia",2021,435147
6,"Chemical Products",628,"Inorganic chemicals",62815,"Sodium or Potassium Peroxides",2021,383966
6,"Chemical Products",628,"Inorganic chemicals",62816,"Magnesium Hydroxide and Peroxide",2021,97
6,"Chemical Products",628,"Inorganic chemicals",62817,"Zinc Oxide and Peroxide",2021,62170
6,"Chemical Products",628,"Inorganic chemicals",62818,"Aluminium Oxide",2021,32853
6,"Chemical Products",628,"Inorganic chemicals",62819,"Chromium Oxides and Hydroxides",2021,13708
6,"Chemical Products",628,"Inorganic chemicals",62820,"Manganese Oxides",2021,8419
6,"Chemical Products",628,"Inorganic chemicals",62821,"Iron Oxides and Hydroxides",2021,40939
6,"Chemical Products",628,"Inorganic chemicals",62823,"Titanium Oxides",2021,51243
6,"Chemical Products",628,"Inorganic chemicals",62824,"Lead Oxides",2021,2023.0000000000002
6,"Chemical Products",628,"Inorganic chemicals",62825,"Inorganic Salts",2021,571
6,"Chemical Products",628,"Inorganic chemicals",62826,"Fluorides",2021,933358.9999999999
6,"Chemical Products",628,"Inorganic chemicals",62827,"Chlorides",2021,283010
6,"Chemical Products",628,"Inorganic chemicals",62828,"Hypochlorites",2021,60762
6,"Chemical Products",628,"Inorganic chemicals",62829,"Chlorates and Perchlorates",2021,27277
6,"Chemical Products",628,"Inorganic chemicals",62830,"Sulfides",2021,29936
6,"Chemical Products",628,"Inorganic chemicals",62831,"Dithionites and Sulfoxylates",2021,1981
6,"Chemical Products",628,"Inorganic chemicals",62832,"Sulfites",2021,106849
6,"Chemical Products",628,"Inorganic chemicals",62833,"Sulfates",2021,5406589
6,"Chemical Products",628,"Inorganic chemicals",62834,"Nitrites and Nitrates",2021,55438
6,"Chemical Products",628,"Inorganic chemicals",62835,"Phosphinates (hypophosphites) and phosphonates (phosphites)",2021,47446770
6,"Chemical Products",628,"Inorganic chemicals",62836,"Carbonates",2021,465495
6,"Chemical Products",628,"Inorganic chemicals",62837,"Cyanides",2021,12335
6,"Chemical Products",628,"Inorganic chemicals",62839,"Silicates",2021,544328
6,"Chemical Products",628,"Inorganic chemicals",62840,"Borates",2021,2323
6,"Chemical Products",628,"Inorganic chemicals",62841,"Oxometallic or Peroxometallic Acid Salts",2021,8032
6,"Chemical Products",628,"Inorganic chemicals",62842,"Other Inorganic Acids Salts",2021,75182
6,"Chemical Products",628,"Inorganic chemicals",62843,"Precious Metal Compounds",2021,340022
6,"Chemical Products",628,"Inorganic chemicals",62844,"Radioactive Chemicals",2021,215508
6,"Chemical Products",628,"Inorganic chemicals",62845,"Other Isotopes",2021,840
6,"Chemical Products",628,"Inorganic chemicals",62846,"Rare-Earth Metal Compounds",2021,6849
6,"Chemical Products",628,"Inorganic chemicals",62847,"Hydrogen peroxide",2021,135175
6,"Chemical Products",628,"Inorganic chemicals",62849,"Carbides",2021,62
6,"Chemical Products",628,"Inorganic chemicals",62850,"Hydrides and other anions",2021,182
6,"Chemical Products",628,"Inorganic chemicals",62851,"Inorganic Compounds",2021,89595
6,"Chemical Products",629,"Organic chemicals",62901,"Acyclic Hydrocarbons",2021,98147824
6,"Chemical Products",629,"Organic chemicals",62902,"Cyclic Hydrocarbons",2021,40751301
6,"Chemical Products",629,"Organic chemicals",62903,"Halogenated Hydrocarbons",2021,772612
6,"Chemical Products",629,"Organic chemicals",62904,"Sulfonated, Nitrated or Nitrosated Hydrocarbons",2021,857124
6,"Chemical Products",629,"Organic chemicals",62905,"Acyclic alcohol derivatives (halogenated, sulphonated, nitrated)",2021,38001069
6,"Chemical Products",629,"Organic chemicals",62906,"Cyclic Alcohols",2021,9400
6,"Chemical Products",629,"Organic chemicals",62907,"Phenols",2021,474603
6,"Chemical Products",629,"Organic chemicals",62908,"Phenol Derivatives",2021,77278
6,"Chemical Products",629,"Organic chemicals",62909,"Ethers",2021,7005273
6,"Chemical Products",629,"Organic chemicals",62910,"Epoxides",2021,113
6,"Chemical Products",629,"Organic chemicals",62912,"Aldehydes, cyclic polymers, and paraformaldehyde",2021,45381
6,"Chemical Products",629,"Organic chemicals",62913,"Halogenated aldehyde derivatives (heading 2912)",2021,59.00000000000001
6,"Chemical Products",629,"Organic chemicals",62914,"Ketones and Quinones",2021,257087
6,"Chemical Products",629,"Organic chemicals",62915,"Saturated Acyclic Monocarboxylic Acids",2021,58524373
6,"Chemical Products",629,"Organic chemicals",62916,"Unsaturated Acyclic Monocarboxylic Acids",2021,1397948
6,"Chemical Products",629,"Organic chemicals",62917,"Polycarboxylic Acids",2021,329872
6,"Chemical Products",629,"Organic chemicals",62918,"Carboxylic Acids",2021,2633093
6,"Chemical Products",629,"Organic chemicals",62919,"Phosphoric Esters and Salts",2021,4087
6,"Chemical Products",629,"Organic chemicals",62920,"Other Esters",2021,1439
6,"Chemical Products",629,"Organic chemicals",62921,"Amine Compounds",2021,956019
6,"Chemical Products",629,"Organic chemicals",62922,"Oxygen Amino Compounds",2021,2550535
6,"Chemical Products",629,"Organic chemicals",62923,"Quaternary Ammonium Salts and Hydroxides",2021,3286528
6,"Chemical Products",629,"Organic chemicals",62924,"Carboxyamide Compounds",2021,106236
6,"Chemical Products",629,"Organic chemicals",62925,"Carboxyimide Compounds",2021,155970
6,"Chemical Products",629,"Organic chemicals",62926,"Nitrile Compounds",2021,104060.99999999999
6,"Chemical Products",629,"Organic chemicals",62927,"Diazo, Azo or Aoxy Compounds",2021,102
6,"Chemical Products",629,"Organic chemicals",62928,"Hydrazine or Hydroxylamine Derivatives",2021,62325
6,"Chemical Products",629,"Organic chemicals",62929,"Other Nitrogen Compounds",2021,2131
6,"Chemical Products",629,"Organic chemicals",62930,"Organo-Sulfur Compounds",2021,6512515
6,"Chemical Products",629,"Organic chemicals",62931,"Other Organo-Inorganic Compounds",2021,65165
6,"Chemical Products",629,"Organic chemicals",62932,"Oxygen Heterocyclic Compounds",2021,255838
6,"Chemical Products",629,"Organic chemicals",62933,"Nitrogen Heterocyclic Compounds",2021,3231940
6,"Chemical Products",629,"Organic chemicals",62934,"Nucleic Acids",2021,661250
6,"Chemical Products",629,"Organic chemicals",62935,"Sulfonamides",2021,47933
6,"Chemical Products",629,"Organic chemicals",62936,"Vitamins",2021,2097157
6,"Chemical Products",629,"Organic chemicals",62937,"Hormones",2021,1195
6,"Chemical Products",629,"Organic chemicals",62938,"Glycosides",2021,6967
6,"Chemical Products",629,"Organic chemicals",62939,"Vegetable Alkaloids",2021,33750
6,"Chemical Products",629,"Organic chemicals",62940,"Chemically Pure Sugars",2021,148222
6,"Chemical Products",629,"Organic chemicals",62941,"Antibiotics",2021,1962080
6,"Chemical Products",629,"Organic chemicals",62942,"Other Organic Compounds",2021,1790
6,"Chemical Products",630,"Pharmaceutical products",63001,"Glands and Other Organs",2021,1776251
6,"Chemical Products",630,"Pharmaceutical products",63002,"Vaccines, blood, antisera, toxins and cultures",2021,3835594
6,"Chemical Products",630,"Pharmaceutical products",63003,"Unpackaged Medicaments",2021,711857
6,"Chemical Products",630,"Pharmaceutical products",63004,"Packaged Medicaments",2021,298284499
6,"Chemical Products",630,"Pharmaceutical products",63005,"Bandages",2021,1606093
6,"Chemical Products",630,"Pharmaceutical products",63006,"Special Pharmaceuticals",2021,2341404
6,"Chemical Products",631,"Fertilizers",63101,"Animal or Vegetable Fertilizers",2021,691541
6,"Chemical Products",631,"Fertilizers",63102,"Nitrogenous Fertilizers",2021,21394760
6,"Chemical Products",631,"Fertilizers",63103,"Phosphatic Fertilizers",2021,152182
6,"Chemical Products",631,"Fertilizers",63104,"Potassic Fertilizers",2021,1142483
6,"Chemical Products",631,"Fertilizers",63105,"Mixed Mineral or Chemical Fertilizers",2021,187208933
6,"Chemical Products",632,"Paints, dyes, & varnishes",63201,"Vegetable Tanning Extracts",2021,76455
6,"Chemical Products",632,"Paints, dyes, & varnishes",63202,"Synthetic Tanning Extracts",2021,19145
6,"Chemical Products",632,"Paints, dyes, & varnishes",63203,"Vegetable or Animal Dyes",2021,128534
6,"Chemical Products",632,"Paints, dyes, & varnishes",63204,"Synthetic Coloring Matter",2021,1099167
6,"Chemical Products",632,"Paints, dyes, & varnishes",63205,"Lake Pigments",2021,29654
6,"Chemical Products",632,"Paints, dyes, & varnishes",63206,"Other Coloring Matter",2021,1503667
6,"Chemical Products",632,"Paints, dyes, & varnishes",63207,"Prepared Pigments",2021,62274
6,"Chemical Products",632,"Paints, dyes, & varnishes",63208,"Nonaqueous Paints",2021,26717551
6,"Chemical Products",632,"Paints, dyes, & varnishes",63209,"Aqueous Paints",2021,16156369
6,"Chemical Products",632,"Paints, dyes, & varnishes",63210,"Other Paints",2021,647973
6,"Chemical Products",632,"Paints, dyes, & varnishes",63211,"Prepared Paint Driers",2021,182508.99999999997
6,"Chemical Products",632,"Paints, dyes, & varnishes",63212,"Nonaqueous Pigments",2021,3393082
6,"Chemical Products",632,"Paints, dyes, & varnishes",63213,"Artistry Paints",2021,572495
6,"Chemical Products",632,"Paints, dyes, & varnishes",63214,"Glaziers Putty",2021,87821932
6,"Chemical Products",632,"Paints, dyes, & varnishes",63215,"Ink",2021,6541154
6,"Chemical Products",633,"Perfumery & cosmetics",63301,"Essential Oils",2021,2042761
6,"Chemical Products",633,"Perfumery & cosmetics",63302,"Scented Mixtures",2021,2401111
6,"Chemical Products",633,"Perfumery & cosmetics",63303,"Perfumes",2021,3795052
6,"Chemical Products",633,"Perfumery & cosmetics",63304,"Beauty Products",2021,20490578
6,"Chemical Products",633,"Perfumery & cosmetics",63305,"Hair Products",2021,5504265
6,"Chemical Products",633,"Perfumery & cosmetics",63306,"Dental Products",2021,1611207
6,"Chemical Products",633,"Perfumery & cosmetics",63307,"Shaving Products",2021,10912972
6,"Chemical Products",634,"Soap, cleaners, candles, dental, modelling pastes",63401,"Soap",2021,23514111
6,"Chemical Products",634,"Soap, cleaners, candles, dental, modelling pastes",63402,"Cleaning Products",2021,448266175
6,"Chemical Products",634,"Soap, cleaners, candles, dental, modelling pastes",63403,"Lubricating Products",2021,2911242
6,"Chemical Products",634,"Soap, cleaners, candles, dental, modelling pastes",63404,"Waxes",2021,149338
6,"Chemical Products",634,"Soap, cleaners, candles, dental, modelling pastes",63405,"Polishes and Creams",2021,1126769
6,"Chemical Products",634,"Soap, cleaners, candles, dental, modelling pastes",63406,"Candles",2021,1094652
6,"Chemical Products",634,"Soap, cleaners, candles, dental, modelling pastes",63407,"Pastes and Waxes",2021,397182
6,"Chemical Products",635,"Glues, starches, & albuminoid products",63501,"Casein",2021,65893
6,"Chemical Products",635,"Glues, starches, & albuminoid products",63502,"Water Soluble Proteins",2021,254507
6,"Chemical Products",635,"Glues, starches, & albuminoid products",63503,"Gelatin",2021,229697
6,"Chemical Products",635,"Glues, starches, & albuminoid products",63504,"Peptones",2021,6446060
6,"Chemical Products",635,"Glues, starches, & albuminoid products",63505,"Dextrins",2021,7707723
6,"Chemical Products",635,"Glues, starches, & albuminoid products",63506,"Glues",2021,5517829
6,"Chemical Products",635,"Glues, starches, & albuminoid products",63507,"Enzymes",2021,667940
6,"Chemical Products",636,"Explosives, matches, & fireworks",63601,"Propellant Powders",2021,27007407
6,"Chemical Products",636,"Explosives, matches, & fireworks",63602,"Prepared Explosives",2021,21035907
6,"Chemical Products",636,"Explosives, matches, & fireworks",63603,"Detonating Fuses",2021,313996
6,"Chemical Products",636,"Explosives, matches, & fireworks",63604,"Fireworks",2021,662189
6,"Chemical Products",636,"Explosives, matches, & fireworks",63605,"Matches",2021,65259
6,"Chemical Products",636,"Explosives, matches, & fireworks",63606,"Pyrophoric Alloys",2021,10162025
6,"Chemical Products",637,"Photo & movie goods",63701,"Photographic Plates",2021,733036
6,"Chemical Products",637,"Photo & movie goods",63702,"Photographic Film",2021,6477
6,"Chemical Products",637,"Photo & movie goods",63703,"Photographic Paper",2021,11238
6,"Chemical Products",637,"Photo & movie goods",63704,"Undeveloped Exposed Photographic Material",2021,4170
6,"Chemical Products",637,"Photo & movie goods",63705,"Developed Exposed Photographic Material",2021,429
6,"Chemical Products",637,"Photo & movie goods",63706,"Motion-picture film, exposed and developed",2021,30160.999999999996
6,"Chemical Products",637,"Photo & movie goods",63707,"Photographic Chemicals",2021,477298
6,"Chemical Products",638,"Chemical products n.e.s.",63801,"Artificial Graphite",2021,259812
6,"Chemical Products",638,"Chemical products n.e.s.",63802,"Activated Carbon",2021,3662610
6,"Chemical Products",638,"Chemical products n.e.s.",63804,"Wood Pulp Lyes",2021,28851
6,"Chemical Products",638,"Chemical products n.e.s.",63805,"Turpentine",2021,6897
6,"Chemical Products",638,"Chemical products n.e.s.",63806,"Rosin",2021,9262
6,"Chemical Products",638,"Chemical products n.e.s.",63807,"Wood Tar, Oils and Pitch",2021,122060
6,"Chemical Products",638,"Chemical products n.e.s.",63808,"Pesticides",2021,33427686
6,"Chemical Products",638,"Chemical products n.e.s.",63809,"Dyeing Finishing Agents",2021,2901290
6,"Chemical Products",638,"Chemical products n.e.s.",63810,"Metal Pickling Preparations",2021,230317
6,"Chemical Products",638,"Chemical products n.e.s.",63811,"Antiknock",2021,1427972
6,"Chemical Products",638,"Chemical products n.e.s.",63812,"Prepared Rubber Accelerators",2021,174771
6,"Chemical Products",638,"Chemical products n.e.s.",63813,"Fire Extinguishers Preparations",2021,26720
6,"Chemical Products",638,"Chemical products n.e.s.",63814,"Organic Composite Solvents",2021,2027714
6,"Chemical Products",638,"Chemical products n.e.s.",63815,"Reaction and Catalytic Products",2021,636092
6,"Chemical Products",638,"Chemical products n.e.s.",63816,"Refractory Cements",2021,1454414
6,"Chemical Products",638,"Chemical products n.e.s.",63817,"Alkylbenzenes and Alkylnaphthalenes",2021,2544
6,"Chemical Products",638,"Chemical products n.e.s.",63818,"Disc Chemicals for Electronics",2021,22637
6,"Chemical Products",638,"Chemical products n.e.s.",63819,"Hydraulic Brake Fluid",2021,142952
6,"Chemical Products",638,"Chemical products n.e.s.",63820,"Antifreeze",2021,3584989
6,"Chemical Products",638,"Chemical products n.e.s.",63821,"Micro-Organism Culture Preparations",2021,246000
6,"Chemical Products",638,"Chemical products n.e.s.",63822,"Laboratory Reagents",2021,5314320
6,"Chemical Products",638,"Chemical products n.e.s.",63823,"Industrial Fatty Acids, Oils and Alcohols",2021,21233347
7,"Plastics and Rubbers",739,"Plastics & articles thereof",73901,"Ethylene Polymers",2021,188321174
7,"Plastics and Rubbers",739,"Plastics & articles thereof",73902,"Propylene Polymers",2021,43203401
7,"Plastics and Rubbers",739,"Plastics & articles thereof",73903,"Styrene Polymers",2021,5426181
7,"Plastics and Rubbers",739,"Plastics & articles thereof",73904,"Vinyl Chloride Polymers",2021,12200092
7,"Plastics and Rubbers",739,"Plastics & articles thereof",73905,"Other Vinyl Polymers",2021,1752452
7,"Plastics and Rubbers",739,"Plastics & articles thereof",73906,"Acrylic Polymers",2021,1025239
7,"Plastics and Rubbers",739,"Plastics & articles thereof",73907,"Polyacetals",2021,28254342
7,"Plastics and Rubbers",739,"Plastics & articles thereof",73908,"Polyamides",2021,1714557
7,"Plastics and Rubbers",739,"Plastics & articles thereof",73909,"Amino-resins",2021,771392
7,"Plastics and Rubbers",739,"Plastics & articles thereof",73910,"Silicone",2021,471621
7,"Plastics and Rubbers",739,"Plastics & articles thereof",73911,"Petroleum Resins",2021,428365
7,"Plastics and Rubbers",739,"Plastics & articles thereof",73912,"Cellulose",2021,1591865
7,"Plastics and Rubbers",739,"Plastics & articles thereof",73913,"Natural Polymers",2021,90533
7,"Plastics and Rubbers",739,"Plastics & articles thereof",73914,"Polymer Ion-Exchangers",2021,56126
7,"Plastics and Rubbers",739,"Plastics & articles thereof",73915,"Scrap Plastic",2021,3202917
7,"Plastics and Rubbers",739,"Plastics & articles thereof",73916,"Monofilament",2021,10010524
7,"Plastics and Rubbers",739,"Plastics & articles thereof",73917,"Plastic Pipes",2021,331580118
7,"Plastics and Rubbers",739,"Plastics & articles thereof",73918,"Plastic Floor Coverings",2021,55864150
7,"Plastics and Rubbers",739,"Plastics & articles thereof",73919,"Self-adhesive Plastics",2021,36056248
7,"Plastics and Rubbers",739,"Plastics & articles thereof",73920,"Raw Plastic Sheeting",2021,72736122
7,"Plastics and Rubbers",739,"Plastics & articles thereof",73921,"Other Plastic Sheetings",2021,155316210
7,"Plastics and Rubbers",739,"Plastics & articles thereof",73922,"Plastic Wash Basins",2021,14945065
7,"Plastics and Rubbers",739,"Plastics & articles thereof",73923,"Plastic Lids",2021,240580548
7,"Plastics and Rubbers",739,"Plastics & articles thereof",73924,"Plastic Housewares",2021,65706926
7,"Plastics and Rubbers",739,"Plastics & articles thereof",73925,"Plastic Building Materials",2021,68746025
7,"Plastics and Rubbers",739,"Plastics & articles thereof",73926,"Other Plastic Products",2021,80002782
7,"Plastics and Rubbers",740,"Rubber & articles thereof",74001,"Rubber",2021,2568308
7,"Plastics and Rubbers",740,"Rubber & articles thereof",74002,"Synthetic Rubber",2021,44891333
7,"Plastics and Rubbers",740,"Rubber & articles thereof",74003,"Reclaimed Rubber",2021,1607117
7,"Plastics and Rubbers",740,"Rubber & articles thereof",74004,"Scrap Rubber",2021,285011
7,"Plastics and Rubbers",740,"Rubber & articles thereof",74005,"Compounded Unvulcanised Rubber",2021,8016679
7,"Plastics and Rubbers",740,"Rubber & articles thereof",74006,"Unvulcanised Rubber Products",2021,155300
7,"Plastics and Rubbers",740,"Rubber & articles thereof",74007,"Rubber Thread",2021,8804
7,"Plastics and Rubbers",740,"Rubber & articles thereof",74008,"Rubber Sheets",2021,5384163
7,"Plastics and Rubbers",740,"Rubber & articles thereof",74009,"Rubber Pipes",2021,91250934
7,"Plastics and Rubbers",740,"Rubber & articles thereof",74010,"Rubber Belting",2021,4551524
7,"Plastics and Rubbers",740,"Rubber & articles thereof",74011,"Rubber Tires",2021,782542496
7,"Plastics and Rubbers",740,"Rubber & articles thereof",74012,"Used Rubber Tires",2021,1756304
7,"Plastics and Rubbers",740,"Rubber & articles thereof",74013,"Rubber Inner Tubes",2021,23701176
7,"Plastics and Rubbers",740,"Rubber & articles thereof",74014,"Pharmaceutical Rubber Products",2021,1621957
7,"Plastics and Rubbers",740,"Rubber & articles thereof",74015,"Rubber Apparel",2021,4885237
7,"Plastics and Rubbers",740,"Rubber & articles thereof",74016,"Other Rubber Products",2021,114786853
7,"Plastics and Rubbers",740,"Rubber & articles thereof",74017,"Hard Rubber",2021,622626
8,"Animal Hides",841,"Raw hides & skin (non-fur)",84101,"Equine and Bovine Hides",2021,159332
8,"Animal Hides",841,"Raw hides & skin (non-fur)",84102,"Sheep Hides",2021,872506
8,"Animal Hides",841,"Raw hides & skin (non-fur)",84103,"Other Hides and Skins",2021,32782
8,"Animal Hides",841,"Raw hides & skin (non-fur)",84104,"Tanned Equine and Bovine Hides",2021,87016993
8,"Animal Hides",841,"Raw hides & skin (non-fur)",84105,"Tanned Sheep Hides",2021,2640926
8,"Animal Hides",841,"Raw hides & skin (non-fur)",84106,"Tanned Goat Hides",2021,89151
8,"Animal Hides",841,"Raw hides & skin (non-fur)",84107,"Leather of Other Animals",2021,327234
8,"Animal Hides",841,"Raw hides & skin (non-fur)",84108,"Chamois Leather",2021,78288
8,"Animal Hides",841,"Raw hides & skin (non-fur)",84109,"Patent Leather",2021,285876
8,"Animal Hides",841,"Raw hides & skin (non-fur)",84110,"Leather Waste",2021,873
8,"Animal Hides",841,"Raw hides & skin (non-fur)",84111,"Leather Sheets",2021,7652.000000000001
8,"Animal Hides",842,"Leather articles",84201,"Saddlery",2021,95924
8,"Animal Hides",842,"Leather articles",84202,"Trunks and Cases",2021,25908861
8,"Animal Hides",842,"Leather articles",84203,"Leather Apparel",2021,1993921
8,"Animal Hides",842,"Leather articles",84205,"Other Leather Articles",2021,71606708
8,"Animal Hides",843,"Furskins, articifial fur, & articles",84301,"Raw Furskins",2021,186652
8,"Animal Hides",843,"Furskins, articifial fur, & articles",84302,"Tanned Furskins",2021,127208
8,"Animal Hides",843,"Furskins, articifial fur, & articles",84303,"Furskin Apparel",2021,91528
8,"Animal Hides",843,"Furskins, articifial fur, & articles",84304,"Artificial Fur",2021,3369
9,"Wood Products",944,"Wood, wood articles, & charcoal",94401,"Fuel Wood",2021,13938904
9,"Wood Products",944,"Wood, wood articles, & charcoal",94402,"Wood Charcoal",2021,5100887
9,"Wood Products",944,"Wood, wood articles, & charcoal",94403,"Rough Wood",2021,31901117
9,"Wood Products",944,"Wood, wood articles, & charcoal",94404,"Wood Stakes",2021,3223331
9,"Wood Products",944,"Wood, wood articles, & charcoal",94405,"Wood Wool",2021,3766
9,"Wood Products",944,"Wood, wood articles, & charcoal",94406,"Railroad Ties",2021,1724159
9,"Wood Products",944,"Wood, wood articles, & charcoal",94407,"Sawn Wood",2021,99078833
9,"Wood Products",944,"Wood, wood articles, & charcoal",94408,"Veneer Sheets",2021,11565987
9,"Wood Products",944,"Wood, wood articles, & charcoal",94409,"Shaped Wood",2021,13898876
9,"Wood Products",944,"Wood, wood articles, & charcoal",94410,"Particle Board",2021,17567582
9,"Wood Products",944,"Wood, wood articles, & charcoal",94411,"Wood Fiberboard",2021,12875632
9,"Wood Products",944,"Wood, wood articles, & charcoal",94412,"Plywood",2021,9900354
9,"Wood Products",944,"Wood, wood articles, & charcoal",94413,"Densified Wood",2021,234733
9,"Wood Products",944,"Wood, wood articles, & charcoal",94414,"Wood Frames",2021,391103
9,"Wood Products",944,"Wood, wood articles, & charcoal",94415,"Wood Crates",2021,25947850
9,"Wood Products",944,"Wood, wood articles, & charcoal",94416,"Wood Barrels",2021,1014252
9,"Wood Products",944,"Wood, wood articles, & charcoal",94417,"Wooden Tool Handles",2021,751562
9,"Wood Products",944,"Wood, wood articles, & charcoal",94418,"Wood Carpentry",2021,61685406
9,"Wood Products",944,"Wood, wood articles, & charcoal",94419,"Wood Kitchenware",2021,3166190
9,"Wood Products",944,"Wood, wood articles, & charcoal",94420,"Wood Ornaments",2021,1870341
9,"Wood Products",944,"Wood, wood articles, & charcoal",94421,"Other Wood Articles",2021,48864366
9,"Wood Products",945,"Cork & cork articles",94501,"Raw Cork",2021,3537
9,"Wood Products",945,"Cork & cork articles",94502,"Debacked Cork",2021,1242
9,"Wood Products",945,"Cork & cork articles",94503,"Natural Cork Articles",2021,15745
9,"Wood Products",945,"Cork & cork articles",94504,"Agglomerated Cork",2021,213988
9,"Wood Products",946,"Straw & esparto manufactures",94601,"Plaiting Products",2021,125802
9,"Wood Products",946,"Straw & esparto manufactures",94602,"Basketwork",2021,130745
10,"Paper Goods",1047,"Wood pulp & paper scrap",104701,"Mechanical Wood Pulp",2021,43383
10,"Paper Goods",1047,"Wood pulp & paper scrap",104702,"Dissolving Grades Chemical Woodpulp",2021,63811.00000000001
10,"Paper Goods",1047,"Wood pulp & paper scrap",104703,"Sulfate Chemical Woodpulp",2021,900621.0000000001
10,"Paper Goods",1047,"Wood pulp & paper scrap",104704,"Sulfite Chemical Woodpulp",2021,1212
10,"Paper Goods",1047,"Wood pulp & paper scrap",104706,"Recovered Paper Pulp",2021,14071
10,"Paper Goods",1047,"Wood pulp & paper scrap",104707,"Recovered Paper",2021,22065786
10,"Paper Goods",1048,"Paper articles",104801,"Newsprint",2021,483609
10,"Paper Goods",1048,"Paper articles",104802,"Uncoated Paper",2021,824978
10,"Paper Goods",1048,"Paper articles",104803,"Tissue",2021,11996386
10,"Paper Goods",1048,"Paper articles",104804,"Kraft Paper",2021,2893254
10,"Paper Goods",1048,"Paper articles",104805,"Other Uncoated Paper",2021,30975212
10,"Paper Goods",1048,"Paper articles",104806,"Vegetable Parchment",2021,423572
10,"Paper Goods",1048,"Paper articles",104807,"Composite Paper",2021,56634
10,"Paper Goods",1048,"Paper articles",104808,"Corrugated Paper",2021,15847651
10,"Paper Goods",1048,"Paper articles",104809,"Carbon Paper",2021,475849
10,"Paper Goods",1048,"Paper articles",104810,"Kaolin Coated Paper",2021,59017698
10,"Paper Goods",1048,"Paper articles",104811,"Cellulose Fibers Paper",2021,303280654
10,"Paper Goods",1048,"Paper articles",104812,"Paper Pulp Filter Blocks",2021,13231
10,"Paper Goods",1048,"Paper articles",104813,"Cigarette Paper",2021,1327898
10,"Paper Goods",1048,"Paper articles",104814,"Wallpaper",2021,151342
10,"Paper Goods",1048,"Paper articles",104816,"Other Carbon Paper",2021,20363
10,"Paper Goods",1048,"Paper articles",104817,"Letter Stock",2021,937608
10,"Paper Goods",1048,"Paper articles",104818,"Toilet Paper",2021,58842547
10,"Paper Goods",1048,"Paper articles",104819,"Paper Containers",2021,149873888
10,"Paper Goods",1048,"Paper articles",104820,"Paper Notebooks",2021,8773606
10,"Paper Goods",1048,"Paper articles",104821,"Paper Labels",2021,6763999
10,"Paper Goods",1048,"Paper articles",104822,"Paper Spools",2021,798736
10,"Paper Goods",1048,"Paper articles",104823,"Shaped Paper",2021,7302675
10,"Paper Goods",1049,"Books, newspapers, & other prints",104901,"Brochures",2021,26519466
10,"Paper Goods",1049,"Books, newspapers, & other prints",104902,"Newspapers",2021,15118144
10,"Paper Goods",1049,"Books, newspapers, & other prints",104903,"Children's Picture Books",2021,1714816
10,"Paper Goods",1049,"Books, newspapers, & other prints",104904,"Sheet Music",2021,142
10,"Paper Goods",1049,"Books, newspapers, & other prints",104905,"Maps",2021,94594
10,"Paper Goods",1049,"Books, newspapers, & other prints",104906,"Architectural Plans",2021,387533
10,"Paper Goods",1049,"Books, newspapers, & other prints",104907,"Documents of title (bonds etc) and unused stamps",2021,968222
10,"Paper Goods",1049,"Books, newspapers, & other prints",104908,"Decals",2021,62430
10,"Paper Goods",1049,"Books, newspapers, & other prints",104909,"Postcards",2021,206420
10,"Paper Goods",1049,"Books, newspapers, & other prints",104910,"Calendars",2021,1673878
10,"Paper Goods",1049,"Books, newspapers, & other prints",104911,"Other Printed Material",2021,21229137
11,"Textiles",1150,"Silk",115006,"Retail Silk Yarn",2021,1161.9999999999998
11,"Textiles",1150,"Silk",115007,"Silk Fabrics",2021,19703
11,"Textiles",1151,"Wool & animal hair",115101,"Wool",2021,552073
11,"Textiles",1151,"Wool & animal hair",115103,"Wool or Animal Hair Waste",2021,11232.999999999998
11,"Textiles",1151,"Wool & animal hair",115104,"Garnetted Wool or Animal Hair",2021,10445
11,"Textiles",1151,"Wool & animal hair",115105,"Prepared Wool or Animal Hair",2021,28708
11,"Textiles",1151,"Wool & animal hair",115106,"Non-Retail Carded Wool Yarn",2021,174283
11,"Textiles",1151,"Wool & animal hair",115107,"Non-Retail Combed Wool Yarn",2021,50320
11,"Textiles",1151,"Wool & animal hair",115108,"Non-Retail Animal Hair Yarn",2021,3
11,"Textiles",1151,"Wool & animal hair",115109,"Retail Wool or Animal Hair Yarn",2021,154103
11,"Textiles",1151,"Wool & animal hair",115110,"Horsehair Yarn",2021,899
11,"Textiles",1151,"Wool & animal hair",115111,"Carded Wool or Animal Hair Fabric",2021,4981
11,"Textiles",1151,"Wool & animal hair",115112,"Combed Wool or Animal Hair Fabric",2021,101776
11,"Textiles",1152,"Cotton",115201,"Raw Cotton",2021,73117.00000000001
11,"Textiles",1152,"Cotton",115202,"Cotton Waste",2021,58879.99999999999
11,"Textiles",1152,"Cotton",115203,"Prepared Cotton",2021,1482
11,"Textiles",1152,"Cotton",115204,"Cotton Sewing Thread",2021,27389
11,"Textiles",1152,"Cotton",115205,"Non-Retail Pure Cotton Yarn",2021,814973
11,"Textiles",1152,"Cotton",115206,"Non-Retail Mixed Cotton Yarn",2021,79548
11,"Textiles",1152,"Cotton",115207,"Retail Cotton Yarn",2021,3187080
11,"Textiles",1152,"Cotton",115208,"Light Pure Woven Cotton",2021,375386
11,"Textiles",1152,"Cotton",115209,"Heavy Pure Woven Cotton",2021,882300
11,"Textiles",1152,"Cotton",115210,"Light Mixed Woven Cotton",2021,231878
11,"Textiles",1152,"Cotton",115211,"Heavy Mixed Woven Cotton",2021,1993888
11,"Textiles",1152,"Cotton",115212,"Other Cotton Fabrics",2021,219140
11,"Textiles",1153,"Vegetable textile fibers, paper yarn & fabrics",115301,"Flax Fibers",2021,609
11,"Textiles",1153,"Vegetable textile fibers, paper yarn & fabrics",115302,"Hemp Fibers",2021,22937
11,"Textiles",1153,"Vegetable textile fibers, paper yarn & fabrics",115303,"Jute and Other Textile Fibers",2021,6.999999999999999
11,"Textiles",1153,"Vegetable textile fibers, paper yarn & fabrics",115305,"Coconut and Other Vegetable Fibers",2021,5207.999999999999
11,"Textiles",1153,"Vegetable textile fibers, paper yarn & fabrics",115306,"Flax Yarn",2021,114161
11,"Textiles",1153,"Vegetable textile fibers, paper yarn & fabrics",115307,"Jute Yarn",2021,85130
11,"Textiles",1153,"Vegetable textile fibers, paper yarn & fabrics",115308,"Other Vegetable Fibers Yarn",2021,882
11,"Textiles",1153,"Vegetable textile fibers, paper yarn & fabrics",115309,"Flax Woven Fabric",2021,50849
11,"Textiles",1153,"Vegetable textile fibers, paper yarn & fabrics",115310,"Jute Woven Fabric",2021,347
11,"Textiles",1153,"Vegetable textile fibers, paper yarn & fabrics",115311,"Other Vegetable Fibers Fabric",2021,5633
11,"Textiles",1154,"Man-made filaments",115401,"Artificial Filament Sewing Thread",2021,208252
11,"Textiles",1154,"Man-made filaments",115402,"Non-Retail Synthetic Filament Yarn",2021,2307815
11,"Textiles",1154,"Man-made filaments",115403,"Non-Retail Artificial Filament Yarn",2021,26957
11,"Textiles",1154,"Man-made filaments",115404,"Synthetic Monofilament",2021,2068673
11,"Textiles",1154,"Man-made filaments",115405,"Artificial Monofilament",2021,5567.999999999999
11,"Textiles",1154,"Man-made filaments",115406,"Retail Artificial Filament Yarn",2021,7421
11,"Textiles",1154,"Man-made filaments",115407,"Synthetic Filament Yarn Woven Fabric",2021,12128861
11,"Textiles",1154,"Man-made filaments",115408,"Artificial Filament Yarn Woven Fabric",2021,168936
11,"Textiles",1155,"Man-made staple fibres",115501,"Synthetic Filament Tow",2021,76771
11,"Textiles",1155,"Man-made staple fibres",115502,"Artificial Filament Tow",2021,133200
11,"Textiles",1155,"Man-made staple fibres",115503,"Unprocessed Synthetic Staple Fibers",2021,490661
11,"Textiles",1155,"Man-made staple fibres",115504,"Unprocessed Artificial Staple Fibers",2021,3367
11,"Textiles",1155,"Man-made staple fibres",115505,"Artificial Fibers Waste",2021,260660
11,"Textiles",1155,"Man-made staple fibres",115506,"Processed Synthetic Staple Fibers",2021,2851
11,"Textiles",1155,"Man-made staple fibres",115507,"Processed Artificial Staple Fibers",2021,88111
11,"Textiles",1155,"Man-made staple fibres",115508,"Non-Retail Artificial Staple Fibers Sewing Thread",2021,83334
11,"Textiles",1155,"Man-made staple fibres",115509,"Non-Retail Synthetic Staple Fibers Yarn",2021,244913
11,"Textiles",1155,"Man-made staple fibres",115510,"Non-Retail Artificial Staple Fibers Yarn",2021,186405
11,"Textiles",1155,"Man-made staple fibres",115511,"Retail Artificial Staple Fibers Yarn",2021,10238501
11,"Textiles",1155,"Man-made staple fibres",115512,"Synthetic Fabrics",2021,1066300
11,"Textiles",1155,"Man-made staple fibres",115513,"Light Synthetic Cotton Fabrics",2021,26832
11,"Textiles",1155,"Man-made staple fibres",115514,"Heavy Synthetic Cotton Fabrics",2021,2830882
11,"Textiles",1155,"Man-made staple fibres",115515,"Other Synthetic Fabrics",2021,272020
11,"Textiles",1155,"Man-made staple fibres",115516,"Woven Fabric of Synthetic Staple Fibers",2021,240125
11,"Textiles",1156,"Wadding, felt, nonwovens, twin, ropes, & articles thereof",115601,"Wadding",2021,6130215
11,"Textiles",1156,"Wadding, felt, nonwovens, twin, ropes, & articles thereof",115602,"Felt",2021,995074
11,"Textiles",1156,"Wadding, felt, nonwovens, twin, ropes, & articles thereof",115603,"Non-woven Textiles",2021,10877264
11,"Textiles",1156,"Wadding, felt, nonwovens, twin, ropes, & articles thereof",115604,"Rubber Textiles",2021,90569
11,"Textiles",1156,"Wadding, felt, nonwovens, twin, ropes, & articles thereof",115605,"Metallic Yarn",2021,3776
11,"Textiles",1156,"Wadding, felt, nonwovens, twin, ropes, & articles thereof",115606,"Gimp Yarn",2021,11284203.000000002
11,"Textiles",1156,"Wadding, felt, nonwovens, twin, ropes, & articles thereof",115607,"Twine and Rope",2021,11689515
11,"Textiles",1156,"Wadding, felt, nonwovens, twin, ropes, & articles thereof",115608,"Twine, cordage or rope; knotted netting, made up fishing nets and other made up nets, of textile materials",2021,2701418
11,"Textiles",1156,"Wadding, felt, nonwovens, twin, ropes, & articles thereof",115609,"Other Articles of Twine and Rope",2021,1589179
11,"Textiles",1157,"Carpets & textile floor covers",115701,"Knotted Carpets",2021,74806
11,"Textiles",1157,"Carpets & textile floor covers",115702,"Hand-Woven Rugs",2021,10961455
11,"Textiles",1157,"Carpets & textile floor covers",115703,"Tufted Carpets",2021,18544164
11,"Textiles",1157,"Carpets & textile floor covers",115704,"Felt Carpets",2021,5071477
11,"Textiles",1157,"Carpets & textile floor covers",115705,"Other Carpets",2021,11502192
11,"Textiles",1158,"Special woven fabrics and tapestries",115801,"Woven Fabrics",2021,87191
11,"Textiles",1158,"Special woven fabrics and tapestries",115802,"Terry Fabric",2021,10523
11,"Textiles",1158,"Special woven fabrics and tapestries",115803,"Gauze",2021,180830.00000000003
11,"Textiles",1158,"Special woven fabrics and tapestries",115804,"Tulles and Net Fabric",2021,83489
11,"Textiles",1158,"Special woven fabrics and tapestries",115805,"Hand-Woven Tapestries",2021,16525
11,"Textiles",1158,"Special woven fabrics and tapestries",115806,"Narrow Woven Fabric",2021,1831811
11,"Textiles",1158,"Special woven fabrics and tapestries",115807,"Labels",2021,614633
11,"Textiles",1158,"Special woven fabrics and tapestries",115808,"Ornamental Trimmings",2021,24088
11,"Textiles",1158,"Special woven fabrics and tapestries",115809,"Metallic Fabric",2021,4317
11,"Textiles",1158,"Special woven fabrics and tapestries",115810,"Embroidery",2021,95990
11,"Textiles",1158,"Special woven fabrics and tapestries",115811,"Quilted Textiles",2021,112018
11,"Textiles",1159,"Coated, covered, & laminated fabrics for industrial use",115901,"Gum Coated Textile Fabric",2021,383645
11,"Textiles",1159,"Coated, covered, & laminated fabrics for industrial use",115902,"Polyamide Fabric",2021,5283361.000000001
11,"Textiles",1159,"Coated, covered, & laminated fabrics for industrial use",115903,"Plastic Coated Textile Fabric",2021,3455299
11,"Textiles",1159,"Coated, covered, & laminated fabrics for industrial use",115904,"Linoleum",2021,81591
11,"Textiles",1159,"Coated, covered, & laminated fabrics for industrial use",115905,"Textile Wall Coverings",2021,19632
11,"Textiles",1159,"Coated, covered, & laminated fabrics for industrial use",115906,"Rubber Textile Fabric",2021,23756180
11,"Textiles",1159,"Coated, covered, & laminated fabrics for industrial use",115907,"Coated Textile Fabric",2021,447215.00000000006
11,"Textiles",1159,"Coated, covered, & laminated fabrics for industrial use",115908,"Textile Wicks",2021,43874
11,"Textiles",1159,"Coated, covered, & laminated fabrics for industrial use",115909,"Hose Piping Textiles",2021,728570
11,"Textiles",1159,"Coated, covered, & laminated fabrics for industrial use",115910,"Conveyor Belt Textiles",2021,931309
11,"Textiles",1159,"Coated, covered, & laminated fabrics for industrial use",115911,"Textiles for technical uses",2021,6389974
11,"Textiles",1160,"Knitted fabrics",116001,"Pile Fabric",2021,3835498
11,"Textiles",1160,"Knitted fabrics",116002,"Light Rubberized Knitted Fabric",2021,36336406
11,"Textiles",1161,"Knitted clothing accesories",116101,"Knit Men's Coats",2021,1509208
11,"Textiles",1161,"Knitted clothing accesories",116102,"Knit Women's Coats",2021,2422007
11,"Textiles",1161,"Knitted clothing accesories",116103,"Knit Men's Suits",2021,5068838
11,"Textiles",1161,"Knitted clothing accesories",116104,"Knit Women's Suits",2021,53126460
11,"Textiles",1161,"Knitted clothing accesories",116105,"Knit Men's Shirts",2021,2436315
11,"Textiles",1161,"Knitted clothing accesories",116106,"Knit Women's Shirts",2021,8085471
11,"Textiles",1161,"Knitted clothing accesories",116107,"Knit Men's Undergarments",2021,8475893
11,"Textiles",1161,"Knitted clothing accesories",116108,"Knit Women's Undergarments",2021,37865900
11,"Textiles",1161,"Knitted clothing accesories",116109,"Knit T-shirts",2021,66940374
11,"Textiles",1161,"Knitted clothing accesories",116110,"Knit Sweaters",2021,59942404
11,"Textiles",1161,"Knitted clothing accesories",116111,"Knit Babies' Garments",2021,2688311
11,"Textiles",1161,"Knitted clothing accesories",116112,"Knit Active Wear",2021,11906943
11,"Textiles",1161,"Knitted clothing accesories",116113,"Garments of Impregnated Fabric",2021,1354603.9999999998
11,"Textiles",1161,"Knitted clothing accesories",116114,"Other Knit Garments",2021,8862370
11,"Textiles",1161,"Knitted clothing accesories",116115,"Knit Socks and Hosiery",2021,208613772
11,"Textiles",1161,"Knitted clothing accesories",116116,"Knit Gloves",2021,908435
11,"Textiles",1161,"Knitted clothing accesories",116117,"Other Knit Clothing Accessories",2021,1694693
11,"Textiles",1162,"Non-knitted clothing accesories",116201,"Non-Knit Men's Coats",2021,10709507
11,"Textiles",1162,"Non-knitted clothing accesories",116202,"Non-Knit Women's Coats",2021,13331620
11,"Textiles",1162,"Non-knitted clothing accesories",116203,"Non-Knit Men's Suits",2021,65425136
11,"Textiles",1162,"Non-knitted clothing accesories",116204,"Non-Knit Women's Suits",2021,53340363
11,"Textiles",1162,"Non-knitted clothing accesories",116205,"Non-Knit Men's Shirts",2021,4387209
11,"Textiles",1162,"Non-knitted clothing accesories",116206,"Non-Knit Women's Shirts",2021,6961967
11,"Textiles",1162,"Non-knitted clothing accesories",116207,"Non-Knit Men's Undergarments",2021,4200966
11,"Textiles",1162,"Non-knitted clothing accesories",116208,"Non-Knit Women's Undergarments",2021,5266401
11,"Textiles",1162,"Non-knitted clothing accesories",116209,"Non-Knit Babies' Garments",2021,1497868
11,"Textiles",1162,"Non-knitted clothing accesories",116210,"Felt or Coated Fabric Garments",2021,8711289
11,"Textiles",1162,"Non-knitted clothing accesories",116211,"Non-Knit Active Wear",2021,15230165
11,"Textiles",1162,"Non-knitted clothing accesories",116212,"Other Women's Undergarments",2021,52760722
11,"Textiles",1162,"Non-knitted clothing accesories",116213,"Handkerchiefs",2021,471300
11,"Textiles",1162,"Non-knitted clothing accesories",116214,"Scarves",2021,2712318
11,"Textiles",1162,"Non-knitted clothing accesories",116215,"Neck Ties",2021,102569
11,"Textiles",1162,"Non-knitted clothing accesories",116216,"Non-Knit Gloves",2021,501945
11,"Textiles",1162,"Non-knitted clothing accesories",116217,"Other Non-Knit Clothing Accessories",2021,687670
11,"Textiles",1163,"Used clothes & textile articles",116301,"Blankets",2021,747376
11,"Textiles",1163,"Used clothes & textile articles",116302,"House Linens",2021,9230437
11,"Textiles",1163,"Used clothes & textile articles",116303,"Window Dressings",2021,6495588
11,"Textiles",1163,"Used clothes & textile articles",116304,"Bedspreads",2021,5302277
11,"Textiles",1163,"Used clothes & textile articles",116305,"Packing Bags",2021,43327357
11,"Textiles",1163,"Used clothes & textile articles",116306,"Awnings, Tents, and Sails",2021,7499007
11,"Textiles",1163,"Used clothes & textile articles",116307,"Other Cloth Articles",2021,27147395
11,"Textiles",1163,"Used clothes & textile articles",116308,"Packaged Sewing Sets",2021,30863
11,"Textiles",1163,"Used clothes & textile articles",116309,"Used Clothing",2021,270634
11,"Textiles",1163,"Used clothes & textile articles",116310,"Textile Scraps",2021,192011
12,"Footwear and Headwear",1264,"Footwear",126401,"Waterproof Footwear",2021,16811388
12,"Footwear and Headwear",1264,"Footwear",126402,"Rubber Footwear",2021,10487834
12,"Footwear and Headwear",1264,"Footwear",126403,"Leather Footwear",2021,116501117
12,"Footwear and Headwear",1264,"Footwear",126404,"Textile Footwear",2021,46277566
12,"Footwear and Headwear",1264,"Footwear",126405,"Other Footwear",2021,7775485
12,"Footwear and Headwear",1264,"Footwear",126406,"Footwear Parts",2021,128060304
12,"Footwear and Headwear",1265,"Headgear",126501,"Hat Forms",2021,191086
12,"Footwear and Headwear",1265,"Headgear",126502,"Hat Shapes",2021,33979
12,"Footwear and Headwear",1265,"Headgear",126504,"Hats",2021,46884
12,"Footwear and Headwear",1265,"Headgear",126505,"Knitted Hats",2021,2412046
12,"Footwear and Headwear",1265,"Headgear",126506,"Other Headwear",2021,8702116
12,"Footwear and Headwear",1265,"Headgear",126507,"Headbands and Linings",2021,85412
12,"Footwear and Headwear",1266,"Umbrellas, walking sticks, & whips",126601,"Umbrellas",2021,874784
12,"Footwear and Headwear",1266,"Umbrellas, walking sticks, & whips",126602,"Walking Sticks",2021,12636
12,"Footwear and Headwear",1266,"Umbrellas, walking sticks, & whips",126603,"Umbrella and Walking Stick Accessories",2021,47012.99999999999
12,"Footwear and Headwear",1267,"Feather articles, feathers, artificial flowers, & articles of human hair",126701,"Bird Skins and Feathers",2021,2653
12,"Footwear and Headwear",1267,"Feather articles, feathers, artificial flowers, & articles of human hair",126702,"Artificial Vegetation",2021,88242
12,"Footwear and Headwear",1267,"Feather articles, feathers, artificial flowers, & articles of human hair",126703,"Processed Hair",2021,10929
12,"Footwear and Headwear",1267,"Feather articles, feathers, artificial flowers, & articles of human hair",126704,"Fake Hair",2021,245943
13,"Stone And Glass",1368,"Stone, plaster, cement, asbestos, mica.",136801,"Curbstones",2021,264552
13,"Stone And Glass",1368,"Stone, plaster, cement, asbestos, mica.",136802,"Building Stone",2021,5367695
13,"Stone And Glass",1368,"Stone, plaster, cement, asbestos, mica.",136803,"Worked Slate",2021,11256
13,"Stone And Glass",1368,"Stone, plaster, cement, asbestos, mica.",136804,"Milling Stones",2021,1142007
13,"Stone And Glass",1368,"Stone, plaster, cement, asbestos, mica.",136805,"Abrasive Powder",2021,973343
13,"Stone And Glass",1368,"Stone, plaster, cement, asbestos, mica.",136806,"Rock Wool",2021,23594670
13,"Stone And Glass",1368,"Stone, plaster, cement, asbestos, mica.",136807,"Asphalt",2021,12653696
13,"Stone And Glass",1368,"Stone, plaster, cement, asbestos, mica.",136808,"Vegetable Fiber",2021,149098
13,"Stone And Glass",1368,"Stone, plaster, cement, asbestos, mica.",136809,"Plaster Articles",2021,882548
13,"Stone And Glass",1368,"Stone, plaster, cement, asbestos, mica.",136810,"Cement Articles",2021,23453336
13,"Stone And Glass",1368,"Stone, plaster, cement, asbestos, mica.",136811,"Asbestos Cement Articles",2021,159977
13,"Stone And Glass",1368,"Stone, plaster, cement, asbestos, mica.",136812,"Asbestos Fibres",2021,14501
13,"Stone And Glass",1368,"Stone, plaster, cement, asbestos, mica.",136813,"Friction Material",2021,190528
13,"Stone And Glass",1368,"Stone, plaster, cement, asbestos, mica.",136814,"Processed Mica",2021,36742
13,"Stone And Glass",1368,"Stone, plaster, cement, asbestos, mica.",136815,"Other Stone Articles",2021,2388611
13,"Stone And Glass",1369,"Ceramic products",136901,"Bricks",2021,570788
13,"Stone And Glass",1369,"Ceramic products",136902,"Refractory Bricks",2021,366658
13,"Stone And Glass",1369,"Ceramic products",136903,"Refractory Ceramics",2021,650349
13,"Stone And Glass",1369,"Ceramic products",136904,"Ceramic Bricks",2021,28856191
13,"Stone And Glass",1369,"Ceramic products",136905,"Roofing Tiles",2021,41775862
13,"Stone And Glass",1369,"Ceramic products",136906,"Ceramic Pipes",2021,22036
13,"Stone And Glass",1369,"Ceramic products",136907,"Unglazed Ceramics",2021,25196167
13,"Stone And Glass",1369,"Ceramic products",136909,"Laboratory Ceramic Ware",2021,185250
13,"Stone And Glass",1369,"Ceramic products",136910,"Bathroom Ceramics",2021,1962919
13,"Stone And Glass",1369,"Ceramic products",136911,"Porcelain Tableware",2021,837030
13,"Stone And Glass",1369,"Ceramic products",136912,"Ceramic Tableware",2021,396532
13,"Stone And Glass",1369,"Ceramic products",136913,"Ornamental Ceramics",2021,204807
13,"Stone And Glass",1369,"Ceramic products",136914,"Other Ceramic Articles",2021,532079
13,"Stone And Glass",1370,"Glass & glassware",137001,"Glass Scraps",2021,1645486
13,"Stone And Glass",1370,"Glass & glassware",137002,"Glass Balls",2021,43301
13,"Stone And Glass",1370,"Glass & glassware",137003,"Cast or Rolled Glass",2021,162691
13,"Stone And Glass",1370,"Glass & glassware",137004,"Blown Glass",2021,42822
13,"Stone And Glass",1370,"Glass & glassware",137005,"Float Glass",2021,765208
13,"Stone And Glass",1370,"Glass & glassware",137006,"Glass with Edge Workings",2021,382953
13,"Stone And Glass",1370,"Glass & glassware",137007,"Safety Glass",2021,1970795
13,"Stone And Glass",1370,"Glass & glassware",137008,"Insulating Glass",2021,3587917
13,"Stone And Glass",1370,"Glass & glassware",137009,"Glass Mirrors",2021,2100575
13,"Stone And Glass",1370,"Glass & glassware",137010,"Glass Bottles",2021,14233735
13,"Stone And Glass",1370,"Glass & glassware",137011,"Glass Bulbs",2021,27189.000000000004
13,"Stone And Glass",1370,"Glass & glassware",137013,"Interior Decorative Glassware",2021,72911327
13,"Stone And Glass",1370,"Glass & glassware",137014,"Signaling Glassware",2021,89548
13,"Stone And Glass",1370,"Glass & glassware",137015,"Eyewear and Clock Glass",2021,17894
13,"Stone And Glass",1370,"Glass & glassware",137016,"Glass Bricks",2021,387233
13,"Stone And Glass",1370,"Glass & glassware",137017,"Laboratory Glassware",2021,130528
13,"Stone And Glass",1370,"Glass & glassware",137018,"Glass Beads",2021,15632554
13,"Stone And Glass",1370,"Glass & glassware",137019,"Glass Fibers",2021,44304228
13,"Stone And Glass",1370,"Glass & glassware",137020,"Other Glass Articles",2021,2007097
14,"Precious Metals",1471,"Precious stones, metals, & pearls",147102,"Diamonds",2021,4397
14,"Precious Metals",1471,"Precious stones, metals, & pearls",147103,"Precious Stones",2021,15304
14,"Precious Metals",1471,"Precious stones, metals, & pearls",147104,"Synthetic Reconstructed Jewellery Stones",2021,24031
14,"Precious Metals",1471,"Precious stones, metals, & pearls",147106,"Silver",2021,13650287
14,"Precious Metals",1471,"Precious stones, metals, & pearls",147108,"Gold",2021,36864348
14,"Precious Metals",1471,"Precious stones, metals, & pearls",147110,"Platinum",2021,12666385
14,"Precious Metals",1471,"Precious stones, metals, & pearls",147111,"Platinum Clad Metals",2021,75904
14,"Precious Metals",1471,"Precious stones, metals, & pearls",147112,"Precious Metal Scraps",2021,8797724
14,"Precious Metals",1471,"Precious stones, metals, & pearls",147113,"Jewellery",2021,1490731
14,"Precious Metals",1471,"Precious stones, metals, & pearls",147114,"Metal-Clad Products",2021,33838
14,"Precious Metals",1471,"Precious stones, metals, & pearls",147115,"Other Precious Metal Products",2021,574450
14,"Precious Metals",1471,"Precious stones, metals, & pearls",147116,"Pearl Products",2021,347023
14,"Precious Metals",1471,"Precious stones, metals, & pearls",147117,"Imitation Jewellery",2021,5601710
14,"Precious Metals",1471,"Precious stones, metals, & pearls",147118,"Coin",2021,48914
15,"Metals",1572,"Iron & steel",157201,"Pig Iron",2021,17577130
15,"Metals",1572,"Iron & steel",157202,"Ferroalloys",2021,93965896
15,"Metals",1572,"Iron & steel",157203,"Iron Reductions",2021,13.999999999999998
15,"Metals",1572,"Iron & steel",157204,"Scrap Iron",2021,99390355
15,"Metals",1572,"Iron & steel",157205,"Iron Powder",2021,933666
15,"Metals",1572,"Iron & steel",157206,"Iron Ingots",2021,54.00000000000001
15,"Metals",1572,"Iron & steel",157207,"Semi-Finished Iron",2021,892504
15,"Metals",1572,"Iron & steel",157208,"Hot-Rolled Iron",2021,587641453
15,"Metals",1572,"Iron & steel",157209,"Cold-Rolled Iron",2021,229127773
15,"Metals",1572,"Iron & steel",157210,"Coated Flat-Rolled Iron",2021,143494835
15,"Metals",1572,"Iron & steel",157211,"Large Flat-Rolled Iron",2021,2422275
15,"Metals",1572,"Iron & steel",157212,"Large Coated Flat-Rolled Iron",2021,17216378
15,"Metals",1572,"Iron & steel",157213,"Hot-Rolled Iron Bars",2021,42167764
15,"Metals",1572,"Iron & steel",157214,"Raw Iron Bars",2021,33189541
15,"Metals",1572,"Iron & steel",157215,"Other Iron Bars",2021,254619
15,"Metals",1572,"Iron & steel",157216,"Iron Blocks",2021,14309508
15,"Metals",1572,"Iron & steel",157217,"Iron Wire",2021,4670856
15,"Metals",1572,"Iron & steel",157218,"Stainless Steel Ingots",2021,1681764.9999999998
15,"Metals",1572,"Iron & steel",157219,"Large Flat-Rolled Stainless Steel",2021,586333
15,"Metals",1572,"Iron & steel",157220,"Flat-Rolled Stainless Steel",2021,389674
15,"Metals",1572,"Iron & steel",157221,"Hot-Rolled Stainless Steel Bars",2021,494
15,"Metals",1572,"Iron & steel",157222,"Other Stainless Steel Bars",2021,1297755
15,"Metals",1572,"Iron & steel",157223,"Stainless Steel Wire",2021,86154
15,"Metals",1572,"Iron & steel",157224,"Steel Ingots",2021,64507
15,"Metals",1572,"Iron & steel",157225,"Flat Flat-Rolled Steel",2021,644812
15,"Metals",1572,"Iron & steel",157226,"Flat-Rolled Iron",2021,1814954
15,"Metals",1572,"Iron & steel",157227,"Steel Bars",2021,70935
15,"Metals",1572,"Iron & steel",157228,"Other Steel Bars",2021,422509
15,"Metals",1572,"Iron & steel",157229,"Steel Wire",2021,114362
15,"Metals",1573,"Iron/Steel Articles",157301,"Iron Sheet Piling",2021,4120665
15,"Metals",1573,"Iron/Steel Articles",157302,"Iron Railway Products",2021,1401220
15,"Metals",1573,"Iron/Steel Articles",157303,"Cast Iron Pipes",2021,667358
15,"Metals",1573,"Iron/Steel Articles",157304,"Iron Pipes",2021,5212564
15,"Metals",1573,"Iron/Steel Articles",157305,"Other Large Iron Pipes",2021,212203
15,"Metals",1573,"Iron/Steel Articles",157306,"Other Small Iron Pipes",2021,99263256
15,"Metals",1573,"Iron/Steel Articles",157307,"Iron Pipe Fittings",2021,18657840
15,"Metals",1573,"Iron/Steel Articles",157308,"Iron Structures",2021,212324947
15,"Metals",1573,"Iron/Steel Articles",157309,"Large Iron Containers",2021,12600607
15,"Metals",1573,"Iron/Steel Articles",157310,"Small Iron Containers",2021,4876155
15,"Metals",1573,"Iron/Steel Articles",157311,"Iron Gas Containers",2021,1659974
15,"Metals",1573,"Iron/Steel Articles",157312,"Stranded Iron Wire",2021,503170
15,"Metals",1573,"Iron/Steel Articles",157313,"Barbed Wire",2021,177669
15,"Metals",1573,"Iron/Steel Articles",157314,"Iron Cloth",2021,16714201
15,"Metals",1573,"Iron/Steel Articles",157315,"Iron Chains",2021,6999946
15,"Metals",1573,"Iron/Steel Articles",157316,"Iron Anchors",2021,9293
15,"Metals",1573,"Iron/Steel Articles",157317,"Iron Nails",2021,3353232
15,"Metals",1573,"Iron/Steel Articles",157318,"Iron Fasteners",2021,22708918
15,"Metals",1573,"Iron/Steel Articles",157319,"Iron Sewing Needles",2021,80534
15,"Metals",1573,"Iron/Steel Articles",157320,"Iron Springs",2021,4363678
15,"Metals",1573,"Iron/Steel Articles",157321,"Iron Stovetops",2021,82285837
15,"Metals",1573,"Iron/Steel Articles",157322,"Iron Radiators",2021,4596216
15,"Metals",1573,"Iron/Steel Articles",157323,"Iron Housewares",2021,19531525
15,"Metals",1573,"Iron/Steel Articles",157324,"Iron Toiletry",2021,1710059
15,"Metals",1573,"Iron/Steel Articles",157325,"Other Cast Iron Products",2021,18488810
15,"Metals",1573,"Iron/Steel Articles",157326,"Other Iron Products",2021,125199182
15,"Metals",1574,"Copper articles",157401,"Precipitated Copper",2021,287525
15,"Metals",1574,"Copper articles",157402,"Raw Copper",2021,730
15,"Metals",1574,"Copper articles",157403,"Refined Copper",2021,464684476
15,"Metals",1574,"Copper articles",157404,"Scrap Copper",2021,77273515
15,"Metals",1574,"Copper articles",157405,"Copper Alloys",2021,2334
15,"Metals",1574,"Copper articles",157406,"Copper Powder",2021,16860937
15,"Metals",1574,"Copper articles",157407,"Copper Bars",2021,19727262
15,"Metals",1574,"Copper articles",157408,"Copper Wire",2021,17453036
15,"Metals",1574,"Copper articles",157409,"Copper Plating",2021,118428544
15,"Metals",1574,"Copper articles",157410,"Copper Foil",2021,664172
15,"Metals",1574,"Copper articles",157411,"Copper Pipes",2021,37536370
15,"Metals",1574,"Copper articles",157412,"Copper Pipe Fittings",2021,3614070
15,"Metals",1574,"Copper articles",157413,"Stranded Copper Wire",2021,1754567
15,"Metals",1574,"Copper articles",157415,"Copper Fasteners",2021,759705
15,"Metals",1574,"Copper articles",157418,"Copper Housewares",2021,129555
15,"Metals",1574,"Copper articles",157419,"Other Copper Products",2021,3215257
15,"Metals",1575,"Nickel articles",157501,"Nickel Mattes",2021,310880
15,"Metals",1575,"Nickel articles",157502,"Raw Nickel",2021,258305.99999999997
15,"Metals",1575,"Nickel articles",157503,"Scrap Nickel",2021,352516
15,"Metals",1575,"Nickel articles",157505,"Nickel Bars",2021,542107
15,"Metals",1575,"Nickel articles",157506,"Nickel Sheets",2021,2882.0000000000005
15,"Metals",1575,"Nickel articles",157507,"Nickel Pipes",2021,179821
15,"Metals",1575,"Nickel articles",157508,"Other Nickel Products",2021,364237
15,"Metals",1576,"Aluminum articles",157601,"Raw Aluminium",2021,18234967
15,"Metals",1576,"Aluminum articles",157602,"Scrap Aluminium",2021,48182231
15,"Metals",1576,"Aluminum articles",157603,"Aluminium Powder",2021,709
15,"Metals",1576,"Aluminum articles",157604,"Aluminium Bars",2021,60742648
15,"Metals",1576,"Aluminum articles",157605,"Aluminium Wire",2021,445523.99999999994
15,"Metals",1576,"Aluminum articles",157606,"Aluminium Plating",2021,225656909
15,"Metals",1576,"Aluminum articles",157607,"Aluminium Foil",2021,9305917
15,"Metals",1576,"Aluminum articles",157608,"Aluminium Pipes",2021,12892000.999999998
15,"Metals",1576,"Aluminum articles",157609,"Aluminium Pipe Fittings",2021,340527
15,"Metals",1576,"Aluminum articles",157610,"Aluminium Structures",2021,52939652
15,"Metals",1576,"Aluminum articles",157611,"Large Aluminium Containers",2021,484926
15,"Metals",1576,"Aluminum articles",157612,"Aluminium Cans",2021,94801492
15,"Metals",1576,"Aluminum articles",157613,"Aluminium Gas Containers",2021,40446
15,"Metals",1576,"Aluminum articles",157614,"Stranded Aluminium Wire",2021,1327364
15,"Metals",1576,"Aluminum articles",157615,"Aluminium Housewares",2021,986682
15,"Metals",1576,"Aluminum articles",157616,"Other Aluminium Products",2021,21356468
15,"Metals",1578,"Lead articles",157801,"Raw Lead",2021,28289439.000000004
15,"Metals",1578,"Lead articles",157802,"Scrap Lead",2021,363592
15,"Metals",1578,"Lead articles",157804,"Lead Sheets",2021,58682
15,"Metals",1578,"Lead articles",157806,"Other Lead Products",2021,74124
15,"Metals",1579,"Zinc articles",157901,"Raw Zinc",2021,32687
15,"Metals",1579,"Zinc articles",157902,"Scrap Waste",2021,247876.00000000003
15,"Metals",1579,"Zinc articles",157903,"Zinc Powder",2021,56448
15,"Metals",1579,"Zinc articles",157904,"Zinc Bars",2021,18018
15,"Metals",1579,"Zinc articles",157905,"Zinc Sheets",2021,108284
15,"Metals",1579,"Zinc articles",157907,"Other Zinc Products",2021,2973872
15,"Metals",1580,"Tin articles",158001,"Raw Tin",2021,803065
15,"Metals",1580,"Tin articles",158002,"Scrap Tin",2021,231111
15,"Metals",1580,"Tin articles",158003,"Tin Bars",2021,46556
15,"Metals",1580,"Tin articles",158007,"Other Tin Products",2021,8272
15,"Metals",1581,"Cermet articles",158101,"Tungsten",2021,71841
15,"Metals",1581,"Cermet articles",158102,"Molybdenum",2021,297735
15,"Metals",1581,"Cermet articles",158104,"Magnesium",2021,6265303
15,"Metals",1581,"Cermet articles",158105,"Cobalt",2021,123693
15,"Metals",1581,"Cermet articles",158108,"Titanium",2021,457293
15,"Metals",1581,"Cermet articles",158109,"Zirconium",2021,6313
15,"Metals",1581,"Cermet articles",158110,"Antimony",2021,115752.00000000001
15,"Metals",1581,"Cermet articles",158111,"Manganese",2021,35758
15,"Metals",1581,"Cermet articles",158113,"Cermets",2021,109338
15,"Metals",1582,"Tools & cutlery",158201,"Garden Tools",2021,1423511
15,"Metals",1582,"Tools & cutlery",158202,"Hand Saws",2021,1430379
15,"Metals",1582,"Tools & cutlery",158203,"Hand Tools",2021,498164
15,"Metals",1582,"Tools & cutlery",158204,"Wrenches",2021,340562
15,"Metals",1582,"Tools & cutlery",158205,"Other Hand Tools",2021,6917874
15,"Metals",1582,"Tools & cutlery",158206,"Tool Sets",2021,266240
15,"Metals",1582,"Tools & cutlery",158207,"Interchangeable Tool Parts",2021,25264606
15,"Metals",1582,"Tools & cutlery",158208,"Cutting Blades",2021,3214523
15,"Metals",1582,"Tools & cutlery",158209,"Tool Plates",2021,941888
15,"Metals",1582,"Tools & cutlery",158210,"Cooking Hand Tools",2021,220385
15,"Metals",1582,"Tools & cutlery",158211,"Knives",2021,833159
15,"Metals",1582,"Tools & cutlery",158212,"Razor Blades",2021,1655186
15,"Metals",1582,"Tools & cutlery",158213,"Scissors",2021,87200
15,"Metals",1582,"Tools & cutlery",158214,"Other Cutlery",2021,875125.9999999999
15,"Metals",1582,"Tools & cutlery",158215,"Cutlery Sets",2021,272661
15,"Metals",1583,"Miscellaneous metal products",158301,"Padlocks",2021,9822469
15,"Metals",1583,"Miscellaneous metal products",158302,"Metal Mountings",2021,57307526
15,"Metals",1583,"Miscellaneous metal products",158303,"Safes",2021,3796416.9999999995
15,"Metals",1583,"Miscellaneous metal products",158304,"Filing Cabinets",2021,50717
15,"Metals",1583,"Miscellaneous metal products",158305,"Metal Office Supplies",2021,276834
15,"Metals",1583,"Miscellaneous metal products",158306,"Bells and Other Metal Ornaments",2021,859473
15,"Metals",1583,"Miscellaneous metal products",158307,"Flexible Metal Tubing",2021,20803026
15,"Metals",1583,"Miscellaneous metal products",158308,"Other Metal Fasteners",2021,401472
15,"Metals",1583,"Miscellaneous metal products",158309,"Metal Stoppers",2021,19962107
15,"Metals",1583,"Miscellaneous metal products",158310,"Metal Signs",2021,1442234
15,"Metals",1583,"Miscellaneous metal products",158311,"Coated Metal Soldering Products",2021,289595
16,"Machines",1684,"Machinery, mechanical appliances, & parts",168402,"Steam Boilers",2021,6169057
16,"Machines",1684,"Machinery, mechanical appliances, & parts",168403,"Central Heating Boilers",2021,34996101
16,"Machines",1684,"Machinery, mechanical appliances, & parts",168404,"Boiler Plants",2021,1019098
16,"Machines",1684,"Machinery, mechanical appliances, & parts",168405,"Water and Gas Generators",2021,30649
16,"Machines",1684,"Machinery, mechanical appliances, & parts",168406,"Steam Turbines",2021,4839466
16,"Machines",1684,"Machinery, mechanical appliances, & parts",168407,"Spark-Ignition Engines",2021,1979627
16,"Machines",1684,"Machinery, mechanical appliances, & parts",168408,"Combustion Engines",2021,3777975
16,"Machines",1684,"Machinery, mechanical appliances, & parts",168409,"Engine Parts",2021,112153841
16,"Machines",1684,"Machinery, mechanical appliances, & parts",168410,"Hydraulic Turbines",2021,1578775
16,"Machines",1684,"Machinery, mechanical appliances, & parts",168411,"Gas Turbines",2021,143449908
16,"Machines",1684,"Machinery, mechanical appliances, & parts",168412,"Other Engines",2021,11867517
16,"Machines",1684,"Machinery, mechanical appliances, & parts",168413,"Liquid Pumps",2021,312760252
16,"Machines",1684,"Machinery, mechanical appliances, & parts",168414,"Air Pumps",2021,136595851
16,"Machines",1684,"Machinery, mechanical appliances, & parts",168415,"Air Conditioners",2021,12598795
16,"Machines",1684,"Machinery, mechanical appliances, & parts",168416,"Liquid Fuel Furnaces",2021,4546751
16,"Machines",1684,"Machinery, mechanical appliances, & parts",168417,"Industrial Furnaces",2021,3873165
16,"Machines",1684,"Machinery, mechanical appliances, & parts",168418,"Refrigerators",2021,289103706
16,"Machines",1684,"Machinery, mechanical appliances, & parts",168419,"Other Heating Machinery",2021,78192358
16,"Machines",1684,"Machinery, mechanical appliances, & parts",168420,"Rolling Machines",2021,546033
16,"Machines",1684,"Machinery, mechanical appliances, & parts",168421,"Centrifuges",2021,22614402
16,"Machines",1684,"Machinery, mechanical appliances, & parts",168422,"Washing and Bottling Machines",2021,53405165
16,"Machines",1684,"Machinery, mechanical appliances, & parts",168423,"Scales",2021,1244396
16,"Machines",1684,"Machinery, mechanical appliances, & parts",168424,"Liquid Dispersing Machines",2021,14803897
16,"Machines",1684,"Machinery, mechanical appliances, & parts",168425,"Pulley Systems",2021,11783085
16,"Machines",1684,"Machinery, mechanical appliances, & parts",168426,"Cranes",2021,15193214
16,"Machines",1684,"Machinery, mechanical appliances, & parts",168427,"Fork-Lifts",2021,1824625
16,"Machines",1684,"Machinery, mechanical appliances, & parts",168428,"Lifting Machinery",2021,23160900
16,"Machines",1684,"Machinery, mechanical appliances, & parts",168429,"Large Construction Vehicles",2021,9334399
16,"Machines",1684,"Machinery, mechanical appliances, & parts",168430,"Other Construction Vehicles",2021,2996611
16,"Machines",1684,"Machinery, mechanical appliances, & parts",168431,"Excavation Machinery",2021,48063562
16,"Machines",1684,"Machinery, mechanical appliances, & parts",168432,"Soil Preparation Machinery",2021,19928100
16,"Machines",1684,"Machinery, mechanical appliances, & parts",168433,"Harvesting Machinery",2021,19264869
16,"Machines",1684,"Machinery, mechanical appliances, & parts",168434,"Dairy Machinery",2021,736583
16,"Machines",1684,"Machinery, mechanical appliances, & parts",168435,"Fruit Pressing Machinery",2021,404374
16,"Machines",1684,"Machinery, mechanical appliances, & parts",168436,"Other Agricultural Machinery",2021,7470304
16,"Machines",1684,"Machinery, mechanical appliances, & parts",168437,"Mill Machinery",2021,1542302
16,"Machines",1684,"Machinery, mechanical appliances, & parts",168438,"Industrial Food Preperation Machinery",2021,12921488
16,"Machines",1684,"Machinery, mechanical appliances, & parts",168439,"Papermaking Machines",2021,1027481
16,"Machines",1684,"Machinery, mechanical appliances, & parts",168440,"Book-binding Machines",2021,550200
16,"Machines",1684,"Machinery, mechanical appliances, & parts",168441,"Other Paper Machinery",2021,17099741
16,"Machines",1684,"Machinery, mechanical appliances, & parts",168442,"Print Production Machinery",2021,739064
16,"Machines",1684,"Machinery, mechanical appliances, & parts",168443,"Industrial Printers",2021,25118743
16,"Machines",1684,"Machinery, mechanical appliances, & parts",168444,"Artificial Textile Machinery",2021,16199
16,"Machines",1684,"Machinery, mechanical appliances, & parts",168445,"Textile Fiber Machinery",2021,232634
16,"Machines",1684,"Machinery, mechanical appliances, & parts",168446,"Looms",2021,9693
16,"Machines",1684,"Machinery, mechanical appliances, & parts",168447,"Knitting Machines",2021,212465
16,"Machines",1684,"Machinery, mechanical appliances, & parts",168448,"Knitting Machine Accessories",2021,1120990
16,"Machines",1684,"Machinery, mechanical appliances, & parts",168449,"Felt Machinery",2021,473
16,"Machines",1684,"Machinery, mechanical appliances, & parts",168450,"Household Washing Machines",2021,2921754
16,"Machines",1684,"Machinery, mechanical appliances, & parts",168451,"Textile Processing Machines",2021,6368556
16,"Machines",1684,"Machinery, mechanical appliances, & parts",168452,"Sewing Machines",2021,1039038
16,"Machines",1684,"Machinery, mechanical appliances, & parts",168453,"Leather Machinery",2021,938065
16,"Machines",1684,"Machinery, mechanical appliances, & parts",168454,"Casting Machines",2021,722835
16,"Machines",1684,"Machinery, mechanical appliances, & parts",168455,"Metal-Rolling Mills",2021,3448411
16,"Machines",1684,"Machinery, mechanical appliances, & parts",168456,"Non-Mechanical Removal Machinery",2021,1098680
16,"Machines",1684,"Machinery, mechanical appliances, & parts",168457,"Metalworking Transfer Machines",2021,1261782
16,"Machines",1684,"Machinery, mechanical appliances, & parts",168458,"Metal Lathes",2021,1384747
16,"Machines",1684,"Machinery, mechanical appliances, & parts",168459,"Drilling Machines",2021,1442966
16,"Machines",1684,"Machinery, mechanical appliances, & parts",168460,"Metal Finishing Machines",2021,8006601
16,"Machines",1684,"Machinery, mechanical appliances, & parts",168461,"Metalworking Machines",2021,683367
16,"Machines",1684,"Machinery, mechanical appliances, & parts",168462,"Forging Machines",2021,8414291
16,"Machines",1684,"Machinery, mechanical appliances, & parts",168463,"Other Non-Metal Removal Machinery",2021,3551410
16,"Machines",1684,"Machinery, mechanical appliances, & parts",168464,"Stone Working Machines",2021,902538
16,"Machines",1684,"Machinery, mechanical appliances, & parts",168465,"Woodworking machines",2021,5016356
16,"Machines",1684,"Machinery, mechanical appliances, & parts",168466,"Metalworking Machine Parts",2021,26225729
16,"Machines",1684,"Machinery, mechanical appliances, & parts",168467,"Motor-working Tools",2021,36546316
16,"Machines",1684,"Machinery, mechanical appliances, & parts",168468,"Soldering and Welding Machinery",2021,413331
16,"Machines",1684,"Machinery, mechanical appliances, & parts",168470,"Calculators",2021,1236249
16,"Machines",1684,"Machinery, mechanical appliances, & parts",168471,"Computers",2021,27380481
16,"Machines",1684,"Machinery, mechanical appliances, & parts",168472,"Other Office Machines",2021,4233695
16,"Machines",1684,"Machinery, mechanical appliances, & parts",168473,"Office Machine Parts",2021,19115045
16,"Machines",1684,"Machinery, mechanical appliances, & parts",168474,"Stone Processing Machines",2021,52973715
16,"Machines",1684,"Machinery, mechanical appliances, & parts",168475,"Glass Working Machines",2021,1483808
16,"Machines",1684,"Machinery, mechanical appliances, & parts",168476,"Vending Machines",2021,3245073
16,"Machines",1684,"Machinery, mechanical appliances, & parts",168477,"Rubberworking Machinery",2021,8528062
16,"Machines",1684,"Machinery, mechanical appliances, & parts",168478,"Tobacco Processing Machines",2021,652050
16,"Machines",1684,"Machinery, mechanical appliances, & parts",168479,"Machinery Having Individual Functions",2021,66819092
16,"Machines",1684,"Machinery, mechanical appliances, & parts",168480,"Metal Molds",2021,36623840
16,"Machines",1684,"Machinery, mechanical appliances, & parts",168481,"Valves",2021,34450198
16,"Machines",1684,"Machinery, mechanical appliances, & parts",168482,"Ball Bearings",2021,21228311
16,"Machines",1684,"Machinery, mechanical appliances, & parts",168483,"Transmissions",2021,48455803
16,"Machines",1684,"Machinery, mechanical appliances, & parts",168484,"Gaskets",2021,2499898
16,"Machines",1684,"Machinery, mechanical appliances, & parts",168485,"Boat Propellers",2021,2282225
16,"Machines",1685,"Electrical machinery and electronics",168501,"Electric Motors",2021,614676121
16,"Machines",1685,"Electrical machinery and electronics",168502,"Electric Generating Sets",2021,5080517
16,"Machines",1685,"Electrical machinery and electronics",168503,"Electric Motor Parts",2021,226750325
16,"Machines",1685,"Electrical machinery and electronics",168504,"Electrical Transformers",2021,87713100
16,"Machines",1685,"Electrical machinery and electronics",168505,"Electromagnets",2021,1020324
16,"Machines",1685,"Electrical machinery and electronics",168506,"Batteries",2021,851793
16,"Machines",1685,"Electrical machinery and electronics",168507,"Electric Batteries",2021,16002549
16,"Machines",1685,"Electrical machinery and electronics",168508,"Vacuum Cleaners",2021,3091895
16,"Machines",1685,"Electrical machinery and electronics",168509,"Other Domestic Electric Housewares",2021,17724875
16,"Machines",1685,"Electrical machinery and electronics",168510,"Hair Trimmers",2021,1092711
16,"Machines",1685,"Electrical machinery and electronics",168511,"Electrical Ignitions",2021,60845016.99999999
16,"Machines",1685,"Electrical machinery and electronics",168512,"Electrical Lighting and Signalling Equipment",2021,206771674
16,"Machines",1685,"Electrical machinery and electronics",168513,"Portable Lighting",2021,841909
16,"Machines",1685,"Electrical machinery and electronics",168514,"Electric Furnaces",2021,3333193
16,"Machines",1685,"Electrical machinery and electronics",168515,"Electric Soldering Equipment",2021,13979594
16,"Machines",1685,"Electrical machinery and electronics",168516,"Electric Heaters",2021,171439911
16,"Machines",1685,"Electrical machinery and electronics",168517,"Telephones",2021,13592289
16,"Machines",1685,"Electrical machinery and electronics",168518,"Microphones and Headphones",2021,3963907
16,"Machines",1685,"Electrical machinery and electronics",168519,"Sound Recording Equipment",2021,67463
16,"Machines",1685,"Electrical machinery and electronics",168520,"Dictation Machines",2021,21339
16,"Machines",1685,"Electrical machinery and electronics",168521,"Video Recording Equipment",2021,4614543
16,"Machines",1685,"Electrical machinery and electronics",168522,"Audio and Video Recording Accessories",2021,7686
16,"Machines",1685,"Electrical machinery and electronics",168523,"Blank Audio Media",2021,4648932
16,"Machines",1685,"Electrical machinery and electronics",168524,"Sound Recordings",2021,263589
16,"Machines",1685,"Electrical machinery and electronics",168525,"Broadcasting Equipment",2021,37260477
16,"Machines",1685,"Electrical machinery and electronics",168526,"Navigation Equipment",2021,3670442
16,"Machines",1685,"Electrical machinery and electronics",168527,"Radio Receivers",2021,124481
16,"Machines",1685,"Electrical machinery and electronics",168528,"Video Displays",2021,8500436
16,"Machines",1685,"Electrical machinery and electronics",168529,"Broadcasting Accessories",2021,2796388
16,"Machines",1685,"Electrical machinery and electronics",168530,"Traffic Signals",2021,5184586
16,"Machines",1685,"Electrical machinery and electronics",168531,"Audio Alarms",2021,6381784
16,"Machines",1685,"Electrical machinery and electronics",168532,"Electrical Capacitors",2021,1275021
16,"Machines",1685,"Electrical machinery and electronics",168533,"Electrical Resistors",2021,1117454
16,"Machines",1685,"Electrical machinery and electronics",168534,"Printed Circuit Boards",2021,5903661
16,"Machines",1685,"Electrical machinery and electronics",168535,"High-voltage Protection Equipment",2021,1629656
16,"Machines",1685,"Electrical machinery and electronics",168536,"Low-voltage Protection Equipment",2021,335294551
16,"Machines",1685,"Electrical machinery and electronics",168537,"Electrical Control Boards",2021,72671879
16,"Machines",1685,"Electrical machinery and electronics",168538,"Electrical Power Accessories",2021,44441375
16,"Machines",1685,"Electrical machinery and electronics",168539,"Electric Filament",2021,652555
16,"Machines",1685,"Electrical machinery and electronics",168540,"Cathode Tubes",2021,12497939
16,"Machines",1685,"Electrical machinery and electronics",168541,"Semiconductor Devices",2021,39721332
16,"Machines",1685,"Electrical machinery and electronics",168542,"Integrated Circuits",2021,120341409
16,"Machines",1685,"Electrical machinery and electronics",168543,"Other Electrical Machinery",2021,18169009
16,"Machines",1685,"Electrical machinery and electronics",168544,"Insulated Wire",2021,1881792674
16,"Machines",1685,"Electrical machinery and electronics",168545,"Carbon-based Electronics",2021,1663696
16,"Machines",1685,"Electrical machinery and electronics",168546,"Electrical Insulators",2021,691276
16,"Machines",1685,"Electrical machinery and electronics",168547,"Metal Insulating Fittings",2021,2556355
16,"Machines",1685,"Electrical machinery and electronics",168548,"Electrical Parts",2021,411097
17,"Transportation",1786,"Railway and trams",178602,"Other Locomotives",2021,983579.9999999999
17,"Transportation",1786,"Railway and trams",178603,"Self-Propelled Rail Transport",2021,55114568
17,"Transportation",1786,"Railway and trams",178604,"Railway Maintenance Vehicles",2021,47631
17,"Transportation",1786,"Railway and trams",178606,"Railway Freight Cars",2021,33907762
17,"Transportation",1786,"Railway and trams",178607,"Locomotive Parts",2021,120291402
17,"Transportation",1786,"Railway and trams",178608,"Railway Track Fixtures",2021,8988002
17,"Transportation",1786,"Railway and trams",178609,"Railway Cargo Containers",2021,6009175
17,"Transportation",1787,"Cars, tractors, trucks & parts thereof.",178701,"Tractors",2021,13540148
17,"Transportation",1787,"Cars, tractors, trucks & parts thereof.",178702,"Buses",2021,13888438
17,"Transportation",1787,"Cars, tractors, trucks & parts thereof.",178703,"Cars",2021,392556145.00000006
17,"Transportation",1787,"Cars, tractors, trucks & parts thereof.",178704,"Delivery Trucks",2021,30369699
17,"Transportation",1787,"Cars, tractors, trucks & parts thereof.",178705,"Special purpose motor vehicles",2021,9740955
17,"Transportation",1787,"Cars, tractors, trucks & parts thereof.",178706,"Motor vehicle (8701 to 8705) chassis fitted with engine",2021,489370
17,"Transportation",1787,"Cars, tractors, trucks & parts thereof.",178707,"Vehicle Bodies (including cabs) for the motor vehicles (8701 to 8705)",2021,6786407
17,"Transportation",1787,"Cars, tractors, trucks & parts thereof.",178708,"Motor vehicles; parts and accessories (8701 to 8705)",2021,296185410
17,"Transportation",1787,"Cars, tractors, trucks & parts thereof.",178709,"Work Trucks",2021,2482768
17,"Transportation",1787,"Cars, tractors, trucks & parts thereof.",178710,"Tanks and Armored vehicles",2021,8704
17,"Transportation",1787,"Cars, tractors, trucks & parts thereof.",178711,"Motorcycles and cycles",2021,7136024
17,"Transportation",1787,"Cars, tractors, trucks & parts thereof.",178712,"Bicycles, delivery tricycles, other cycles",2021,22456285
17,"Transportation",1787,"Cars, tractors, trucks & parts thereof.",178713,"Wheelchairs",2021,47143
17,"Transportation",1787,"Cars, tractors, trucks & parts thereof.",178714,"Bi-Wheel Vehicle Parts",2021,1927768
17,"Transportation",1787,"Cars, tractors, trucks & parts thereof.",178715,"Baby Carriages",2021,401960
17,"Transportation",1787,"Cars, tractors, trucks & parts thereof.",178716,"Trailers and semi-trailers, not mechanically propelled vehicles",2021,104520304
17,"Transportation",1788,"Aircraft and Spacecraft",178801,"Non-powered Aircraft",2021,65433
17,"Transportation",1788,"Aircraft and Spacecraft",178802,"Planes, Helicopters, and/or Spacecraft",2021,31345088
17,"Transportation",1788,"Aircraft and Spacecraft",178803,"Aircraft parts (gliders, balloons, and powered aircraft)",2021,5868927
17,"Transportation",1788,"Aircraft and Spacecraft",178804,"Parachutes",2021,314003
17,"Transportation",1788,"Aircraft and Spacecraft",178805,"Aircraft Launch Gear",2021,2505
17,"Transportation",1789,"Ships, boats, & floating structures",178901,"Passenger and Cargo Ships",2021,37885773
17,"Transportation",1789,"Ships, boats, & floating structures",178903,"Recreational Boats",2021,1817662
17,"Transportation",1789,"Ships, boats, & floating structures",178904,"Tug Boats",2021,3577827
17,"Transportation",1789,"Ships, boats, & floating structures",178905,"Special Purpose Ships",2021,4109
17,"Transportation",1789,"Ships, boats, & floating structures",178906,"Other Sea Vessels",2021,24074
17,"Transportation",1789,"Ships, boats, & floating structures",178907,"Other Floating Structures",2021,2914486
18,"Instruments",1890,"Optical, photo, & film equipment; medical instruments",189001,"Optical Fibers and optical fibre bundles",2021,29083214
18,"Instruments",1890,"Optical, photo, & film equipment; medical instruments",189002,"Mirrors and Lenses",2021,398660
18,"Instruments",1890,"Optical, photo, & film equipment; medical instruments",189003,"Eyewear Frames",2021,1351113
18,"Instruments",1890,"Optical, photo, & film equipment; medical instruments",189004,"Eyewear",2021,1261410
18,"Instruments",1890,"Optical, photo, & film equipment; medical instruments",189005,"Binoculars and Telescopes",2021,2221724
18,"Instruments",1890,"Optical, photo, & film equipment; medical instruments",189006,"Cameras",2021,2241808
18,"Instruments",1890,"Optical, photo, & film equipment; medical instruments",189007,"Video Cameras",2021,45826
18,"Instruments",1890,"Optical, photo, & film equipment; medical instruments",189008,"Image Projectors",2021,418118
18,"Instruments",1890,"Optical, photo, & film equipment; medical instruments",189009,"Photocopiers",2021,92528
18,"Instruments",1890,"Optical, photo, & film equipment; medical instruments",189010,"Photo Lab Equipment",2021,486502.99999999994
18,"Instruments",1890,"Optical, photo, & film equipment; medical instruments",189011,"Microscopes",2021,275037
18,"Instruments",1890,"Optical, photo, & film equipment; medical instruments",189012,"Non-optical Microscopes",2021,90875
18,"Instruments",1890,"Optical, photo, & film equipment; medical instruments",189013,"LCDs",2021,3432834
18,"Instruments",1890,"Optical, photo, & film equipment; medical instruments",189014,"Compasses",2021,105513
18,"Instruments",1890,"Optical, photo, & film equipment; medical instruments",189015,"Surveying Equipment",2021,9795044
18,"Instruments",1890,"Optical, photo, & film equipment; medical instruments",189016,"Balances",2021,18295
18,"Instruments",1890,"Optical, photo, & film equipment; medical instruments",189017,"Drafting Tools",2021,594256
18,"Instruments",1890,"Optical, photo, & film equipment; medical instruments",189018,"Medical Instruments",2021,184936425
18,"Instruments",1890,"Optical, photo, & film equipment; medical instruments",189019,"Therapeutic Appliances",2021,2326999
18,"Instruments",1890,"Optical, photo, & film equipment; medical instruments",189020,"Breathing Appliances",2021,906373
18,"Instruments",1890,"Optical, photo, & film equipment; medical instruments",189021,"Orthopedic Appliances",2021,4779208
18,"Instruments",1890,"Optical, photo, & film equipment; medical instruments",189022,"X-Ray Equipment",2021,8410685
18,"Instruments",1890,"Optical, photo, & film equipment; medical instruments",189023,"Instructional Models",2021,675771
18,"Instruments",1890,"Optical, photo, & film equipment; medical instruments",189024,"Tensile Testing Machines",2021,712797
18,"Instruments",1890,"Optical, photo, & film equipment; medical instruments",189025,"Hydrometers",2021,11360648
18,"Instruments",1890,"Optical, photo, & film equipment; medical instruments",189026,"Gas and Liquid Flow Measuring Instruments",2021,11005571
18,"Instruments",1890,"Optical, photo, & film equipment; medical instruments",189027,"Chemical Analysis Instruments",2021,14647376
18,"Instruments",1890,"Optical, photo, & film equipment; medical instruments",189028,"Utility Meters",2021,8758665
18,"Instruments",1890,"Optical, photo, & film equipment; medical instruments",189029,"Revolution Counters",2021,6734467
18,"Instruments",1890,"Optical, photo, & film equipment; medical instruments",189030,"Oscilloscopes",2021,6675465
18,"Instruments",1890,"Optical, photo, & film equipment; medical instruments",189031,"Other Measuring Instruments",2021,37164529
18,"Instruments",1890,"Optical, photo, & film equipment; medical instruments",189032,"Thermostats",2021,15724009
18,"Instruments",1890,"Optical, photo, & film equipment; medical instruments",189033,"Opto-Electric Instrument Parts",2021,525905
18,"Instruments",1891,"Clocks, watches, & parts",189101,"Precious Metal Watches",2021,898216
18,"Instruments",1891,"Clocks, watches, & parts",189102,"Base Metal Watches",2021,1895635
18,"Instruments",1891,"Clocks, watches, & parts",189103,"Clocks with Watch Movements",2021,8438
18,"Instruments",1891,"Clocks, watches, & parts",189104,"Dashboard Clocks",2021,3192
18,"Instruments",1891,"Clocks, watches, & parts",189105,"Other Clocks",2021,242483
18,"Instruments",1891,"Clocks, watches, & parts",189106,"Time Recording Instruments",2021,123578
18,"Instruments",1891,"Clocks, watches, & parts",189107,"Time Switches",2021,26567
18,"Instruments",1891,"Clocks, watches, & parts",189108,"Watch Movements",2021,1992
18,"Instruments",1891,"Clocks, watches, & parts",189109,"Clock Movements",2021,5173
18,"Instruments",1891,"Clocks, watches, & parts",189110,"Incomplete Movement Sets",2021,75
18,"Instruments",1891,"Clocks, watches, & parts",189111,"Watch Cases and Parts",2021,558413
18,"Instruments",1891,"Clocks, watches, & parts",189112,"Clock Cases and Parts",2021,261
18,"Instruments",1891,"Clocks, watches, & parts",189113,"Watch Straps",2021,169129
18,"Instruments",1891,"Clocks, watches, & parts",189114,"Other Clocks and Watches",2021,34451
18,"Instruments",1892,"Musical instruments",189201,"Pianos",2021,23160
18,"Instruments",1892,"Musical instruments",189202,"String Instruments",2021,31107
18,"Instruments",1892,"Musical instruments",189205,"Wind Instruments",2021,17006
18,"Instruments",1892,"Musical instruments",189206,"Percussion",2021,28459
18,"Instruments",1892,"Musical instruments",189207,"Electric Musical Instruments",2021,364958
18,"Instruments",1892,"Musical instruments",189208,"Other Musical Instruments",2021,17357
18,"Instruments",1892,"Musical instruments",189209,"Musical Instrument Parts",2021,374614
19,"Weapons",1993,"Weapons",199301,"Military Weapons",2021,5609995
19,"Weapons",1993,"Weapons",199302,"Handguns",2021,5528543.999999999
19,"Weapons",1993,"Weapons",199303,"Other Firearms",2021,12759327
19,"Weapons",1993,"Weapons",199304,"Spring, Air, and Gas Guns",2021,835777
19,"Weapons",1993,"Weapons",199305,"Weapons Parts and Accessories",2021,1886164
19,"Weapons",1993,"Weapons",199306,"Explosive Ammunition",2021,87375099
19,"Weapons",1993,"Weapons",199307,"Bladed Weapons and Accessories",2021,30019
20,"Miscellaneous",2094,"Furniture, bedding, lamps, & prefab buildings",209401,"Seats",2021,353952004
20,"Miscellaneous",2094,"Furniture, bedding, lamps, & prefab buildings",209402,"Medical Furniture",2021,277946
20,"Miscellaneous",2094,"Furniture, bedding, lamps, & prefab buildings",209403,"Other Furniture",2021,310017402
20,"Miscellaneous",2094,"Furniture, bedding, lamps, & prefab buildings",209404,"Mattresses",2021,118287804
20,"Miscellaneous",2094,"Furniture, bedding, lamps, & prefab buildings",209405,"Light Fixtures",2021,119187270
20,"Miscellaneous",2094,"Furniture, bedding, lamps, & prefab buildings",209406,"Prefabricated Buildings",2021,33337965
20,"Miscellaneous",2095,"Toys, games, & sports",209503,"Other toys",2021,5316259
20,"Miscellaneous",2095,"Toys, games, & sports",209504,"Video and Card Games",2021,5804239
20,"Miscellaneous",2095,"Toys, games, & sports",209505,"Party Decorations",2021,4556512
20,"Miscellaneous",2095,"Toys, games, & sports",209506,"Sports Equipment",2021,5912425
20,"Miscellaneous",2095,"Toys, games, & sports",209507,"Fishing and Hunting Equipment",2021,5984496
20,"Miscellaneous",2095,"Toys, games, & sports",209508,"Fairground Amusements",2021,642913
20,"Miscellaneous",2096,"Misc. manufactures",209601,"Worked Ivory and Bone",2021,44889
20,"Miscellaneous",2096,"Misc. manufactures",209602,"Vegetable and Mineral Carvings",2021,65258
20,"Miscellaneous",2096,"Misc. manufactures",209603,"Brooms",2021,19202319
20,"Miscellaneous",2096,"Misc. manufactures",209604,"Hand Sifters",2021,45753
20,"Miscellaneous",2096,"Misc. manufactures",209605,"Travel Kits",2021,12094
20,"Miscellaneous",2096,"Misc. manufactures",209606,"Buttons",2021,481661.00000000006
20,"Miscellaneous",2096,"Misc. manufactures",209607,"Zippers",2021,770060
20,"Miscellaneous",2096,"Misc. manufactures",209608,"Pens",2021,1737195
20,"Miscellaneous",2096,"Misc. manufactures",209609,"Pencils and Crayons",2021,423741
20,"Miscellaneous",2096,"Misc. manufactures",209610,"Chalkboards",2021,112508
20,"Miscellaneous",2096,"Misc. manufactures",209611,"Rubber Stamps",2021,61223
20,"Miscellaneous",2096,"Misc. manufactures",209612,"Ink Ribbons",2021,824654
20,"Miscellaneous",2096,"Misc. manufactures",209613,"Lighters",2021,526615
20,"Miscellaneous",2096,"Misc. manufactures",209614,"Smoking Pipes",2021,64574
20,"Miscellaneous",2096,"Misc. manufactures",209615,"Combs",2021,55279
20,"Miscellaneous",2096,"Misc. manufactures",209616,"Scent Sprays",2021,246027
20,"Miscellaneous",2096,"Misc. manufactures",209617,"Vacuum Flask",2021,144126
20,"Miscellaneous",2096,"Misc. manufactures",209618,"Mannequins",2021,95833
21,"Arts and Antiques",2197,"Art & antiques",219701,"Paintings",2021,1220034
21,"Arts and Antiques",2197,"Art & antiques",219702,"Prints",2021,164417
21,"Arts and Antiques",2197,"Art & antiques",219703,"Sculptures",2021,940265
21,"Arts and Antiques",2197,"Art & antiques",219704,"Revenue Stamps",2021,42938
21,"Arts and Antiques",2197,"Art & antiques",219705,"Collector's Items",2021,774247
21,"Arts and Antiques",2197,"Art & antiques",219706,"Antiques",2021,113758