Section ID,Section,HS2 ID,HS2,HS4 ID,HS4,Year,Trade Value
1,"Animal Products",101,"Live animals",10101,"Horses",2021,19483414
1,"Animal Products",101,"Live animals",10102,"Bovine",2021,1843982
1,"Animal Products",101,"Live animals",10103,"Pigs",2021,262757
1,"Animal Products",101,"Live animals",10104,"Sheep and Goats",2021,297288
1,"Animal Products",101,"Live animals",10105,"Poultry",2021,14474279
1,"Animal Products",101,"Live animals",10106,"Other Animals",2021,4121934.9999999995
1,"Animal Products",102,"Meat & edible offal",10201,"Bovine Meat",2021,7446140.999999999
1,"Animal Products",102,"Meat & edible offal",10202,"Frozen Bovine Meat",2021,3871867
1,"Animal Products",102,"Meat & edible offal",10203,"Pig Meat",2021,53695736
1,"Animal Products",102,"Meat & edible offal",10204,"Sheep and Goat Meat",2021,1440105
1,"Animal Products",102,"Meat & edible offal",10205,"Horse Meat",2021,132631
1,"Animal Products",102,"Meat & edible offal",10206,"Edible Offal",2021,19827645
1,"Animal Products",102,"Meat & edible offal",10207,"Poultry Meat",2021,50515264
1,"Animal Products",102,"Meat & edible offal",10208,"Other Meat",2021,5754736
1,"Animal Products",102,"Meat & edible offal",10209,"Animal Fat",2021,6195170
1,"Animal Products",102,"Meat & edible offal",10210,"Preserved Meat",2021,11202353
1,"Animal Products",103,"Fish, Crustaceans & Molluscs",10301,"Live Fish",2021,38295491
1,"Animal Products",103,"Fish, Crustaceans & Molluscs",10302,"Non-fillet Fresh Fish",2021,2202749209
1,"Animal Products",103,"Fish, Crustaceans & Molluscs",10303,"Non-fillet Frozen Fish",2021,152524329
1,"Animal Products",103,"Fish, Crustaceans & Molluscs",10304,"Fish Fillets",2021,459623044
1,"Animal Products",103,"Fish, Crustaceans & Molluscs",10305,"Dried/Salted/Smoked/Brined Fish",2021,350664237
1,"Animal Products",103,"Fish, Crustaceans & Molluscs",10306,"Crustaceans",2021,16634799
1,"Animal Products",103,"Fish, Crustaceans & Molluscs",10307,"Molluscs",2021,3603793
1,"Animal Products",104,"Edible products of animal origin, n.e.s.",10401,"Milk",2021,13150412
1,"Animal Products",104,"Edible products of animal origin, n.e.s.",10402,"Concentrated Milk",2021,188341026
1,"Animal Products",104,"Edible products of animal origin, n.e.s.",10403,"Fermented Milk Products",2021,26422670
1,"Animal Products",104,"Edible products of animal origin, n.e.s.",10404,"Whey and other milk products",2021,20940129
1,"Animal Products",104,"Edible products of animal origin, n.e.s.",10405,"Butter",2021,15669864
1,"Animal Products",104,"Edible products of animal origin, n.e.s.",10406,"Cheese",2021,130226571
1,"Animal Products",104,"Edible products of animal origin, n.e.s.",10407,"Eggs",2021,16130780
1,"Animal Products",104,"Edible products of animal origin, n.e.s.",10408,"Processed Egg Products",2021,10331172
1,"Animal Products",104,"Edible products of animal origin, n.e.s.",10409,"Honey",2021,1012623
1,"Animal Products",104,"Edible products of animal origin, n.e.s.",10410,"Other Edible Animal Products",2021,160505
1,"Animal Products",105,"Animal originated products, n.e.s.",10501,"Human Hair",2021,66298
1,"Animal Products",105,"Animal originated products, n.e.s.",10502,"Pig Hair",2021,10114
1,"Animal Products",105,"Animal originated products, n.e.s.",10504,"Animal Organs",2021,9348317
1,"Animal Products",105,"Animal originated products, n.e.s.",10505,"Bird Feathers and Skins",2021,121040
1,"Animal Products",105,"Animal originated products, n.e.s.",10506,"Processed Bones",2021,826013
1,"Animal Products",105,"Animal originated products, n.e.s.",10507,"Raw Bones",2021,27205
1,"Animal Products",105,"Animal originated products, n.e.s.",10508,"Coral and Shells",2021,18831
1,"Animal Products",105,"Animal originated products, n.e.s.",10510,"Pharmaceutical Animal Products",2021,1355151
1,"Animal Products",105,"Animal originated products, n.e.s.",10511,"Other Inedible Animal Products",2021,33930468
2,"Vegetable Products",206,"Live trees, plants, bulbs, cut flowers, & ornamental foliage",20601,"Bulbs and Roots",2021,4205554
2,"Vegetable Products",206,"Live trees, plants, bulbs, cut flowers, & ornamental foliage",20602,"Other live plants, cuttings and slips;
mushroom spawn",2021,14827975
2,"Vegetable Products",206,"Live trees, plants, bulbs, cut flowers, & ornamental foliage",20603,"Cut Flowers",2021,2837928
2,"Vegetable Products",206,"Live trees, plants, bulbs, cut flowers, & ornamental foliage",20604,"Plant foliage",2021,5203537
2,"Vegetable Products",207,"Edible vegetables, roots, & tubers",20701,"Potatoes",2021,6893638
2,"Vegetable Products",207,"Edible vegetables, roots, & tubers",20702,"Tomatoes",2021,903007
2,"Vegetable Products",207,"Edible vegetables, roots, & tubers",20703,"Onions",2021,1779260
2,"Vegetable Products",207,"Edible vegetables, roots, & tubers",20704,"Cabbages",2021,8532523
2,"Vegetable Products",207,"Edible vegetables, roots, & tubers",20705,"Lettuce",2021,21007391
2,"Vegetable Products",207,"Edible vegetables, roots, & tubers",20706,"Root Vegetables",2021,3913173
2,"Vegetable Products",207,"Edible vegetables, roots, & tubers",20707,"Cucumbers",2021,548958
2,"Vegetable Products",207,"Edible vegetables, roots, & tubers",20708,"Legumes",2021,920558
2,"Vegetable Products",207,"Edible vegetables, roots, & tubers",20709,"Other Vegetables",2021,22437308
2,"Vegetable Products",207,"Edible vegetables, roots, & tubers",20710,"Frozen Vegetables",2021,16814015
2,"Vegetable Products",207,"Edible vegetables, roots, & tubers",20711,"Preserved Vegetables",2021,2025389.9999999998
2,"Vegetable Products",207,"Edible vegetables, roots, & tubers",20712,"Dried Vegetables",2021,3880368
2,"Vegetable Products",207,"Edible vegetables, roots, & tubers",20713,"Dried Legumes",2021,10091317
2,"Vegetable Products",207,"Edible vegetables, roots, & tubers",20714,"Cassava",2021,264864
2,"Vegetable Products",208,"Edible fruits, nuts & fruit peels",20801,"Coconuts, Brazil Nuts, and Cashews",2021,1678059
2,"Vegetable Products",208,"Edible fruits, nuts & fruit peels",20802,"Other Nuts",2021,15008111
2,"Vegetable Products",208,"Edible fruits, nuts & fruit peels",20803,"Bananas",2021,35814645
2,"Vegetable Products",208,"Edible fruits, nuts & fruit peels",20804,"Tropical Fruits",2021,2712750
2,"Vegetable Products",208,"Edible fruits, nuts & fruit peels",20805,"Citrus",2021,12864491
2,"Vegetable Products",208,"Edible fruits, nuts & fruit peels",20806,"Grapes",2021,4114929
2,"Vegetable Products",208,"Edible fruits, nuts & fruit peels",20807,"Melons",2021,233133
2,"Vegetable Products",208,"Edible fruits, nuts & fruit peels",20808,"Apples and Pears",2021,4430759
2,"Vegetable Products",208,"Edible fruits, nuts & fruit peels",20809,"Pitted Fruits",2021,712838
2,"Vegetable Products",208,"Edible fruits, nuts & fruit peels",20810,"Other Fruits",2021,17412742
2,"Vegetable Products",208,"Edible fruits, nuts & fruit peels",20811,"Frozen Fruits and Nuts",2021,56789603
2,"Vegetable Products",208,"Edible fruits, nuts & fruit peels",20812,"Preserved Fruits and Nuts",2021,202803
2,"Vegetable Products",208,"Edible fruits, nuts & fruit peels",20813,"Dried Fruits",2021,1794321
2,"Vegetable Products",208,"Edible fruits, nuts & fruit peels",20814,"Citrus and Melon Peels",2021,68718.99999999999
2,"Vegetable Products",209,"Coffee, tea, mate & spices",20901,"Coffee",2021,142688829
2,"Vegetable Products",209,"Coffee, tea, mate & spices",20902,"Tea",2021,6183582
2,"Vegetable Products",209,"Coffee, tea, mate & spices",20903,"Mate",2021,36835
2,"Vegetable Products",209,"Coffee, tea, mate & spices",20904,"Pepper",2021,8152227
2,"Vegetable Products",209,"Coffee, tea, mate & spices",20905,"Vanilla",2021,730812
2,"Vegetable Products",209,"Coffee, tea, mate & spices",20906,"Cinnamon",2021,3461218
2,"Vegetable Products",209,"Coffee, tea, mate & spices",20907,"Cloves",2021,393163
2,"Vegetable Products",209,"Coffee, tea, mate & spices",20908,"Nutmeg, mace and cardamons",2021,2401316
2,"Vegetable Products",209,"Coffee, tea, mate & spices",20909,"Spice Seeds",2021,1392282
2,"Vegetable Products",209,"Coffee, tea, mate & spices",20910,"Spices",2021,12528368
2,"Vegetable Products",210,"Cereals",21001,"Wheat",2021,167725105
2,"Vegetable Products",210,"Cereals",21002,"Rye",2021,12248352
2,"Vegetable Products",210,"Cereals",21003,"Barley",2021,83804371
2,"Vegetable Products",210,"Cereals",21004,"Oats",2021,68546945
2,"Vegetable Products",210,"Cereals",21005,"Corn",2021,2139124
2,"Vegetable Products",210,"Cereals",21006,"Rice",2021,8437966
2,"Vegetable Products",210,"Cereals",21007,"Sorghum",2021,15297
2,"Vegetable Products",210,"Cereals",21008,"Buckwheat",2021,12871264
2,"Vegetable Products",211,"Products of the milling industry",21101,"Wheat Flours",2021,4895680
2,"Vegetable Products",211,"Products of the milling industry",21102,"Cereal Flours",2021,4942459
2,"Vegetable Products",211,"Products of the milling industry",21103,"Cereal Meal and Pellets",2021,2643414
2,"Vegetable Products",211,"Products of the milling industry",21104,"Processed Cereals",2021,8359602
2,"Vegetable Products",211,"Products of the milling industry",21105,"Potato Flours",2021,295992
2,"Vegetable Products",211,"Products of the milling industry",21106,"Legume Flours",2021,914503
2,"Vegetable Products",211,"Products of the milling industry",21107,"Malt",2021,65735954
2,"Vegetable Products",211,"Products of the milling industry",21108,"Starches",2021,8765784
2,"Vegetable Products",211,"Products of the milling industry",21109,"Wheat Gluten",2021,13362572
2,"Vegetable Products",212,"Oils seeds, oleaginous fruits, grains, straw & fodder",21201,"Soybeans",2021,960052.0000000001
2,"Vegetable Products",212,"Oils seeds, oleaginous fruits, grains, straw & fodder",21202,"Ground Nuts",2021,469850
2,"Vegetable Products",212,"Oils seeds, oleaginous fruits, grains, straw & fodder",21203,"Copra",2021,233
2,"Vegetable Products",212,"Oils seeds, oleaginous fruits, grains, straw & fodder",21204,"Linseed",2021,537644
2,"Vegetable Products",212,"Oils seeds, oleaginous fruits, grains, straw & fodder",21205,"Rapeseed",2021,22748553
2,"Vegetable Products",212,"Oils seeds, oleaginous fruits, grains, straw & fodder",21206,"Sunflower Seeds",2021,821204
2,"Vegetable Products",212,"Oils seeds, oleaginous fruits, grains, straw & fodder",21207,"Other Oily Seeds",2021,1383689
2,"Vegetable Products",212,"Oils seeds, oleaginous fruits, grains, straw & fodder",21208,"Oil Seed Flower",2021,75017
2,"Vegetable Products",212,"Oils seeds, oleaginous fruits, grains, straw & fodder",21209,"Sowing Seeds",2021,32750884
2,"Vegetable Products",212,"Oils seeds, oleaginous fruits, grains, straw & fodder",21210,"Hops",2021,201368
2,"Vegetable Products",212,"Oils seeds, oleaginous fruits, grains, straw & fodder",21211,"Perfume Plants",2021,6006282
2,"Vegetable Products",212,"Oils seeds, oleaginous fruits, grains, straw & fodder",21212,"Locust beans, seaweed, sugar beet, cane, for food",2021,614027
2,"Vegetable Products",212,"Oils seeds, oleaginous fruits, grains, straw & fodder",21213,"Cereal Straws",2021,283005
2,"Vegetable Products",212,"Oils seeds, oleaginous fruits, grains, straw & fodder",21214,"Forage Crops",2021,3182272.0000000005
2,"Vegetable Products",213,"Natural gums, resins & other vegetable extracts",21301,"Insect Resins",2021,482300
2,"Vegetable Products",213,"Natural gums, resins & other vegetable extracts",21302,"Vegetable Saps",2021,7558025
2,"Vegetable Products",214,"Vegetable plaiting materials & products, n.e.s.",21401,"Vegetable Plaiting Materials",2021,309336
2,"Vegetable Products",214,"Vegetable plaiting materials & products, n.e.s.",21404,"Other Vegetable Products",2021,2526506
3,"Animal and Vegetable Bi-Products",315,"Animal or vegetable fats, oils, & waxes",31501,"Pig and Poultry Fat",2021,13545059
3,"Animal and Vegetable Bi-Products",315,"Animal or vegetable fats, oils, & waxes",31502,"Bovine, Sheep, and Goat Fat",2021,7318380.999999999
3,"Animal and Vegetable Bi-Products",315,"Animal or vegetable fats, oils, & waxes",31503,"Lard stearin and oils",2021,1215596
3,"Animal and Vegetable Bi-Products",315,"Animal or vegetable fats, oils, & waxes",31504,"Fish Oil",2021,4750197
3,"Animal and Vegetable Bi-Products",315,"Animal or vegetable fats, oils, & waxes",31505,"Wool Grease",2021,243438.99999999997
3,"Animal and Vegetable Bi-Products",315,"Animal or vegetable fats, oils, & waxes",31506,"Other Animal Fats",2021,1801106
3,"Animal and Vegetable Bi-Products",315,"Animal or vegetable fats, oils, & waxes",31507,"Soybean Oil",2021,13105156
3,"Animal and Vegetable Bi-Products",315,"Animal or vegetable fats, oils, & waxes",31508,"Ground Nut Oil",2021,95773
3,"Animal and Vegetable Bi-Products",315,"Animal or vegetable fats, oils, & waxes",31509,"Pure Olive Oil",2021,1170986
3,"Animal and Vegetable Bi-Products",315,"Animal or vegetable fats, oils, & waxes",31510,"Olive Oil",2021,309158
3,"Animal and Vegetable Bi-Products",315,"Animal or vegetable fats, oils, & waxes",31511,"Palm Oil",2021,57775411
3,"Animal and Vegetable Bi-Products",315,"Animal or vegetable fats, oils, & waxes",31512,"Seed Oils",2021,14201808
3,"Animal and Vegetable Bi-Products",315,"Animal or vegetable fats, oils, & waxes",31513,"Coconut Oil",2021,25354464
3,"Animal and Vegetable Bi-Products",315,"Animal or vegetable fats, oils, & waxes",31514,"Rapeseed Oil",2021,52473239
3,"Animal and Vegetable Bi-Products",315,"Animal or vegetable fats, oils, & waxes",31515,"Other Pure Vegetable Oils",2021,62192313
3,"Animal and Vegetable Bi-Products",315,"Animal or vegetable fats, oils, & waxes",31516,"Other Vegetable Oils",2021,157373510
3,"Animal and Vegetable Bi-Products",315,"Animal or vegetable fats, oils, & waxes",31517,"Margarine",2021,308665079
3,"Animal and Vegetable Bi-Products",315,"Animal or vegetable fats, oils, & waxes",31518,"Inedible Fats and Oils",2021,52913397
3,"Animal and Vegetable Bi-Products",315,"Animal or vegetable fats, oils, & waxes",31519,"Stearic Acid",2021,122248477
3,"Animal and Vegetable Bi-Products",315,"Animal or vegetable fats, oils, & waxes",31520,"Glycerol",2021,9003607
3,"Animal and Vegetable Bi-Products",315,"Animal or vegetable fats, oils, & waxes",31521,"Vegetable waxes and beeswax",2021,838963
3,"Animal and Vegetable Bi-Products",315,"Animal or vegetable fats, oils, & waxes",31522,"Fat and Oil Residues",2021,795059
4,"Foodstuffs",416,"Preparations of fish, crustacenas, & molluscs",41601,"Sausages",2021,23345021
4,"Foodstuffs",416,"Preparations of fish, crustacenas, & molluscs",41602,"Other Prepared Meat",2021,88432183
4,"Foodstuffs",416,"Preparations of fish, crustacenas, & molluscs",41603,"Animal Extracts",2021,1813182
4,"Foodstuffs",416,"Preparations of fish, crustacenas, & molluscs",41604,"Processed Fish",2021,104900825
4,"Foodstuffs",416,"Preparations of fish, crustacenas, & molluscs",41605,"Processed Crustaceans",2021,32601331
4,"Foodstuffs",417,"Sugars & confectioneries",41701,"Raw Sugar",2021,30851974
4,"Foodstuffs",417,"Sugars & confectioneries",41702,"Other Sugars",2021,13578589
4,"Foodstuffs",417,"Sugars & confectioneries",41703,"Molasses",2021,4244926
4,"Foodstuffs",417,"Sugars & confectioneries",41704,"Confectionery Sugar",2021,123033298
4,"Foodstuffs",418,"Cocoa & cocoa preparations",41801,"Cocoa Beans",2021,43673
4,"Foodstuffs",418,"Cocoa & cocoa preparations",41802,"Cocoa Shells",2021,150191
4,"Foodstuffs",418,"Cocoa & cocoa preparations",41803,"Cocoa Paste",2021,89005
4,"Foodstuffs",418,"Cocoa & cocoa preparations",41804,"Cocoa Butter",2021,2319280
4,"Foodstuffs",418,"Cocoa & cocoa preparations",41805,"Cocoa Powder",2021,5711957
4,"Foodstuffs",418,"Cocoa & cocoa preparations",41806,"Chocolate",2021,370131978
4,"Foodstuffs",419,"Preparations of cereals, flour, starch or milk",41901,"Malt Extract",2021,113244995
4,"Foodstuffs",419,"Preparations of cereals, flour, starch or milk",41902,"Pasta",2021,24032098
4,"Foodstuffs",419,"Preparations of cereals, flour, starch or milk",41903,"Tapioca",2021,477501.99999999994
4,"Foodstuffs",419,"Preparations of cereals, flour, starch or milk",41904,"Prepared Cereals",2021,40283488
4,"Foodstuffs",419,"Preparations of cereals, flour, starch or milk",41905,"Baked Goods",2021,569796387
4,"Foodstuffs",420,"Preparations of vegetables, fruit, nuts or other plant parts",42001,"Pickled Foods",2021,11536817
4,"Foodstuffs",420,"Preparations of vegetables, fruit, nuts or other plant parts",42002,"Processed Tomatoes",2021,1938348.9999999998
4,"Foodstuffs",420,"Preparations of vegetables, fruit, nuts or other plant parts",42003,"Processed Mushrooms",2021,69389
4,"Foodstuffs",420,"Preparations of vegetables, fruit, nuts or other plant parts",42004,"Other Frozen Vegetables",2021,32801135
4,"Foodstuffs",420,"Preparations of vegetables, fruit, nuts or other plant parts",42005,"Other Processed Vegetables",2021,70802822
4,"Foodstuffs",420,"Preparations of vegetables, fruit, nuts or other plant parts",42006,"Sugar Preserved Foods",2021,40620
4,"Foodstuffs",420,"Preparations of vegetables, fruit, nuts or other plant parts",42007,"Jams",2021,34243715
4,"Foodstuffs",420,"Preparations of vegetables, fruit, nuts or other plant parts",42008,"Other Processed Fruits and Nuts",2021,26386208
4,"Foodstuffs",420,"Preparations of vegetables, fruit, nuts or other plant parts",42009,"Fruit Juice",2021,18524702
4,"Foodstuffs",421,"Miscellaneous edible preparations",42101,"Coffee and Tea Extracts",2021,15651183.999999998
4,"Foodstuffs",421,"Miscellaneous edible preparations",42102,"Yeast",2021,21330350
4,"Foodstuffs",421,"Miscellaneous edible preparations",42103,"Sauces and Seasonings",2021,156160269
4,"Foodstuffs",421,"Miscellaneous edible preparations",42104,"Soups and Broths",2021,15803643
4,"Foodstuffs",421,"Miscellaneous edible preparations",42105,"Ice Cream",2021,44319052
4,"Foodstuffs",421,"Miscellaneous edible preparations",42106,"Other Edible Preparations",2021,613949455
4,"Foodstuffs",422,"Beverages, spirits, & vinegar",42201,"Water",2021,4262101
4,"Foodstuffs",422,"Beverages, spirits, & vinegar",42202,"Flavored Water",2021,304015394
4,"Foodstuffs",422,"Beverages, spirits, & vinegar",42203,"Beer",2021,35787930
4,"Foodstuffs",422,"Beverages, spirits, & vinegar",42204,"Wine",2021,19902959
4,"Foodstuffs",422,"Beverages, spirits, & vinegar",42205,"Vermouth",2021,1071402
4,"Foodstuffs",422,"Beverages, spirits, & vinegar",42206,"Other Fermented Beverages",2021,119643960
4,"Foodstuffs",422,"Beverages, spirits, & vinegar",42207,"Alcohol > 80% ABV",2021,203552520
4,"Foodstuffs",422,"Beverages, spirits, & vinegar",42208,"Hard Liquor",2021,513437232
4,"Foodstuffs",422,"Beverages, spirits, & vinegar",42209,"Vinegar",2021,418174
4,"Foodstuffs",423,"Food residues & wastes; animal fodder",42301,"Animal Meal and Pellets",2021,7180680
4,"Foodstuffs",423,"Food residues & wastes; animal fodder",42302,"Bran",2021,10399984
4,"Foodstuffs",423,"Food residues & wastes; animal fodder",42303,"Starch Residue",2021,42229460
4,"Foodstuffs",423,"Food residues & wastes; animal fodder",42304,"Soybean Meal",2021,8940
4,"Foodstuffs",423,"Food residues & wastes; animal fodder",42306,"Other Vegetable Residues",2021,25991396.000000004
4,"Foodstuffs",423,"Food residues & wastes; animal fodder",42307,"Wine Lees",2021,54.00000000000001
4,"Foodstuffs",423,"Food residues & wastes; animal fodder",42308,"Other Vegetable Residues and Waste",2021,21413936
4,"Foodstuffs",423,"Food residues & wastes; animal fodder",42309,"Animal Food",2021,146433884
4,"Foodstuffs",424,"Tobacco & substitutes",42401,"Raw Tobacco",2021,924209.9999999999
4,"Foodstuffs",424,"Tobacco & substitutes",42402,"Rolled Tobacco",2021,6773894.000000001
4,"Foodstuffs",424,"Tobacco & substitutes",42403,"Processed Tobacco",2021,483036192
5,"Mineral Products",525,"Salt, sulphur, cement, lime, stone, & plaster",52501,"Salt",2021,10729392
5,"Mineral Products",525,"Salt, sulphur, cement, lime, stone, & plaster",52502,"Iron Pyrites",2021,8214
5,"Mineral Products",525,"Salt, sulphur, cement, lime, stone, & plaster",52503,"Sulphur",2021,4279759
5,"Mineral Products",525,"Salt, sulphur, cement, lime, stone, & plaster",52504,"Graphite",2021,1665071
5,"Mineral Products",525,"Salt, sulphur, cement, lime, stone, & plaster",52505,"Sand",2021,10957963
5,"Mineral Products",525,"Salt, sulphur, cement, lime, stone, & plaster",52506,"Quartz",2021,1135725
5,"Mineral Products",525,"Salt, sulphur, cement, lime, stone, & plaster",52507,"Kaolin",2021,2653292
5,"Mineral Products",525,"Salt, sulphur, cement, lime, stone, & plaster",52508,"Clays",2021,4333330
5,"Mineral Products",525,"Salt, sulphur, cement, lime, stone, & plaster",52509,"Chalk",2021,2224287
5,"Mineral Products",525,"Salt, sulphur, cement, lime, stone, & plaster",52510,"Calcium Phosphates",2021,99061
5,"Mineral Products",525,"Salt, sulphur, cement, lime, stone, & plaster",52511,"Barium Sulphate",2021,53389
5,"Mineral Products",525,"Salt, sulphur, cement, lime, stone, & plaster",52512,"Siliceous Fossil Meals",2021,1137221
5,"Mineral Products",525,"Salt, sulphur, cement, lime, stone, & plaster",52513,"Pumice",2021,572255
5,"Mineral Products",525,"Salt, sulphur, cement, lime, stone, & plaster",52514,"Slate",2021,592508
5,"Mineral Products",525,"Salt, sulphur, cement, lime, stone, & plaster",52515,"Marble, Travertine and Alabaster",2021,980146
5,"Mineral Products",525,"Salt, sulphur, cement, lime, stone, & plaster",52516,"Granite",2021,12967174
5,"Mineral Products",525,"Salt, sulphur, cement, lime, stone, & plaster",52517,"Gravel and Crushed Stone",2021,14484721
5,"Mineral Products",525,"Salt, sulphur, cement, lime, stone, & plaster",52518,"Dolomite",2021,6896498
5,"Mineral Products",525,"Salt, sulphur, cement, lime, stone, & plaster",52519,"Magnesium Carbonate",2021,345932
5,"Mineral Products",525,"Salt, sulphur, cement, lime, stone, & plaster",52520,"Gypsum",2021,3638816
5,"Mineral Products",525,"Salt, sulphur, cement, lime, stone, & plaster",52521,"Limestone",2021,12225149
5,"Mineral Products",525,"Salt, sulphur, cement, lime, stone, & plaster",52522,"Quicklime",2021,6273085
5,"Mineral Products",525,"Salt, sulphur, cement, lime, stone, & plaster",52523,"Cement",2021,28705115
5,"Mineral Products",525,"Salt, sulphur, cement, lime, stone, & plaster",52525,"Mica",2021,206128
5,"Mineral Products",525,"Salt, sulphur, cement, lime, stone, & plaster",52526,"Soapstone",2021,3299529
5,"Mineral Products",525,"Salt, sulphur, cement, lime, stone, & plaster",52528,"Borax",2021,369383
5,"Mineral Products",525,"Salt, sulphur, cement, lime, stone, & plaster",52529,"Feldspar",2021,3116419
5,"Mineral Products",525,"Salt, sulphur, cement, lime, stone, & plaster",52530,"Other Mineral",2021,11588932
5,"Mineral Products",526,"Ores, slag and ash",52601,"Iron Ore",2021,4490566060
5,"Mineral Products",526,"Ores, slag and ash",52602,"Manganese Ore",2021,391222
5,"Mineral Products",526,"Ores, slag and ash",52603,"Copper Ore",2021,1368
5,"Mineral Products",526,"Ores, slag and ash",52604,"Nickel Ore",2021,10722
5,"Mineral Products",526,"Ores, slag and ash",52606,"Aluminium Ore",2021,34165
5,"Mineral Products",526,"Ores, slag and ash",52607,"Lead Ore",2021,122299489
5,"Mineral Products",526,"Ores, slag and ash",52608,"Zinc Ore",2021,504981774
5,"Mineral Products",526,"Ores, slag and ash",52609,"Tin Ores",2021,3032
5,"Mineral Products",526,"Ores, slag and ash",52610,"Chromium Ore",2021,868868
5,"Mineral Products",526,"Ores, slag and ash",52613,"Molybdenum Ore",2021,3778581
5,"Mineral Products",526,"Ores, slag and ash",52614,"Titanium Ore",2021,168799
5,"Mineral Products",526,"Ores, slag and ash",52615,"Niobium, Tantalum, Vanadium and Zirconium Ore",2021,15556
5,"Mineral Products",526,"Ores, slag and ash",52616,"Precious Metal Ore",2021,121044469
5,"Mineral Products",526,"Ores, slag and ash",52617,"Other Ores",2021,31259
5,"Mineral Products",526,"Ores, slag and ash",52618,"Granulated Slag",2021,1986422
5,"Mineral Products",526,"Ores, slag and ash",52619,"Slag Dross",2021,10826524
5,"Mineral Products",526,"Ores, slag and ash",52620,"Non-Iron and Steel Slag, Ash and Residues",2021,150935756
5,"Mineral Products",526,"Ores, slag and ash",52621,"Other Slag and Ash",2021,2021216
5,"Mineral Products",527,"Mineral fuels, mineral oils and products of their distillation",52701,"Coal Briquettes",2021,27330
5,"Mineral Products",527,"Mineral fuels, mineral oils and products of their distillation",52702,"Lignite",2021,953
5,"Mineral Products",527,"Mineral fuels, mineral oils and products of their distillation",52703,"Peat",2021,24275443
5,"Mineral Products",527,"Mineral fuels, mineral oils and products of their distillation",52704,"Coke",2021,6812891
5,"Mineral Products",527,"Mineral fuels, mineral oils and products of their distillation",52705,"Non-Petroleum Gas",2021,48259
5,"Mineral Products",527,"Mineral fuels, mineral oils and products of their distillation",52706,"Tar",2021,1188
5,"Mineral Products",527,"Mineral fuels, mineral oils and products of their distillation",52707,"Coal Tar Oil",2021,551612877
5,"Mineral Products",527,"Mineral fuels, mineral oils and products of their distillation",52708,"Pitch Coke",2021,14219537
5,"Mineral Products",527,"Mineral fuels, mineral oils and products of their distillation",52709,"Crude Petroleum",2021,149785571
5,"Mineral Products",527,"Mineral fuels, mineral oils and products of their distillation",52710,"Refined Petroleum",2021,8177646631
5,"Mineral Products",527,"Mineral fuels, mineral oils and products of their distillation",52711,"Petroleum Gas",2021,548043885
5,"Mineral Products",527,"Mineral fuels, mineral oils and products of their distillation",52712,"Petroleum Jelly",2021,3406289
5,"Mineral Products",527,"Mineral fuels, mineral oils and products of their distillation",52713,"Petroleum Coke",2021,220024908
5,"Mineral Products",527,"Mineral fuels, mineral oils and products of their distillation",52714,"Bitumen and asphalt",2021,683569
5,"Mineral Products",527,"Mineral fuels, mineral oils and products of their distillation",52715,"Asphalt Mixtures",2021,7487379
5,"Mineral Products",527,"Mineral fuels, mineral oils and products of their distillation",52716,"Electricity",2021,3140858673
6,"Chemical Products",628,"Inorganic chemicals",62801,"Halogens",2021,48430
6,"Chemical Products",628,"Inorganic chemicals",62802,"Sulfur",2021,5780
6,"Chemical Products",628,"Inorganic chemicals",62803,"Carbon",2021,32627307
6,"Chemical Products",628,"Inorganic chemicals",62804,"Hydrogen",2021,21077258
6,"Chemical Products",628,"Inorganic chemicals",62805,"Alkali, alkaline-earth, rare-earth metals, scandium, yttrium, and mercury",2021,548786
6,"Chemical Products",628,"Inorganic chemicals",62806,"Hydrochloric Acid",2021,1042983
6,"Chemical Products",628,"Inorganic chemicals",62807,"Sulfuric Acid",2021,35435997
6,"Chemical Products",628,"Inorganic chemicals",62808,"Nitric Acids",2021,1806065
6,"Chemical Products",628,"Inorganic chemicals",62809,"Phosphoric Acid",2021,507948
6,"Chemical Products",628,"Inorganic chemicals",62810,"Boron",2021,448232
6,"Chemical Products",628,"Inorganic chemicals",62811,"Other Inorganic Acids",2021,36264340
6,"Chemical Products",628,"Inorganic chemicals",62812,"Halides",2021,2749690
6,"Chemical Products",628,"Inorganic chemicals",62813,"Nonmetal Sulfides",2021,36549
6,"Chemical Products",628,"Inorganic chemicals",62814,"Ammonia",2021,2526418
6,"Chemical Products",628,"Inorganic chemicals",62815,"Sodium or Potassium Peroxides",2021,37699297
6,"Chemical Products",628,"Inorganic chemicals",62816,"Magnesium Hydroxide and Peroxide",2021,3550741
6,"Chemical Products",628,"Inorganic chemicals",62817,"Zinc Oxide and Peroxide",2021,1189348
6,"Chemical Products",628,"Inorganic chemicals",62818,"Aluminium Oxide",2021,6849373
6,"Chemical Products",628,"Inorganic chemicals",62819,"Chromium Oxides and Hydroxides",2021,67763
6,"Chemical Products",628,"Inorganic chemicals",62820,"Manganese Oxides",2021,383835.99999999994
6,"Chemical Products",628,"Inorganic chemicals",62821,"Iron Oxides and Hydroxides",2021,3087811
6,"Chemical Products",628,"Inorganic chemicals",62822,"Cobalt Oxides and Hydroxides",2021,9808
6,"Chemical Products",628,"Inorganic chemicals",62823,"Titanium Oxides",2021,2466459
6,"Chemical Products",628,"Inorganic chemicals",62824,"Lead Oxides",2021,1774323
6,"Chemical Products",628,"Inorganic chemicals",62825,"Inorganic Salts",2021,13587892
6,"Chemical Products",628,"Inorganic chemicals",62826,"Fluorides",2021,30252998
6,"Chemical Products",628,"Inorganic chemicals",62827,"Chlorides",2021,25869053
6,"Chemical Products",628,"Inorganic chemicals",62828,"Hypochlorites",2021,331186
6,"Chemical Products",628,"Inorganic chemicals",62829,"Chlorates and Perchlorates",2021,34933794
6,"Chemical Products",628,"Inorganic chemicals",62830,"Sulfides",2021,2198761
6,"Chemical Products",628,"Inorganic chemicals",62831,"Dithionites and Sulfoxylates",2021,121265.00000000001
6,"Chemical Products",628,"Inorganic chemicals",62832,"Sulfites",2021,1226567
6,"Chemical Products",628,"Inorganic chemicals",62833,"Sulfates",2021,39695859
6,"Chemical Products",628,"Inorganic chemicals",62834,"Nitrites and Nitrates",2021,1188706
6,"Chemical Products",628,"Inorganic chemicals",62835,"Phosphinates (hypophosphites) and phosphonates (phosphites)",2021,14940849
6,"Chemical Products",628,"Inorganic chemicals",62836,"Carbonates",2021,38227173
6,"Chemical Products",628,"Inorganic chemicals",62837,"Cyanides",2021,330051
6,"Chemical Products",628,"Inorganic chemicals",62839,"Silicates",2021,4239491
6,"Chemical Products",628,"Inorganic chemicals",62840,"Borates",2021,6798094
6,"Chemical Products",628,"Inorganic chemicals",62841,"Oxometallic or Peroxometallic Acid Salts",2021,1172393
6,"Chemical Products",628,"Inorganic chemicals",62842,"Other Inorganic Acids Salts",2021,1398271
6,"Chemical Products",628,"Inorganic chemicals",62843,"Precious Metal Compounds",2021,4313320
6,"Chemical Products",628,"Inorganic chemicals",62844,"Radioactive Chemicals",2021,15338078
6,"Chemical Products",628,"Inorganic chemicals",62845,"Other Isotopes",2021,373333
6,"Chemical Products",628,"Inorganic chemicals",62846,"Rare-Earth Metal Compounds",2021,27061
6,"Chemical Products",628,"Inorganic chemicals",62847,"Hydrogen peroxide",2021,37183859
6,"Chemical Products",628,"Inorganic chemicals",62849,"Carbides",2021,36257271
6,"Chemical Products",628,"Inorganic chemicals",62850,"Hydrides and other anions",2021,2788472
6,"Chemical Products",628,"Inorganic chemicals",62851,"Inorganic Compounds",2021,3553922
6,"Chemical Products",629,"Organic chemicals",62901,"Acyclic Hydrocarbons",2021,53595069
6,"Chemical Products",629,"Organic chemicals",62902,"Cyclic Hydrocarbons",2021,1113993
6,"Chemical Products",629,"Organic chemicals",62903,"Halogenated Hydrocarbons",2021,14236145
6,"Chemical Products",629,"Organic chemicals",62904,"Sulfonated, Nitrated or Nitrosated Hydrocarbons",2021,8048284
6,"Chemical Products",629,"Organic chemicals",62905,"Acyclic alcohol derivatives (halogenated, sulphonated, nitrated)",2021,409606880
6,"Chemical Products",629,"Organic chemicals",62906,"Cyclic Alcohols",2021,159647
6,"Chemical Products",629,"Organic chemicals",62907,"Phenols",2021,5252589
6,"Chemical Products",629,"Organic chemicals",62908,"Phenol Derivatives",2021,2911
6,"Chemical Products",629,"Organic chemicals",62909,"Ethers",2021,68941447
6,"Chemical Products",629,"Organic chemicals",62910,"Epoxides",2021,413637
6,"Chemical Products",629,"Organic chemicals",62911,"Acetals and Hemiacetals",2021,539210
6,"Chemical Products",629,"Organic chemicals",62912,"Aldehydes, cyclic polymers, and paraformaldehyde",2021,77990753
6,"Chemical Products",629,"Organic chemicals",62913,"Halogenated aldehyde derivatives (heading 2912)",2021,7054
6,"Chemical Products",629,"Organic chemicals",62914,"Ketones and Quinones",2021,8626672
6,"Chemical Products",629,"Organic chemicals",62915,"Saturated Acyclic Monocarboxylic Acids",2021,280660573
6,"Chemical Products",629,"Organic chemicals",62916,"Unsaturated Acyclic Monocarboxylic Acids",2021,9461885
6,"Chemical Products",629,"Organic chemicals",62917,"Polycarboxylic Acids",2021,105802760
6,"Chemical Products",629,"Organic chemicals",62918,"Carboxylic Acids",2021,5156307
6,"Chemical Products",629,"Organic chemicals",62919,"Phosphoric Esters and Salts",2021,184090
6,"Chemical Products",629,"Organic chemicals",62920,"Other Esters",2021,1451750
6,"Chemical Products",629,"Organic chemicals",62921,"Amine Compounds",2021,112160036
6,"Chemical Products",629,"Organic chemicals",62922,"Oxygen Amino Compounds",2021,145462137
6,"Chemical Products",629,"Organic chemicals",62923,"Quaternary Ammonium Salts and Hydroxides",2021,33501702
6,"Chemical Products",629,"Organic chemicals",62924,"Carboxyamide Compounds",2021,37517348
6,"Chemical Products",629,"Organic chemicals",62925,"Carboxyimide Compounds",2021,3438472
6,"Chemical Products",629,"Organic chemicals",62926,"Nitrile Compounds",2021,4661785
6,"Chemical Products",629,"Organic chemicals",62927,"Diazo, Azo or Aoxy Compounds",2021,293772
6,"Chemical Products",629,"Organic chemicals",62928,"Hydrazine or Hydroxylamine Derivatives",2021,368776
6,"Chemical Products",629,"Organic chemicals",62929,"Other Nitrogen Compounds",2021,2435732
6,"Chemical Products",629,"Organic chemicals",62930,"Organo-Sulfur Compounds",2021,500439
6,"Chemical Products",629,"Organic chemicals",62931,"Other Organo-Inorganic Compounds",2021,855199
6,"Chemical Products",629,"Organic chemicals",62932,"Oxygen Heterocyclic Compounds",2021,37368133
6,"Chemical Products",629,"Organic chemicals",62933,"Nitrogen Heterocyclic Compounds",2021,427314071
6,"Chemical Products",629,"Organic chemicals",62934,"Nucleic Acids",2021,63036216
6,"Chemical Products",629,"Organic chemicals",62935,"Sulfonamides",2021,325839
6,"Chemical Products",629,"Organic chemicals",62936,"Vitamins",2021,16343327
6,"Chemical Products",629,"Organic chemicals",62937,"Hormones",2021,108883823
6,"Chemical Products",629,"Organic chemicals",62938,"Glycosides",2021,21970044
6,"Chemical Products",629,"Organic chemicals",62939,"Vegetable Alkaloids",2021,1640092
6,"Chemical Products",629,"Organic chemicals",62940,"Chemically Pure Sugars",2021,287990
6,"Chemical Products",629,"Organic chemicals",62941,"Antibiotics",2021,820031
6,"Chemical Products",629,"Organic chemicals",62942,"Other Organic Compounds",2021,3872182
6,"Chemical Products",630,"Pharmaceutical products",63001,"Glands and Other Organs",2021,145432493
6,"Chemical Products",630,"Pharmaceutical products",63002,"Vaccines, blood, antisera, toxins and cultures",2021,2721641400
6,"Chemical Products",630,"Pharmaceutical products",63003,"Unpackaged Medicaments",2021,142081252
6,"Chemical Products",630,"Pharmaceutical products",63004,"Packaged Medicaments",2021,8416048906
6,"Chemical Products",630,"Pharmaceutical products",63005,"Bandages",2021,85504900
6,"Chemical Products",630,"Pharmaceutical products",63006,"Special Pharmaceuticals",2021,57288556
6,"Chemical Products",631,"Fertilizers",63101,"Animal or Vegetable Fertilizers",2021,4725518
6,"Chemical Products",631,"Fertilizers",63102,"Nitrogenous Fertilizers",2021,149406303
6,"Chemical Products",631,"Fertilizers",63103,"Phosphatic Fertilizers",2021,473503.99999999994
6,"Chemical Products",631,"Fertilizers",63104,"Potassic Fertilizers",2021,62030269
6,"Chemical Products",631,"Fertilizers",63105,"Mixed Mineral or Chemical Fertilizers",2021,11187362
6,"Chemical Products",632,"Paints, dyes, & varnishes",63201,"Vegetable Tanning Extracts",2021,241788
6,"Chemical Products",632,"Paints, dyes, & varnishes",63202,"Synthetic Tanning Extracts",2021,1790624
6,"Chemical Products",632,"Paints, dyes, & varnishes",63203,"Vegetable or Animal Dyes",2021,3220933
6,"Chemical Products",632,"Paints, dyes, & varnishes",63204,"Synthetic Coloring Matter",2021,76647200
6,"Chemical Products",632,"Paints, dyes, & varnishes",63205,"Lake Pigments",2021,86052
6,"Chemical Products",632,"Paints, dyes, & varnishes",63206,"Other Coloring Matter",2021,93436002
6,"Chemical Products",632,"Paints, dyes, & varnishes",63207,"Prepared Pigments",2021,2764820
6,"Chemical Products",632,"Paints, dyes, & varnishes",63208,"Nonaqueous Paints",2021,284656064
6,"Chemical Products",632,"Paints, dyes, & varnishes",63209,"Aqueous Paints",2021,311086065
6,"Chemical Products",632,"Paints, dyes, & varnishes",63210,"Other Paints",2021,31988686
6,"Chemical Products",632,"Paints, dyes, & varnishes",63211,"Prepared Paint Driers",2021,2516468
6,"Chemical Products",632,"Paints, dyes, & varnishes",63212,"Nonaqueous Pigments",2021,23697336
6,"Chemical Products",632,"Paints, dyes, & varnishes",63213,"Artistry Paints",2021,3265179
6,"Chemical Products",632,"Paints, dyes, & varnishes",63214,"Glaziers Putty",2021,117233724
6,"Chemical Products",632,"Paints, dyes, & varnishes",63215,"Ink",2021,98728589
6,"Chemical Products",633,"Perfumery & cosmetics",63301,"Essential Oils",2021,2502261
6,"Chemical Products",633,"Perfumery & cosmetics",63302,"Scented Mixtures",2021,22792169
6,"Chemical Products",633,"Perfumery & cosmetics",63303,"Perfumes",2021,22477145
6,"Chemical Products",633,"Perfumery & cosmetics",63304,"Beauty Products",2021,260547889
6,"Chemical Products",633,"Perfumery & cosmetics",63305,"Hair Products",2021,111084817
6,"Chemical Products",633,"Perfumery & cosmetics",63306,"Dental Products",2021,30822876
6,"Chemical Products",633,"Perfumery & cosmetics",63307,"Shaving Products",2021,50283524
6,"Chemical Products",634,"Soap, cleaners, candles, dental, modelling pastes",63401,"Soap",2021,77416440
6,"Chemical Products",634,"Soap, cleaners, candles, dental, modelling pastes",63402,"Cleaning Products",2021,394831290
6,"Chemical Products",634,"Soap, cleaners, candles, dental, modelling pastes",63403,"Lubricating Products",2021,73467608
6,"Chemical Products",634,"Soap, cleaners, candles, dental, modelling pastes",63404,"Waxes",2021,12937209
6,"Chemical Products",634,"Soap, cleaners, candles, dental, modelling pastes",63405,"Polishes and Creams",2021,8828572
6,"Chemical Products",634,"Soap, cleaners, candles, dental, modelling pastes",63406,"Candles",2021,44314210
6,"Chemical Products",634,"Soap, cleaners, candles, dental, modelling pastes",63407,"Pastes and Waxes",2021,31878700.999999996
6,"Chemical Products",635,"Glues, starches, & albuminoid products",63501,"Casein",2021,718489
6,"Chemical Products",635,"Glues, starches, & albuminoid products",63502,"Water Soluble Proteins",2021,9348018
6,"Chemical Products",635,"Glues, starches, & albuminoid products",63503,"Gelatin",2021,64570029.00000001
6,"Chemical Products",635,"Glues, starches, & albuminoid products",63504,"Peptones",2021,61117834
6,"Chemical Products",635,"Glues, starches, & albuminoid products",63505,"Dextrins",2021,94734721
6,"Chemical Products",635,"Glues, starches, & albuminoid products",63506,"Glues",2021,117981664
6,"Chemical Products",635,"Glues, starches, & albuminoid products",63507,"Enzymes",2021,15066982
6,"Chemical Products",636,"Explosives, matches, & fireworks",63601,"Propellant Powders",2021,12964508
6,"Chemical Products",636,"Explosives, matches, & fireworks",63602,"Prepared Explosives",2021,40944087
6,"Chemical Products",636,"Explosives, matches, & fireworks",63603,"Detonating Fuses",2021,35546721
6,"Chemical Products",636,"Explosives, matches, & fireworks",63604,"Fireworks",2021,10180102
6,"Chemical Products",636,"Explosives, matches, & fireworks",63605,"Matches",2021,27817552
6,"Chemical Products",636,"Explosives, matches, & fireworks",63606,"Pyrophoric Alloys",2021,1205841
6,"Chemical Products",637,"Photo & movie goods",63701,"Photographic Plates",2021,3667221
6,"Chemical Products",637,"Photo & movie goods",63702,"Photographic Film",2021,2139881
6,"Chemical Products",637,"Photo & movie goods",63703,"Photographic Paper",2021,7788816
6,"Chemical Products",637,"Photo & movie goods",63704,"Undeveloped Exposed Photographic Material",2021,2392723
6,"Chemical Products",637,"Photo & movie goods",63705,"Developed Exposed Photographic Material",2021,157570
6,"Chemical Products",637,"Photo & movie goods",63706,"Motion-picture film, exposed and developed",2021,21961
6,"Chemical Products",637,"Photo & movie goods",63707,"Photographic Chemicals",2021,3275008.0000000005
6,"Chemical Products",638,"Chemical products n.e.s.",63801,"Artificial Graphite",2021,7358617
6,"Chemical Products",638,"Chemical products n.e.s.",63802,"Activated Carbon",2021,5870470
6,"Chemical Products",638,"Chemical products n.e.s.",63803,"Tall Oil",2021,37521099
6,"Chemical Products",638,"Chemical products n.e.s.",63804,"Wood Pulp Lyes",2021,47241173
6,"Chemical Products",638,"Chemical products n.e.s.",63805,"Turpentine",2021,18404104
6,"Chemical Products",638,"Chemical products n.e.s.",63806,"Rosin",2021,83888090
6,"Chemical Products",638,"Chemical products n.e.s.",63807,"Wood Tar, Oils and Pitch",2021,2560677
6,"Chemical Products",638,"Chemical products n.e.s.",63808,"Pesticides",2021,78031617
6,"Chemical Products",638,"Chemical products n.e.s.",63809,"Dyeing Finishing Agents",2021,34800313
6,"Chemical Products",638,"Chemical products n.e.s.",63810,"Metal Pickling Preparations",2021,8169913
6,"Chemical Products",638,"Chemical products n.e.s.",63811,"Antiknock",2021,31353233
6,"Chemical Products",638,"Chemical products n.e.s.",63812,"Prepared Rubber Accelerators",2021,13104687
6,"Chemical Products",638,"Chemical products n.e.s.",63813,"Fire Extinguishers Preparations",2021,9093909
6,"Chemical Products",638,"Chemical products n.e.s.",63814,"Organic Composite Solvents",2021,16067735
6,"Chemical Products",638,"Chemical products n.e.s.",63815,"Reaction and Catalytic Products",2021,233681158
6,"Chemical Products",638,"Chemical products n.e.s.",63816,"Refractory Cements",2021,34633608
6,"Chemical Products",638,"Chemical products n.e.s.",63817,"Alkylbenzenes and Alkylnaphthalenes",2021,190580
6,"Chemical Products",638,"Chemical products n.e.s.",63818,"Disc Chemicals for Electronics",2021,23683088
6,"Chemical Products",638,"Chemical products n.e.s.",63819,"Hydraulic Brake Fluid",2021,5828247
6,"Chemical Products",638,"Chemical products n.e.s.",63820,"Antifreeze",2021,24006701
6,"Chemical Products",638,"Chemical products n.e.s.",63821,"Micro-Organism Culture Preparations",2021,76149615
6,"Chemical Products",638,"Chemical products n.e.s.",63822,"Laboratory Reagents",2021,1335057799
6,"Chemical Products",638,"Chemical products n.e.s.",63823,"Industrial Fatty Acids, Oils and Alcohols",2021,524129874
7,"Plastics and Rubbers",739,"Plastics & articles thereof",73901,"Ethylene Polymers",2021,919391334
7,"Plastics and Rubbers",739,"Plastics & articles thereof",73902,"Propylene Polymers",2021,114589129
7,"Plastics and Rubbers",739,"Plastics & articles thereof",73903,"Styrene Polymers",2021,92154672
7,"Plastics and Rubbers",739,"Plastics & articles thereof",73904,"Vinyl Chloride Polymers",2021,357558029
7,"Plastics and Rubbers",739,"Plastics & articles thereof",73905,"Other Vinyl Polymers",2021,55014175
7,"Plastics and Rubbers",739,"Plastics & articles thereof",73906,"Acrylic Polymers",2021,260023144
7,"Plastics and Rubbers",739,"Plastics & articles thereof",73907,"Polyacetals",2021,167299472
7,"Plastics and Rubbers",739,"Plastics & articles thereof",73908,"Polyamides",2021,63845405
7,"Plastics and Rubbers",739,"Plastics & articles thereof",73909,"Amino-resins",2021,106069166
7,"Plastics and Rubbers",739,"Plastics & articles thereof",73910,"Silicone",2021,28469527
7,"Plastics and Rubbers",739,"Plastics & articles thereof",73911,"Petroleum Resins",2021,27825131
7,"Plastics and Rubbers",739,"Plastics & articles thereof",73912,"Cellulose",2021,131090412
7,"Plastics and Rubbers",739,"Plastics & articles thereof",73913,"Natural Polymers",2021,367331666
7,"Plastics and Rubbers",739,"Plastics & articles thereof",73914,"Polymer Ion-Exchangers",2021,522660416
7,"Plastics and Rubbers",739,"Plastics & articles thereof",73915,"Scrap Plastic",2021,33045838
7,"Plastics and Rubbers",739,"Plastics & articles thereof",73916,"Monofilament",2021,30642192
7,"Plastics and Rubbers",739,"Plastics & articles thereof",73917,"Plastic Pipes",2021,372906985
7,"Plastics and Rubbers",739,"Plastics & articles thereof",73918,"Plastic Floor Coverings",2021,211780864
7,"Plastics and Rubbers",739,"Plastics & articles thereof",73919,"Self-adhesive Plastics",2021,71017671
7,"Plastics and Rubbers",739,"Plastics & articles thereof",73920,"Raw Plastic Sheeting",2021,471335892
7,"Plastics and Rubbers",739,"Plastics & articles thereof",73921,"Other Plastic Sheetings",2021,226368321
7,"Plastics and Rubbers",739,"Plastics & articles thereof",73922,"Plastic Wash Basins",2021,39266874
7,"Plastics and Rubbers",739,"Plastics & articles thereof",73923,"Plastic Lids",2021,544125384
7,"Plastics and Rubbers",739,"Plastics & articles thereof",73924,"Plastic Housewares",2021,75378905
7,"Plastics and Rubbers",739,"Plastics & articles thereof",73925,"Plastic Building Materials",2021,87701480
7,"Plastics and Rubbers",739,"Plastics & articles thereof",73926,"Other Plastic Products",2021,731906553
7,"Plastics and Rubbers",740,"Rubber & articles thereof",74001,"Rubber",2021,4565720
7,"Plastics and Rubbers",740,"Rubber & articles thereof",74002,"Synthetic Rubber",2021,23521313
7,"Plastics and Rubbers",740,"Rubber & articles thereof",74003,"Reclaimed Rubber",2021,269600
7,"Plastics and Rubbers",740,"Rubber & articles thereof",74004,"Scrap Rubber",2021,1908465
7,"Plastics and Rubbers",740,"Rubber & articles thereof",74005,"Compounded Unvulcanised Rubber",2021,40874696
7,"Plastics and Rubbers",740,"Rubber & articles thereof",74006,"Unvulcanised Rubber Products",2021,2634033
7,"Plastics and Rubbers",740,"Rubber & articles thereof",74007,"Rubber Thread",2021,253064
7,"Plastics and Rubbers",740,"Rubber & articles thereof",74008,"Rubber Sheets",2021,113579285
7,"Plastics and Rubbers",740,"Rubber & articles thereof",74009,"Rubber Pipes",2021,90758343
7,"Plastics and Rubbers",740,"Rubber & articles thereof",74010,"Rubber Belting",2021,30787440
7,"Plastics and Rubbers",740,"Rubber & articles thereof",74011,"Rubber Tires",2021,189474175
7,"Plastics and Rubbers",740,"Rubber & articles thereof",74012,"Used Rubber Tires",2021,11083239
7,"Plastics and Rubbers",740,"Rubber & articles thereof",74013,"Rubber Inner Tubes",2021,1494452
7,"Plastics and Rubbers",740,"Rubber & articles thereof",74014,"Pharmaceutical Rubber Products",2021,18465944
7,"Plastics and Rubbers",740,"Rubber & articles thereof",74015,"Rubber Apparel",2021,48977141
7,"Plastics and Rubbers",740,"Rubber & articles thereof",74016,"Other Rubber Products",2021,508863276
7,"Plastics and Rubbers",740,"Rubber & articles thereof",74017,"Hard Rubber",2021,1118114
8,"Animal Hides",841,"Raw hides & skin (non-fur)",84101,"Equine and Bovine Hides",2021,735374
8,"Animal Hides",841,"Raw hides & skin (non-fur)",84102,"Sheep Hides",2021,2242713
8,"Animal Hides",841,"Raw hides & skin (non-fur)",84103,"Other Hides and Skins",2021,1410201
8,"Animal Hides",841,"Raw hides & skin (non-fur)",84104,"Tanned Equine and Bovine Hides",2021,82756194
8,"Animal Hides",841,"Raw hides & skin (non-fur)",84105,"Tanned Sheep Hides",2021,939255
8,"Animal Hides",841,"Raw hides & skin (non-fur)",84106,"Tanned Goat Hides",2021,601765
8,"Animal Hides",841,"Raw hides & skin (non-fur)",84107,"Leather of Other Animals",2021,1113858
8,"Animal Hides",841,"Raw hides & skin (non-fur)",84108,"Chamois Leather",2021,346471
8,"Animal Hides",841,"Raw hides & skin (non-fur)",84109,"Patent Leather",2021,2285
8,"Animal Hides",841,"Raw hides & skin (non-fur)",84110,"Leather Waste",2021,180213
8,"Animal Hides",841,"Raw hides & skin (non-fur)",84111,"Leather Sheets",2021,208204
8,"Animal Hides",842,"Leather articles",84201,"Saddlery",2021,11235969
8,"Animal Hides",842,"Leather articles",84202,"Trunks and Cases",2021,97381729
8,"Animal Hides",842,"Leather articles",84203,"Leather Apparel",2021,53994157
8,"Animal Hides",842,"Leather articles",84205,"Other Leather Articles",2021,13345062
8,"Animal Hides",842,"Leather articles",84206,"Articles of Gut",2021,13351
8,"Animal Hides",843,"Furskins, articifial fur, & articles",84301,"Raw Furskins",2021,16907647.999999996
8,"Animal Hides",843,"Furskins, articifial fur, & articles",84302,"Tanned Furskins",2021,3006225
8,"Animal Hides",843,"Furskins, articifial fur, & articles",84303,"Furskin Apparel",2021,7894307
8,"Animal Hides",843,"Furskins, articifial fur, & articles",84304,"Artificial Fur",2021,132288
9,"Wood Products",944,"Wood, wood articles, & charcoal",94401,"Fuel Wood",2021,120280570
9,"Wood Products",944,"Wood, wood articles, & charcoal",94402,"Wood Charcoal",2021,1171755
9,"Wood Products",944,"Wood, wood articles, & charcoal",94403,"Rough Wood",2021,255604824
9,"Wood Products",944,"Wood, wood articles, & charcoal",94404,"Wood Stakes",2021,15873081.999999998
9,"Wood Products",944,"Wood, wood articles, & charcoal",94405,"Wood Wool",2021,613138
9,"Wood Products",944,"Wood, wood articles, & charcoal",94406,"Railroad Ties",2021,23210662
9,"Wood Products",944,"Wood, wood articles, & charcoal",94407,"Sawn Wood",2021,4606366646
9,"Wood Products",944,"Wood, wood articles, & charcoal",94408,"Veneer Sheets",2021,89756799
9,"Wood Products",944,"Wood, wood articles, & charcoal",94409,"Shaped Wood",2021,194061158
9,"Wood Products",944,"Wood, wood articles, & charcoal",94410,"Particle Board",2021,46493536
9,"Wood Products",944,"Wood, wood articles, & charcoal",94411,"Wood Fiberboard",2021,30849770
9,"Wood Products",944,"Wood, wood articles, & charcoal",94412,"Plywood",2021,56184544
9,"Wood Products",944,"Wood, wood articles, & charcoal",94413,"Densified Wood",2021,7725994
9,"Wood Products",944,"Wood, wood articles, & charcoal",94414,"Wood Frames",2021,8387489
9,"Wood Products",944,"Wood, wood articles, & charcoal",94415,"Wood Crates",2021,113586677
9,"Wood Products",944,"Wood, wood articles, & charcoal",94416,"Wood Barrels",2021,733631
9,"Wood Products",944,"Wood, wood articles, & charcoal",94417,"Wooden Tool Handles",2021,2380540
9,"Wood Products",944,"Wood, wood articles, & charcoal",94418,"Wood Carpentry",2021,387790208
9,"Wood Products",944,"Wood, wood articles, & charcoal",94419,"Wood Kitchenware",2021,8764334
9,"Wood Products",944,"Wood, wood articles, & charcoal",94420,"Wood Ornaments",2021,6379722
9,"Wood Products",944,"Wood, wood articles, & charcoal",94421,"Other Wood Articles",2021,53536981
9,"Wood Products",945,"Cork & cork articles",94501,"Raw Cork",2021,30264
9,"Wood Products",945,"Cork & cork articles",94502,"Debacked Cork",2021,192208.00000000003
9,"Wood Products",945,"Cork & cork articles",94503,"Natural Cork Articles",2021,655433
9,"Wood Products",945,"Cork & cork articles",94504,"Agglomerated Cork",2021,1995406
9,"Wood Products",946,"Straw & esparto manufactures",94601,"Plaiting Products",2021,1438749
9,"Wood Products",946,"Straw & esparto manufactures",94602,"Basketwork",2021,4104747
10,"Paper Goods",1047,"Wood pulp & paper scrap",104701,"Mechanical Wood Pulp",2021,41190160
10,"Paper Goods",1047,"Wood pulp & paper scrap",104702,"Dissolving Grades Chemical Woodpulp",2021,446046937
10,"Paper Goods",1047,"Wood pulp & paper scrap",104703,"Sulfate Chemical Woodpulp",2021,2645876803
10,"Paper Goods",1047,"Wood pulp & paper scrap",104704,"Sulfite Chemical Woodpulp",2021,23318507
10,"Paper Goods",1047,"Wood pulp & paper scrap",104705,"Semi chemical Woodpulp",2021,122572450
10,"Paper Goods",1047,"Wood pulp & paper scrap",104706,"Recovered Paper Pulp",2021,17397036
10,"Paper Goods",1047,"Wood pulp & paper scrap",104707,"Recovered Paper",2021,105625407
10,"Paper Goods",1048,"Paper articles",104801,"Newsprint",2021,845706207
10,"Paper Goods",1048,"Paper articles",104802,"Uncoated Paper",2021,436365631
10,"Paper Goods",1048,"Paper articles",104803,"Tissue",2021,156322348
10,"Paper Goods",1048,"Paper articles",104804,"Kraft Paper",2021,2415886518
10,"Paper Goods",1048,"Paper articles",104805,"Other Uncoated Paper",2021,392196451
10,"Paper Goods",1048,"Paper articles",104806,"Vegetable Parchment",2021,109758652
10,"Paper Goods",1048,"Paper articles",104807,"Composite Paper",2021,25239449
10,"Paper Goods",1048,"Paper articles",104808,"Corrugated Paper",2021,31338935
10,"Paper Goods",1048,"Paper articles",104809,"Carbon Paper",2021,1405717
10,"Paper Goods",1048,"Paper articles",104810,"Kaolin Coated Paper",2021,3306749992
10,"Paper Goods",1048,"Paper articles",104811,"Cellulose Fibers Paper",2021,669536577
10,"Paper Goods",1048,"Paper articles",104812,"Paper Pulp Filter Blocks",2021,3653709.0000000005
10,"Paper Goods",1048,"Paper articles",104813,"Cigarette Paper",2021,6065262
10,"Paper Goods",1048,"Paper articles",104814,"Wallpaper",2021,26817020
10,"Paper Goods",1048,"Paper articles",104816,"Other Carbon Paper",2021,4900141
10,"Paper Goods",1048,"Paper articles",104817,"Letter Stock",2021,14823105
10,"Paper Goods",1048,"Paper articles",104818,"Toilet Paper",2021,789681746
10,"Paper Goods",1048,"Paper articles",104819,"Paper Containers",2021,226189887
10,"Paper Goods",1048,"Paper articles",104820,"Paper Notebooks",2021,8544047
10,"Paper Goods",1048,"Paper articles",104821,"Paper Labels",2021,59021079
10,"Paper Goods",1048,"Paper articles",104822,"Paper Spools",2021,5586471
10,"Paper Goods",1048,"Paper articles",104823,"Shaped Paper",2021,160275605
10,"Paper Goods",1049,"Books, newspapers, & other prints",104901,"Brochures",2021,90232675
10,"Paper Goods",1049,"Books, newspapers, & other prints",104902,"Newspapers",2021,32307990
10,"Paper Goods",1049,"Books, newspapers, & other prints",104903,"Children's Picture Books",2021,944538
10,"Paper Goods",1049,"Books, newspapers, & other prints",104904,"Sheet Music",2021,275556
10,"Paper Goods",1049,"Books, newspapers, & other prints",104905,"Maps",2021,768340
10,"Paper Goods",1049,"Books, newspapers, & other prints",104906,"Architectural Plans",2021,985735.9999999999
10,"Paper Goods",1049,"Books, newspapers, & other prints",104907,"Documents of title (bonds etc) and unused stamps",2021,9642660
10,"Paper Goods",1049,"Books, newspapers, & other prints",104908,"Decals",2021,3184858
10,"Paper Goods",1049,"Books, newspapers, & other prints",104909,"Postcards",2021,11904073
10,"Paper Goods",1049,"Books, newspapers, & other prints",104910,"Calendars",2021,12101988
10,"Paper Goods",1049,"Books, newspapers, & other prints",104911,"Other Printed Material",2021,83434787
11,"Textiles",1150,"Silk",115001,"Silk-worm Cocoons",2021,1280
11,"Textiles",1150,"Silk",115002,"Raw Silk",2021,10398
11,"Textiles",1150,"Silk",115003,"Silk Waste",2021,22507
11,"Textiles",1150,"Silk",115004,"Non-Retail Silk Yarn",2021,972459
11,"Textiles",1150,"Silk",115005,"Silk Waste Yarn",2021,7112
11,"Textiles",1150,"Silk",115006,"Retail Silk Yarn",2021,3576
11,"Textiles",1150,"Silk",115007,"Silk Fabrics",2021,313882
11,"Textiles",1151,"Wool & animal hair",115101,"Wool",2021,340298
11,"Textiles",1151,"Wool & animal hair",115102,"Animal Hair",2021,163016
11,"Textiles",1151,"Wool & animal hair",115103,"Wool or Animal Hair Waste",2021,28376
11,"Textiles",1151,"Wool & animal hair",115104,"Garnetted Wool or Animal Hair",2021,6243
11,"Textiles",1151,"Wool & animal hair",115105,"Prepared Wool or Animal Hair",2021,399788
11,"Textiles",1151,"Wool & animal hair",115106,"Non-Retail Carded Wool Yarn",2021,303314
11,"Textiles",1151,"Wool & animal hair",115107,"Non-Retail Combed Wool Yarn",2021,634218
11,"Textiles",1151,"Wool & animal hair",115108,"Non-Retail Animal Hair Yarn",2021,3648
11,"Textiles",1151,"Wool & animal hair",115109,"Retail Wool or Animal Hair Yarn",2021,23343725
11,"Textiles",1151,"Wool & animal hair",115110,"Horsehair Yarn",2021,19889
11,"Textiles",1151,"Wool & animal hair",115111,"Carded Wool or Animal Hair Fabric",2021,2457854
11,"Textiles",1151,"Wool & animal hair",115112,"Combed Wool or Animal Hair Fabric",2021,4415928
11,"Textiles",1151,"Wool & animal hair",115113,"Horsehair Fabric",2021,29889
11,"Textiles",1152,"Cotton",115201,"Raw Cotton",2021,50341
11,"Textiles",1152,"Cotton",115202,"Cotton Waste",2021,79407
11,"Textiles",1152,"Cotton",115203,"Prepared Cotton",2021,231917
11,"Textiles",1152,"Cotton",115204,"Cotton Sewing Thread",2021,122698
11,"Textiles",1152,"Cotton",115205,"Non-Retail Pure Cotton Yarn",2021,622400
11,"Textiles",1152,"Cotton",115206,"Non-Retail Mixed Cotton Yarn",2021,262256
11,"Textiles",1152,"Cotton",115207,"Retail Cotton Yarn",2021,3512024
11,"Textiles",1152,"Cotton",115208,"Light Pure Woven Cotton",2021,7180560
11,"Textiles",1152,"Cotton",115209,"Heavy Pure Woven Cotton",2021,3717660
11,"Textiles",1152,"Cotton",115210,"Light Mixed Woven Cotton",2021,1656807
11,"Textiles",1152,"Cotton",115211,"Heavy Mixed Woven Cotton",2021,1731502
11,"Textiles",1152,"Cotton",115212,"Other Cotton Fabrics",2021,486364
11,"Textiles",1153,"Vegetable textile fibers, paper yarn & fabrics",115301,"Flax Fibers",2021,316056
11,"Textiles",1153,"Vegetable textile fibers, paper yarn & fabrics",115302,"Hemp Fibers",2021,45512
11,"Textiles",1153,"Vegetable textile fibers, paper yarn & fabrics",115303,"Jute and Other Textile Fibers",2021,2260171
11,"Textiles",1153,"Vegetable textile fibers, paper yarn & fabrics",115305,"Coconut and Other Vegetable Fibers",2021,229675
11,"Textiles",1153,"Vegetable textile fibers, paper yarn & fabrics",115306,"Flax Yarn",2021,428567
11,"Textiles",1153,"Vegetable textile fibers, paper yarn & fabrics",115307,"Jute Yarn",2021,63621
11,"Textiles",1153,"Vegetable textile fibers, paper yarn & fabrics",115308,"Other Vegetable Fibers Yarn",2021,73157
11,"Textiles",1153,"Vegetable textile fibers, paper yarn & fabrics",115309,"Flax Woven Fabric",2021,2078526
11,"Textiles",1153,"Vegetable textile fibers, paper yarn & fabrics",115310,"Jute Woven Fabric",2021,69248
11,"Textiles",1153,"Vegetable textile fibers, paper yarn & fabrics",115311,"Other Vegetable Fibers Fabric",2021,239577.00000000003
11,"Textiles",1154,"Man-made filaments",115401,"Artificial Filament Sewing Thread",2021,1658592
11,"Textiles",1154,"Man-made filaments",115402,"Non-Retail Synthetic Filament Yarn",2021,11651050
11,"Textiles",1154,"Man-made filaments",115403,"Non-Retail Artificial Filament Yarn",2021,166314
11,"Textiles",1154,"Man-made filaments",115404,"Synthetic Monofilament",2021,2136386
11,"Textiles",1154,"Man-made filaments",115405,"Artificial Monofilament",2021,5
11,"Textiles",1154,"Man-made filaments",115406,"Retail Artificial Filament Yarn",2021,188693
11,"Textiles",1154,"Man-made filaments",115407,"Synthetic Filament Yarn Woven Fabric",2021,20763261
11,"Textiles",1154,"Man-made filaments",115408,"Artificial Filament Yarn Woven Fabric",2021,677551
11,"Textiles",1155,"Man-made staple fibres",115501,"Synthetic Filament Tow",2021,167480
11,"Textiles",1155,"Man-made staple fibres",115502,"Artificial Filament Tow",2021,2616695
11,"Textiles",1155,"Man-made staple fibres",115503,"Unprocessed Synthetic Staple Fibers",2021,241339
11,"Textiles",1155,"Man-made staple fibres",115504,"Unprocessed Artificial Staple Fibers",2021,150589
11,"Textiles",1155,"Man-made staple fibres",115505,"Artificial Fibers Waste",2021,1534568.9999999998
11,"Textiles",1155,"Man-made staple fibres",115506,"Processed Synthetic Staple Fibers",2021,35812
11,"Textiles",1155,"Man-made staple fibres",115507,"Processed Artificial Staple Fibers",2021,126
11,"Textiles",1155,"Man-made staple fibres",115508,"Non-Retail Artificial Staple Fibers Sewing Thread",2021,361367
11,"Textiles",1155,"Man-made staple fibres",115509,"Non-Retail Synthetic Staple Fibers Yarn",2021,547774
11,"Textiles",1155,"Man-made staple fibres",115510,"Non-Retail Artificial Staple Fibers Yarn",2021,86287
11,"Textiles",1155,"Man-made staple fibres",115511,"Retail Artificial Staple Fibers Yarn",2021,536077
11,"Textiles",1155,"Man-made staple fibres",115512,"Synthetic Fabrics",2021,6563237
11,"Textiles",1155,"Man-made staple fibres",115513,"Light Synthetic Cotton Fabrics",2021,161999
11,"Textiles",1155,"Man-made staple fibres",115514,"Heavy Synthetic Cotton Fabrics",2021,4379217
11,"Textiles",1155,"Man-made staple fibres",115515,"Other Synthetic Fabrics",2021,1842715
11,"Textiles",1155,"Man-made staple fibres",115516,"Woven Fabric of Synthetic Staple Fibers",2021,1363110
11,"Textiles",1156,"Wadding, felt, nonwovens, twin, ropes, & articles thereof",115601,"Wadding",2021,4093379
11,"Textiles",1156,"Wadding, felt, nonwovens, twin, ropes, & articles thereof",115602,"Felt",2021,5247017
11,"Textiles",1156,"Wadding, felt, nonwovens, twin, ropes, & articles thereof",115603,"Non-woven Textiles",2021,185499302
11,"Textiles",1156,"Wadding, felt, nonwovens, twin, ropes, & articles thereof",115604,"Rubber Textiles",2021,5630685
11,"Textiles",1156,"Wadding, felt, nonwovens, twin, ropes, & articles thereof",115605,"Metallic Yarn",2021,24927
11,"Textiles",1156,"Wadding, felt, nonwovens, twin, ropes, & articles thereof",115606,"Gimp Yarn",2021,30571.999999999996
11,"Textiles",1156,"Wadding, felt, nonwovens, twin, ropes, & articles thereof",115607,"Twine and Rope",2021,14331323
11,"Textiles",1156,"Wadding, felt, nonwovens, twin, ropes, & articles thereof",115608,"Twine, cordage or rope; knotted netting, made up fishing nets and other made up nets, of textile materials",2021,4598735
11,"Textiles",1156,"Wadding, felt, nonwovens, twin, ropes, & articles thereof",115609,"Other Articles of Twine and Rope",2021,2012538
11,"Textiles",1157,"Carpets & textile floor covers",115701,"Knotted Carpets",2021,9611913
11,"Textiles",1157,"Carpets & textile floor covers",115702,"Hand-Woven Rugs",2021,65084371
11,"Textiles",1157,"Carpets & textile floor covers",115703,"Tufted Carpets",2021,12089126
11,"Textiles",1157,"Carpets & textile floor covers",115704,"Felt Carpets",2021,927781
11,"Textiles",1157,"Carpets & textile floor covers",115705,"Other Carpets",2021,2811162
11,"Textiles",1158,"Special woven fabrics and tapestries",115801,"Woven Fabrics",2021,2961148
11,"Textiles",1158,"Special woven fabrics and tapestries",115802,"Terry Fabric",2021,132259
11,"Textiles",1158,"Special woven fabrics and tapestries",115803,"Gauze",2021,3756
11,"Textiles",1158,"Special woven fabrics and tapestries",115804,"Tulles and Net Fabric",2021,180103
11,"Textiles",1158,"Special woven fabrics and tapestries",115805,"Hand-Woven Tapestries",2021,102677
11,"Textiles",1158,"Special woven fabrics and tapestries",115806,"Narrow Woven Fabric",2021,11826727
11,"Textiles",1158,"Special woven fabrics and tapestries",115807,"Labels",2021,3440957
11,"Textiles",1158,"Special woven fabrics and tapestries",115808,"Ornamental Trimmings",2021,972635
11,"Textiles",1158,"Special woven fabrics and tapestries",115809,"Metallic Fabric",2021,97664
11,"Textiles",1158,"Special woven fabrics and tapestries",115810,"Embroidery",2021,420054
11,"Textiles",1158,"Special woven fabrics and tapestries",115811,"Quilted Textiles",2021,1046196
11,"Textiles",1159,"Coated, covered, & laminated fabrics for industrial use",115901,"Gum Coated Textile Fabric",2021,379306
11,"Textiles",1159,"Coated, covered, & laminated fabrics for industrial use",115902,"Polyamide Fabric",2021,927673
11,"Textiles",1159,"Coated, covered, & laminated fabrics for industrial use",115903,"Plastic Coated Textile Fabric",2021,32339893
11,"Textiles",1159,"Coated, covered, & laminated fabrics for industrial use",115904,"Linoleum",2021,1648504
11,"Textiles",1159,"Coated, covered, & laminated fabrics for industrial use",115905,"Textile Wall Coverings",2021,814459
11,"Textiles",1159,"Coated, covered, & laminated fabrics for industrial use",115906,"Rubber Textile Fabric",2021,9565204
11,"Textiles",1159,"Coated, covered, & laminated fabrics for industrial use",115907,"Coated Textile Fabric",2021,4499336
11,"Textiles",1159,"Coated, covered, & laminated fabrics for industrial use",115908,"Textile Wicks",2021,162798
11,"Textiles",1159,"Coated, covered, & laminated fabrics for industrial use",115909,"Hose Piping Textiles",2021,3020572
11,"Textiles",1159,"Coated, covered, & laminated fabrics for industrial use",115910,"Conveyor Belt Textiles",2021,4059045
11,"Textiles",1159,"Coated, covered, & laminated fabrics for industrial use",115911,"Textiles for technical uses",2021,113825103
11,"Textiles",1160,"Knitted fabrics",116001,"Pile Fabric",2021,4079864
11,"Textiles",1160,"Knitted fabrics",116002,"Light Rubberized Knitted Fabric",2021,67328864
11,"Textiles",1161,"Knitted clothing accesories",116101,"Knit Men's Coats",2021,7963306
11,"Textiles",1161,"Knitted clothing accesories",116102,"Knit Women's Coats",2021,19177644
11,"Textiles",1161,"Knitted clothing accesories",116103,"Knit Men's Suits",2021,22114099
11,"Textiles",1161,"Knitted clothing accesories",116104,"Knit Women's Suits",2021,107290632
11,"Textiles",1161,"Knitted clothing accesories",116105,"Knit Men's Shirts",2021,17099017
11,"Textiles",1161,"Knitted clothing accesories",116106,"Knit Women's Shirts",2021,9775335
11,"Textiles",1161,"Knitted clothing accesories",116107,"Knit Men's Undergarments",2021,17619572
11,"Textiles",1161,"Knitted clothing accesories",116108,"Knit Women's Undergarments",2021,33530269
11,"Textiles",1161,"Knitted clothing accesories",116109,"Knit T-shirts",2021,127316090
11,"Textiles",1161,"Knitted clothing accesories",116110,"Knit Sweaters",2021,173027631
11,"Textiles",1161,"Knitted clothing accesories",116111,"Knit Babies' Garments",2021,28000625
11,"Textiles",1161,"Knitted clothing accesories",116112,"Knit Active Wear",2021,15620040
11,"Textiles",1161,"Knitted clothing accesories",116113,"Garments of Impregnated Fabric",2021,5941371
11,"Textiles",1161,"Knitted clothing accesories",116114,"Other Knit Garments",2021,21447784
11,"Textiles",1161,"Knitted clothing accesories",116115,"Knit Socks and Hosiery",2021,32300709
11,"Textiles",1161,"Knitted clothing accesories",116116,"Knit Gloves",2021,33087337
11,"Textiles",1161,"Knitted clothing accesories",116117,"Other Knit Clothing Accessories",2021,8466067
11,"Textiles",1162,"Non-knitted clothing accesories",116201,"Non-Knit Men's Coats",2021,72560983
11,"Textiles",1162,"Non-knitted clothing accesories",116202,"Non-Knit Women's Coats",2021,73442458
11,"Textiles",1162,"Non-knitted clothing accesories",116203,"Non-Knit Men's Suits",2021,168260515
11,"Textiles",1162,"Non-knitted clothing accesories",116204,"Non-Knit Women's Suits",2021,163344365
11,"Textiles",1162,"Non-knitted clothing accesories",116205,"Non-Knit Men's Shirts",2021,36837279
11,"Textiles",1162,"Non-knitted clothing accesories",116206,"Non-Knit Women's Shirts",2021,31192719
11,"Textiles",1162,"Non-knitted clothing accesories",116207,"Non-Knit Men's Undergarments",2021,2077114
11,"Textiles",1162,"Non-knitted clothing accesories",116208,"Non-Knit Women's Undergarments",2021,4165449
11,"Textiles",1162,"Non-knitted clothing accesories",116209,"Non-Knit Babies' Garments",2021,8015323
11,"Textiles",1162,"Non-knitted clothing accesories",116210,"Felt or Coated Fabric Garments",2021,61131263
11,"Textiles",1162,"Non-knitted clothing accesories",116211,"Non-Knit Active Wear",2021,42880121
11,"Textiles",1162,"Non-knitted clothing accesories",116212,"Other Women's Undergarments",2021,22298553
11,"Textiles",1162,"Non-knitted clothing accesories",116213,"Handkerchiefs",2021,693144
11,"Textiles",1162,"Non-knitted clothing accesories",116214,"Scarves",2021,6620746
11,"Textiles",1162,"Non-knitted clothing accesories",116215,"Neck Ties",2021,1144103
11,"Textiles",1162,"Non-knitted clothing accesories",116216,"Non-Knit Gloves",2021,9056430
11,"Textiles",1162,"Non-knitted clothing accesories",116217,"Other Non-Knit Clothing Accessories",2021,6438596
11,"Textiles",1163,"Used clothes & textile articles",116301,"Blankets",2021,8284245
11,"Textiles",1163,"Used clothes & textile articles",116302,"House Linens",2021,27813316
11,"Textiles",1163,"Used clothes & textile articles",116303,"Window Dressings",2021,15143492
11,"Textiles",1163,"Used clothes & textile articles",116304,"Bedspreads",2021,7324993
11,"Textiles",1163,"Used clothes & textile articles",116305,"Packing Bags",2021,6291097
11,"Textiles",1163,"Used clothes & textile articles",116306,"Awnings, Tents, and Sails",2021,20490705
11,"Textiles",1163,"Used clothes & textile articles",116307,"Other Cloth Articles",2021,112970739
11,"Textiles",1163,"Used clothes & textile articles",116308,"Packaged Sewing Sets",2021,276712
11,"Textiles",1163,"Used clothes & textile articles",116309,"Used Clothing",2021,33821438
11,"Textiles",1163,"Used clothes & textile articles",116310,"Textile Scraps",2021,1363617
12,"Footwear and Headwear",1264,"Footwear",126401,"Waterproof Footwear",2021,8297899
12,"Footwear and Headwear",1264,"Footwear",126402,"Rubber Footwear",2021,29569083
12,"Footwear and Headwear",1264,"Footwear",126403,"Leather Footwear",2021,125152852
12,"Footwear and Headwear",1264,"Footwear",126404,"Textile Footwear",2021,66753164
12,"Footwear and Headwear",1264,"Footwear",126405,"Other Footwear",2021,6397713
12,"Footwear and Headwear",1264,"Footwear",126406,"Footwear Parts",2021,6834911
12,"Footwear and Headwear",1265,"Headgear",126501,"Hat Forms",2021,40614
12,"Footwear and Headwear",1265,"Headgear",126502,"Hat Shapes",2021,5561
12,"Footwear and Headwear",1265,"Headgear",126504,"Hats",2021,1079833
12,"Footwear and Headwear",1265,"Headgear",126505,"Knitted Hats",2021,20681194
12,"Footwear and Headwear",1265,"Headgear",126506,"Other Headwear",2021,47552761
12,"Footwear and Headwear",1265,"Headgear",126507,"Headbands and Linings",2021,4218769
12,"Footwear and Headwear",1266,"Umbrellas, walking sticks, & whips",126601,"Umbrellas",2021,2623512
12,"Footwear and Headwear",1266,"Umbrellas, walking sticks, & whips",126602,"Walking Sticks",2021,401458
12,"Footwear and Headwear",1266,"Umbrellas, walking sticks, & whips",126603,"Umbrella and Walking Stick Accessories",2021,683829
12,"Footwear and Headwear",1267,"Feather articles, feathers, artificial flowers, & articles of human hair",126701,"Bird Skins and Feathers",2021,61251
12,"Footwear and Headwear",1267,"Feather articles, feathers, artificial flowers, & articles of human hair",126702,"Artificial Vegetation",2021,2957208
12,"Footwear and Headwear",1267,"Feather articles, feathers, artificial flowers, & articles of human hair",126703,"Processed Hair",2021,28846.999999999996
12,"Footwear and Headwear",1267,"Feather articles, feathers, artificial flowers, & articles of human hair",126704,"Fake Hair",2021,1985826
13,"Stone And Glass",1368,"Stone, plaster, cement, asbestos, mica.",136801,"Curbstones",2021,2261001
13,"Stone And Glass",1368,"Stone, plaster, cement, asbestos, mica.",136802,"Building Stone",2021,6156017
13,"Stone And Glass",1368,"Stone, plaster, cement, asbestos, mica.",136803,"Worked Slate",2021,1229882
13,"Stone And Glass",1368,"Stone, plaster, cement, asbestos, mica.",136804,"Milling Stones",2021,58589488
13,"Stone And Glass",1368,"Stone, plaster, cement, asbestos, mica.",136805,"Abrasive Powder",2021,37081528
13,"Stone And Glass",1368,"Stone, plaster, cement, asbestos, mica.",136806,"Rock Wool",2021,58832929
13,"Stone And Glass",1368,"Stone, plaster, cement, asbestos, mica.",136807,"Asphalt",2021,25049482
13,"Stone And Glass",1368,"Stone, plaster, cement, asbestos, mica.",136808,"Vegetable Fiber",2021,1954352
13,"Stone And Glass",1368,"Stone, plaster, cement, asbestos, mica.",136809,"Plaster Articles",2021,7221836
13,"Stone And Glass",1368,"Stone, plaster, cement, asbestos, mica.",136810,"Cement Articles",2021,80841586
13,"Stone And Glass",1368,"Stone, plaster, cement, asbestos, mica.",136811,"Asbestos Cement Articles",2021,5708272
13,"Stone And Glass",1368,"Stone, plaster, cement, asbestos, mica.",136812,"Asbestos Fibres",2021,423809
13,"Stone And Glass",1368,"Stone, plaster, cement, asbestos, mica.",136813,"Friction Material",2021,12178102
13,"Stone And Glass",1368,"Stone, plaster, cement, asbestos, mica.",136814,"Processed Mica",2021,174064
13,"Stone And Glass",1368,"Stone, plaster, cement, asbestos, mica.",136815,"Other Stone Articles",2021,21867503
13,"Stone And Glass",1369,"Ceramic products",136901,"Bricks",2021,703187
13,"Stone And Glass",1369,"Ceramic products",136902,"Refractory Bricks",2021,11524760
13,"Stone And Glass",1369,"Ceramic products",136903,"Refractory Ceramics",2021,6121326
13,"Stone And Glass",1369,"Ceramic products",136904,"Ceramic Bricks",2021,2045566
13,"Stone And Glass",1369,"Ceramic products",136905,"Roofing Tiles",2021,1951482
13,"Stone And Glass",1369,"Ceramic products",136906,"Ceramic Pipes",2021,696513
13,"Stone And Glass",1369,"Ceramic products",136907,"Unglazed Ceramics",2021,4178081
13,"Stone And Glass",1369,"Ceramic products",136909,"Laboratory Ceramic Ware",2021,20433502
13,"Stone And Glass",1369,"Ceramic products",136910,"Bathroom Ceramics",2021,56913951.99999999
13,"Stone And Glass",1369,"Ceramic products",136911,"Porcelain Tableware",2021,18653603
13,"Stone And Glass",1369,"Ceramic products",136912,"Ceramic Tableware",2021,8582064
13,"Stone And Glass",1369,"Ceramic products",136913,"Ornamental Ceramics",2021,6833699
13,"Stone And Glass",1369,"Ceramic products",136914,"Other Ceramic Articles",2021,5245363
13,"Stone And Glass",1370,"Glass & glassware",137001,"Glass Scraps",2021,4417749
13,"Stone And Glass",1370,"Glass & glassware",137002,"Glass Balls",2021,293955
13,"Stone And Glass",1370,"Glass & glassware",137003,"Cast or Rolled Glass",2021,623360
13,"Stone And Glass",1370,"Glass & glassware",137004,"Blown Glass",2021,58620
13,"Stone And Glass",1370,"Glass & glassware",137005,"Float Glass",2021,1779719
13,"Stone And Glass",1370,"Glass & glassware",137006,"Glass with Edge Workings",2021,535614
13,"Stone And Glass",1370,"Glass & glassware",137007,"Safety Glass",2021,47474329
13,"Stone And Glass",1370,"Glass & glassware",137008,"Insulating Glass",2021,2838575
13,"Stone And Glass",1370,"Glass & glassware",137009,"Glass Mirrors",2021,14169523
13,"Stone And Glass",1370,"Glass & glassware",137010,"Glass Bottles",2021,28600684
13,"Stone And Glass",1370,"Glass & glassware",137011,"Glass Bulbs",2021,282144
13,"Stone And Glass",1370,"Glass & glassware",137013,"Interior Decorative Glassware",2021,23583671
13,"Stone And Glass",1370,"Glass & glassware",137014,"Signaling Glassware",2021,490967
13,"Stone And Glass",1370,"Glass & glassware",137015,"Eyewear and Clock Glass",2021,314394
13,"Stone And Glass",1370,"Glass & glassware",137016,"Glass Bricks",2021,2932620
13,"Stone And Glass",1370,"Glass & glassware",137017,"Laboratory Glassware",2021,53396831
13,"Stone And Glass",1370,"Glass & glassware",137018,"Glass Beads",2021,1644478
13,"Stone And Glass",1370,"Glass & glassware",137019,"Glass Fibers",2021,179299679
13,"Stone And Glass",1370,"Glass & glassware",137020,"Other Glass Articles",2021,18154229
14,"Precious Metals",1471,"Precious stones, metals, & pearls",147101,"Pearls",2021,192084
14,"Precious Metals",1471,"Precious stones, metals, & pearls",147102,"Diamonds",2021,2569933
14,"Precious Metals",1471,"Precious stones, metals, & pearls",147103,"Precious Stones",2021,250310
14,"Precious Metals",1471,"Precious stones, metals, & pearls",147104,"Synthetic Reconstructed Jewellery Stones",2021,173738
14,"Precious Metals",1471,"Precious stones, metals, & pearls",147105,"Precious Stone Dust",2021,14088
14,"Precious Metals",1471,"Precious stones, metals, & pearls",147106,"Silver",2021,369783385
14,"Precious Metals",1471,"Precious stones, metals, & pearls",147107,"Silver Clad Metals",2021,292876
14,"Precious Metals",1471,"Precious stones, metals, & pearls",147108,"Gold",2021,1284436759
14,"Precious Metals",1471,"Precious stones, metals, & pearls",147109,"Gold Clad Metals",2021,66412
14,"Precious Metals",1471,"Precious stones, metals, & pearls",147110,"Platinum",2021,127887584
14,"Precious Metals",1471,"Precious stones, metals, & pearls",147111,"Platinum Clad Metals",2021,77445
14,"Precious Metals",1471,"Precious stones, metals, & pearls",147112,"Precious Metal Scraps",2021,214303214
14,"Precious Metals",1471,"Precious stones, metals, & pearls",147113,"Jewellery",2021,51334408
14,"Precious Metals",1471,"Precious stones, metals, & pearls",147114,"Metal-Clad Products",2021,6199519
14,"Precious Metals",1471,"Precious stones, metals, & pearls",147115,"Other Precious Metal Products",2021,10485294
14,"Precious Metals",1471,"Precious stones, metals, & pearls",147116,"Pearl Products",2021,859628
14,"Precious Metals",1471,"Precious stones, metals, & pearls",147117,"Imitation Jewellery",2021,13113237
14,"Precious Metals",1471,"Precious stones, metals, & pearls",147118,"Coin",2021,468506
15,"Metals",1572,"Iron & steel",157201,"Pig Iron",2021,9375288
15,"Metals",1572,"Iron & steel",157202,"Ferroalloys",2021,212225610
15,"Metals",1572,"Iron & steel",157203,"Iron Reductions",2021,618995890
15,"Metals",1572,"Iron & steel",157204,"Scrap Iron",2021,772000966
15,"Metals",1572,"Iron & steel",157205,"Iron Powder",2021,566982928
15,"Metals",1572,"Iron & steel",157206,"Iron Ingots",2021,37881724
15,"Metals",1572,"Iron & steel",157207,"Semi-Finished Iron",2021,31969048
15,"Metals",1572,"Iron & steel",157208,"Hot-Rolled Iron",2021,656598040
15,"Metals",1572,"Iron & steel",157209,"Cold-Rolled Iron",2021,335218662
15,"Metals",1572,"Iron & steel",157210,"Coated Flat-Rolled Iron",2021,333214520
15,"Metals",1572,"Iron & steel",157211,"Large Flat-Rolled Iron",2021,131250164
15,"Metals",1572,"Iron & steel",157212,"Large Coated Flat-Rolled Iron",2021,108632988
15,"Metals",1572,"Iron & steel",157213,"Hot-Rolled Iron Bars",2021,6204526
15,"Metals",1572,"Iron & steel",157214,"Raw Iron Bars",2021,88463726
15,"Metals",1572,"Iron & steel",157215,"Other Iron Bars",2021,25916660
15,"Metals",1572,"Iron & steel",157216,"Iron Blocks",2021,82718803
15,"Metals",1572,"Iron & steel",157217,"Iron Wire",2021,42530996
15,"Metals",1572,"Iron & steel",157218,"Stainless Steel Ingots",2021,234790055
15,"Metals",1572,"Iron & steel",157219,"Large Flat-Rolled Stainless Steel",2021,1234616933
15,"Metals",1572,"Iron & steel",157220,"Flat-Rolled Stainless Steel",2021,272083977
15,"Metals",1572,"Iron & steel",157221,"Hot-Rolled Stainless Steel Bars",2021,166485996
15,"Metals",1572,"Iron & steel",157222,"Other Stainless Steel Bars",2021,176478077
15,"Metals",1572,"Iron & steel",157223,"Stainless Steel Wire",2021,115203929
15,"Metals",1572,"Iron & steel",157224,"Steel Ingots",2021,93669932
15,"Metals",1572,"Iron & steel",157225,"Flat Flat-Rolled Steel",2021,1640317700
15,"Metals",1572,"Iron & steel",157226,"Flat-Rolled Iron",2021,135810138
15,"Metals",1572,"Iron & steel",157227,"Steel Bars",2021,71683926
15,"Metals",1572,"Iron & steel",157228,"Other Steel Bars",2021,658741822
15,"Metals",1572,"Iron & steel",157229,"Steel Wire",2021,92942370
15,"Metals",1573,"Iron/Steel Articles",157301,"Iron Sheet Piling",2021,6594416
15,"Metals",1573,"Iron/Steel Articles",157302,"Iron Railway Products",2021,39230112
15,"Metals",1573,"Iron/Steel Articles",157303,"Cast Iron Pipes",2021,3124950
15,"Metals",1573,"Iron/Steel Articles",157304,"Iron Pipes",2021,491710092
15,"Metals",1573,"Iron/Steel Articles",157305,"Other Large Iron Pipes",2021,4478459
15,"Metals",1573,"Iron/Steel Articles",157306,"Other Small Iron Pipes",2021,91891259
15,"Metals",1573,"Iron/Steel Articles",157307,"Iron Pipe Fittings",2021,209272415
15,"Metals",1573,"Iron/Steel Articles",157308,"Iron Structures",2021,573844262
15,"Metals",1573,"Iron/Steel Articles",157309,"Large Iron Containers",2021,20902762
15,"Metals",1573,"Iron/Steel Articles",157310,"Small Iron Containers",2021,94323799
15,"Metals",1573,"Iron/Steel Articles",157311,"Iron Gas Containers",2021,14926684
15,"Metals",1573,"Iron/Steel Articles",157312,"Stranded Iron Wire",2021,46950124
15,"Metals",1573,"Iron/Steel Articles",157313,"Barbed Wire",2021,1692913.9999999998
15,"Metals",1573,"Iron/Steel Articles",157314,"Iron Cloth",2021,71024891
15,"Metals",1573,"Iron/Steel Articles",157315,"Iron Chains",2021,50153328
15,"Metals",1573,"Iron/Steel Articles",157316,"Iron Anchors",2021,3750032
15,"Metals",1573,"Iron/Steel Articles",157317,"Iron Nails",2021,33743211
15,"Metals",1573,"Iron/Steel Articles",157318,"Iron Fasteners",2021,428286891
15,"Metals",1573,"Iron/Steel Articles",157319,"Iron Sewing Needles",2021,1694617
15,"Metals",1573,"Iron/Steel Articles",157320,"Iron Springs",2021,142793810
15,"Metals",1573,"Iron/Steel Articles",157321,"Iron Stovetops",2021,66041072
15,"Metals",1573,"Iron/Steel Articles",157322,"Iron Radiators",2021,32215158
15,"Metals",1573,"Iron/Steel Articles",157323,"Iron Housewares",2021,38923800
15,"Metals",1573,"Iron/Steel Articles",157324,"Iron Toiletry",2021,35562238
15,"Metals",1573,"Iron/Steel Articles",157325,"Other Cast Iron Products",2021,25934643
15,"Metals",1573,"Iron/Steel Articles",157326,"Other Iron Products",2021,720459695
15,"Metals",1574,"Copper articles",157401,"Precipitated Copper",2021,3041685.9999999995
15,"Metals",1574,"Copper articles",157402,"Raw Copper",2021,7064342.000000001
15,"Metals",1574,"Copper articles",157403,"Refined Copper",2021,1192508526
15,"Metals",1574,"Copper articles",157404,"Scrap Copper",2021,279846821
15,"Metals",1574,"Copper articles",157405,"Copper Alloys",2021,47376
15,"Metals",1574,"Copper articles",157406,"Copper Powder",2021,3760156
15,"Metals",1574,"Copper articles",157407,"Copper Bars",2021,130293769
15,"Metals",1574,"Copper articles",157408,"Copper Wire",2021,587616140
15,"Metals",1574,"Copper articles",157409,"Copper Plating",2021,25557831.000000004
15,"Metals",1574,"Copper articles",157410,"Copper Foil",2021,4019903
15,"Metals",1574,"Copper articles",157411,"Copper Pipes",2021,22217358
15,"Metals",1574,"Copper articles",157412,"Copper Pipe Fittings",2021,106130887
15,"Metals",1574,"Copper articles",157413,"Stranded Copper Wire",2021,19331160
15,"Metals",1574,"Copper articles",157415,"Copper Fasteners",2021,11738126
15,"Metals",1574,"Copper articles",157418,"Copper Housewares",2021,3390414
15,"Metals",1574,"Copper articles",157419,"Other Copper Products",2021,15740279
15,"Metals",1575,"Nickel articles",157501,"Nickel Mattes",2021,1140351.0000000002
15,"Metals",1575,"Nickel articles",157502,"Raw Nickel",2021,17916652
15,"Metals",1575,"Nickel articles",157503,"Scrap Nickel",2021,5091439
15,"Metals",1575,"Nickel articles",157504,"Nickel Powder",2021,4245352
15,"Metals",1575,"Nickel articles",157505,"Nickel Bars",2021,106719191
15,"Metals",1575,"Nickel articles",157506,"Nickel Sheets",2021,47894947
15,"Metals",1575,"Nickel articles",157507,"Nickel Pipes",2021,69491389
15,"Metals",1575,"Nickel articles",157508,"Other Nickel Products",2021,4340278
15,"Metals",1576,"Aluminum articles",157601,"Raw Aluminium",2021,498348141
15,"Metals",1576,"Aluminum articles",157602,"Scrap Aluminium",2021,273626493
15,"Metals",1576,"Aluminum articles",157603,"Aluminium Powder",2021,13068165
15,"Metals",1576,"Aluminum articles",157604,"Aluminium Bars",2021,276689291
15,"Metals",1576,"Aluminum articles",157605,"Aluminium Wire",2021,10360944
15,"Metals",1576,"Aluminum articles",157606,"Aluminium Plating",2021,297389673
15,"Metals",1576,"Aluminum articles",157607,"Aluminium Foil",2021,148288818
15,"Metals",1576,"Aluminum articles",157608,"Aluminium Pipes",2021,8976205
15,"Metals",1576,"Aluminum articles",157609,"Aluminium Pipe Fittings",2021,5379113
15,"Metals",1576,"Aluminum articles",157610,"Aluminium Structures",2021,112976172
15,"Metals",1576,"Aluminum articles",157611,"Large Aluminium Containers",2021,2098700
15,"Metals",1576,"Aluminum articles",157612,"Aluminium Cans",2021,90576827
15,"Metals",1576,"Aluminum articles",157613,"Aluminium Gas Containers",2021,18388619
15,"Metals",1576,"Aluminum articles",157614,"Stranded Aluminium Wire",2021,2320210
15,"Metals",1576,"Aluminum articles",157615,"Aluminium Housewares",2021,17952853
15,"Metals",1576,"Aluminum articles",157616,"Other Aluminium Products",2021,115775241
15,"Metals",1578,"Lead articles",157801,"Raw Lead",2021,216927193
15,"Metals",1578,"Lead articles",157802,"Scrap Lead",2021,6844332
15,"Metals",1578,"Lead articles",157804,"Lead Sheets",2021,520567
15,"Metals",1578,"Lead articles",157806,"Other Lead Products",2021,977436
15,"Metals",1579,"Zinc articles",157901,"Raw Zinc",2021,66621245
15,"Metals",1579,"Zinc articles",157902,"Scrap Waste",2021,17946021
15,"Metals",1579,"Zinc articles",157903,"Zinc Powder",2021,3332252
15,"Metals",1579,"Zinc articles",157904,"Zinc Bars",2021,568191
15,"Metals",1579,"Zinc articles",157905,"Zinc Sheets",2021,1306629
15,"Metals",1579,"Zinc articles",157907,"Other Zinc Products",2021,28903929
15,"Metals",1580,"Tin articles",158001,"Raw Tin",2021,848076
15,"Metals",1580,"Tin articles",158002,"Scrap Tin",2021,650451
15,"Metals",1580,"Tin articles",158003,"Tin Bars",2021,132829
15,"Metals",1580,"Tin articles",158007,"Other Tin Products",2021,110256.99999999999
15,"Metals",1581,"Cermet articles",158101,"Tungsten",2021,15262378
15,"Metals",1581,"Cermet articles",158102,"Molybdenum",2021,3184520
15,"Metals",1581,"Cermet articles",158103,"Tantalum",2021,134609
15,"Metals",1581,"Cermet articles",158104,"Magnesium",2021,4844563
15,"Metals",1581,"Cermet articles",158105,"Cobalt",2021,1786326
15,"Metals",1581,"Cermet articles",158106,"Bismuth",2021,31745.999999999996
15,"Metals",1581,"Cermet articles",158107,"Cadmium",2021,14174
15,"Metals",1581,"Cermet articles",158108,"Titanium",2021,25607911
15,"Metals",1581,"Cermet articles",158109,"Zirconium",2021,5559038
15,"Metals",1581,"Cermet articles",158110,"Antimony",2021,683528
15,"Metals",1581,"Cermet articles",158111,"Manganese",2021,15244988
15,"Metals",1581,"Cermet articles",158112,"Other Metals",2021,7202744
15,"Metals",1581,"Cermet articles",158113,"Cermets",2021,4622499
15,"Metals",1582,"Tools & cutlery",158201,"Garden Tools",2021,33788505
15,"Metals",1582,"Tools & cutlery",158202,"Hand Saws",2021,156146045
15,"Metals",1582,"Tools & cutlery",158203,"Hand Tools",2021,33096493
15,"Metals",1582,"Tools & cutlery",158204,"Wrenches",2021,29545925
15,"Metals",1582,"Tools & cutlery",158205,"Other Hand Tools",2021,89116635
15,"Metals",1582,"Tools & cutlery",158206,"Tool Sets",2021,9391406
15,"Metals",1582,"Tools & cutlery",158207,"Interchangeable Tool Parts",2021,445811775
15,"Metals",1582,"Tools & cutlery",158208,"Cutting Blades",2021,73518239
15,"Metals",1582,"Tools & cutlery",158209,"Tool Plates",2021,537738532
15,"Metals",1582,"Tools & cutlery",158210,"Cooking Hand Tools",2021,1609289
15,"Metals",1582,"Tools & cutlery",158211,"Knives",2021,33579480
15,"Metals",1582,"Tools & cutlery",158212,"Razor Blades",2021,14158739
15,"Metals",1582,"Tools & cutlery",158213,"Scissors",2021,988218
15,"Metals",1582,"Tools & cutlery",158214,"Other Cutlery",2021,1628602
15,"Metals",1582,"Tools & cutlery",158215,"Cutlery Sets",2021,5233246
15,"Metals",1583,"Miscellaneous metal products",158301,"Padlocks",2021,121390958
15,"Metals",1583,"Miscellaneous metal products",158302,"Metal Mountings",2021,347551036
15,"Metals",1583,"Miscellaneous metal products",158303,"Safes",2021,10573479
15,"Metals",1583,"Miscellaneous metal products",158304,"Filing Cabinets",2021,2517350
15,"Metals",1583,"Miscellaneous metal products",158305,"Metal Office Supplies",2021,22178765
15,"Metals",1583,"Miscellaneous metal products",158306,"Bells and Other Metal Ornaments",2021,6734896
15,"Metals",1583,"Miscellaneous metal products",158307,"Flexible Metal Tubing",2021,10388709
15,"Metals",1583,"Miscellaneous metal products",158308,"Other Metal Fasteners",2021,7792178
15,"Metals",1583,"Miscellaneous metal products",158309,"Metal Stoppers",2021,50605019
15,"Metals",1583,"Miscellaneous metal products",158310,"Metal Signs",2021,9568204
15,"Metals",1583,"Miscellaneous metal products",158311,"Coated Metal Soldering Products",2021,99229983
16,"Machines",1684,"Machinery, mechanical appliances, & parts",168401,"Nuclear Reactors",2021,892873799
16,"Machines",1684,"Machinery, mechanical appliances, & parts",168402,"Steam Boilers",2021,19165622
16,"Machines",1684,"Machinery, mechanical appliances, & parts",168403,"Central Heating Boilers",2021,46370839
16,"Machines",1684,"Machinery, mechanical appliances, & parts",168404,"Boiler Plants",2021,21849078
16,"Machines",1684,"Machinery, mechanical appliances, & parts",168405,"Water and Gas Generators",2021,8386766
16,"Machines",1684,"Machinery, mechanical appliances, & parts",168406,"Steam Turbines",2021,55502293
16,"Machines",1684,"Machinery, mechanical appliances, & parts",168407,"Spark-Ignition Engines",2021,347868619
16,"Machines",1684,"Machinery, mechanical appliances, & parts",168408,"Combustion Engines",2021,2624940689
16,"Machines",1684,"Machinery, mechanical appliances, & parts",168409,"Engine Parts",2021,647495628
16,"Machines",1684,"Machinery, mechanical appliances, & parts",168410,"Hydraulic Turbines",2021,3665660
16,"Machines",1684,"Machinery, mechanical appliances, & parts",168411,"Gas Turbines",2021,1299573273
16,"Machines",1684,"Machinery, mechanical appliances, & parts",168412,"Other Engines",2021,493696624
16,"Machines",1684,"Machinery, mechanical appliances, & parts",168413,"Liquid Pumps",2021,920055775
16,"Machines",1684,"Machinery, mechanical appliances, & parts",168414,"Air Pumps",2021,350011807
16,"Machines",1684,"Machinery, mechanical appliances, & parts",168415,"Air Conditioners",2021,405467419
16,"Machines",1684,"Machinery, mechanical appliances, & parts",168416,"Liquid Fuel Furnaces",2021,21639880
16,"Machines",1684,"Machinery, mechanical appliances, & parts",168417,"Industrial Furnaces",2021,32198435
16,"Machines",1684,"Machinery, mechanical appliances, & parts",168418,"Refrigerators",2021,790383783
16,"Machines",1684,"Machinery, mechanical appliances, & parts",168419,"Other Heating Machinery",2021,1073248034
16,"Machines",1684,"Machinery, mechanical appliances, & parts",168420,"Rolling Machines",2021,11505013
16,"Machines",1684,"Machinery, mechanical appliances, & parts",168421,"Centrifuges",2021,986786413
16,"Machines",1684,"Machinery, mechanical appliances, & parts",168422,"Washing and Bottling Machines",2021,696413127
16,"Machines",1684,"Machinery, mechanical appliances, & parts",168423,"Scales",2021,17346503
16,"Machines",1684,"Machinery, mechanical appliances, & parts",168424,"Liquid Dispersing Machines",2021,181196951
16,"Machines",1684,"Machinery, mechanical appliances, & parts",168425,"Pulley Systems",2021,70283574
16,"Machines",1684,"Machinery, mechanical appliances, & parts",168426,"Cranes",2021,234194189
16,"Machines",1684,"Machinery, mechanical appliances, & parts",168427,"Fork-Lifts",2021,1099425097
16,"Machines",1684,"Machinery, mechanical appliances, & parts",168428,"Lifting Machinery",2021,671591443
16,"Machines",1684,"Machinery, mechanical appliances, & parts",168429,"Large Construction Vehicles",2021,1745534468
16,"Machines",1684,"Machinery, mechanical appliances, & parts",168430,"Other Construction Vehicles",2021,801660211
16,"Machines",1684,"Machinery, mechanical appliances, & parts",168431,"Excavation Machinery",2021,1980606107
16,"Machines",1684,"Machinery, mechanical appliances, & parts",168432,"Soil Preparation Machinery",2021,399217305
16,"Machines",1684,"Machinery, mechanical appliances, & parts",168433,"Harvesting Machinery",2021,265735960
16,"Machines",1684,"Machinery, mechanical appliances, & parts",168434,"Dairy Machinery",2021,216315862
16,"Machines",1684,"Machinery, mechanical appliances, & parts",168435,"Fruit Pressing Machinery",2021,1008278
16,"Machines",1684,"Machinery, mechanical appliances, & parts",168436,"Other Agricultural Machinery",2021,288946719
16,"Machines",1684,"Machinery, mechanical appliances, & parts",168437,"Mill Machinery",2021,8322304
16,"Machines",1684,"Machinery, mechanical appliances, & parts",168438,"Industrial Food Preperation Machinery",2021,112511524
16,"Machines",1684,"Machinery, mechanical appliances, & parts",168439,"Papermaking Machines",2021,436916531
16,"Machines",1684,"Machinery, mechanical appliances, & parts",168440,"Book-binding Machines",2021,5506676
16,"Machines",1684,"Machinery, mechanical appliances, & parts",168441,"Other Paper Machinery",2021,170442403
16,"Machines",1684,"Machinery, mechanical appliances, & parts",168442,"Print Production Machinery",2021,5343141
16,"Machines",1684,"Machinery, mechanical appliances, & parts",168443,"Industrial Printers",2021,125859100
16,"Machines",1684,"Machinery, mechanical appliances, & parts",168444,"Artificial Textile Machinery",2021,35743
16,"Machines",1684,"Machinery, mechanical appliances, & parts",168445,"Textile Fiber Machinery",2021,529219
16,"Machines",1684,"Machinery, mechanical appliances, & parts",168446,"Looms",2021,2869573
16,"Machines",1684,"Machinery, mechanical appliances, & parts",168447,"Knitting Machines",2021,2093228
16,"Machines",1684,"Machinery, mechanical appliances, & parts",168448,"Knitting Machine Accessories",2021,42873041
16,"Machines",1684,"Machinery, mechanical appliances, & parts",168449,"Felt Machinery",2021,6390774
16,"Machines",1684,"Machinery, mechanical appliances, & parts",168450,"Household Washing Machines",2021,195833524
16,"Machines",1684,"Machinery, mechanical appliances, & parts",168451,"Textile Processing Machines",2021,85976621
16,"Machines",1684,"Machinery, mechanical appliances, & parts",168452,"Sewing Machines",2021,32688476
16,"Machines",1684,"Machinery, mechanical appliances, & parts",168453,"Leather Machinery",2021,1492774
16,"Machines",1684,"Machinery, mechanical appliances, & parts",168454,"Casting Machines",2021,13956562
16,"Machines",1684,"Machinery, mechanical appliances, & parts",168455,"Metal-Rolling Mills",2021,68738275
16,"Machines",1684,"Machinery, mechanical appliances, & parts",168456,"Non-Mechanical Removal Machinery",2021,8632902
16,"Machines",1684,"Machinery, mechanical appliances, & parts",168457,"Metalworking Transfer Machines",2021,22941794
16,"Machines",1684,"Machinery, mechanical appliances, & parts",168458,"Metal Lathes",2021,4468730
16,"Machines",1684,"Machinery, mechanical appliances, & parts",168459,"Drilling Machines",2021,23002255
16,"Machines",1684,"Machinery, mechanical appliances, & parts",168460,"Metal Finishing Machines",2021,44433225
16,"Machines",1684,"Machinery, mechanical appliances, & parts",168461,"Metalworking Machines",2021,5064965
16,"Machines",1684,"Machinery, mechanical appliances, & parts",168462,"Forging Machines",2021,93337530
16,"Machines",1684,"Machinery, mechanical appliances, & parts",168463,"Other Non-Metal Removal Machinery",2021,19164181
16,"Machines",1684,"Machinery, mechanical appliances, & parts",168464,"Stone Working Machines",2021,55650604
16,"Machines",1684,"Machinery, mechanical appliances, & parts",168465,"Woodworking machines",2021,71608870
16,"Machines",1684,"Machinery, mechanical appliances, & parts",168466,"Metalworking Machine Parts",2021,314389802
16,"Machines",1684,"Machinery, mechanical appliances, & parts",168467,"Motor-working Tools",2021,587947693
16,"Machines",1684,"Machinery, mechanical appliances, & parts",168468,"Soldering and Welding Machinery",2021,14683220
16,"Machines",1684,"Machinery, mechanical appliances, & parts",168469,"Typewriters",2021,605
16,"Machines",1684,"Machinery, mechanical appliances, & parts",168470,"Calculators",2021,7191364
16,"Machines",1684,"Machinery, mechanical appliances, & parts",168471,"Computers",2021,1120962858
16,"Machines",1684,"Machinery, mechanical appliances, & parts",168472,"Other Office Machines",2021,14422578
16,"Machines",1684,"Machinery, mechanical appliances, & parts",168473,"Office Machine Parts",2021,572672422
16,"Machines",1684,"Machinery, mechanical appliances, & parts",168474,"Stone Processing Machines",2021,374322968
16,"Machines",1684,"Machinery, mechanical appliances, & parts",168475,"Glass Working Machines",2021,123985927
16,"Machines",1684,"Machinery, mechanical appliances, & parts",168476,"Vending Machines",2021,30998582
16,"Machines",1684,"Machinery, mechanical appliances, & parts",168477,"Rubberworking Machinery",2021,71433840
16,"Machines",1684,"Machinery, mechanical appliances, & parts",168478,"Tobacco Processing Machines",2021,3086626
16,"Machines",1684,"Machinery, mechanical appliances, & parts",168479,"Machinery Having Individual Functions",2021,1653580270
16,"Machines",1684,"Machinery, mechanical appliances, & parts",168480,"Metal Molds",2021,34126323
16,"Machines",1684,"Machinery, mechanical appliances, & parts",168481,"Valves",2021,775209124
16,"Machines",1684,"Machinery, mechanical appliances, & parts",168482,"Ball Bearings",2021,622530347
16,"Machines",1684,"Machinery, mechanical appliances, & parts",168483,"Transmissions",2021,615253623
16,"Machines",1684,"Machinery, mechanical appliances, & parts",168484,"Gaskets",2021,57026337
16,"Machines",1684,"Machinery, mechanical appliances, & parts",168485,"Boat Propellers",2021,156030434
16,"Machines",1685,"Electrical machinery and electronics",168501,"Electric Motors",2021,319544452
16,"Machines",1685,"Electrical machinery and electronics",168502,"Electric Generating Sets",2021,280047244
16,"Machines",1685,"Electrical machinery and electronics",168503,"Electric Motor Parts",2021,143425387
16,"Machines",1685,"Electrical machinery and electronics",168504,"Electrical Transformers",2021,784836241
16,"Machines",1685,"Electrical machinery and electronics",168505,"Electromagnets",2021,34007672
16,"Machines",1685,"Electrical machinery and electronics",168506,"Batteries",2021,33158233
16,"Machines",1685,"Electrical machinery and electronics",168507,"Electric Batteries",2021,367190034
16,"Machines",1685,"Electrical machinery and electronics",168508,"Vacuum Cleaners",2021,406237657
16,"Machines",1685,"Electrical machinery and electronics",168509,"Other Domestic Electric Housewares",2021,181930660
16,"Machines",1685,"Electrical machinery and electronics",168510,"Hair Trimmers",2021,15303231
16,"Machines",1685,"Electrical machinery and electronics",168511,"Electrical Ignitions",2021,53264289
16,"Machines",1685,"Electrical machinery and electronics",168512,"Electrical Lighting and Signalling Equipment",2021,104666198
16,"Machines",1685,"Electrical machinery and electronics",168513,"Portable Lighting",2021,7133145
16,"Machines",1685,"Electrical machinery and electronics",168514,"Electric Furnaces",2021,105575534
16,"Machines",1685,"Electrical machinery and electronics",168515,"Electric Soldering Equipment",2021,131707459
16,"Machines",1685,"Electrical machinery and electronics",168516,"Electric Heaters",2021,385347278
16,"Machines",1685,"Electrical machinery and electronics",168517,"Telephones",2021,375020966
16,"Machines",1685,"Electrical machinery and electronics",168518,"Microphones and Headphones",2021,358934937
16,"Machines",1685,"Electrical machinery and electronics",168519,"Sound Recording Equipment",2021,5458616
16,"Machines",1685,"Electrical machinery and electronics",168520,"Dictation Machines",2021,3714459
16,"Machines",1685,"Electrical machinery and electronics",168521,"Video Recording Equipment",2021,460057094
16,"Machines",1685,"Electrical machinery and electronics",168522,"Audio and Video Recording Accessories",2021,3534551
16,"Machines",1685,"Electrical machinery and electronics",168523,"Blank Audio Media",2021,194311729
16,"Machines",1685,"Electrical machinery and electronics",168524,"Sound Recordings",2021,10662797
16,"Machines",1685,"Electrical machinery and electronics",168525,"Broadcasting Equipment",2021,3443359110
16,"Machines",1685,"Electrical machinery and electronics",168526,"Navigation Equipment",2021,256264560
16,"Machines",1685,"Electrical machinery and electronics",168527,"Radio Receivers",2021,27750593
16,"Machines",1685,"Electrical machinery and electronics",168528,"Video Displays",2021,380814020
16,"Machines",1685,"Electrical machinery and electronics",168529,"Broadcasting Accessories",2021,179257270
16,"Machines",1685,"Electrical machinery and electronics",168530,"Traffic Signals",2021,58022411
16,"Machines",1685,"Electrical machinery and electronics",168531,"Audio Alarms",2021,258715981
16,"Machines",1685,"Electrical machinery and electronics",168532,"Electrical Capacitors",2021,16758279
16,"Machines",1685,"Electrical machinery and electronics",168533,"Electrical Resistors",2021,19038872
16,"Machines",1685,"Electrical machinery and electronics",168534,"Printed Circuit Boards",2021,56186651
16,"Machines",1685,"Electrical machinery and electronics",168535,"High-voltage Protection Equipment",2021,226722046
16,"Machines",1685,"Electrical machinery and electronics",168536,"Low-voltage Protection Equipment",2021,572589506
16,"Machines",1685,"Electrical machinery and electronics",168537,"Electrical Control Boards",2021,553521582
16,"Machines",1685,"Electrical machinery and electronics",168538,"Electrical Power Accessories",2021,283830697
16,"Machines",1685,"Electrical machinery and electronics",168539,"Electric Filament",2021,31101452
16,"Machines",1685,"Electrical machinery and electronics",168540,"Cathode Tubes",2021,8766766
16,"Machines",1685,"Electrical machinery and electronics",168541,"Semiconductor Devices",2021,120873725
16,"Machines",1685,"Electrical machinery and electronics",168542,"Integrated Circuits",2021,317530600
16,"Machines",1685,"Electrical machinery and electronics",168543,"Other Electrical Machinery",2021,312568132
16,"Machines",1685,"Electrical machinery and electronics",168544,"Insulated Wire",2021,873213350
16,"Machines",1685,"Electrical machinery and electronics",168545,"Carbon-based Electronics",2021,19533291
16,"Machines",1685,"Electrical machinery and electronics",168546,"Electrical Insulators",2021,48451726
16,"Machines",1685,"Electrical machinery and electronics",168547,"Metal Insulating Fittings",2021,19911622
16,"Machines",1685,"Electrical machinery and electronics",168548,"Electrical Parts",2021,11045778
17,"Transportation",1786,"Railway and trams",178601,"Electric Locomotives",2021,1461456
17,"Transportation",1786,"Railway and trams",178602,"Other Locomotives",2021,897913
17,"Transportation",1786,"Railway and trams",178603,"Self-Propelled Rail Transport",2021,1736727.9999999998
17,"Transportation",1786,"Railway and trams",178604,"Railway Maintenance Vehicles",2021,5557253
17,"Transportation",1786,"Railway and trams",178605,"Railway Passenger Cars",2021,734781
17,"Transportation",1786,"Railway and trams",178606,"Railway Freight Cars",2021,2127768
17,"Transportation",1786,"Railway and trams",178607,"Locomotive Parts",2021,315203072
17,"Transportation",1786,"Railway and trams",178608,"Railway Track Fixtures",2021,16339408
17,"Transportation",1786,"Railway and trams",178609,"Railway Cargo Containers",2021,49613753
17,"Transportation",1787,"Cars, tractors, trucks & parts thereof.",178701,"Tractors",2021,1968365743
17,"Transportation",1787,"Cars, tractors, trucks & parts thereof.",178702,"Buses",2021,161289994
17,"Transportation",1787,"Cars, tractors, trucks & parts thereof.",178703,"Cars",2021,12008222122
17,"Transportation",1787,"Cars, tractors, trucks & parts thereof.",178704,"Delivery Trucks",2021,3288371188
17,"Transportation",1787,"Cars, tractors, trucks & parts thereof.",178705,"Special purpose motor vehicles",2021,127518759
17,"Transportation",1787,"Cars, tractors, trucks & parts thereof.",178706,"Motor vehicle (8701 to 8705) chassis fitted with engine",2021,359142407
17,"Transportation",1787,"Cars, tractors, trucks & parts thereof.",178707,"Vehicle Bodies (including cabs) for the motor vehicles (8701 to 8705)",2021,1075171986
17,"Transportation",1787,"Cars, tractors, trucks & parts thereof.",178708,"Motor vehicles; parts and accessories (8701 to 8705)",2021,5507789605
17,"Transportation",1787,"Cars, tractors, trucks & parts thereof.",178709,"Work Trucks",2021,27609236
17,"Transportation",1787,"Cars, tractors, trucks & parts thereof.",178710,"Tanks and Armored vehicles",2021,25813280
17,"Transportation",1787,"Cars, tractors, trucks & parts thereof.",178711,"Motorcycles and cycles",2021,29999977
17,"Transportation",1787,"Cars, tractors, trucks & parts thereof.",178712,"Bicycles, delivery tricycles, other cycles",2021,16656131
17,"Transportation",1787,"Cars, tractors, trucks & parts thereof.",178713,"Wheelchairs",2021,56322617
17,"Transportation",1787,"Cars, tractors, trucks & parts thereof.",178714,"Bi-Wheel Vehicle Parts",2021,137220655
17,"Transportation",1787,"Cars, tractors, trucks & parts thereof.",178715,"Baby Carriages",2021,31963238
17,"Transportation",1787,"Cars, tractors, trucks & parts thereof.",178716,"Trailers and semi-trailers, not mechanically propelled vehicles",2021,296082494
17,"Transportation",1788,"Aircraft and Spacecraft",178801,"Non-powered Aircraft",2021,6948
17,"Transportation",1788,"Aircraft and Spacecraft",178802,"Planes, Helicopters, and/or Spacecraft",2021,279599971
17,"Transportation",1788,"Aircraft and Spacecraft",178803,"Aircraft parts (gliders, balloons, and powered aircraft)",2021,305713513
17,"Transportation",1788,"Aircraft and Spacecraft",178804,"Parachutes",2021,378365
17,"Transportation",1788,"Aircraft and Spacecraft",178805,"Aircraft Launch Gear",2021,25212233
17,"Transportation",1789,"Ships, boats, & floating structures",178901,"Passenger and Cargo Ships",2021,75595620
17,"Transportation",1789,"Ships, boats, & floating structures",178902,"Fishing Ships",2021,26108656
17,"Transportation",1789,"Ships, boats, & floating structures",178903,"Recreational Boats",2021,128821630
17,"Transportation",1789,"Ships, boats, & floating structures",178904,"Tug Boats",2021,3035693
17,"Transportation",1789,"Ships, boats, & floating structures",178905,"Special Purpose Ships",2021,1947654
17,"Transportation",1789,"Ships, boats, & floating structures",178906,"Other Sea Vessels",2021,22136213
17,"Transportation",1789,"Ships, boats, & floating structures",178907,"Other Floating Structures",2021,5302664
17,"Transportation",1789,"Ships, boats, & floating structures",178908,"Scrap Vessels",2021,25476644
18,"Instruments",1890,"Optical, photo, & film equipment; medical instruments",189001,"Optical Fibers and optical fibre bundles",2021,40887358
18,"Instruments",1890,"Optical, photo, & film equipment; medical instruments",189002,"Mirrors and Lenses",2021,41602401
18,"Instruments",1890,"Optical, photo, & film equipment; medical instruments",189003,"Eyewear Frames",2021,32238570
18,"Instruments",1890,"Optical, photo, & film equipment; medical instruments",189004,"Eyewear",2021,22330878
18,"Instruments",1890,"Optical, photo, & film equipment; medical instruments",189005,"Binoculars and Telescopes",2021,4048284
18,"Instruments",1890,"Optical, photo, & film equipment; medical instruments",189006,"Cameras",2021,66806377
18,"Instruments",1890,"Optical, photo, & film equipment; medical instruments",189007,"Video Cameras",2021,14703349
18,"Instruments",1890,"Optical, photo, & film equipment; medical instruments",189008,"Image Projectors",2021,391067
18,"Instruments",1890,"Optical, photo, & film equipment; medical instruments",189009,"Photocopiers",2021,3499789
18,"Instruments",1890,"Optical, photo, & film equipment; medical instruments",189010,"Photo Lab Equipment",2021,15212385
18,"Instruments",1890,"Optical, photo, & film equipment; medical instruments",189011,"Microscopes",2021,32876373
18,"Instruments",1890,"Optical, photo, & film equipment; medical instruments",189012,"Non-optical Microscopes",2021,4598777
18,"Instruments",1890,"Optical, photo, & film equipment; medical instruments",189013,"LCDs",2021,163826723
18,"Instruments",1890,"Optical, photo, & film equipment; medical instruments",189014,"Compasses",2021,33427345
18,"Instruments",1890,"Optical, photo, & film equipment; medical instruments",189015,"Surveying Equipment",2021,169437573
18,"Instruments",1890,"Optical, photo, & film equipment; medical instruments",189016,"Balances",2021,877733
18,"Instruments",1890,"Optical, photo, & film equipment; medical instruments",189017,"Drafting Tools",2021,26336183
18,"Instruments",1890,"Optical, photo, & film equipment; medical instruments",189018,"Medical Instruments",2021,668434604
18,"Instruments",1890,"Optical, photo, & film equipment; medical instruments",189019,"Therapeutic Appliances",2021,311546673
18,"Instruments",1890,"Optical, photo, & film equipment; medical instruments",189020,"Breathing Appliances",2021,57196670
18,"Instruments",1890,"Optical, photo, & film equipment; medical instruments",189021,"Orthopedic Appliances",2021,655083723
18,"Instruments",1890,"Optical, photo, & film equipment; medical instruments",189022,"X-Ray Equipment",2021,159511870
18,"Instruments",1890,"Optical, photo, & film equipment; medical instruments",189023,"Instructional Models",2021,80088520
18,"Instruments",1890,"Optical, photo, & film equipment; medical instruments",189024,"Tensile Testing Machines",2021,27358785
18,"Instruments",1890,"Optical, photo, & film equipment; medical instruments",189025,"Hydrometers",2021,89153897
18,"Instruments",1890,"Optical, photo, & film equipment; medical instruments",189026,"Gas and Liquid Flow Measuring Instruments",2021,191001371
18,"Instruments",1890,"Optical, photo, & film equipment; medical instruments",189027,"Chemical Analysis Instruments",2021,1138861697
18,"Instruments",1890,"Optical, photo, & film equipment; medical instruments",189028,"Utility Meters",2021,10236683
18,"Instruments",1890,"Optical, photo, & film equipment; medical instruments",189029,"Revolution Counters",2021,75777944
18,"Instruments",1890,"Optical, photo, & film equipment; medical instruments",189030,"Oscilloscopes",2021,130828334
18,"Instruments",1890,"Optical, photo, & film equipment; medical instruments",189031,"Other Measuring Instruments",2021,339586167
18,"Instruments",1890,"Optical, photo, & film equipment; medical instruments",189032,"Thermostats",2021,227501084
18,"Instruments",1890,"Optical, photo, & film equipment; medical instruments",189033,"Opto-Electric Instrument Parts",2021,38034385
18,"Instruments",1891,"Clocks, watches, & parts",189101,"Precious Metal Watches",2021,17831211
18,"Instruments",1891,"Clocks, watches, & parts",189102,"Base Metal Watches",2021,32996317
18,"Instruments",1891,"Clocks, watches, & parts",189103,"Clocks with Watch Movements",2021,406539
18,"Instruments",1891,"Clocks, watches, & parts",189104,"Dashboard Clocks",2021,156178
18,"Instruments",1891,"Clocks, watches, & parts",189105,"Other Clocks",2021,3473758
18,"Instruments",1891,"Clocks, watches, & parts",189106,"Time Recording Instruments",2021,1201156
18,"Instruments",1891,"Clocks, watches, & parts",189107,"Time Switches",2021,1823295
18,"Instruments",1891,"Clocks, watches, & parts",189108,"Watch Movements",2021,904430
18,"Instruments",1891,"Clocks, watches, & parts",189109,"Clock Movements",2021,121002
18,"Instruments",1891,"Clocks, watches, & parts",189110,"Incomplete Movement Sets",2021,442300
18,"Instruments",1891,"Clocks, watches, & parts",189111,"Watch Cases and Parts",2021,2020910
18,"Instruments",1891,"Clocks, watches, & parts",189112,"Clock Cases and Parts",2021,53314
18,"Instruments",1891,"Clocks, watches, & parts",189113,"Watch Straps",2021,4096194
18,"Instruments",1891,"Clocks, watches, & parts",189114,"Other Clocks and Watches",2021,2646136
18,"Instruments",1892,"Musical instruments",189201,"Pianos",2021,1237114
18,"Instruments",1892,"Musical instruments",189202,"String Instruments",2021,2518227
18,"Instruments",1892,"Musical instruments",189205,"Wind Instruments",2021,1673368
18,"Instruments",1892,"Musical instruments",189206,"Percussion",2021,827600
18,"Instruments",1892,"Musical instruments",189207,"Electric Musical Instruments",2021,62066110
18,"Instruments",1892,"Musical instruments",189208,"Other Musical Instruments",2021,286201
18,"Instruments",1892,"Musical instruments",189209,"Musical Instrument Parts",2021,5121253
19,"Weapons",1993,"Weapons",199301,"Military Weapons",2021,49889691
19,"Weapons",1993,"Weapons",199302,"Handguns",2021,111622
19,"Weapons",1993,"Weapons",199303,"Other Firearms",2021,4602794
19,"Weapons",1993,"Weapons",199304,"Spring, Air, and Gas Guns",2021,44821878
19,"Weapons",1993,"Weapons",199305,"Weapons Parts and Accessories",2021,45299373
19,"Weapons",1993,"Weapons",199306,"Explosive Ammunition",2021,159524215
19,"Weapons",1993,"Weapons",199307,"Bladed Weapons and Accessories",2021,94653
20,"Miscellaneous",2094,"Furniture, bedding, lamps, & prefab buildings",209401,"Seats",2021,488645223
20,"Miscellaneous",2094,"Furniture, bedding, lamps, & prefab buildings",209402,"Medical Furniture",2021,55959604
20,"Miscellaneous",2094,"Furniture, bedding, lamps, & prefab buildings",209403,"Other Furniture",2021,1370861274
20,"Miscellaneous",2094,"Furniture, bedding, lamps, & prefab buildings",209404,"Mattresses",2021,124613898
20,"Miscellaneous",2094,"Furniture, bedding, lamps, & prefab buildings",209405,"Light Fixtures",2021,246157936
20,"Miscellaneous",2094,"Furniture, bedding, lamps, & prefab buildings",209406,"Prefabricated Buildings",2021,213390981
20,"Miscellaneous",2095,"Toys, games, & sports",209503,"Other toys",2021,80755210
20,"Miscellaneous",2095,"Toys, games, & sports",209504,"Video and Card Games",2021,119624694
20,"Miscellaneous",2095,"Toys, games, & sports",209505,"Party Decorations",2021,8221938
20,"Miscellaneous",2095,"Toys, games, & sports",209506,"Sports Equipment",2021,191292052
20,"Miscellaneous",2095,"Toys, games, & sports",209507,"Fishing and Hunting Equipment",2021,23598285
20,"Miscellaneous",2095,"Toys, games, & sports",209508,"Fairground Amusements",2021,2326144
20,"Miscellaneous",2096,"Misc. manufactures",209601,"Worked Ivory and Bone",2021,792681
20,"Miscellaneous",2096,"Misc. manufactures",209602,"Vegetable and Mineral Carvings",2021,543904
20,"Miscellaneous",2096,"Misc. manufactures",209603,"Brooms",2021,152644145
20,"Miscellaneous",2096,"Misc. manufactures",209604,"Hand Sifters",2021,208604.99999999997
20,"Miscellaneous",2096,"Misc. manufactures",209605,"Travel Kits",2021,405306.99999999994
20,"Miscellaneous",2096,"Misc. manufactures",209606,"Buttons",2021,4398538
20,"Miscellaneous",2096,"Misc. manufactures",209607,"Zippers",2021,4349565
20,"Miscellaneous",2096,"Misc. manufactures",209608,"Pens",2021,11501794
20,"Miscellaneous",2096,"Misc. manufactures",209609,"Pencils and Crayons",2021,3401025
20,"Miscellaneous",2096,"Misc. manufactures",209610,"Chalkboards",2021,16169863.999999998
20,"Miscellaneous",2096,"Misc. manufactures",209611,"Rubber Stamps",2021,183046
20,"Miscellaneous",2096,"Misc. manufactures",209612,"Ink Ribbons",2021,1116795
20,"Miscellaneous",2096,"Misc. manufactures",209613,"Lighters",2021,2097417
20,"Miscellaneous",2096,"Misc. manufactures",209614,"Smoking Pipes",2021,190262
20,"Miscellaneous",2096,"Misc. manufactures",209615,"Combs",2021,2853334
20,"Miscellaneous",2096,"Misc. manufactures",209616,"Scent Sprays",2021,808046
20,"Miscellaneous",2096,"Misc. manufactures",209617,"Vacuum Flask",2021,2853665
20,"Miscellaneous",2096,"Misc. manufactures",209618,"Mannequins",2021,2840923
21,"Arts and Antiques",2197,"Art & antiques",219701,"Paintings",2021,30056679
21,"Arts and Antiques",2197,"Art & antiques",219702,"Prints",2021,2088669
21,"Arts and Antiques",2197,"Art & antiques",219703,"Sculptures",2021,7415640
21,"Arts and Antiques",2197,"Art & antiques",219704,"Revenue Stamps",2021,732634
21,"Arts and Antiques",2197,"Art & antiques",219705,"Collector's Items",2021,7474286
21,"Arts and Antiques",2197,"Art & antiques",219706,"Antiques",2021,7317074